GeneSymbol,GSM153404,GSM153405,GSM153406,GSM153407,GSM153408,GSM153409,GSM153410,GSM153411,GSM153412,GSM153413,GSM153414,GSM153415,GSM153416,GSM153417,GSM153418,GSM153419,GSM153420,GSM153421,GSM153422,GSM153423,GSM153424,GSM153425,GSM153426,GSM153427,GSM153428,GSM153429,GSM153430,GSM153431,GSM153432,GSM153433,GSM153434,GSM153435,GSM153436,GSM153437,GSM153438,GSM153439,GSM153440,GSM153441,GSM153442,GSM153443,GSM153444,GSM153445,GSM153446,GSM153447,GSM153448,GSM153449,GSM153450,GSM153451,GSM153452,GSM153453,GSM153454,GSM153455,GSM153456,GSM153457,GSM153458,GSM153459,GSM153460,GSM153461,GSM153462,GSM153463,GSM153464,GSM153465,GSM153466,GSM153467,GSM153468,GSM153469,GSM153470,GSM153471,GSM153472,GSM153473,GSM153474,GSM153475,GSM153476,GSM153477,GSM153478,GSM153479,GSM153480,GSM153481,GSM153482,GSM153483,GSM153484,GSM153485,GSM153486,GSM153487,GSM153488,GSM153489,GSM153490,GSM153491,GSM153492,GSM153493,GSM153494,GSM153495,GSM153496,GSM153497,GSM153498,GSM153499,GSM153500,GSM153501,GSM153502,GSM153503,GSM153504,GSM153505,GSM153506,GSM153507,GSM153508
AASS,2.15,2.3,2.85,7.55,3.9000000000000004,3.5,3.1999999999999997,4.0,7.2,3.6,4.7,5.4,2.85,4.6,7.9,3.95,2.5,4.2,4.25,2.9000000000000004,9.1,7.5,3.15,7.2,8.65,9.850000000000001,3.7,4.699999999999999,4.15,20.049999999999997,6.449999999999999,10.5,30.2,9.15,8.85,16.5,7.6,5.7,12.100000000000001,6.699999999999999,13.200000000000001,6.5,8.950000000000001,5.15,13.200000000000001,7.45,13.6,2.8,7.3999999999999995,2.45,25.0,6.6000000000000005,14.7,13.7,2.5,3.45,10.25,3.05,17.5,11.4,11.25,20.5,3.85,3.55,13.700000000000001,5.45,4.65,8.5,11.899999999999999,17.35,14.4,12.2,16.25,4.35,2.05,2.55,9.5,4.25,4.5,15.8,8.600000000000001,3.3499999999999996,15.100000000000001,1.7,6.9,7.8,21.75,14.9,4.2,21.9,8.0,21.6,12.399999999999999,6.7,9.75,2.9000000000000004,31.150000000000002,2.35,22.3,7.199999999999999,4.3,21.849999999999998,3.0,4.5,31.25
ABAT,72.8,56.13333333333333,86.43333333333334,83.2,57.26666666666667,48.800000000000004,73.26666666666667,56.23333333333333,67.6,78.43333333333334,96.86666666666667,74.10000000000001,83.5,67.03333333333333,70.7,59.1,81.4,54.96666666666667,75.5,68.86666666666666,53.43333333333334,78.46666666666667,49.53333333333333,83.7,58.36666666666667,78.63333333333333,63.53333333333333,66.0,90.5,35.300000000000004,71.46666666666667,110.76666666666667,86.33333333333333,78.23333333333333,74.76666666666667,132.5,98.16666666666667,55.06666666666666,94.39999999999999,66.73333333333333,54.53333333333333,120.10000000000001,84.3,96.83333333333333,71.8,56.400000000000006,71.89999999999999,66.16666666666667,78.13333333333334,50.4,65.23333333333333,81.53333333333335,73.53333333333333,78.7,63.73333333333334,62.333333333333336,98.26666666666665,83.10000000000001,53.36666666666667,77.16666666666667,92.46666666666665,58.199999999999996,57.13333333333333,74.36666666666666,71.76666666666667,84.43333333333334,75.83333333333333,63.666666666666664,85.96666666666665,76.66666666666667,69.10000000000001,72.73333333333333,78.8,61.53333333333333,77.06666666666666,53.73333333333333,54.46666666666667,73.83333333333333,92.0,94.33333333333333,106.39999999999999,77.56666666666666,79.93333333333334,83.0,53.13333333333333,58.79999999999999,34.1,47.833333333333336,47.300000000000004,100.83333333333333,55.833333333333336,58.96666666666666,77.06666666666666,94.43333333333334,70.89999999999999,47.46666666666667,67.83333333333333,105.76666666666665,70.2,76.53333333333333,87.76666666666667,57.133333333333326,55.699999999999996,60.1,48.06666666666666
ABCB6,43.5,47.0,45.1,44.9,56.900000000000006,43.6,19.55,42.8,24.7,20.9,26.15,43.9,36.25,83.55,32.8,44.95,45.3,66.95,58.75,37.0,59.0,43.95,16.7,41.550000000000004,55.199999999999996,52.6,64.9,39.9,28.4,30.6,32.65,31.5,47.55,22.55,23.2,48.099999999999994,47.0,35.5,38.4,31.5,22.25,14.700000000000001,17.349999999999998,54.699999999999996,38.55,36.2,23.8,45.400000000000006,53.4,49.150000000000006,11.95,35.05,17.700000000000003,26.400000000000002,29.9,37.25,23.150000000000002,48.9,31.349999999999998,75.65,3.9,37.199999999999996,42.4,31.650000000000002,21.650000000000002,44.8,10.65,14.299999999999999,36.45,77.75,61.3,24.5,37.550000000000004,22.299999999999997,42.65,39.85,27.75,49.25,8.1,21.45,22.5,11.05,30.85,36.8,37.550000000000004,26.95,53.65,24.3,53.300000000000004,63.949999999999996,34.599999999999994,56.85,31.4,32.1,19.599999999999998,36.699999999999996,20.3,38.5,34.15,44.7,52.05,50.5,19.1,35.35,12.100000000000001
ABCB7,33.5,32.3,48.3,24.5,59.4,45.6,33.8,47.8,42.8,53.5,28.0,37.8,77.8,16.6,47.6,40.1,34.5,43.9,34.8,81.4,61.8,47.8,61.7,35.9,44.2,50.2,20.4,25.2,44.5,52.4,41.1,55.8,30.4,60.4,30.0,39.5,28.8,12.3,2.3,79.4,57.2,38.9,43.4,46.5,55.4,32.2,31.2,36.6,34.9,36.2,13.4,8.2,33.2,59.8,42.5,68.0,44.7,50.7,45.9,33.0,28.2,66.9,43.6,20.3,41.3,58.5,38.0,51.1,4.6,14.2,65.9,30.3,35.0,68.6,24.0,32.0,55.7,54.9,4.7,41.8,61.7,44.4,39.9,14.3,15.7,84.2,49.8,43.9,31.5,25.5,51.7,8.8,73.7,51.9,41.5,55.5,50.2,32.7,66.6,59.6,75.5,14.8,60.6,60.6,8.2
ABCB8,9.8,5.5,11.5,6.5,9.0,7.2,7.5,12.9,5.3,8.4,6.3,14.1,11.8,12.5,5.5,11.2,9.1,13.2,10.3,4.8,11.4,18.6,2.8,4.9,11.9,10.9,12.7,10.8,8.6,12.1,26.4,44.5,25.3,9.2,6.5,9.8,18.9,8.8,14.2,8.1,10.8,8.7,4.8,11.8,8.6,7.4,5.8,3.7,9.1,7.6,25.6,6.5,10.0,4.2,3.9,5.6,4.4,7.2,6.5,22.2,8.8,9.3,14.3,8.6,12.9,40.4,5.5,10.6,7.9,20.1,12.3,10.3,7.4,19.2,8.6,40.6,7.9,36.6,7.3,6.4,5.4,8.6,5.2,4.4,6.7,9.2,9.4,6.2,11.7,9.2,8.3,9.1,38.5,3.7,4.8,7.4,4.5,9.3,12.0,10.3,6.1,16.5,4.2,5.5,13.7
ABCD1,102.5,123.9,125.3,82.8,99.0,100.5,103.1,142.9,109.3,141.6,92.2,119.4,151.8,197.4,155.2,129.3,214.9,216.4,219.3,90.5,81.5,148.2,103.3,109.4,83.0,83.7,100.8,95.3,152.8,102.0,110.3,73.6,113.7,104.4,87.3,143.6,101.4,113.7,103.2,142.3,150.2,106.1,86.1,107.3,123.7,114.5,117.5,133.6,155.9,126.8,180.0,118.7,70.7,86.0,106.4,76.0,126.3,120.8,85.0,188.4,47.5,176.9,105.6,40.1,106.1,124.5,97.2,158.4,195.4,124.8,188.6,157.4,108.2,149.4,112.9,143.7,115.8,125.1,67.2,140.5,109.5,120.4,100.5,151.0,78.0,71.3,189.3,95.5,181.2,165.0,79.9,152.7,94.0,92.1,272.7,102.9,88.5,138.7,167.8,57.2,49.2,241.5,44.5,178.8,127.7
ABCD2,5.8,36.7,21.9,13.7,8.9,35.0,17.1,3.8,13.9,5.0,23.1,2.5,11.1,6.2,4.3,23.8,4.1,20.9,3.1,13.3,4.7,29.0,11.7,34.0,26.7,25.1,27.8,35.2,4.0,35.9,1.9,4.6,4.6,2.6,14.1,12.4,42.1,33.4,39.9,3.6,41.6,13.8,20.1,6.1,31.2,49.3,6.2,16.0,2.3,3.3,3.5,29.1,16.0,16.8,21.9,29.9,22.2,34.1,19.2,5.9,13.0,39.7,2.5,22.0,46.1,2.2,48.7,8.2,4.9,11.5,6.6,18.6,42.5,34.1,10.8,37.5,18.5,14.2,17.3,17.8,10.4,16.2,2.2,15.9,23.9,3.0,3.2,4.5,2.0,31.8,3.6,37.5,3.0,5.6,6.8,4.5,53.3,15.6,5.6,3.4,3.8,41.5,1.1,9.2,6.0
ABCD3,69.3,51.6,49.5,17.4,59.9,60.6,96.4,94.2,62.6,34.7,54.4,86.1,56.4,58.5,78.0,56.9,22.1,22.6,27.2,60.2,26.2,76.3,78.2,71.2,46.1,43.4,16.5,41.3,51.2,34.2,21.5,60.8,46.0,91.2,51.3,51.4,8.2,48.3,36.2,65.6,54.6,35.6,42.1,6.1,35.7,9.6,30.8,69.9,29.9,20.4,39.5,27.8,100.0,70.4,87.1,50.1,79.0,15.6,66.4,27.8,63.0,44.0,69.9,65.4,44.7,47.9,78.4,77.8,55.5,60.4,83.5,53.3,37.0,66.9,5.8,36.2,39.8,34.6,39.4,25.2,45.6,24.4,56.2,5.0,15.3,43.7,16.2,39.4,2.0,7.5,34.9,19.7,39.7,38.8,92.3,54.6,64.6,24.1,11.6,30.2,19.7,39.7,81.4,54.9,23.3
ABHD10,136.8,154.5,170.4,162.5,219.8,287.5,181.4,138.8,121.2,179.3,237.1,165.7,184.3,185.8,211.5,213.8,149.0,183.6,94.1,248.8,221.5,337.0,218.6,210.3,232.1,205.9,281.1,349.1,212.9,181.6,198.2,210.0,202.4,227.0,277.5,151.1,282.6,205.9,148.1,161.0,246.8,179.3,199.1,246.8,200.1,235.4,180.1,204.2,253.5,169.8,177.1,216.6,252.7,226.3,282.0,256.8,198.2,129.3,213.8,173.7,127.4,250.8,198.8,230.6,171.7,201.9,197.4,188.4,204.6,161.4,237.4,182.2,157.0,220.3,134.3,187.8,221.4,199.7,190.6,173.7,246.9,141.4,237.5,200.4,194.5,227.3,179.6,165.5,187.1,205.4,151.2,174.9,189.8,255.6,153.1,223.2,184.5,178.1,228.0,137.5,166.6,72.3,182.1,151.5,131.9
ABHD11,126.9,127.5,144.4,95.8,117.9,116.7,139.9,205.7,119.5,95.4,96.5,139.2,123.8,148.7,119.9,130.0,206.4,207.6,226.3,145.9,137.4,155.9,85.2,120.4,104.0,93.0,158.4,88.1,57.9,124.9,56.1,91.8,47.9,67.5,73.8,101.5,80.9,118.3,60.9,106.7,82.4,89.2,113.4,121.1,139.2,60.3,75.9,109.2,90.8,109.4,202.3,119.5,58.3,70.3,92.1,94.6,118.7,71.7,75.4,119.0,88.4,23.5,61.9,90.9,78.2,135.4,97.7,58.7,159.7,233.1,92.3,114.5,115.3,85.3,155.4,21.0,62.7,113.4,107.7,134.2,144.1,122.7,88.9,79.3,107.9,96.6,34.2,21.6,126.7,21.8,155.4,118.8,82.1,15.7,110.0,78.4,179.2,32.9,132.3,50.7,28.7,42.4,19.3,141.1,15.1
ACAA1,162.55,155.95,202.60000000000002,194.6,164.05,136.0,184.6,183.95,195.8,203.0,178.7,220.25,210.2,225.45,213.35,188.45,238.2,213.25,217.05,180.85000000000002,158.9,154.55,158.7,170.75,113.2,178.35,174.64999999999998,151.7,202.7,175.1,162.05,151.95,190.35000000000002,165.10000000000002,153.25,184.85,160.45,156.05,164.95,145.2,170.5,180.64999999999998,121.1,109.80000000000001,162.14999999999998,132.75,156.4,127.1,131.95,165.35000000000002,118.65,184.0,132.95,172.1,139.55,213.8,168.65,230.75,135.7,196.0,169.39999999999998,136.65,171.45,194.1,157.1,210.85000000000002,188.4,161.1,179.3,187.85,281.85,171.85000000000002,201.25,183.8,201.7,196.9,181.45,177.05,194.05,181.45,181.85000000000002,159.60000000000002,141.85,184.75,182.1,162.14999999999998,115.5,115.30000000000001,182.85,159.0,174.89999999999998,126.05,135.05,180.05,187.85000000000002,156.1,161.25,205.2,181.65,162.5,222.45000000000002,221.39999999999998,178.2,263.1,293.5
ACAA2,93.6,58.45,59.9,93.4,59.55,37.95,112.45,105.5,63.199999999999996,100.5,113.05,116.75,117.35000000000001,96.5,104.75,68.25,91.95,121.25,128.2,115.7,28.4,50.55,49.35,74.5,102.19999999999999,39.25,47.0,43.5,50.5,124.7,108.75,25.0,102.6,99.55000000000001,86.69999999999999,29.9,78.35000000000001,63.25,155.6,29.799999999999997,99.95,96.0,129.25,76.15,57.599999999999994,102.10000000000001,105.6,19.55,90.3,76.55000000000001,56.05,70.75,130.5,54.4,119.39999999999999,80.19999999999999,82.4,40.05,74.3,28.25,117.55,111.75,123.85,69.95,34.3,92.55,48.3,75.4,108.8,98.0,27.299999999999997,118.1,77.95,117.4,61.9,56.75,38.55,118.75,39.7,107.2,31.049999999999997,25.95,189.8,66.44999999999999,118.89999999999999,44.400000000000006,146.0,104.85,109.6,52.05,81.85,75.89999999999999,116.05000000000001,143.85,24.200000000000003,79.55,93.4,41.8,23.45,22.9,86.85,32.55,25.25,26.2,56.55
ACACA,11.3,17.2,16.45,11.45,17.85,6.5,15.25,13.7,9.45,13.149999999999999,13.899999999999999,13.299999999999999,21.9,19.7,9.45,14.85,15.7,40.6,14.75,13.55,29.8,13.1,11.5,16.9,22.5,20.2,13.4,13.8,10.45,16.25,14.05,20.799999999999997,9.05,11.0,15.25,6.25,15.5,16.6,24.05,22.4,14.9,9.4,11.25,16.85,24.3,18.5,10.35,10.149999999999999,11.5,10.95,19.95,14.6,10.0,26.5,17.35,15.649999999999999,8.1,14.600000000000001,12.05,15.05,25.2,16.1,13.350000000000001,12.8,10.05,25.799999999999997,21.65,43.25,16.2,31.4,61.75,18.25,18.1,40.1,29.65,11.6,8.8,15.45,14.149999999999999,10.15,20.7,15.8,12.9,18.299999999999997,24.05,11.95,10.1,14.25,15.3,18.6,17.0,12.4,24.35,10.850000000000001,5.15,22.2,16.35,18.65,12.649999999999999,17.35,19.35,19.35,10.05,16.4,16.95
ACACB,18.425,33.725,32.55,30.15,33.1,26.375,31.75,24.675,28.775,26.15,19.075,19.725,36.95,40.05,41.525,27.375,30.799999999999997,49.05,38.275,32.125,36.675,26.224999999999998,18.525,38.45,21.4,25.825,30.349999999999998,38.45,29.974999999999998,28.6,10.325000000000001,28.775,18.475,27.174999999999997,27.375,47.875,19.075,13.100000000000001,35.475,27.125,39.6,15.725,10.45,19.225,30.599999999999998,34.6,23.275,28.9,24.2,29.8,26.35,23.275,30.875,23.85,23.4,31.4,25.375,34.825,26.299999999999997,18.925,18.8,20.925,27.775000000000002,29.65,20.1,31.825000000000003,38.5,13.3,33.95,34.875,32.0,20.575,27.075,39.175,23.825,28.575000000000003,29.5,37.4,27.525,29.174999999999997,31.25,40.375,25.450000000000003,12.950000000000001,49.1,29.725,62.275000000000006,16.375,20.375,14.125,33.474999999999994,32.75,32.375,42.75,34.900000000000006,28.9,57.85,45.975,34.125,35.8,20.35,11.1,11.65,37.9,8.45
ACAD10,51.3,97.2,83.6,12.7,29.4,58.1,79.8,150.7,57.0,76.1,8.0,71.4,49.2,154.1,77.9,60.7,80.9,72.2,114.3,133.9,145.1,145.3,47.8,53.0,116.1,93.5,42.2,52.6,55.7,144.1,147.9,67.7,166.5,55.2,95.3,44.2,20.0,81.9,84.5,115.1,46.8,91.7,122.5,67.9,145.0,157.8,91.8,83.5,95.0,156.2,265.5,116.3,47.3,70.8,62.4,42.6,48.7,44.9,93.5,88.1,29.4,86.9,114.2,142.6,135.0,99.7,87.3,117.6,190.1,183.8,229.4,174.4,100.0,97.5,110.5,130.8,57.2,115.9,79.0,80.4,146.7,98.4,108.1,127.1,37.9,111.8,180.6,63.1,116.4,271.9,98.1,131.3,138.4,118.9,147.3,134.3,120.4,151.0,105.9,133.0,80.0,171.0,103.2,172.3,213.4
ACAD8,47.1,76.7,105.1,74.9,56.9,51.0,70.5,35.8,59.0,75.1,86.5,78.8,74.1,79.8,85.3,86.3,59.6,68.9,60.4,59.7,92.4,80.3,86.1,80.7,53.8,84.0,58.2,89.1,53.4,67.5,59.2,72.9,61.1,72.1,46.1,60.5,101.9,96.9,52.8,69.6,71.9,57.2,95.6,95.0,59.5,63.3,69.4,77.8,61.0,74.9,70.8,55.9,96.9,48.3,47.2,71.5,68.6,113.2,60.8,92.5,56.2,74.6,60.2,67.6,90.8,57.2,80.2,100.2,39.7,35.4,97.3,62.8,83.2,96.4,53.4,83.3,65.4,61.9,64.8,88.9,54.7,71.4,87.1,85.4,66.3,93.3,67.8,83.2,78.9,46.4,35.4,63.9,77.9,102.0,92.8,86.1,57.5,64.1,96.6,57.1,92.9,52.3,56.9,103.9,72.3
ACADL,9.299999999999999,13.95,21.8,27.75,31.55,16.9,6.85,12.8,14.0,31.8,18.45,25.65,6.1,7.45,4.6,19.0,7.55,11.95,27.35,4.15,21.15,6.35,27.75,19.1,9.3,4.7,24.599999999999998,19.75,17.55,5.7,11.549999999999999,14.55,5.1,4.800000000000001,10.95,5.1,18.400000000000002,14.1,28.650000000000002,11.350000000000001,5.0,26.650000000000002,5.3,34.95,7.800000000000001,22.9,3.8,4.4,10.55,4.55,17.95,5.75,4.7,2.4,7.050000000000001,7.1,3.7,17.5,18.9,16.1,3.3,27.85,15.05,11.25,8.1,4.15,34.95,15.149999999999999,17.7,6.25,8.15,18.150000000000002,6.199999999999999,20.2,11.15,28.1,13.0,24.900000000000002,15.5,13.649999999999999,38.900000000000006,24.349999999999998,16.6,6.25,16.85,24.049999999999997,25.599999999999998,15.100000000000001,7.9,14.899999999999999,11.75,8.0,22.1,4.05,19.95,32.85,39.65,44.900000000000006,28.75,9.6,48.05,66.15,36.75,14.6,46.7
ACADM,90.6,41.2,43.1,77.9,78.0,111.6,62.1,44.1,88.3,30.1,100.2,108.1,45.2,47.5,83.6,64.2,36.2,34.3,33.5,44.7,69.6,66.4,122.6,75.4,60.4,62.2,61.4,55.6,46.3,50.7,44.4,49.0,88.4,70.9,76.3,41.8,55.1,55.6,28.4,120.4,65.7,69.3,61.8,52.8,104.2,61.2,46.3,89.2,91.6,46.1,88.2,32.6,157.6,102.6,112.8,88.6,65.6,31.4,87.8,74.2,62.1,28.6,57.1,81.1,43.3,58.1,73.1,63.4,44.9,44.2,82.7,61.8,41.9,43.9,43.6,83.7,46.5,78.8,47.4,62.2,57.8,43.7,102.2,13.3,75.1,63.1,51.8,120.8,40.7,69.4,80.1,68.0,26.1,66.2,67.6,49.7,129.3,116.7,89.9,70.0,75.4,85.0,70.9,47.0,83.3
ACADS,98.6,95.1,78.4,85.1,77.1,60.8,69.0,176.1,60.2,89.5,77.6,80.3,46.1,80.0,61.1,51.4,91.8,90.3,166.4,69.8,78.4,109.2,26.1,53.3,72.1,58.5,83.9,95.5,94.1,82.0,35.8,47.2,53.5,76.9,70.2,91.6,97.9,40.4,75.4,37.4,71.6,59.7,65.0,68.0,86.1,58.3,69.6,103.3,71.3,53.4,98.4,74.1,50.4,41.5,64.2,82.2,43.7,55.9,58.4,93.4,66.4,63.6,89.7,55.4,82.2,77.6,78.2,44.9,69.1,179.3,116.6,100.8,18.1,132.9,102.0,79.7,64.6,74.9,28.9,46.3,61.2,82.0,113.8,100.9,56.5,76.5,109.8,80.8,66.8,170.3,98.2,139.6,56.5,72.0,61.5,64.4,133.6,161.8,71.6,95.0,64.8,68.8,76.2,82.1,185.1
ACADSB,16.3,1.9,16.4,3.1,3.4,20.8,6.1,5.7,7.8,1.4,30.6,2.2,6.7,15.8,4.5,1.6,1.9,2.1,18.2,18.0,1.6,17.4,8.6,3.3,23.8,1.7,4.3,6.5,11.3,3.0,2.1,2.8,12.9,19.4,2.4,10.8,21.2,2.4,10.3,21.1,2.4,15.2,2.8,11.9,4.2,17.2,3.7,3.4,6.3,18.2,13.4,2.9,12.3,13.5,13.7,26.5,2.5,11.4,14.4,5.9,14.0,4.7,9.5,2.0,4.0,4.3,14.4,24.1,4.7,3.6,23.4,4.1,37.3,8.0,3.6,11.5,3.1,3.1,4.2,7.6,21.6,28.3,33.3,1.8,1.3,20.0,3.4,22.9,5.0,6.7,46.3,18.3,15.5,13.0,2.0,20.5,12.8,80.3,8.3,9.3,12.9,9.8,2.1,3.2,94.0
ACADVL,177.2,185.9,266.5,211.2,230.3,183.2,241.7,186.0,148.7,181.0,256.8,217.9,219.7,305.1,293.0,221.0,279.0,297.5,225.4,306.8,297.9,243.0,256.1,223.5,283.2,181.7,188.6,227.9,374.2,221.0,132.3,223.3,204.4,145.4,181.2,229.4,225.0,132.2,216.0,169.2,280.6,191.0,251.2,161.3,213.7,237.2,291.5,202.9,187.6,262.3,169.9,186.8,235.7,195.7,155.0,190.6,173.9,225.6,220.0,131.1,168.4,209.0,252.4,187.4,138.0,167.1,197.3,162.4,261.9,235.2,139.6,236.8,246.5,213.1,118.7,201.1,181.6,210.3,214.1,208.6,211.9,166.1,238.1,214.0,204.9,178.9,254.4,203.3,206.5,189.9,223.8,185.8,211.8,182.2,160.6,158.0,202.3,175.7,188.4,133.6,218.1,108.8,206.0,282.5,37.3
ACAT1,144.0,151.1,160.8,122.9,161.0,237.3,166.6,116.4,170.3,140.6,180.3,86.9,116.3,105.3,147.4,103.9,114.9,160.6,159.8,208.9,169.5,124.5,266.0,167.0,178.7,106.0,152.7,197.4,176.9,228.0,166.4,205.3,176.4,177.6,203.3,159.8,198.8,112.6,125.3,142.2,174.4,115.5,233.8,215.7,175.7,138.2,152.9,212.2,148.2,136.0,133.9,102.6,221.0,167.2,212.7,229.1,160.2,177.4,137.7,123.2,213.3,141.5,161.4,178.5,191.8,124.1,161.7,250.7,72.2,126.9,54.7,132.0,168.4,263.2,86.6,107.1,167.1,204.5,180.3,166.8,189.6,123.7,270.3,197.4,182.9,180.9,136.1,186.5,114.8,101.4,244.5,179.7,131.2,235.0,133.8,202.1,144.7,201.8,200.2,177.0,154.8,122.6,152.0,147.6,133.6
ACLY,119.7,105.33333333333333,109.63333333333334,137.13333333333333,109.53333333333335,112.43333333333334,126.96666666666665,133.66666666666666,119.39999999999999,127.89999999999999,111.43333333333334,93.8,156.43333333333334,102.13333333333333,132.86666666666667,96.86666666666667,92.63333333333333,103.96666666666665,75.5,106.13333333333334,116.46666666666665,136.06666666666666,142.20000000000002,104.13333333333333,120.43333333333334,88.86666666666667,81.06666666666668,120.23333333333333,107.8,88.56666666666666,129.13333333333333,112.73333333333333,108.03333333333332,99.86666666666667,129.0,114.56666666666666,99.33333333333333,135.13333333333333,114.53333333333335,120.13333333333334,135.83333333333334,131.93333333333334,151.43333333333334,95.43333333333334,159.33333333333334,128.13333333333333,130.29999999999998,136.9333333333333,112.76666666666667,101.89999999999999,88.66666666666667,170.66666666666666,124.16666666666667,119.26666666666667,87.10000000000001,108.23333333333333,102.46666666666665,175.29999999999998,158.96666666666667,145.13333333333333,144.13333333333333,171.36666666666667,144.9,102.36666666666667,96.76666666666667,108.73333333333333,119.5,126.26666666666667,171.1,131.0666666666667,78.96666666666665,149.29999999999998,123.76666666666665,110.30000000000001,114.13333333333333,115.93333333333334,141.13333333333333,151.26666666666668,162.70000000000002,94.33333333333333,164.06666666666666,98.0,131.5,137.0,117.89999999999999,156.23333333333332,118.63333333333333,124.23333333333333,119.03333333333335,114.33333333333333,125.0,118.96666666666665,128.0,170.9,199.0666666666667,132.3,91.5,100.66666666666667,160.93333333333334,91.36666666666667,180.79999999999998,55.56666666666666,138.23333333333332,73.33333333333333,265.90000000000003
ACO2,33.599999999999994,22.95,49.65,70.75,13.4,37.95,42.5,39.6,34.05,40.849999999999994,18.5,16.25,64.0,14.05,14.549999999999999,18.9,24.549999999999997,24.5,20.15,63.6,10.7,42.1,45.2,74.55,15.7,57.1,9.4,24.35,78.0,42.8,24.75,32.6,45.849999999999994,44.95,58.900000000000006,30.200000000000003,25.5,29.65,21.5,21.05,74.85,57.2,89.9,14.75,35.3,47.65,37.85,63.9,51.45,16.65,33.65,47.35,54.25,75.05000000000001,33.25,51.849999999999994,46.25,67.69999999999999,88.14999999999999,14.2,39.5,44.45,11.899999999999999,29.7,46.099999999999994,50.7,97.65,31.799999999999997,40.5,39.3,26.35,11.5,56.95,69.5,23.6,62.25,12.45,57.4,30.15,45.65,65.4,32.45,72.5,17.4,36.45,62.900000000000006,64.7,69.65,44.65,42.7,39.0,26.35,30.95,84.95,80.95,18.9,67.4,20.75,16.2,88.05,70.94999999999999,64.35,74.0,13.55,91.95
ACOT11,22.9,36.25,34.5,16.5,29.75,22.75,17.5,42.35,39.7,43.05,13.95,33.7,17.5,74.6,44.849999999999994,25.700000000000003,21.65,35.3,10.75,17.2,7.199999999999999,23.799999999999997,9.05,13.799999999999999,26.4,12.0,10.55,9.75,23.650000000000002,17.049999999999997,11.75,20.0,28.4,17.35,21.6,8.15,23.55,23.15,4.6,14.450000000000001,25.799999999999997,30.849999999999998,33.95,41.75,32.85,48.25,10.0,24.4,15.95,30.4,13.45,43.150000000000006,4.800000000000001,20.15,10.2,14.15,26.35,24.0,16.6,21.1,19.8,45.75,13.649999999999999,16.5,9.45,12.5,29.75,17.85,33.95,26.25,38.1,20.55,18.55,13.8,33.3,6.25,25.85,35.15,22.8,31.75,27.8,23.95,6.5,39.2,38.4,25.45,14.25,18.35,8.2,10.5,15.4,33.25,31.15,11.149999999999999,41.650000000000006,37.150000000000006,21.75,31.950000000000003,27.6,22.75,62.8,29.8,44.0,31.650000000000002,77.64999999999999
ACOT13,60.9,69.4,69.4,101.3,71.5,70.0,63.5,41.3,53.7,87.4,83.3,82.5,63.2,111.4,65.8,58.5,90.8,59.5,57.7,86.0,70.7,79.1,80.6,45.1,72.9,78.0,74.6,35.2,54.8,53.9,44.5,89.5,57.3,50.8,46.6,48.2,59.9,45.4,55.6,48.6,39.3,77.3,58.8,67.2,43.8,53.3,60.4,65.1,53.3,90.0,90.3,46.5,70.4,54.3,52.5,67.9,85.4,63.4,67.4,50.2,71.0,37.5,49.4,66.5,68.0,88.0,84.7,38.5,42.7,38.4,16.6,41.6,73.0,58.1,137.8,41.0,51.6,59.7,61.2,44.7,26.6,81.7,104.6,35.7,58.3,80.2,35.8,43.8,58.5,43.2,40.5,41.4,37.1,51.0,68.2,77.6,47.0,18.3,38.5,134.4,78.5,86.5,59.4,74.6,80.9
ACOT7,41.25,34.8,46.650000000000006,23.45,67.5,45.4,55.5,87.2,31.85,47.1,28.650000000000002,33.3,34.6,68.85,46.25,43.400000000000006,45.050000000000004,24.85,74.15,30.599999999999998,59.85,41.4,36.95,49.4,6.45,32.75,19.85,66.5,37.199999999999996,51.849999999999994,19.45,15.5,41.599999999999994,27.1,42.7,39.75,29.65,15.0,61.8,33.3,36.25,26.900000000000002,24.299999999999997,54.3,22.5,88.4,34.55,23.75,30.349999999999998,28.9,25.7,60.2,29.25,39.45,23.6,34.25,41.25,23.5,24.599999999999998,56.35,15.45,31.400000000000002,73.5,41.95,45.25,39.3,37.05,53.8,22.1,64.55,89.85,55.75,27.299999999999997,87.15,32.55,61.0,29.75,36.4,34.6,14.3,50.65,16.6,68.1,85.15,33.35,61.4,42.7,70.0,78.1,70.1,56.8,14.149999999999999,35.8,28.900000000000002,35.95,53.0,118.15,12.45,61.35,19.75,94.9,71.69999999999999,54.150000000000006,38.95,86.35
ACOT9,119.3,27.7,110.6,73.9,197.5,97.6,25.5,224.4,139.2,200.2,96.4,171.3,93.3,31.9,128.6,108.6,102.2,150.0,57.9,160.0,85.2,97.2,87.1,111.9,98.9,54.5,164.7,104.2,129.1,119.7,73.3,61.8,78.7,90.9,121.1,15.6,96.8,136.8,71.8,119.3,131.8,113.8,65.1,86.1,117.2,155.2,138.3,119.6,112.6,118.8,110.3,184.2,92.4,114.3,131.5,127.2,136.3,131.5,100.4,26.7,133.7,111.9,113.8,116.0,43.3,135.7,133.5,95.1,95.5,92.4,259.3,117.2,81.3,107.6,103.7,162.1,140.7,99.0,83.3,138.3,99.0,119.0,108.5,125.5,161.7,115.8,115.9,103.1,95.4,113.1,135.1,33.2,22.1,128.7,148.2,153.1,103.7,20.8,91.5,125.8,103.0,111.3,112.7,103.5,183.0
ACP6,93.0,113.7,34.7,90.0,20.8,112.5,80.3,31.0,57.5,50.5,39.8,24.5,69.5,17.0,52.3,16.8,64.1,27.5,59.1,85.8,99.5,42.1,135.3,82.4,98.2,10.6,19.8,150.7,40.0,15.3,50.1,72.6,5.1,75.0,46.2,50.8,135.3,61.4,53.9,53.7,118.6,64.2,19.5,28.0,84.6,73.9,61.1,65.3,38.0,75.0,86.8,80.5,53.6,74.7,61.4,92.5,72.2,91.1,103.3,9.5,54.0,85.2,97.3,21.8,47.7,12.4,76.8,57.7,19.9,81.1,16.1,56.8,79.8,60.7,60.2,51.3,96.2,65.9,25.1,104.3,86.5,73.7,126.0,59.3,52.1,9.4,34.8,59.9,95.4,19.3,81.3,19.6,40.3,56.9,18.6,90.4,94.8,100.5,58.1,28.6,102.1,24.5,36.5,119.1,18.8
ACSF2,22.2,12.8,36.8,13.2,15.1,29.7,41.5,23.7,34.5,11.9,24.7,35.4,8.0,17.1,21.5,14.8,21.5,26.7,34.1,12.5,65.3,19.9,20.5,31.1,17.2,23.2,52.4,38.5,13.6,10.5,15.6,13.3,24.3,11.1,39.1,49.0,75.4,14.2,12.9,41.0,15.6,43.9,14.7,17.1,17.4,40.8,21.9,46.0,35.8,15.5,19.3,19.3,20.1,41.3,38.8,44.4,16.4,28.8,10.8,22.5,11.7,19.0,35.2,26.4,25.3,9.5,35.7,10.0,14.2,15.1,47.4,39.0,67.1,21.1,12.1,33.6,43.7,2.6,9.5,11.2,12.0,12.5,13.7,6.0,15.9,47.2,18.1,14.2,11.5,22.7,8.6,9.8,69.5,12.9,9.7,16.1,13.9,17.5,14.9,41.3,13.7,18.0,8.4,8.0,12.1
ACSL1,1795.6,1767.2,884.3000000000001,1523.4,1304.15,934.2,1297.85,857.3000000000001,1417.15,1539.8,1900.65,999.8,1904.3000000000002,975.6,1353.9,1163.9,822.3,840.6,712.85,1674.3,888.15,954.65,1787.6499999999999,1296.95,1472.65,1336.15,1403.75,947.8499999999999,1433.65,1263.5,1847.3,1130.5500000000002,1388.65,1240.75,1074.0,1354.75,1919.45,1647.9499999999998,1511.15,2434.3,975.3499999999999,2416.95,1300.75,816.15,1321.4,902.15,1541.95,1369.95,1858.85,1273.75,1226.75,1130.7,1128.4499999999998,1551.15,882.5500000000001,863.0999999999999,1410.65,1009.6999999999999,1795.8,1218.4,3056.95,1150.4,1033.5,2794.3,2300.45,1448.1,1023.55,916.25,1662.5500000000002,1321.2,1396.1,1457.35,2367.3500000000004,433.9,3147.05,2338.95,1213.7,1039.2,1363.7,2046.4499999999998,1425.5500000000002,1394.35,587.95,1266.0,1426.15,1224.4499999999998,630.4,1206.75,1973.15,2021.4499999999998,1331.9,1134.2,1160.25,1220.1,1038.25,1932.75,694.8,1221.3,741.0,1064.25,866.4000000000001,1420.95,1001.3,892.0999999999999,900.45
ACSL6,73.86666666666666,65.66666666666667,73.76666666666667,41.2,75.66666666666667,65.86666666666666,53.73333333333333,91.40000000000002,69.39999999999999,58.63333333333333,76.23333333333333,84.39999999999999,43.833333333333336,102.93333333333334,49.63333333333333,56.23333333333333,78.16666666666667,65.93333333333332,56.23333333333333,62.1,49.4,55.6,52.333333333333336,57.0,55.43333333333334,53.333333333333336,65.36666666666666,82.16666666666667,34.233333333333334,53.06666666666666,42.866666666666674,48.86666666666667,56.36666666666667,50.56666666666666,67.8,60.800000000000004,68.06666666666666,47.800000000000004,63.23333333333333,45.23333333333333,62.76666666666667,49.93333333333334,54.63333333333333,84.10000000000001,51.06666666666666,62.46666666666666,36.43333333333333,47.23333333333333,67.23333333333333,35.6,110.03333333333335,59.300000000000004,47.1,48.699999999999996,67.0,45.36666666666667,53.43333333333334,59.86666666666667,55.93333333333334,73.60000000000001,26.46666666666667,45.63333333333333,49.76666666666667,34.96666666666667,49.333333333333336,46.46666666666667,81.60000000000001,65.53333333333335,77.36666666666666,48.96666666666667,46.73333333333333,46.199999999999996,38.63333333333333,49.06666666666666,53.6,70.83333333333333,66.56666666666666,42.63333333333333,60.93333333333334,50.1,42.4,57.166666666666664,23.833333333333332,66.13333333333334,41.43333333333333,52.03333333333333,78.96666666666665,41.13333333333333,59.96666666666667,61.03333333333334,40.03333333333333,74.8,58.03333333333333,51.76666666666667,67.06666666666668,53.13333333333333,80.26666666666667,77.8,60.86666666666667,78.76666666666667,99.36666666666667,68.03333333333335,61.43333333333334,51.0,70.23333333333333
ACSM1,10.0,9.3,18.1,20.7,9.4,13.5,19.0,14.7,13.2,10.0,27.7,50.5,42.0,13.9,8.3,8.9,17.0,22.0,20.4,43.1,6.6,20.9,10.2,21.6,3.3,2.6,16.5,29.7,5.8,10.5,6.3,2.9,5.9,2.3,14.8,5.7,2.8,24.8,2.5,8.2,17.9,25.7,15.8,33.1,8.3,7.9,4.9,11.9,8.9,15.5,11.3,8.2,6.0,14.7,18.0,6.3,16.3,19.8,13.8,7.9,12.5,8.4,7.4,27.7,5.7,8.1,2.5,11.7,8.3,6.4,5.8,18.8,7.8,6.6,3.2,7.6,5.7,6.7,16.2,21.1,49.4,13.7,3.6,51.0,12.4,16.0,7.1,2.8,13.8,53.9,2.3,14.5,6.4,14.8,6.4,31.0,3.8,8.2,12.8,3.6,29.5,7.3,6.2,8.6,9.7
ACSM3,41.75,48.150000000000006,29.9,43.75,40.8,45.5,23.5,17.9,45.35,37.849999999999994,21.1,42.2,13.899999999999999,28.65,48.75,52.099999999999994,52.699999999999996,25.65,20.0,43.650000000000006,20.65,39.05,43.85,28.799999999999997,10.1,25.6,31.3,43.15,20.8,23.299999999999997,28.05,24.150000000000002,21.4,32.65,23.1,51.65,9.3,27.35,31.65,33.65,19.25,22.0,12.45,23.2,59.5,32.0,22.200000000000003,16.55,19.35,26.6,68.0,27.299999999999997,11.200000000000001,20.6,28.55,37.75,19.3,46.1,33.05,36.650000000000006,27.200000000000003,41.75,49.05,42.400000000000006,35.25,53.6,48.1,27.5,22.55,26.0,49.050000000000004,31.7,57.15,29.549999999999997,27.200000000000003,54.15,20.85,7.050000000000001,74.65,51.9,53.45,63.3,29.75,22.45,24.25,34.9,41.45,16.5,20.9,7.1,19.5,36.75,16.05,14.0,23.6,50.75,18.7,42.349999999999994,33.75,47.95,40.449999999999996,29.45,31.799999999999997,14.75,23.85
ACSM5,59.1,33.0,46.65,34.0,54.0,29.05,40.550000000000004,87.25,42.449999999999996,40.3,43.45,44.7,36.900000000000006,59.699999999999996,47.15,40.6,66.3,33.55,62.25,32.6,37.25,42.95,33.8,56.9,35.65,50.0,44.9,56.75,46.650000000000006,62.25,52.1,29.65,47.05,37.75,50.55,32.0,43.65,50.75,60.099999999999994,34.6,27.75,34.05,42.7,75.95,44.0,54.6,58.45,25.8,35.2,34.0,59.300000000000004,45.35,18.65,25.65,42.1,35.8,23.4,57.1,24.400000000000002,76.4,20.6,31.0,53.25,62.199999999999996,75.65,30.6,50.0,51.2,47.05,49.8,17.05,42.3,51.55,39.400000000000006,9.35,52.7,29.849999999999998,45.55,42.2,40.95,39.2,56.0,31.900000000000002,34.6,14.75,41.199999999999996,76.6,42.4,54.849999999999994,72.25,43.85,73.25,65.65,36.85,55.75,26.3,43.6,33.5,42.400000000000006,70.75,51.449999999999996,50.7,32.05,42.800000000000004,11.05
ACSS3,51.9,52.2,42.4,47.8,59.5,53.6,45.9,87.5,47.9,64.8,46.1,77.1,39.1,56.3,53.6,46.1,76.7,53.6,72.8,51.6,51.8,64.2,51.6,56.8,34.5,58.8,51.7,69.8,36.9,69.5,32.0,56.6,25.6,40.3,66.7,34.5,33.7,47.1,20.4,40.3,39.0,42.6,46.2,58.8,26.4,43.2,37.9,19.3,25.5,31.5,65.7,46.6,38.2,25.3,27.6,48.3,30.4,48.8,42.0,39.7,14.4,48.8,47.6,20.3,46.4,38.8,44.1,41.3,43.7,53.4,85.3,44.3,50.7,42.0,43.2,41.2,19.6,15.4,28.2,56.1,46.9,29.1,40.6,59.1,43.3,10.2,57.8,23.0,50.8,64.6,67.0,27.2,36.9,35.3,50.1,58.8,4.0,72.8,89.2,21.9,52.4,57.4,45.5,14.3,4.9
ADCK2,49.675,40.2,47.675,50.375,36.1,37.325,36.775000000000006,34.3,41.85,14.925,41.95,23.2,60.0,48.6,48.925,42.025000000000006,55.725,62.45,33.5,58.0,62.8,47.125,36.625,50.925,50.475,49.475,37.3,49.425,64.425,37.85,19.475,51.3,26.6,43.925,59.95,45.724999999999994,35.8,53.675,52.400000000000006,50.275,82.575,41.849999999999994,49.675,53.949999999999996,43.325,41.925,44.025,52.25,45.95,39.724999999999994,32.275,42.0,40.5,45.225,54.075,49.8,46.599999999999994,55.575,48.7,37.1,37.825,59.4,59.150000000000006,34.025,25.925,31.55,30.75,73.44999999999999,55.625,27.2,38.225,50.225,38.0,46.25,38.425,41.275,55.4,32.775000000000006,32.125,45.925,65.475,54.0,49.05,57.1,37.2,48.55,50.575,38.125,35.375,32.625,27.65,31.2,60.650000000000006,42.4,29.075,40.325,44.8,49.3,43.825,31.75,65.2,30.674999999999997,55.949999999999996,52.825,34.425
ADCY10,45.4,20.7,14.049999999999999,12.4,24.599999999999998,17.1,22.049999999999997,50.25,20.95,18.650000000000002,26.049999999999997,31.5,3.5999999999999996,46.2,19.5,28.450000000000003,15.8,44.949999999999996,55.6,13.700000000000001,18.5,16.15,14.65,17.9,14.75,18.650000000000002,21.400000000000002,34.900000000000006,20.4,30.75,17.35,22.45,23.05,13.0,14.6,37.95,35.4,14.75,15.899999999999999,18.65,11.149999999999999,6.5,16.55,30.200000000000003,30.049999999999997,17.45,11.450000000000001,3.65,10.5,22.4,39.65,5.7,11.35,12.15,6.35,20.9,14.299999999999999,14.2,33.1,28.85,15.15,25.6,11.45,14.15,16.15,7.6,6.0,3.35,23.15,17.45,24.7,14.25,31.7,19.1,28.35,5.75,23.55,14.65,20.0,18.0,32.05,19.75,7.55,6.25,15.1,27.7,32.85,25.05,41.900000000000006,9.9,28.6,36.099999999999994,31.7,13.850000000000001,7.35,21.049999999999997,28.0,13.25,33.6,23.8,24.25,21.85,9.3,16.45,8.5
AFG3L2,72.7,107.3,89.0,90.1,133.8,83.9,26.4,61.2,89.0,79.4,49.9,93.6,166.8,58.6,66.8,76.8,95.2,84.3,50.7,86.4,65.5,65.4,108.2,90.5,48.7,59.5,91.5,98.7,87.7,23.7,63.9,87.0,81.2,73.8,72.1,43.4,74.9,108.8,68.0,115.9,82.0,123.0,113.8,72.4,65.7,20.6,78.8,48.1,38.7,17.0,73.6,35.1,80.5,93.2,52.5,52.2,57.3,62.5,78.2,91.0,83.3,109.3,72.9,46.9,104.6,73.7,40.4,77.1,98.7,67.3,15.1,87.7,113.6,162.4,39.5,75.4,83.5,62.9,82.2,64.7,93.9,70.5,73.3,104.0,63.4,118.1,93.9,99.4,43.0,112.9,43.6,114.7,82.1,85.7,28.2,61.6,111.8,24.5,133.2,113.6,129.8,50.7,78.6,140.4,159.9
AGK,75.9,54.400000000000006,89.7,71.05,58.3,56.0,62.3,47.3,63.25,78.6,66.3,76.4,53.349999999999994,42.949999999999996,67.0,66.95,61.4,48.0,72.30000000000001,39.7,66.45,61.150000000000006,40.85,56.45,77.95,52.15,67.95,61.800000000000004,62.449999999999996,63.65,52.65,60.5,59.85,50.6,41.5,48.6,31.2,50.0,30.35,58.55,75.3,68.1,71.80000000000001,96.64999999999999,53.3,78.5,52.35,63.55,65.1,72.9,67.80000000000001,61.75,61.349999999999994,50.45,41.3,42.7,67.65,57.75,59.15,51.95,70.2,71.4,50.75,64.5,65.75,62.2,43.0,78.8,84.45,86.39999999999999,69.05,41.8,63.3,85.6,88.9,67.3,59.75,87.65,67.15,64.75,43.1,41.25,64.85,60.35,42.8,78.75,67.95,64.65,69.5,80.45,67.0,92.60000000000001,42.550000000000004,47.55,95.1,66.45,97.69999999999999,89.05,77.0,58.95,86.45,31.400000000000002,55.45,62.45,136.2
AGMAT,70.15,57.55,61.199999999999996,56.400000000000006,71.75,67.3,57.35,80.05000000000001,52.95,69.5,36.599999999999994,80.6,49.3,79.8,46.449999999999996,74.9,82.05,63.400000000000006,78.9,63.1,69.1,93.45,71.2,65.3,54.2,59.25,61.849999999999994,84.25,18.45,85.55,52.5,62.099999999999994,33.65,35.65,81.9,61.25,59.35,65.65,65.0,58.6,55.4,49.85,46.150000000000006,77.15,64.3,48.4,41.25,36.7,50.349999999999994,64.95,60.25,31.1,36.6,31.549999999999997,68.0,33.15,50.449999999999996,50.2,68.65,51.45,45.3,45.4,62.900000000000006,52.25,74.8,65.35,57.7,50.25,46.15,79.3,88.25,61.900000000000006,54.849999999999994,73.65,52.55,60.0,42.15,48.25,83.85,39.3,44.45,64.15,78.2,35.75,70.65,71.25,49.7,59.1,69.95,49.099999999999994,70.5,66.65,60.150000000000006,44.2,42.8,48.95,89.15,88.19999999999999,49.45,75.35,61.25,87.15,49.25,90.3,28.35
AGPAT4,14.2,29.6,29.5,22.1,15.4,40.6,8.5,10.3,9.5,27.4,17.3,44.7,12.6,18.1,9.8,13.4,13.2,18.8,15.2,18.1,14.8,17.2,11.6,6.5,20.7,49.9,23.8,41.9,35.1,11.4,6.1,11.2,7.9,8.9,22.6,25.7,15.9,11.3,12.7,43.4,8.1,20.4,12.7,19.7,9.3,39.7,11.7,4.5,11.5,42.1,15.7,5.0,5.6,13.6,9.0,12.4,7.1,27.6,13.1,15.5,36.6,10.6,34.5,28.1,27.4,9.9,50.0,11.5,15.6,27.9,15.3,9.3,15.7,38.8,46.8,35.3,46.7,46.5,11.5,10.5,38.4,9.4,18.8,16.2,69.5,14.0,15.0,13.1,14.2,13.5,15.5,124.7,11.2,16.9,9.8,4.6,6.8,28.2,17.4,15.8,19.1,6.0,3.5,15.7,11.0
AGPAT5,90.0,88.9,75.1,53.8,90.5,80.2,72.8,71.5,103.1,68.1,86.0,94.7,40.9,79.2,46.7,77.6,68.0,46.7,68.1,73.3,79.4,86.9,64.0,84.1,63.9,59.3,93.8,96.9,52.9,60.0,81.6,78.1,78.4,69.5,87.3,78.4,38.6,58.3,60.6,71.5,99.0,68.0,53.2,58.7,93.6,90.7,77.3,74.3,94.5,31.0,53.9,58.7,103.0,69.9,74.0,81.2,55.7,79.9,59.7,51.9,44.2,67.6,49.5,75.8,56.2,59.9,71.9,107.0,80.1,75.0,13.8,92.2,64.5,81.8,75.3,79.7,60.1,81.5,70.1,41.9,46.1,24.4,50.0,42.0,29.3,27.6,87.6,49.4,60.9,9.7,71.0,69.2,73.9,68.4,75.8,60.4,82.4,71.8,123.6,93.7,39.6,37.0,81.7,36.6,34.5
AGXT,29.2,18.8,20.033333333333335,19.266666666666666,21.366666666666664,24.666666666666668,20.366666666666664,21.86666666666667,20.633333333333333,14.799999999999999,27.833333333333332,35.46666666666667,10.833333333333334,36.733333333333334,13.833333333333334,19.433333333333334,51.36666666666667,12.466666666666667,6.766666666666667,20.900000000000002,24.900000000000002,9.633333333333333,39.6,33.36666666666667,17.933333333333334,22.266666666666666,7.266666666666667,33.3,28.166666666666668,11.6,21.933333333333334,13.766666666666667,16.166666666666668,17.23333333333333,19.233333333333334,23.133333333333336,23.233333333333334,9.566666666666666,30.266666666666666,28.700000000000003,15.066666666666668,4.7,23.133333333333336,19.3,31.166666666666668,21.8,24.966666666666665,27.566666666666666,7.833333333333332,15.833333333333334,43.800000000000004,18.933333333333334,11.366666666666667,15.0,6.533333333333332,3.966666666666667,11.799999999999999,27.933333333333334,15.533333333333333,40.5,14.9,27.299999999999997,28.766666666666666,24.53333333333333,19.966666666666665,12.566666666666668,9.133333333333333,30.933333333333337,19.533333333333335,40.6,25.066666666666666,11.433333333333332,4.3,12.033333333333333,23.666666666666668,21.833333333333332,35.03333333333334,24.500000000000004,15.4,17.76666666666667,15.533333333333331,24.799999999999997,41.666666666666664,29.133333333333336,27.733333333333334,36.46666666666667,37.43333333333334,35.166666666666664,12.9,69.46666666666665,33.0,21.933333333333334,20.733333333333334,19.599999999999998,32.43333333333334,34.03333333333333,52.46666666666666,9.833333333333334,46.03333333333333,40.49999999999999,21.400000000000002,25.033333333333335,22.333333333333332,16.066666666666666,6.133333333333333
AHCYL1,244.55,278.55,315.825,295.825,286.75,243.275,270.175,178.29999999999998,245.925,267.35,235.3,165.875,252.85,187.55,289.95,273.625,238.20000000000002,219.32500000000002,201.5,271.875,224.75,216.275,215.54999999999998,281.05,219.42499999999998,217.05,218.525,238.45,284.925,233.29999999999998,239.325,220.7,245.575,218.775,208.775,245.95,226.625,197.65,189.79999999999998,213.82500000000002,225.825,227.8,242.35,169.25,229.15,224.05,199.1,208.525,222.85,227.575,139.97500000000002,210.25,219.15,217.8,195.3,228.4,221.15,260.9,226.17499999999998,203.125,214.4,200.0,248.07500000000002,206.625,194.82500000000002,223.55,202.225,218.25,198.6,214.65,187.725,201.575,202.975,203.0,226.825,216.42499999999998,203.325,196.02499999999998,203.1,189.57500000000002,207.075,225.85,221.25,216.375,206.85,193.875,187.475,199.275,176.625,125.575,186.675,190.75,177.54999999999998,200.35000000000002,216.775,154.9,186.275,169.025,163.52499999999998,164.675,160.775,204.5,200.65,224.29999999999998,147.375
AIFM1,102.1,99.6,104.2,102.8,111.9,114.0,129.4,67.6,84.0,45.8,103.0,91.1,104.7,77.1,117.1,97.0,101.2,79.8,81.3,113.6,88.9,109.6,105.7,82.2,76.2,97.5,84.7,117.1,137.9,114.0,124.0,92.8,98.7,86.7,114.3,88.0,121.8,98.4,60.9,79.0,149.2,77.3,85.4,115.5,97.3,150.9,94.5,93.7,91.7,94.6,149.8,99.4,93.0,89.0,93.8,123.7,109.3,141.1,100.3,73.2,81.0,90.3,69.4,93.4,90.2,95.8,82.3,73.7,94.3,118.4,108.5,137.7,93.3,123.9,111.6,111.2,92.7,92.9,112.9,125.2,86.1,86.5,76.1,117.5,104.4,70.1,101.9,96.5,88.5,90.0,99.4,101.6,65.1,113.3,69.9,74.9,10.1,94.5,98.4,84.2,78.9,41.5,129.3,141.5,75.5
AK2,123.58333333333333,132.68333333333334,128.03333333333333,120.21666666666665,136.20000000000002,134.46666666666667,132.63333333333335,97.2,134.20000000000002,136.15,111.91666666666667,110.86666666666667,113.5,121.43333333333334,124.2,142.96666666666667,109.01666666666667,103.86666666666667,98.19999999999999,130.93333333333334,131.43333333333334,142.56666666666666,112.75,117.46666666666665,121.23333333333333,112.85000000000001,114.38333333333333,145.86666666666667,115.66666666666667,128.35,139.65,135.03333333333333,142.20000000000002,125.83333333333333,137.06666666666666,124.53333333333335,130.28333333333333,115.05,114.33333333333333,97.81666666666666,147.71666666666667,106.5,136.08333333333334,134.35,134.58333333333334,143.33333333333334,131.61666666666667,148.88333333333333,124.0,117.25,115.25,140.75,145.25,115.83333333333333,138.51666666666668,131.08333333333334,132.41666666666666,139.78333333333333,108.11666666666667,128.33333333333334,101.13333333333333,124.93333333333332,128.81666666666666,110.38333333333333,110.0,119.58333333333333,99.56666666666666,122.28333333333335,116.05,129.86666666666667,126.48333333333333,136.36666666666667,143.35,87.85000000000001,103.8,118.3,125.23333333333333,130.88333333333333,117.53333333333335,122.0,129.25,112.06666666666666,154.88333333333333,138.38333333333333,123.68333333333334,140.91666666666666,135.31666666666666,150.5,118.5,103.88333333333333,129.25,158.15,145.83333333333334,151.91666666666666,150.06666666666666,118.68333333333334,132.41666666666666,103.13333333333333,122.85000000000001,143.71666666666667,134.04999999999998,122.51666666666667,111.33333333333333,131.75,112.78333333333335
AKAP1,34.825,33.425,53.7,30.700000000000003,55.65,55.150000000000006,50.575,31.75,60.95,51.575,29.875,47.375,34.375,36.3,58.9,52.15,31.674999999999997,48.95,48.625,43.1,60.85,33.775,52.199999999999996,55.35,50.4,46.05,48.199999999999996,42.6,53.675000000000004,46.975,40.75,56.925000000000004,49.275000000000006,40.25,44.2,55.625,37.15,40.65,53.125,35.525,56.625,37.85,43.125,54.225,38.15,43.55,39.925,40.125,47.5,37.575,56.025,50.525,55.025,46.2,54.125,66.375,53.725,57.1,60.175,82.625,41.45,58.675000000000004,50.775,52.4,36.5,66.025,66.9,49.650000000000006,35.074999999999996,33.35,58.275,38.825,63.9,50.925,47.1,35.724999999999994,67.725,42.95,51.5,48.825,60.85,45.125,56.4,37.1,39.4,53.65,55.9,47.2,49.9,44.8,46.075,29.75,42.925000000000004,40.25,50.425,38.725,55.675,59.55,36.625,58.175,40.5,63.300000000000004,59.275000000000006,83.2,40.25
AKAP10,174.85,134.85,96.3,129.9,83.5,112.05,71.85000000000001,90.15,176.25,62.0,79.3,119.1,97.64999999999999,82.85000000000001,114.95,152.35,70.75,70.75,87.55,67.3,102.14999999999999,98.7,119.55000000000001,76.1,88.45,95.8,81.94999999999999,80.3,63.75,152.85,115.8,139.0,145.85,113.6,101.05,57.6,160.79999999999998,61.9,74.3,112.25,109.65,72.25,71.4,94.4,84.75,119.2,71.05,94.85,101.0,188.05,117.5,133.6,79.7,133.95,94.39999999999999,85.2,123.65,114.8,129.65,159.70000000000002,58.65,71.19999999999999,124.4,143.04999999999998,123.6,69.25,39.150000000000006,115.8,138.2,126.64999999999999,112.75,111.55000000000001,128.4,166.75,90.75,105.3,98.30000000000001,88.35000000000001,121.89999999999999,146.39999999999998,104.64999999999999,156.15,83.5,94.05000000000001,114.4,142.65,138.15,177.35,97.8,98.15,104.05,72.2,82.89999999999999,79.2,92.65,122.69999999999999,87.25,104.45,146.35,182.14999999999998,159.95000000000002,146.7,138.3,80.35,92.55
AKR1B10,63.9,81.1,82.7,66.8,64.9,70.3,46.7,113.7,66.9,72.4,85.6,77.1,61.9,92.5,65.9,80.4,45.0,94.4,81.0,55.9,88.8,103.4,65.4,64.2,46.2,69.5,74.0,99.8,66.9,34.3,52.7,50.6,49.7,43.9,66.1,84.7,89.1,49.6,59.9,37.0,61.5,35.0,26.7,64.2,70.2,58.8,67.1,67.9,35.0,95.9,71.6,64.8,36.4,33.3,33.2,19.5,49.2,74.5,84.3,62.4,43.9,36.7,106.9,11.5,23.6,45.4,73.3,66.2,39.1,57.0,125.6,54.6,6.8,54.8,29.6,56.6,29.3,12.0,46.7,33.4,39.1,55.4,35.4,34.8,8.8,94.0,77.4,79.9,36.7,75.4,65.7,86.9,44.9,58.0,9.2,107.1,62.0,71.3,102.7,135.6,52.8,92.4,7.8,46.0,99.2
AKR7A2,168.64999999999998,133.89999999999998,244.65,204.60000000000002,216.2,266.15,196.7,124.95,169.5,189.75,172.95,130.25,198.45,212.75,215.95000000000002,190.3,182.95,230.4,192.79999999999998,217.05,140.3,196.2,176.85000000000002,174.45,154.1,189.5,199.25,199.6,211.35,171.95,200.5,166.6,174.8,212.5,196.75,172.95000000000002,239.39999999999998,171.65,205.4,186.95,209.85000000000002,191.05,190.25,229.60000000000002,165.2,236.3,202.15,230.25,143.85000000000002,218.15,146.95,223.35000000000002,234.89999999999998,201.75,175.8,169.4,160.05,170.05,172.35,151.45,159.0,205.55,182.5,174.6,145.2,183.7,181.25,161.85,191.2,167.1,175.05,139.9,158.1,173.45,169.3,185.05,187.2,179.65,176.15,203.9,214.2,166.55,242.8,185.5,150.65,172.55,178.4,198.4,171.8,149.85,175.35,124.4,161.2,211.79999999999998,180.75,170.7,191.85000000000002,167.89999999999998,187.1,161.85,170.7,170.65,159.05,278.4,206.5
ALAS1,153.3,101.4,108.5,92.1,105.5,107.6,147.9,18.3,110.4,142.4,75.2,52.7,123.8,100.6,127.0,165.6,89.1,121.8,80.0,124.0,128.5,119.9,140.1,118.0,107.8,121.6,113.3,121.8,131.8,85.3,101.4,117.7,97.3,112.7,93.2,127.6,139.6,116.8,132.9,88.0,160.5,80.0,122.8,135.1,115.9,110.8,143.3,144.5,67.0,116.9,71.6,113.5,90.7,99.2,90.6,92.2,114.7,152.6,119.6,75.0,150.9,115.4,141.9,119.4,83.9,125.7,72.6,117.7,112.5,124.8,124.2,83.3,166.2,64.6,73.5,67.3,109.3,74.6,141.1,130.7,106.4,122.9,76.6,133.5,131.8,113.0,78.7,99.2,71.8,89.1,69.4,67.5,98.6,153.4,103.8,67.1,75.6,112.0,70.5,56.8,89.8,118.0,190.0,120.9,4.5
ALAS2,699.1,1802.3,229.1,913.6,579.0,696.2,201.6,2851.3,311.8,383.8,2113.4,189.1,250.2,2703.2,395.9,1733.4,1070.8,2205.6,738.9,732.2,2561.7,298.6,200.4,383.1,2352.8,2378.2,1281.3,333.0,583.8,4359.6,1051.1,323.2,2133.0,1658.5,676.2,735.2,2222.8,942.8,1571.5,496.7,985.2,507.3,232.5,3008.8,2486.1,2670.6,1258.8,769.0,4738.3,664.5,5156.8,1032.2,1753.9,535.4,3861.5,446.8,817.2,571.5,286.3,5828.4,467.2,488.2,2035.3,1610.4,2432.8,360.6,348.0,722.6,2198.0,2544.1,1992.1,443.1,705.8,970.8,1634.1,2976.6,349.0,235.1,586.2,504.5,588.4,785.7,1479.7,621.3,1721.8,2124.6,1072.0,2083.6,1631.4,1822.8,489.8,4598.5,2165.0,696.6,752.1,928.3,2183.8,2154.0,1812.7,6687.7,2829.5,973.3,474.1,1952.5,839.8
ALDH18A1,145.9,99.5,100.1,70.9,94.7,138.3,84.2,156.2,77.3,73.7,58.4,78.0,69.4,80.2,107.1,63.5,65.6,93.8,75.2,111.4,140.3,144.2,71.4,97.4,101.8,90.8,86.4,82.0,54.0,71.5,93.2,67.6,115.3,78.4,111.0,75.1,54.6,108.0,37.5,63.9,82.7,55.1,78.7,126.8,63.9,99.2,85.6,57.1,90.1,87.1,67.5,105.9,90.4,83.1,78.7,91.3,80.5,123.5,62.6,41.2,51.2,94.6,98.1,55.1,63.0,89.9,89.1,73.8,62.9,109.8,54.4,83.3,93.7,110.3,54.4,80.4,74.9,90.8,65.3,60.7,109.2,77.2,60.1,78.5,88.7,67.0,106.0,86.6,37.8,114.6,94.9,95.0,48.0,77.4,96.0,64.8,95.3,137.7,121.0,57.5,111.4,95.8,77.2,53.5,65.9
ALDH1B1,31.7,53.900000000000006,46.35,64.5,44.25,37.8,49.3,40.7,48.8,77.4,36.7,121.80000000000001,49.8,42.45,32.35,69.1,56.2,43.95,42.2,44.3,20.95,92.05,51.4,33.25,41.45,59.45,26.049999999999997,48.65,39.05,45.2,34.3,37.2,53.5,37.7,42.599999999999994,45.0,51.599999999999994,16.349999999999998,48.1,38.800000000000004,37.4,34.3,38.9,52.05,48.75,72.45,20.55,34.25,38.849999999999994,53.25,32.9,51.45,42.8,25.6,44.0,26.9,35.5,26.950000000000003,59.75,44.9,29.950000000000003,45.150000000000006,52.8,41.0,59.45,38.7,45.25,57.65,66.15,65.8,114.15,51.75,53.05,71.35,43.349999999999994,44.849999999999994,40.15,55.55,41.7,37.6,25.1,51.849999999999994,51.05,42.3,40.8,75.2,35.0,42.1,48.8,70.65,48.8,50.9,27.8,32.0,60.199999999999996,51.400000000000006,115.6,72.25,82.85,53.85,92.4,82.25,52.099999999999994,40.95,127.6
ALDH1L1,39.05,35.15,49.7,32.3,30.9,43.75,47.900000000000006,37.25,33.95,64.2,62.9,26.3,36.4,45.45,55.55,50.7,35.05,25.0,34.45,12.2,58.05,29.299999999999997,59.6,45.2,47.9,12.45,50.45,76.4,16.0,27.65,49.45,21.85,36.8,49.15,22.25,12.2,24.0,21.35,46.55,50.75,43.3,43.85,51.3,36.25,26.45,48.25,46.3,40.25,49.3,41.95,32.1,34.6,40.05,39.0,63.3,66.3,49.15,41.05,31.200000000000003,101.15,36.65,60.050000000000004,30.5,23.599999999999998,67.65,22.55,31.25,44.85,24.55,17.95,78.7,40.1,46.849999999999994,14.4,26.849999999999998,43.8,55.7,60.5,32.85,67.9,19.45,22.75,65.35,24.450000000000003,19.799999999999997,29.4,46.650000000000006,75.85,66.6,17.9,57.45,22.549999999999997,68.85,36.2,49.65,36.65,73.75,27.6,77.9,20.1,43.849999999999994,20.15,76.85,55.0,60.150000000000006
ALDH2,428.6,508.8,452.0,464.4,312.8,403.4,351.6,229.8,365.2,500.6,373.8,547.9,413.8,169.7,355.6,275.9,420.1,373.7,256.7,457.2,347.3,317.6,405.5,546.0,407.3,412.0,354.1,345.3,515.2,252.1,543.6,324.0,262.9,301.0,445.9,403.2,551.4,497.6,425.7,420.2,522.1,507.5,430.3,258.5,236.1,337.7,291.0,404.1,245.1,291.3,94.9,335.8,374.8,322.5,295.2,410.4,580.2,610.7,442.8,352.3,369.4,243.2,447.1,386.1,335.1,539.2,463.5,304.6,308.5,341.9,250.7,331.2,398.6,222.9,399.8,552.5,325.2,312.5,351.4,326.3,353.5,354.9,437.3,422.3,232.0,406.9,168.6,308.1,349.1,352.8,264.6,321.7,275.9,335.8,395.6,359.7,290.8,463.5,235.5,278.4,237.1,230.6,411.1,401.7,225.2
ALDH3A2,101.86666666666667,111.5,84.03333333333335,92.26666666666667,82.06666666666666,116.96666666666665,107.8,171.4,79.63333333333334,100.53333333333335,110.03333333333335,101.96666666666665,92.73333333333333,125.7,104.66666666666667,118.0,143.26666666666668,131.66666666666666,112.56666666666666,122.46666666666665,116.90000000000002,124.43333333333332,77.93333333333334,95.69999999999999,144.76666666666668,117.39999999999999,145.33333333333334,102.3,81.76666666666667,71.3,109.89999999999999,85.2,101.89999999999999,129.2,88.5,99.86666666666667,143.36666666666667,82.7,91.7,99.10000000000001,115.83333333333333,80.83333333333333,67.13333333333334,138.4333333333333,116.06666666666666,135.2,90.86666666666667,114.16666666666667,116.26666666666667,78.16666666666667,185.03333333333333,75.16666666666667,129.4,105.56666666666666,85.3,104.10000000000001,127.5,130.6,108.76666666666667,150.13333333333333,61.599999999999994,115.23333333333333,109.16666666666667,77.83333333333333,110.3,112.7,89.46666666666665,68.89999999999999,106.66666666666667,146.96666666666667,147.86666666666667,90.16666666666667,90.96666666666665,109.46666666666665,44.4,88.86666666666667,73.66666666666667,116.5,94.93333333333334,71.93333333333334,121.13333333333333,89.53333333333335,100.06666666666666,94.33333333333333,100.63333333333333,118.76666666666667,100.23333333333333,59.666666666666664,106.73333333333333,131.7,106.13333333333333,163.56666666666666,136.1,120.86666666666667,100.06666666666666,88.66666666666667,118.83333333333333,107.60000000000001,113.93333333333334,124.43333333333334,85.5,86.76666666666665,87.16666666666667,98.66666666666667,125.03333333333335
ALDH4A1,87.4,100.5,98.1,60.85,54.849999999999994,63.599999999999994,64.0,99.75,65.15,33.85,65.55,59.400000000000006,55.1,94.7,79.14999999999999,81.35000000000001,111.39999999999999,134.75,111.15,12.95,73.1,112.60000000000001,40.65,62.05,84.8,61.9,76.9,90.9,78.5,47.85,81.64999999999999,87.7,41.1,47.0,56.0,72.75,69.35000000000001,57.800000000000004,49.6,45.300000000000004,69.55,70.4,52.85,117.3,53.199999999999996,77.5,32.25,59.1,52.95,105.15,144.95,79.85,45.449999999999996,51.8,49.9,67.89999999999999,55.3,69.55,45.699999999999996,95.14999999999999,51.85,89.05000000000001,53.699999999999996,60.85,96.55,46.050000000000004,74.6,27.1,65.05,94.9,22.5,112.8,65.9,18.75,70.2,63.95,49.55,16.2,43.65,51.25,81.35000000000001,70.15,104.65,65.55,56.5,107.75,87.85000000000001,106.9,102.15,72.85,90.44999999999999,94.25,94.69999999999999,68.7,91.95,65.2,70.35,127.9,103.4,33.550000000000004,100.60000000000001,156.4,58.300000000000004,64.55,97.89999999999999
ALDH5A1,29.599999999999998,24.4,16.25,13.2,21.95,28.1,8.3,10.9,20.299999999999997,14.75,25.85,31.5,24.549999999999997,24.450000000000003,24.2,28.5,9.3,20.55,8.15,15.05,8.7,25.349999999999998,4.949999999999999,21.950000000000003,38.5,13.45,30.200000000000003,26.25,6.05,41.6,3.45,24.049999999999997,12.45,23.5,28.0,15.6,14.95,4.6,31.799999999999997,5.05,17.9,29.55,14.65,16.55,37.1,14.25,26.3,23.099999999999998,44.85,28.5,25.349999999999998,8.0,29.55,26.099999999999998,36.35,27.85,17.1,30.55,27.849999999999998,40.55,14.7,20.9,34.1,17.05,2.8499999999999996,8.5,23.7,3.25,48.85,34.2,5.75,7.1000000000000005,23.7,10.2,21.2,27.0,15.25,5.2,17.549999999999997,5.35,6.8,21.9,28.85,3.25,29.15,25.65,15.7,44.9,18.0,5.95,29.2,39.6,16.8,16.45,7.55,33.85,32.2,6.1499999999999995,47.7,27.4,8.05,23.25,7.25,7.7,3.0
ALDH6A1,56.720000000000006,57.7,55.839999999999996,53.6,64.56,53.839999999999996,61.06,65.84,61.14000000000001,57.1,45.42,67.56,43.519999999999996,39.96,59.58,67.08000000000001,52.379999999999995,52.6,60.2,40.88,54.239999999999995,50.78,33.019999999999996,57.52,40.94,39.04,47.32,59.54,36.04,46.78,34.239999999999995,36.239999999999995,46.78,47.519999999999996,52.9,51.82000000000001,54.839999999999996,34.1,55.8,50.46,62.5,48.339999999999996,53.17999999999999,55.160000000000004,59.52,59.260000000000005,47.58,51.96,44.82,25.32,48.04,39.62,32.64,34.44,41.8,32.519999999999996,40.60000000000001,40.980000000000004,40.620000000000005,63.48,35.04,66.36,33.540000000000006,44.98,36.36,62.42,49.5,55.54,51.0,65.58,42.1,51.379999999999995,52.96,50.160000000000004,40.480000000000004,49.14,44.660000000000004,45.44,59.64,33.5,41.6,43.06,42.5,32.980000000000004,46.74,35.92,54.720000000000006,30.74,38.9,54.7,40.6,56.0,42.54,39.32,55.42,45.279999999999994,79.08,52.1,60.42,42.04,36.0,62.160000000000004,34.2,32.48,36.18
ALDH7A1,20.333333333333332,24.099999999999998,31.266666666666666,31.46666666666667,19.533333333333335,29.433333333333334,13.0,28.3,18.066666666666666,17.566666666666666,25.899999999999995,18.0,14.9,26.233333333333334,20.733333333333334,11.033333333333333,34.06666666666667,26.3,45.699999999999996,16.900000000000002,29.166666666666668,17.266666666666666,24.73333333333333,20.499999999999996,27.8,29.066666666666666,43.36666666666667,43.699999999999996,25.0,19.366666666666667,19.2,17.099999999999998,32.86666666666667,28.2,18.0,25.03333333333333,25.033333333333335,34.43333333333334,37.46666666666667,22.5,19.866666666666667,28.166666666666668,17.666666666666668,26.900000000000002,33.699999999999996,18.066666666666666,23.766666666666666,12.5,22.133333333333336,35.6,62.5,23.099999999999998,15.299999999999999,20.866666666666667,10.066666666666668,24.0,12.133333333333333,26.2,30.266666666666666,48.03333333333333,4.0,24.5,30.2,16.733333333333334,21.96666666666667,18.96666666666667,24.433333333333334,23.166666666666668,28.766666666666666,53.03333333333333,66.03333333333335,31.66666666666667,26.266666666666666,24.333333333333332,15.666666666666666,18.86666666666667,21.400000000000002,20.833333333333332,43.76666666666667,21.599999999999998,32.86666666666667,28.36666666666667,26.233333333333334,10.933333333333332,17.599999999999998,22.099999999999998,20.833333333333332,21.666666666666668,46.666666666666664,38.699999999999996,19.2,51.36666666666667,31.599999999999998,12.433333333333332,16.366666666666667,19.433333333333334,38.53333333333333,74.8,19.866666666666667,49.43333333333334,36.5,30.400000000000002,21.666666666666668,32.93333333333333,34.96666666666667
ALDH9A1,406.3,467.6,327.9,422.9,441.2,368.6,330.1,255.3,283.3,319.5,298.4,277.2,271.6,199.5,287.1,251.4,266.6,240.1,354.6,284.1,224.1,286.4,360.1,314.5,286.4,228.0,334.0,277.1,310.9,346.4,291.4,210.9,320.1,302.0,229.7,448.2,306.6,360.1,361.0,214.9,347.8,265.9,310.1,161.9,148.5,291.1,293.9,264.8,214.5,311.3,254.7,242.5,236.8,346.0,223.9,286.4,235.5,261.8,254.0,260.5,238.2,308.6,169.7,287.3,268.8,291.4,276.5,224.8,337.9,276.1,270.2,251.5,360.5,268.7,233.8,145.3,299.0,195.7,382.1,303.0,230.0,313.3,232.6,182.4,273.3,307.1,397.2,273.0,251.6,303.2,275.8,299.6,289.9,206.8,264.4,220.4,218.1,319.9,332.3,254.7,232.1,159.5,206.3,194.9,95.6
ALKBH1,127.0,112.3,145.6,150.9,142.4,176.3,157.0,122.1,142.0,118.5,134.9,136.1,155.3,88.5,109.0,125.2,125.1,108.7,107.2,146.3,199.0,150.0,142.1,107.0,152.6,147.7,175.2,107.0,131.8,113.5,152.8,128.8,133.0,128.3,145.2,164.3,167.1,120.4,177.9,174.1,171.3,141.9,189.2,176.9,129.2,212.3,151.6,189.2,164.2,157.0,154.5,172.5,178.7,168.6,167.5,155.9,160.3,171.4,161.3,171.8,111.1,172.6,126.8,122.6,117.6,122.9,111.5,131.6,121.4,159.7,145.0,142.8,136.2,134.1,198.5,152.4,159.7,145.1,136.3,120.4,146.5,203.1,119.5,151.1,192.4,177.8,151.1,127.5,126.8,204.5,154.8,92.3,142.5,134.3,123.4,158.0,153.5,99.8,121.2,112.0,145.0,177.7,114.4,103.2,55.5
AMACR,12.1,12.649999999999999,13.25,17.75,7.550000000000001,13.45,6.199999999999999,10.9,6.050000000000001,3.05,5.45,4.7,13.3,18.55,8.75,21.15,6.75,11.25,5.2,6.75,15.65,9.9,3.3,13.05,13.3,6.85,8.9,23.75,5.199999999999999,17.05,4.65,4.95,6.25,5.85,4.2,5.3999999999999995,6.25,10.7,6.7,5.4,5.1,4.25,8.2,8.7,16.85,15.65,4.9,8.9,11.7,7.35,11.65,5.95,3.15,12.25,5.300000000000001,9.75,10.649999999999999,13.5,13.2,19.2,1.65,19.35,6.050000000000001,3.75,8.55,5.2,12.649999999999999,13.9,10.8,8.2,34.85,12.65,4.95,19.75,8.9,7.25,15.25,9.5,10.2,4.9,5.0,5.6,4.8,11.5,8.0,5.2,7.1,21.5,6.949999999999999,6.35,25.2,14.9,22.7,6.95,4.7,32.05,7.75,11.4,11.25,7.65,9.0,8.65,4.4,60.5,34.55
AMT,119.0,116.4,153.5,99.9,128.9,117.8,104.2,172.6,108.5,154.8,55.4,143.0,69.2,165.8,133.9,110.6,160.3,182.7,158.8,63.8,95.2,145.7,119.9,131.5,91.6,113.1,52.2,115.7,97.2,121.4,80.7,141.1,87.6,65.3,107.6,96.7,116.1,74.6,94.7,63.8,110.0,87.5,78.1,153.5,77.0,110.4,95.2,40.8,52.1,83.6,169.1,67.4,77.7,72.8,63.7,81.2,59.6,71.4,52.0,111.9,58.0,144.2,71.3,94.3,94.7,83.3,132.0,123.2,81.9,142.3,106.1,128.0,77.5,79.9,95.9,109.1,79.6,60.3,52.9,142.6,97.5,65.4,127.5,110.5,124.0,83.5,142.5,126.1,56.1,91.5,59.7,134.8,144.1,87.9,82.0,104.1,40.7,137.0,131.2,107.7,70.1,104.2,8.9,94.2,211.4
ANGEL2,71.3,53.166666666666664,46.800000000000004,35.63333333333333,77.66666666666667,84.86666666666666,55.86666666666667,91.76666666666667,53.1,51.86666666666667,55.43333333333334,69.43333333333334,50.23333333333333,63.53333333333333,58.800000000000004,55.76666666666667,59.9,73.46666666666667,46.36666666666667,38.699999999999996,42.666666666666664,80.9,71.26666666666667,46.86666666666667,68.5,56.6,85.33333333333333,51.53333333333333,27.866666666666664,51.06666666666666,73.23333333333333,52.46666666666667,44.63333333333333,71.63333333333333,58.76666666666667,55.76666666666667,79.33333333333333,54.36666666666667,42.56666666666666,45.9,50.800000000000004,64.43333333333334,81.83333333333333,45.76666666666667,52.56666666666666,66.43333333333332,68.56666666666666,67.06666666666666,60.699999999999996,52.23333333333333,122.93333333333332,72.06666666666666,72.13333333333333,72.83333333333333,84.76666666666667,78.46666666666668,64.33333333333333,58.26666666666667,49.93333333333334,34.666666666666664,72.23333333333333,64.93333333333334,48.36666666666667,45.53333333333333,63.36666666666667,52.23333333333333,60.0,78.5,35.1,45.86666666666667,46.06666666666666,51.6,46.1,96.03333333333335,43.63333333333333,42.00000000000001,71.03333333333333,78.33333333333333,61.43333333333334,51.6,62.0,62.633333333333326,86.36666666666667,36.699999999999996,57.400000000000006,43.96666666666666,43.199999999999996,70.53333333333333,26.23333333333333,69.16666666666667,93.76666666666667,63.13333333333333,52.06666666666666,66.1,62.79999999999999,58.63333333333333,57.96666666666667,40.6,56.73333333333333,42.46666666666666,35.1,68.23333333333333,57.43333333333334,54.1,39.1
APEX1,335.5,311.2,336.3,383.5,377.7,362.9,259.3,293.9,222.5,223.1,279.6,241.5,257.5,344.4,300.8,331.2,409.9,279.5,408.8,235.9,316.3,449.5,273.8,379.4,315.0,275.6,419.0,348.8,286.2,258.4,364.6,232.9,301.2,249.6,284.3,326.5,287.2,295.7,255.8,184.5,314.1,243.8,276.2,194.5,306.5,244.0,247.8,268.0,266.6,261.8,271.8,259.4,323.0,296.2,258.5,309.0,288.9,255.0,293.8,260.7,169.6,256.9,263.2,255.5,229.1,262.8,352.2,190.1,334.8,307.3,200.2,249.2,217.9,236.6,221.3,202.9,194.2,302.6,237.0,137.0,300.4,288.8,367.3,196.4,325.7,262.7,334.1,233.5,213.1,162.0,263.6,238.1,321.4,263.9,198.6,241.3,241.1,203.3,282.0,246.8,219.3,160.4,264.4,200.8,139.5
APOO,82.1,110.2,96.8,87.8,116.5,116.1,90.1,99.5,105.5,99.3,86.8,92.6,61.2,89.1,89.5,126.8,60.5,142.6,130.1,92.3,94.8,101.2,62.2,95.2,103.9,103.5,91.7,103.8,117.2,122.9,92.5,106.6,132.8,99.4,62.7,89.4,89.5,104.3,114.3,85.9,97.4,100.7,76.5,112.3,90.4,163.1,87.8,84.2,96.9,88.5,128.4,107.5,95.3,66.9,92.9,80.7,82.0,82.0,61.5,75.2,112.4,93.3,100.3,72.7,109.1,124.3,71.1,100.5,95.7,91.9,135.3,88.0,97.1,149.7,65.7,87.7,109.7,103.4,106.4,88.2,151.1,138.9,108.2,113.8,91.8,105.3,120.9,81.7,126.1,133.1,109.6,76.6,108.9,109.6,104.7,90.0,132.7,86.9,148.6,65.9,117.6,50.1,66.5,73.8,107.9
APOOL,58.666666666666664,50.199999999999996,73.43333333333334,28.566666666666666,67.66666666666667,62.53333333333333,59.800000000000004,45.43333333333333,56.9,57.73333333333333,59.03333333333333,63.6,61.1,55.93333333333334,42.333333333333336,77.23333333333333,49.300000000000004,47.1,44.13333333333333,66.10000000000001,62.833333333333336,79.96666666666667,60.666666666666664,62.36666666666667,74.53333333333333,51.699999999999996,56.300000000000004,62.699999999999996,38.03333333333333,35.53333333333334,47.199999999999996,57.36666666666667,45.13333333333333,46.599999999999994,39.03333333333333,47.4,42.233333333333334,40.833333333333336,33.4,37.800000000000004,55.86666666666667,51.93333333333334,69.1,73.3,52.833333333333336,76.0,42.666666666666664,66.06666666666668,55.36666666666667,38.43333333333333,51.699999999999996,54.93333333333333,45.800000000000004,40.333333333333336,47.76666666666667,50.1,38.73333333333333,37.1,35.333333333333336,78.73333333333333,43.4,52.06666666666666,54.53333333333333,35.96666666666667,44.43333333333334,38.266666666666666,54.63333333333333,45.56666666666666,36.53333333333333,45.96666666666667,71.46666666666667,45.4,53.93333333333334,44.06666666666666,39.1,51.5,48.0,39.86666666666667,39.93333333333333,41.06666666666667,41.33333333333333,52.833333333333336,62.96666666666666,59.666666666666664,42.73333333333333,41.93333333333333,43.36666666666667,33.6,62.9,17.0,39.666666666666664,30.46666666666667,26.233333333333334,52.300000000000004,59.56666666666666,68.06666666666666,76.8,36.233333333333334,40.86666666666667,82.0,55.300000000000004,45.9,19.033333333333335,37.833333333333336,22.3
ARF5,276.8,255.6,305.9,433.5,206.4,414.1,331.5,439.3,313.6,253.7,402.4,348.1,377.9,424.6,319.8,399.9,424.1,401.2,458.6,419.2,360.8,355.6,230.9,309.6,311.1,246.1,418.4,333.2,380.2,445.0,355.3,326.8,275.1,365.9,326.3,246.0,433.1,437.9,413.6,300.7,374.4,306.2,319.2,525.6,278.0,317.9,463.4,439.3,384.9,440.4,489.9,334.4,339.8,339.0,416.3,410.7,364.9,463.0,346.7,464.7,240.6,340.0,288.0,282.8,403.0,452.3,314.5,358.8,474.0,458.1,452.8,286.0,453.4,270.8,375.4,338.3,304.1,268.6,404.1,214.8,331.6,411.0,387.2,415.8,272.5,371.1,311.3,313.0,500.1,308.4,337.3,462.7,268.0,411.0,392.5,355.9,391.0,451.0,369.5,404.0,419.0,378.2,325.5,554.4,344.9
ARG2,51.95,67.6,64.89999999999999,36.05,72.25,57.05,51.699999999999996,90.45,63.2,66.95,78.5,76.75,51.25,74.89999999999999,57.25,58.7,36.699999999999996,93.64999999999999,59.4,66.85000000000001,37.400000000000006,99.14999999999999,55.65,48.65,87.39999999999999,68.15,50.8,61.6,60.75,73.0,53.9,47.6,57.15,35.449999999999996,49.2,65.05,75.75,46.55,76.85,67.6,61.25,46.6,63.2,85.0,54.25,87.60000000000001,33.2,51.75,68.55,44.3,113.8,72.2,38.65,26.55,57.0,48.05,35.699999999999996,52.95,58.25,78.85,49.1,62.4,70.45,69.75,82.25,63.6,56.300000000000004,59.3,64.5,80.64999999999999,133.65,49.0,57.55,83.1,63.5,75.64999999999999,52.1,47.5,67.25,66.0,64.55,70.2,61.2,43.1,65.3,67.2,72.1,64.0,44.15,111.6,80.95,69.0,62.8,57.550000000000004,70.95,83.14999999999999,99.0,75.35,69.35,104.95,43.9,108.3,46.349999999999994,58.45,55.25
ARL2,41.0,33.1,36.0,19.2,40.4,59.0,62.6,61.6,37.0,32.5,25.0,66.3,13.4,46.4,36.3,60.7,47.5,77.2,60.8,28.6,23.2,49.1,24.4,36.3,23.8,106.5,38.6,28.2,62.9,69.4,25.2,87.5,94.5,45.0,26.2,64.2,69.0,19.5,26.0,33.0,73.6,35.3,35.8,44.5,9.0,26.1,24.0,33.3,32.1,22.6,32.8,72.8,25.1,54.4,90.0,27.4,23.5,68.9,19.3,137.9,57.3,70.1,21.6,89.6,17.9,29.4,32.9,26.7,26.2,32.6,23.4,96.5,43.3,29.3,29.8,78.3,69.2,133.3,171.0,96.0,121.0,21.9,102.8,36.5,29.6,143.2,37.2,39.4,21.1,68.9,20.5,37.5,38.8,39.5,33.5,28.0,133.7,65.0,128.8,62.4,124.6,33.9,128.8,122.7,115.1
ARMCX1,26.6,23.8,32.4,28.0,23.8,28.0,35.6,11.2,13.3,27.9,33.8,36.1,13.1,10.4,15.1,11.7,29.2,14.1,8.7,29.9,11.8,27.7,38.0,28.2,20.3,7.5,12.5,32.5,25.4,4.0,45.0,33.3,4.9,11.9,18.4,19.9,58.1,23.0,36.6,32.0,14.5,19.3,8.3,28.5,25.4,40.8,17.2,26.2,12.7,18.0,62.2,27.6,15.2,14.6,21.2,15.3,26.2,26.4,24.0,22.0,16.0,25.0,22.3,19.7,16.9,32.9,26.5,47.8,20.5,4.7,49.3,40.1,23.0,18.1,25.9,37.8,19.6,42.4,22.5,29.5,15.9,9.2,9.9,42.9,21.0,26.3,40.2,25.5,11.5,42.1,28.9,37.9,36.0,19.1,31.1,23.6,20.8,29.0,39.2,31.8,7.8,4.9,66.8,39.7,19.3
ARMCX2,14.7,5.6,30.8,37.8,25.5,56.4,10.0,44.0,34.4,10.9,9.8,32.3,5.8,56.9,9.0,27.4,28.1,65.2,81.0,51.7,33.0,42.6,6.8,38.0,9.0,29.3,38.6,30.8,3.3,5.2,35.4,8.6,23.7,27.6,66.8,2.9,8.4,66.7,8.6,6.9,6.9,8.3,26.6,85.1,35.5,58.9,19.0,25.0,6.4,9.6,26.2,38.9,27.0,20.2,44.6,22.3,39.4,29.4,36.1,29.7,5.0,40.8,7.9,14.4,83.5,28.2,58.8,6.5,9.2,86.1,5.2,7.8,58.2,43.8,42.3,7.6,27.3,62.6,31.3,16.1,5.3,6.9,41.8,14.2,15.3,64.9,79.9,43.1,42.4,9.8,15.5,24.2,27.9,35.4,77.8,6.1,5.0,85.8,8.9,7.2,12.0,5.6,7.4,4.6,3.1
ARMCX3,138.7,146.8,144.4,130.6,241.5,104.0,172.6,118.2,200.8,178.4,121.8,152.5,91.2,106.8,171.0,134.0,97.9,92.3,102.9,134.5,148.2,51.4,141.1,156.4,85.2,127.5,106.5,70.9,120.3,165.6,180.5,149.6,123.5,124.5,108.3,157.7,106.7,119.6,122.8,128.8,140.4,146.5,113.8,70.8,135.1,121.0,66.2,92.3,124.3,133.4,124.4,134.4,104.0,107.5,137.2,121.8,105.7,113.4,120.0,101.7,114.2,106.7,207.5,145.7,100.1,121.7,130.4,123.0,151.3,97.0,115.3,117.2,140.4,135.8,110.4,102.7,130.4,129.8,81.2,101.9,115.1,99.0,113.2,125.0,99.4,125.7,146.8,118.1,98.2,142.0,143.7,91.9,147.0,116.0,94.5,169.6,56.0,131.1,152.5,108.7,146.6,133.3,141.8,99.2,100.5
ARMCX6,233.05,241.54999999999998,205.8,233.7,218.95000000000002,324.7,258.25,247.9,252.55,210.3,214.20000000000002,162.65,226.05,275.3,234.54999999999998,179.45000000000002,311.35,254.04999999999998,235.25,234.15,267.3,262.6,276.45000000000005,286.59999999999997,295.65,216.89999999999998,214.6,321.6,219.25,241.0,234.2,269.15,252.29999999999998,227.9,249.79999999999998,184.8,260.1,182.7,224.2,208.6,291.05,223.29999999999998,234.35000000000002,305.45,227.45000000000002,268.3,235.0,252.75,222.7,229.45,250.3,212.60000000000002,262.2,199.35,255.95,337.75,217.54999999999998,269.3,199.60000000000002,240.0,152.65,280.65,249.54999999999998,224.35,162.65,190.9,221.6,178.5,165.3,177.0,134.85,148.05,178.05,308.75,183.05,140.35,201.0,200.75,256.5,237.7,178.0,234.85,238.1,169.95,192.29999999999998,250.6,240.0,199.45,268.3,148.25,259.05,205.95,186.9,250.75,219.45,223.0,181.05,211.35000000000002,199.79999999999998,230.45,250.85,228.65,237.6,248.60000000000002,148.65
ATPAF2,34.0,56.55,55.400000000000006,41.7,57.2,39.45,57.85,34.65,44.35,66.2,33.15,77.75,30.049999999999997,39.15,11.85,30.700000000000003,39.65,15.65,43.349999999999994,44.65,59.5,21.299999999999997,43.6,56.5,53.849999999999994,45.55,26.5,59.2,40.45,30.4,28.9,47.1,23.15,35.9,15.75,23.200000000000003,41.849999999999994,48.55,48.85,37.85,43.349999999999994,42.45,53.15,66.3,28.75,16.95,23.15,36.3,17.45,48.0,92.65,31.2,22.35,37.15,34.95,29.25,43.3,65.2,25.35,31.9,41.0,36.75,61.400000000000006,27.7,36.0,42.35,46.95,47.2,66.15,70.55,74.4,51.0,56.55,59.900000000000006,44.65,54.1,38.5,37.0,29.400000000000002,66.44999999999999,42.75,24.75,35.05,30.1,44.3,25.95,35.35,35.400000000000006,27.35,38.400000000000006,49.25,77.7,19.8,51.0,57.0,36.699999999999996,26.05,55.849999999999994,55.349999999999994,48.75,43.25,39.8,45.7,53.45,48.599999999999994
AUH,69.8,75.3,74.8,68.3,65.2,64.1,57.5,74.4,102.2,60.3,60.1,73.7,53.7,49.3,51.1,77.5,62.9,47.3,68.4,48.5,69.7,113.5,69.7,55.2,50.2,45.3,69.0,76.1,15.7,56.1,18.9,65.7,48.8,39.5,43.6,41.3,64.2,62.6,50.5,42.9,36.9,52.9,50.7,56.6,60.9,29.8,58.7,46.7,59.6,56.4,46.2,59.3,52.6,61.9,53.7,70.5,58.4,58.4,79.8,53.5,48.7,36.5,60.8,56.9,78.5,49.6,71.1,46.4,77.4,86.2,83.8,48.6,61.7,66.8,61.2,46.0,61.7,60.5,79.0,54.4,62.2,36.2,64.0,97.5,49.2,43.6,21.0,31.7,49.5,66.9,52.8,49.8,35.1,33.6,60.4,61.1,6.8,45.6,49.1,11.3,39.3,46.5,47.9,30.6,64.7
AURKAIP1,214.4,253.8,312.6,385.3,293.9,270.1,251.7,445.6,274.6,262.4,376.5,372.4,308.7,347.6,301.2,191.7,581.3,464.2,367.1,273.5,251.7,209.6,300.1,306.2,316.9,370.5,334.8,189.9,399.2,325.5,340.3,254.4,339.7,306.6,297.6,402.4,354.9,289.0,274.9,295.1,300.6,286.2,302.3,250.7,232.6,287.3,381.5,337.9,333.7,214.8,270.7,322.9,377.3,284.7,330.6,406.9,314.3,263.7,254.7,175.3,316.7,259.9,395.9,259.6,284.2,383.0,326.7,323.0,364.2,239.3,232.9,290.2,322.6,449.1,367.7,303.7,271.7,385.8,334.9,195.0,337.6,248.1,217.5,213.6,414.8,351.9,278.2,284.1,305.1,219.2,275.4,172.9,358.3,256.0,374.9,264.0,242.4,117.2,295.4,152.4,154.8,112.8,250.6,346.3,202.6
BAD,16.55,18.4,30.8,26.349999999999998,16.55,20.15,35.65,27.75,16.15,28.4,11.5,21.8,22.700000000000003,29.55,28.299999999999997,17.85,19.85,17.7,20.9,24.45,57.35,17.6,32.9,33.550000000000004,26.85,44.9,32.45,47.1,53.6,22.5,29.1,25.6,21.0,49.95,39.7,17.6,23.450000000000003,17.6,19.35,20.0,31.950000000000003,30.5,29.35,34.5,37.25,11.65,29.75,57.75,28.549999999999997,39.05,16.6,40.6,11.5,31.05,38.8,9.0,36.4,18.35,27.8,45.900000000000006,25.3,9.8,26.5,16.65,45.55,32.2,51.6,27.15,27.75,21.4,10.95,34.1,26.65,44.199999999999996,39.3,39.85,17.1,9.6,12.55,44.35,15.45,24.2,8.5,30.25,13.700000000000001,48.349999999999994,19.0,27.299999999999997,15.399999999999999,13.0,28.95,37.849999999999994,22.5,55.650000000000006,22.5,38.0,12.2,37.95,12.1,29.1,42.7,80.65,22.450000000000003,9.149999999999999,11.0
BAK1,86.7,142.9,112.2,80.2,126.0,76.4,91.6,96.1,79.3,102.6,38.6,105.7,77.7,118.0,74.0,120.7,105.1,105.3,49.9,76.9,110.4,98.5,115.6,85.4,112.7,116.3,100.8,94.1,211.5,136.7,152.6,98.8,75.3,70.3,101.0,139.7,111.0,126.7,138.5,104.3,95.0,131.8,100.2,130.6,96.7,133.2,94.2,86.6,86.9,33.4,54.0,121.6,114.5,102.4,88.4,103.8,56.3,104.0,119.7,120.2,108.2,122.3,131.3,103.1,70.2,133.7,130.5,116.7,129.5,14.9,34.8,148.7,80.5,116.8,122.8,122.9,133.2,140.6,114.5,79.7,127.1,25.7,113.0,109.6,92.6,98.1,120.5,30.2,85.8,49.1,76.2,103.9,93.8,102.4,73.1,82.4,69.0,113.7,88.2,97.8,99.7,92.1,87.8,133.6,26.6
BAX,29.8,10.95,31.4,8.95,41.05,33.35,35.15,15.75,42.55,22.7,4.55,26.05,25.8,26.45,38.7,9.75,25.85,44.3,16.2,20.35,22.75,25.0,13.75,40.35,15.55,20.75,18.75,4.25,48.650000000000006,22.799999999999997,13.149999999999999,29.5,15.75,33.5,39.0,29.799999999999997,23.25,10.95,12.5,16.45,24.35,24.15,28.200000000000003,4.65,33.05,20.3,21.25,39.900000000000006,26.85,16.65,23.7,24.45,28.65,23.8,37.5,24.75,35.95,9.850000000000001,30.400000000000002,9.75,26.95,29.700000000000003,33.1,22.4,45.3,40.9,36.0,35.0,32.4,38.25,45.8,43.2,47.25,35.85,28.95,42.05,37.95,44.25,22.950000000000003,49.5,20.1,57.3,54.2,41.65,45.45,52.25,32.55,57.25,15.100000000000001,5.550000000000001,24.25,24.85,32.0,58.8,28.0,29.799999999999997,16.0,24.8,9.350000000000001,33.7,33.15,26.45,43.15,21.3,99.44999999999999
BCAT2,25.65,29.5,69.5,23.6,29.25,24.7,23.45,56.95,33.0,31.15,21.85,25.7,63.8,47.849999999999994,38.2,18.6,46.199999999999996,12.65,19.95,29.700000000000003,49.15,55.3,53.6,26.3,28.049999999999997,29.75,64.85,73.4,46.7,62.849999999999994,29.25,33.2,44.900000000000006,18.5,42.55,28.45,33.2,68.7,76.45,40.0,42.55,26.95,39.95,46.95,38.15,67.15,14.5,36.85,39.7,41.45,26.5,30.75,35.35,40.05,18.049999999999997,53.35,32.75,54.599999999999994,35.2,46.55,55.4,54.55,53.699999999999996,34.55,56.3,46.849999999999994,42.2,57.2,72.6,23.200000000000003,62.65,49.0,55.8,43.75,28.15,33.0,79.25,46.95,34.85,19.2,21.05,66.05,60.95,39.0,14.25,32.6,36.45,66.0,17.2,30.35,56.45,57.35,24.5,58.65,48.6,38.4,41.5,108.25,53.0,96.8,53.95,69.9,88.30000000000001,58.3,113.7
BCKDHA,94.9,109.0,91.5,104.7,159.8,160.3,129.4,171.8,93.2,130.0,124.0,127.3,96.1,157.5,89.2,114.0,177.7,292.4,235.1,128.6,103.5,69.7,56.7,129.1,170.8,145.1,124.7,101.6,72.5,137.6,146.4,116.4,211.3,85.7,105.4,110.4,175.0,149.9,83.6,116.7,75.9,117.3,151.9,105.7,167.5,127.8,159.5,103.0,127.2,61.7,131.6,128.4,122.2,100.7,106.5,118.1,100.4,94.1,148.8,150.2,112.9,114.9,110.7,112.8,90.3,134.2,96.7,34.0,158.9,133.2,105.4,65.8,202.3,97.7,70.2,119.4,169.6,114.0,131.2,103.5,99.9,171.7,103.4,110.4,119.7,177.4,182.1,123.5,182.5,136.5,124.1,120.9,16.8,99.5,62.9,99.9,141.7,146.3,135.3,168.8,130.4,69.7,71.3,108.2,139.1
BCKDHB,8.55,5.8,12.1,4.35,20.45,5.15,14.95,14.65,8.55,7.25,10.15,26.200000000000003,4.05,8.65,5.4,8.0,6.95,10.850000000000001,7.0,2.6,6.25,7.199999999999999,3.6,13.3,6.2,11.1,4.15,5.5,22.4,4.8,8.45,5.35,6.7,4.15,13.549999999999999,4.800000000000001,13.55,13.7,12.350000000000001,7.05,4.55,5.55,9.1,8.1,11.649999999999999,8.6,8.6,4.800000000000001,5.65,7.6,4.9,4.0,3.5,5.6,3.05,12.2,14.5,3.9,12.35,4.4,13.75,5.7,14.4,5.95,7.05,6.3999999999999995,6.6000000000000005,12.350000000000001,4.95,5.2,18.35,9.9,4.45,4.449999999999999,6.3,7.6,5.699999999999999,22.0,12.7,6.4,6.0,4.95,14.4,7.0,4.1,4.25,12.350000000000001,7.4,4.6,8.8,13.399999999999999,18.099999999999998,5.6,5.0,18.15,23.3,12.75,7.15,6.6499999999999995,10.1,33.800000000000004,12.7,7.15,6.35,12.45
BCKDK,142.1,112.4,114.7,86.5,114.1,73.1,99.8,170.6,162.9,145.5,89.5,87.4,124.6,166.5,135.8,141.6,230.8,169.9,107.5,113.8,105.2,100.6,75.7,196.8,92.6,91.8,55.3,112.9,115.0,87.7,111.0,47.8,106.1,115.3,52.1,120.7,58.7,122.1,97.6,109.2,80.6,65.5,94.8,81.7,114.0,107.0,138.3,94.5,83.4,174.1,99.3,122.5,97.8,104.9,59.7,98.9,126.9,160.9,102.2,91.9,101.9,125.0,49.8,90.8,60.6,89.0,129.2,89.1,39.7,137.8,166.9,57.3,118.1,118.8,136.5,160.0,143.5,48.0,101.1,132.3,68.6,121.0,16.7,112.1,99.6,140.2,80.6,120.6,95.3,109.4,93.9,118.3,127.6,89.4,73.9,33.3,79.8,172.8,26.7,96.6,62.2,135.9,76.5,160.2,146.0
BCL2,57.9,68.675,83.875,58.075,48.275,94.475,48.825,81.05,47.325,51.5,58.699999999999996,63.099999999999994,69.925,64.15,66.8,78.85,47.0,66.85,58.075,82.9,68.025,77.825,45.300000000000004,72.775,104.825,86.15,61.400000000000006,69.325,51.075,70.025,59.474999999999994,92.225,62.45,55.225,77.9,68.325,45.45,55.474999999999994,60.725,97.4,65.0,70.6,64.9,66.25,92.02499999999999,93.0,65.325,55.4,64.45,65.4,88.25,95.42500000000001,76.95,80.925,74.77499999999999,90.75,71.89999999999999,57.8,74.6,52.925,51.925,74.15,59.775,92.375,59.15,60.225,65.0,63.675,56.775000000000006,84.32499999999999,86.375,80.44999999999999,60.375,74.3,57.300000000000004,55.5,77.375,47.6,47.625,63.775,80.525,87.425,107.4,57.35,55.825,95.9,59.025,50.075,50.800000000000004,58.425,62.15,63.775,78.6,82.525,62.87500000000001,80.675,89.625,85.9,47.35,80.55000000000001,105.15,65.0,99.0,51.9,71.8
BCL2A1,151.4,123.2,101.3,110.1,143.4,73.3,85.8,252.9,141.9,81.5,166.8,65.6,65.5,185.7,242.2,99.4,92.8,75.3,100.2,136.8,113.0,201.3,165.5,100.7,142.6,142.8,109.3,113.2,99.8,153.2,128.4,203.9,84.2,147.6,135.6,81.3,116.3,109.0,140.1,145.7,103.6,211.1,84.5,103.0,161.7,71.9,131.0,106.0,150.1,135.3,240.6,118.2,149.5,136.0,100.5,77.2,130.3,55.9,205.5,75.0,386.9,68.7,143.0,136.1,181.0,139.4,97.4,121.5,93.2,73.6,128.4,113.2,116.1,136.8,225.9,407.5,89.6,114.8,112.8,135.1,131.2,89.6,126.2,259.1,165.5,104.7,92.8,154.2,134.0,170.4,116.1,165.1,97.1,168.1,141.1,191.9,90.9,139.1,103.4,128.0,163.9,123.0,128.5,123.8,131.5
BCL2L1,97.89999999999999,165.03333333333333,78.96666666666667,105.5,95.39999999999999,149.66666666666666,71.89999999999999,170.13333333333333,90.43333333333334,64.2,115.10000000000001,80.16666666666667,99.03333333333332,287.6333333333333,69.86666666666667,146.26666666666665,77.63333333333334,238.16666666666663,117.53333333333335,70.76666666666667,173.13333333333333,91.60000000000001,42.333333333333336,125.0,193.4,124.96666666666665,166.46666666666667,124.26666666666667,68.23333333333333,188.79999999999998,77.3,70.86666666666667,176.83333333333334,108.43333333333334,178.03333333333333,105.39999999999999,159.23333333333332,129.7,98.73333333333333,54.0,106.33333333333333,62.96666666666666,48.366666666666674,164.5666666666667,205.5333333333333,135.83333333333334,185.86666666666667,93.90000000000002,245.29999999999998,131.26666666666665,172.16666666666666,107.5,136.66666666666666,94.10000000000001,172.20000000000002,74.83333333333333,114.26666666666667,82.13333333333334,75.86666666666666,208.36666666666667,58.133333333333326,77.7,132.36666666666667,109.03333333333332,114.86666666666666,72.8,77.86666666666667,89.0,162.20000000000002,152.36666666666667,133.26666666666668,74.26666666666667,65.89999999999999,101.86666666666667,103.89999999999999,124.69999999999999,57.73333333333333,72.8,57.6,87.40000000000002,82.46666666666667,100.7,147.16666666666666,100.5,95.10000000000001,129.0,194.5666666666667,85.86666666666667,195.63333333333333,180.03333333333333,97.93333333333334,240.19999999999996,197.1,83.10000000000001,65.46666666666667,60.96666666666667,173.36666666666667,158.16666666666666,146.56666666666666,155.16666666666666,170.96666666666667,149.46666666666667,59.73333333333333,86.53333333333335,121.2
BCL2L10,4.8,17.6,6.2,29.3,8.5,8.1,7.2,9.4,6.5,7.7,11.8,5.3,5.9,43.0,8.2,4.3,47.6,7.7,37.5,10.0,26.6,11.8,10.3,4.7,11.4,11.9,8.2,8.3,6.2,8.0,3.1,12.3,8.3,8.0,5.8,8.8,12.6,11.5,7.2,3.8,4.9,4.4,7.9,6.8,3.0,8.6,4.9,21.7,13.4,10.2,14.5,4.5,6.0,3.3,6.6,7.0,15.1,8.1,5.9,13.9,27.6,12.4,6.9,39.4,8.6,7.3,8.4,6.7,9.2,15.4,77.2,13.0,5.2,7.2,7.9,4.5,17.1,4.2,4.8,3.7,6.5,7.3,3.9,9.3,7.9,9.4,33.7,14.4,15.3,12.7,43.7,13.1,12.4,8.5,7.0,4.9,7.3,9.6,45.7,16.6,15.5,11.6,38.8,31.8,8.5
BCL2L11,12.4,18.25,24.15,13.3,9.45,8.45,14.55,39.75,11.8,12.9,8.85,14.45,8.95,34.65,5.4,25.6,8.45,24.35,24.9,14.95,37.0,27.650000000000002,12.450000000000001,10.5,17.55,17.2,13.549999999999999,22.7,4.3,14.55,21.799999999999997,13.75,15.5,14.7,10.549999999999999,19.0,2.9000000000000004,26.75,8.6,8.0,6.75,14.549999999999999,4.8,14.25,21.95,12.45,3.8,7.4,21.95,6.65,19.35,25.15,11.450000000000001,12.3,9.15,17.55,22.6,11.2,19.25,26.3,10.7,18.25,14.049999999999999,3.8000000000000003,29.9,8.1,11.85,16.0,3.1500000000000004,21.5,41.9,34.4,3.35,12.65,10.700000000000001,15.850000000000001,11.55,19.5,16.5,12.05,27.0,32.1,15.55,32.3,17.25,9.75,12.4,18.400000000000002,32.3,27.55,26.2,30.85,12.65,14.299999999999999,12.25,17.5,7.6000000000000005,7.55,33.699999999999996,4.75,16.1,21.2,18.9,4.85,15.200000000000001
BCL2L13,124.8,141.9,107.9,149.7,87.6,127.7,113.8,101.9,106.0,48.8,120.2,95.0,147.3,120.3,79.9,81.7,115.3,114.4,80.0,159.7,119.8,89.3,85.0,180.5,192.6,148.6,83.7,123.8,123.9,100.0,118.6,125.7,119.3,156.1,151.3,122.7,115.6,226.8,144.8,130.5,126.7,123.7,113.9,80.0,172.3,95.2,86.7,158.5,90.6,105.7,172.2,120.6,123.1,104.8,147.4,95.8,160.4,95.0,98.3,115.9,109.9,100.6,185.0,136.8,109.2,126.8,139.2,104.7,159.9,131.7,93.3,115.5,89.2,111.1,135.8,130.6,107.4,71.0,95.9,91.8,97.3,96.4,90.4,57.9,85.9,105.4,99.2,114.3,32.4,143.1,90.5,117.8,136.4,103.1,108.6,85.6,101.5,128.6,129.6,119.6,102.2,58.4,64.9,64.9,50.9
BCL2L2,60.0,79.0,58.4,49.3,71.5,72.5,43.2,28.2,47.4,76.7,54.2,66.2,72.1,27.9,74.3,12.2,44.9,68.3,47.8,41.0,44.3,13.3,76.5,55.1,31.9,39.2,60.4,64.2,95.6,23.1,86.6,85.6,83.5,40.8,44.4,54.5,69.5,59.0,63.3,36.8,63.0,62.6,45.4,71.6,59.2,60.2,61.5,32.0,58.7,25.8,93.9,61.3,63.1,42.3,57.2,45.7,70.4,59.7,83.0,88.9,47.1,43.9,60.8,67.4,34.5,63.6,46.4,90.2,39.1,51.4,86.7,68.3,99.5,69.8,79.7,87.8,66.6,61.5,38.7,57.4,59.4,65.6,57.4,54.8,68.8,46.3,48.0,81.5,77.4,74.4,56.8,32.2,47.3,46.9,81.8,61.0,51.6,19.5,67.2,82.5,60.6,68.3,44.7,45.4,132.9
BCS1L,109.4,171.7,187.2,170.3,167.8,235.9,156.8,219.9,118.4,178.0,146.5,170.2,158.2,226.8,174.8,178.6,207.6,231.5,258.1,155.8,194.4,224.3,201.9,166.3,180.3,190.0,200.0,226.0,136.2,213.5,138.5,155.2,155.5,150.3,162.8,131.9,188.2,141.6,188.7,163.7,174.8,149.1,191.7,261.7,157.9,206.9,167.5,142.1,140.8,197.3,288.9,211.0,124.6,132.7,160.6,205.8,120.1,186.7,195.6,233.8,103.3,229.6,190.5,164.6,106.5,101.0,171.3,227.9,168.0,188.0,201.5,174.8,207.0,241.2,166.2,176.9,175.1,173.3,218.2,188.3,158.3,211.0,217.6,214.5,217.0,187.0,276.6,222.8,175.3,243.6,166.0,199.6,245.4,155.3,170.9,213.4,148.4,201.6,258.3,254.4,180.2,236.5,206.5,209.6,194.2
BDH1,14.5,19.1,37.5,39.0,14.6,28.4,14.6,40.7,12.6,16.3,42.6,19.1,22.0,8.5,14.8,14.4,17.3,32.4,11.7,33.2,27.6,17.1,32.8,33.0,14.1,11.7,5.8,77.7,40.9,45.8,12.4,58.5,9.5,8.9,13.8,51.4,9.8,61.8,58.6,39.7,40.0,67.3,7.6,68.9,29.1,75.4,5.0,51.3,12.5,9.9,5.5,9.2,23.7,28.0,74.7,38.3,32.6,38.9,47.5,55.1,57.6,100.0,13.4,20.2,15.2,13.2,29.8,36.2,79.0,17.6,20.8,23.0,25.5,14.6,20.6,51.4,36.1,51.1,6.7,67.0,36.4,45.0,13.7,45.5,88.6,25.6,13.6,62.0,16.1,15.4,56.4,40.5,52.5,43.6,15.5,100.6,10.4,99.8,10.5,15.6,12.3,137.7,61.9,74.7,36.3
BID,211.39999999999998,218.4,261.6,240.5,210.54999999999998,175.65,217.39999999999998,177.1,209.05,211.60000000000002,214.85,260.45,226.95,204.4,257.3,229.15,290.7,172.7,218.75,235.45,132.35,176.0,194.15,196.3,177.4,223.79999999999998,204.75,143.85000000000002,271.9,241.0,271.35,240.14999999999998,226.5,224.2,205.3,228.55,230.95,256.5,206.1,238.25,222.05,244.10000000000002,229.15,169.64999999999998,208.75,112.05000000000001,270.75,187.8,174.3,227.60000000000002,159.5,211.95,210.45,265.85,194.05,212.05,232.05,145.7,209.7,181.15,388.75,162.15,200.3,241.15,237.45,310.4,192.55,250.79999999999998,208.0,148.6,245.2,216.25,236.54999999999998,132.45,242.1,276.65,285.1,273.05,252.3,209.9,166.45,187.5,171.45,198.85,250.89999999999998,119.05,193.39999999999998,194.85000000000002,162.1,165.5,191.95,175.6,182.15,215.0,181.4,199.0,150.35,174.2,140.1,174.7,131.35000000000002,185.39999999999998,242.85,185.15,234.0
BIK,7.4,11.2,8.7,14.7,9.9,8.8,5.8,13.6,9.6,18.6,6.6,6.6,16.8,9.1,6.1,11.9,20.3,6.2,41.1,20.4,25.1,18.3,4.6,17.6,5.6,14.7,23.6,10.1,6.9,8.9,8.6,12.6,11.6,8.8,12.8,24.5,19.0,11.5,12.5,13.5,18.8,6.1,3.7,11.0,6.0,13.1,15.9,19.5,12.9,10.8,14.2,7.4,16.0,18.2,10.3,56.1,6.6,10.6,6.0,10.9,6.8,17.1,11.0,5.1,7.1,11.5,18.9,13.5,34.8,15.8,24.2,8.7,20.1,18.9,22.4,4.9,12.8,9.7,5.3,13.2,11.0,16.9,3.4,18.6,6.6,8.2,58.3,19.9,21.3,27.6,7.9,10.1,8.5,11.1,5.0,23.4,6.6,16.4,8.7,8.1,15.3,16.5,26.7,14.9,20.3
BLOC1S1,177.2,182.7,224.2,232.2,212.1,220.5,172.4,392.8,193.7,224.9,200.6,201.3,211.6,319.7,238.5,168.3,347.3,333.4,297.5,275.4,296.7,134.0,234.9,172.6,251.9,201.9,207.8,284.1,238.3,314.0,268.4,173.7,214.8,199.9,158.8,163.4,230.5,200.1,264.3,190.0,160.9,163.0,147.2,165.7,190.1,144.7,189.6,240.0,206.0,303.8,243.9,167.2,242.7,189.3,175.3,214.2,253.0,252.2,215.4,144.3,232.6,182.6,238.2,175.3,200.9,192.0,220.0,164.0,290.6,177.1,258.6,201.2,265.9,232.3,221.8,267.8,205.1,227.3,219.1,202.7,140.8,154.7,206.9,202.5,216.6,191.1,179.8,191.2,157.9,183.6,229.1,127.9,196.6,189.8,185.3,190.9,141.4,243.8,244.7,259.8,158.0,126.6,255.0,230.4,352.0
BNIP3,48.5,55.5,56.2,42.150000000000006,42.650000000000006,67.05000000000001,42.8,46.05,51.599999999999994,25.75,41.35,58.9,43.65,42.65,63.85,54.85,52.2,51.150000000000006,56.25,59.15,59.9,58.599999999999994,59.45,56.0,51.0,47.35,52.9,44.5,54.25,49.849999999999994,45.1,84.25,50.7,45.45,67.6,62.35,36.45,50.1,50.0,51.5,47.35,38.6,41.5,52.35,65.0,46.4,52.650000000000006,37.45,54.75,23.950000000000003,37.7,45.85,67.25,66.75,80.55,46.05,51.650000000000006,39.7,44.6,39.15,34.75,62.35,50.65,44.6,59.05,54.25,49.349999999999994,58.900000000000006,75.30000000000001,57.65,58.550000000000004,46.1,30.65,52.05,59.449999999999996,52.55,42.3,45.7,47.849999999999994,49.25,43.55,59.45,48.75,76.1,41.65,53.85,69.6,68.55,32.85,57.45,54.599999999999994,79.35,32.05,50.05,74.25,76.4,13.05,47.199999999999996,50.5,54.900000000000006,79.15,57.45,40.95,41.95,81.15
BNIP3L,1077.6,1346.5,539.35,932.5500000000001,719.2,1174.35,798.15,1479.0500000000002,960.8,814.75,1551.6000000000001,692.75,612.2,1109.25,579.3000000000001,1509.2,344.45,498.0,415.15,602.05,1005.0,694.9000000000001,844.55,720.75,1684.6999999999998,1208.0,1196.9,495.65,965.4,2379.8,1138.05,1206.45,1351.0,1267.3,1349.0,953.0,1162.85,1055.35,1310.6499999999999,891.8,783.35,747.1500000000001,477.04999999999995,1399.65,1667.9,1210.1,937.5999999999999,554.95,1660.0,1403.5,2424.9500000000003,1166.8500000000001,1043.45,825.3,1395.1999999999998,683.8,1095.0,577.1,1014.5999999999999,1705.7,861.8499999999999,621.6,1470.6499999999999,1449.55,1566.5,1167.4,1079.1,1278.05,1659.8000000000002,2004.05,1663.35,700.75,719.75,856.05,1046.65,1500.15,702.6500000000001,939.8,840.35,911.2,833.3,865.05,1847.9,774.1,1029.3,1020.45,969.6500000000001,1220.95,1366.5,1741.5,959.55,2493.1,1918.9499999999998,524.2,1136.85,1061.4,2153.1,1793.05,1770.6,2404.35,1081.0,1336.8500000000001,858.4,1005.05,1376.5
BOLA1,36.9,52.7,46.9,53.5,60.2,57.8,54.7,53.2,62.4,15.1,48.8,44.6,39.8,56.6,49.0,11.6,68.6,39.5,58.3,48.3,50.1,48.7,61.0,29.1,60.0,50.3,47.9,66.6,28.8,60.0,53.3,53.0,8.4,39.8,34.8,55.1,8.3,29.1,46.9,42.6,58.1,35.8,51.4,35.5,71.0,21.4,28.1,43.1,21.6,44.3,42.4,61.5,39.4,46.6,34.3,24.4,30.8,45.1,50.2,52.0,17.7,43.1,48.9,54.7,28.5,36.0,47.9,49.9,48.3,31.1,24.0,83.5,19.6,37.3,61.1,29.2,38.1,46.4,51.3,22.9,38.4,58.7,70.6,65.5,46.4,39.8,30.3,40.7,6.0,45.4,43.2,30.5,20.1,47.3,39.7,42.5,63.6,85.5,65.8,33.9,29.3,8.1,33.0,2.7,33.9
BPHL,45.8,40.6,37.5,25.2,38.3,48.0,43.9,76.5,38.3,36.7,21.0,34.0,25.0,43.7,35.4,24.9,30.3,50.6,10.7,17.9,21.8,14.8,51.3,36.9,55.2,12.8,65.9,27.2,64.4,53.8,79.1,73.7,18.9,29.8,49.6,31.1,39.6,17.0,36.9,83.1,16.9,10.6,22.0,4.8,43.7,54.8,34.5,24.1,9.3,17.7,92.8,41.3,36.6,31.1,23.6,11.5,24.5,36.2,52.6,17.6,8.3,69.3,8.2,15.4,44.4,22.9,35.3,37.6,23.0,14.6,7.9,40.1,12.1,75.2,3.3,58.3,51.4,41.4,13.4,64.8,35.8,29.8,20.9,62.0,10.4,54.0,45.7,30.5,35.7,4.6,16.5,45.6,12.3,42.2,46.3,29.3,53.3,28.7,66.8,99.8,80.5,64.3,33.7,72.4,80.2
C1QBP,133.15,115.89999999999999,149.05,90.55,133.0,143.9,151.9,88.05,124.85,98.30000000000001,85.95,86.94999999999999,110.2,100.4,121.55,126.0,85.85,62.8,63.5,132.15,102.25,130.35,78.85,115.55,80.15,90.0,94.30000000000001,96.65,111.6,107.9,76.7,110.7,113.65,117.4,119.94999999999999,97.55000000000001,111.1,67.25,82.35,109.2,80.95,95.05000000000001,136.65,112.05,95.94999999999999,110.7,86.35,149.95,107.35,89.3,55.3,97.15,117.19999999999999,131.95,118.05,110.75,126.10000000000001,61.2,125.0,66.35,125.4,103.7,140.55,121.8,101.25,102.44999999999999,128.05,116.2,86.95,76.85,77.55,93.25,91.80000000000001,172.3,59.5,90.5,140.65,109.69999999999999,78.1,72.95,118.55000000000001,123.95,134.05,98.4,105.25,101.94999999999999,83.3,64.65,52.05,72.65,119.55000000000001,82.8,100.89999999999999,119.6,74.05000000000001,65.4,128.8,66.80000000000001,80.35,76.35,94.55000000000001,103.7,156.75,55.25,134.35
CA5A,20.8,20.5,66.9,10.3,41.8,63.5,41.4,167.7,31.1,67.8,19.9,13.6,11.1,62.1,61.3,60.1,19.8,26.5,61.2,47.9,41.3,51.8,42.7,40.8,20.8,10.2,66.3,66.2,35.8,111.6,69.5,65.4,106.8,19.0,65.9,59.4,114.4,52.5,77.5,63.8,23.3,87.9,69.6,60.9,38.3,144.9,58.3,8.4,81.5,97.5,55.0,57.9,26.9,23.1,33.4,13.7,63.6,34.6,15.0,104.1,13.6,41.9,95.3,76.9,14.4,91.7,60.7,89.7,93.2,40.0,60.3,38.8,80.9,68.2,66.2,88.3,11.0,10.9,32.8,15.5,13.7,81.8,67.6,83.0,82.5,90.1,16.4,67.4,52.8,133.8,61.9,111.0,55.0,20.6,74.7,88.2,154.0,100.1,68.2,106.4,17.5,101.4,66.3,114.5,88.2
CA5B,36.45,29.25,42.7,20.35,25.9,41.6,13.2,22.299999999999997,15.8,8.05,9.0,11.3,21.25,36.6,32.8,13.0,14.95,23.65,26.7,9.7,49.0,23.7,15.95,21.95,13.05,40.45,19.65,28.299999999999997,10.899999999999999,29.0,12.1,23.0,19.25,11.0,28.25,20.1,34.65,22.900000000000002,35.25,10.55,11.45,12.149999999999999,22.099999999999998,22.95,10.4,21.9,11.85,18.75,14.8,20.55,22.05,26.35,21.2,27.1,30.2,40.25,14.100000000000001,42.65,22.55,40.150000000000006,11.899999999999999,14.3,11.1,21.4,15.55,12.850000000000001,14.350000000000001,12.399999999999999,8.0,27.45,17.6,48.25,12.899999999999999,33.05,6.9,19.950000000000003,33.8,25.05,15.1,53.050000000000004,30.2,23.900000000000002,24.6,7.9,11.9,12.25,19.6,33.95,16.95,23.05,75.55,20.35,26.4,24.950000000000003,13.850000000000001,46.8,23.349999999999998,38.150000000000006,14.8,83.95,25.6,30.150000000000002,31.3,17.85,53.55
CARS2,152.5,100.5,147.3,140.0,204.9,155.1,211.0,110.4,160.7,150.2,190.1,186.9,233.1,173.8,221.5,142.0,222.8,209.4,211.4,224.4,121.9,196.7,170.4,184.1,170.7,203.8,159.6,206.8,180.4,203.1,206.7,160.3,170.0,173.3,152.7,173.8,174.4,188.7,176.1,168.7,208.9,237.3,186.4,156.7,160.3,90.3,123.7,177.2,142.6,133.4,67.3,228.3,188.1,186.2,144.4,181.1,173.9,207.0,223.2,143.7,176.9,191.3,198.3,116.9,185.5,212.9,202.2,168.2,160.1,205.3,133.9,243.5,197.5,189.8,132.9,186.3,230.2,159.0,201.2,152.7,169.3,157.5,235.8,124.7,194.1,146.8,156.6,182.6,107.8,159.2,149.1,81.5,126.7,273.5,200.1,187.0,14.2,82.2,102.6,100.2,120.5,207.9,277.8,170.2,253.7
CASP3,30.4,46.1,80.6,6.6,80.5,85.0,32.1,30.3,63.0,59.1,76.7,81.4,66.5,30.6,46.5,21.0,31.2,34.8,11.9,78.9,44.9,71.2,114.9,34.4,69.5,45.4,44.0,58.9,26.5,39.8,57.6,76.2,40.3,52.4,63.2,73.6,7.8,30.1,33.6,68.3,45.5,33.5,39.7,52.7,31.5,15.4,45.2,66.9,74.0,38.6,6.4,42.9,62.1,95.6,52.6,60.9,66.6,51.0,37.3,57.4,50.8,55.9,31.1,30.5,71.3,50.4,58.3,117.6,29.1,10.7,57.5,16.8,33.6,105.7,58.2,80.8,44.2,81.2,56.7,66.7,47.1,62.1,21.5,52.8,64.2,68.2,25.4,45.3,71.1,54.8,85.0,10.1,86.6,91.2,5.9,71.3,27.2,65.9,59.2,16.5,6.7,4.2,53.7,11.2,83.4
CASP8,548.4,298.4,389.8,301.35,394.7,207.15,399.55,270.25,427.05,364.90000000000003,311.65,430.15000000000003,240.0,234.45,427.04999999999995,387.7,217.2,225.9,197.95000000000002,309.95,216.85000000000002,297.65000000000003,274.90000000000003,282.2,304.95,362.05,297.75,163.55,304.7,235.25,307.90000000000003,294.05,332.55,400.75,391.25,361.2,365.35,393.0,200.29999999999998,386.2,267.0,376.75,396.59999999999997,122.6,305.95,265.0,371.55,344.59999999999997,385.65,364.7,220.14999999999998,363.0,340.85,347.5,286.3,238.7,230.95,208.9,245.8,179.75,382.95,309.4,229.4,299.35,455.40000000000003,413.5,282.8,330.25,361.90000000000003,320.6,248.5,381.79999999999995,296.85,254.7,395.95,253.55,364.34999999999997,306.0,281.05,347.1,245.05,370.35,194.20000000000002,259.5,311.95,228.95,199.25,275.5,271.75,298.65000000000003,238.0,263.45,205.9,212.79999999999998,279.9,237.2,325.9,257.65,203.60000000000002,194.95,253.4,280.75,285.35,234.2,256.45
CASP9,173.14999999999998,196.15,190.25,163.25,191.4,107.85,138.75,235.65,208.6,177.95,179.3,207.55,169.9,232.65,148.15,234.65,204.7,224.25,250.60000000000002,177.75,123.6,112.9,163.55,147.0,120.6,145.95,159.85,185.75,179.4,168.9,135.64999999999998,151.95000000000002,146.35,140.85,126.05,176.64999999999998,115.85,163.75,137.05,116.14999999999999,158.3,150.85,157.95,167.5,115.95,152.95,111.69999999999999,124.75,147.5,150.15,187.29999999999998,172.5,125.65,106.64999999999999,133.25,118.14999999999999,127.05,191.75,151.3,202.2,97.35,218.45,93.19999999999999,115.7,148.9,194.45,160.7,120.05000000000001,218.45,80.35,165.75,126.65,171.5,181.9,165.3,158.55,140.45,141.15,232.35,209.4,206.60000000000002,175.2,121.80000000000001,211.3,144.2,152.35000000000002,133.9,184.2,182.95,163.8,227.4,137.2,194.39999999999998,180.25,178.25,169.9,206.95,259.2,227.1,157.9,266.95,278.35,92.05,163.7,197.2
CAT,445.6666666666667,604.3333333333334,631.3333333333334,717.0999999999999,353.5,648.6,806.2333333333335,307.96666666666664,569.0,507.40000000000003,936.0666666666666,244.5666666666667,952.4333333333334,306.5,448.20000000000005,948.6666666666666,310.7333333333333,191.63333333333333,341.6666666666667,974.7666666666668,1221.9666666666667,361.06666666666666,705.0666666666666,707.6,649.1,418.43333333333334,517.8333333333334,464.26666666666665,612.4666666666667,776.3000000000001,1302.1666666666667,674.2333333333332,871.9,700.5666666666666,1000.5,1362.0,573.1,444.6666666666667,423.6000000000001,834.3000000000001,682.1,551.2666666666667,483.93333333333334,646.6999999999999,866.0,878.1333333333332,1098.3,833.0999999999999,805.6333333333332,772.4666666666667,636.7666666666667,739.4333333333334,755.8000000000001,673.4666666666667,628.8000000000001,597.4666666666666,493.6333333333334,501.26666666666665,394.0,498.09999999999997,843.1333333333333,574.6333333333333,746.4666666666667,722.3333333333334,721.1,774.1999999999999,782.0,671.6666666666666,746.1999999999999,604.3,640.6999999999999,460.90000000000003,560.1333333333333,600.9666666666667,743.4666666666667,538.3666666666667,577.5666666666667,657.9666666666667,550.9333333333333,496.86666666666673,802.1666666666666,581.1,628.0666666666667,847.8000000000001,482.73333333333335,531.1999999999999,468.8333333333333,397.56666666666666,671.5333333333333,560.0,1088.7333333333333,706.3333333333334,844.7333333333335,941.8666666666668,1001.3333333333334,787.6999999999999,860.0666666666666,535.9,786.3666666666667,865.6,300.06666666666666,699.5333333333333,849.7333333333332,721.8000000000001,636.4666666666666
CBR3,13.1,88.0,47.7,36.7,15.0,61.6,12.8,76.7,13.6,16.9,33.9,15.2,9.9,46.6,24.9,22.2,57.6,53.6,14.1,54.7,19.8,13.6,9.9,42.7,74.8,26.5,14.0,45.4,13.7,8.7,11.9,6.5,31.9,47.5,32.2,42.6,18.4,10.3,16.3,10.6,7.7,12.8,7.3,52.3,31.1,55.6,40.4,63.1,11.7,10.2,64.6,14.4,33.9,68.2,44.0,44.3,48.8,7.3,7.6,77.0,6.0,10.7,76.0,6.5,62.2,11.9,12.6,30.7,32.1,74.4,8.7,59.8,10.0,14.8,55.3,30.7,25.7,33.1,9.8,16.4,9.6,33.6,31.8,30.6,63.2,24.6,19.0,11.9,10.1,32.5,17.4,16.7,55.6,47.4,19.7,10.2,19.5,80.9,39.3,30.8,16.1,17.0,21.6,6.8,10.8
CBR4,116.2,81.0,69.4,51.3,75.1,131.9,95.2,66.3,107.2,68.9,60.4,84.7,99.2,80.5,70.0,77.5,52.5,19.5,95.6,112.5,84.7,201.2,135.6,69.9,97.4,86.5,74.1,48.0,62.1,82.8,100.3,95.5,92.9,147.8,123.3,85.3,81.7,109.3,122.6,101.9,66.2,90.2,67.8,91.4,70.8,58.7,122.1,153.9,51.5,61.8,15.9,77.1,181.2,115.7,154.9,87.5,90.5,84.6,77.9,44.3,101.7,116.2,96.1,119.5,133.1,111.3,117.4,140.3,87.3,95.2,81.8,51.1,66.5,176.3,74.1,82.0,128.0,105.8,91.0,75.4,94.7,112.4,81.7,82.4,49.1,78.6,68.7,96.3,72.1,95.1,46.3,51.4,112.4,152.3,82.7,107.1,81.9,82.6,80.3,49.9,90.4,113.8,78.7,94.3,52.2
CCDC51,101.4,117.9,96.6,79.8,110.4,52.8,78.1,114.8,90.9,93.1,75.5,109.5,66.5,60.3,99.6,74.2,125.2,113.5,123.3,72.2,87.3,164.2,56.0,63.8,88.6,86.2,89.5,60.2,75.8,82.7,99.8,57.9,120.8,62.6,81.9,88.3,92.8,82.6,109.6,70.1,76.4,86.3,58.7,125.2,121.0,105.8,61.5,59.4,73.3,53.5,121.5,87.0,56.2,57.7,53.8,93.9,90.5,77.5,66.7,99.5,95.6,89.2,110.4,52.8,73.2,145.4,56.6,81.9,70.9,143.5,110.1,87.7,85.1,77.8,83.0,100.6,62.4,92.0,79.6,89.0,66.7,85.0,94.9,42.1,86.9,111.1,85.6,51.0,75.3,70.5,81.7,104.5,91.8,76.4,135.3,67.6,128.6,66.2,119.4,131.3,95.9,158.0,105.9,93.9,31.1
CCDC90B,71.5,58.3,57.9,21.6,75.4,85.2,65.6,49.1,89.4,78.8,67.6,92.9,59.0,58.0,63.1,69.6,50.2,82.0,57.8,89.0,61.7,73.9,89.4,63.1,72.9,48.4,87.5,76.6,58.1,73.6,59.4,63.6,93.8,100.8,73.9,49.6,71.5,62.1,71.5,79.6,69.6,97.1,78.4,73.9,70.6,60.3,51.1,60.0,78.4,34.9,29.7,74.2,94.0,76.6,93.8,88.0,68.9,94.3,76.4,82.0,87.9,87.0,66.4,62.1,52.7,65.1,72.7,84.5,37.2,58.5,15.0,57.2,50.2,83.9,76.8,23.0,79.3,69.9,67.6,70.9,55.2,66.0,54.8,49.8,82.1,47.4,66.8,66.5,27.8,25.3,70.2,75.7,72.4,122.3,58.0,67.4,109.5,116.1,41.8,44.3,100.8,26.4,73.4,54.4,136.6
CDK5RAP1,104.7,63.2,102.5,81.6,105.6,101.1,106.7,138.1,111.5,84.6,80.3,129.4,102.7,125.6,129.6,132.7,118.7,132.2,139.8,142.1,53.5,128.0,81.7,100.2,90.7,98.9,77.7,98.5,100.4,97.7,113.4,52.3,120.8,110.5,77.8,90.8,108.0,124.9,118.5,100.6,95.0,117.6,118.8,86.4,62.9,102.3,129.0,148.4,119.3,79.2,34.5,120.7,92.5,73.0,97.1,60.0,120.1,138.6,96.2,147.7,74.0,66.2,103.4,128.3,82.1,78.6,115.0,100.9,99.9,91.9,61.6,116.3,93.1,91.5,88.3,68.4,124.5,100.2,100.2,89.7,126.2,83.7,152.9,70.4,89.8,66.9,85.4,120.8,44.2,112.4,115.0,96.0,86.3,87.0,67.3,160.8,116.1,91.3,97.9,70.4,48.4,16.6,123.1,174.1,158.8
CHCHD2,582.0,669.0,754.1,915.3,933.5,1393.8,756.5,1149.7,677.6,541.1,903.9,942.7,960.5,938.4,851.2,468.7,1024.3,912.6,830.7,1247.3,971.2,877.7,1176.6,758.3,836.1,1054.4,1059.2,1011.9,1200.4,1000.6,937.1,806.0,1055.1,1191.1,909.7,1193.7,858.5,817.5,914.3,1122.7,911.1,897.7,1084.1,886.4,1106.2,867.3,825.8,1172.3,997.7,1086.7,997.7,930.6,1225.3,1241.8,1224.2,1035.2,949.8,1035.7,1135.6,523.3,1071.0,1094.0,1116.0,994.1,1036.7,974.5,865.3,1047.7,1134.7,844.7,954.1,1052.6,871.3,1134.0,669.1,1031.6,1486.2,1098.6,1007.7,903.1,1047.5,844.2,1288.8,846.2,940.7,1279.0,770.1,1011.9,1007.6,735.3,777.1,1086.4,993.3,1503.1,929.2,1113.9,703.4,998.2,868.9,1040.0,773.3,1060.4,1127.9,958.3,1440.4
CHCHD3,116.5,111.7,126.8,120.6,120.8,153.5,126.8,129.7,84.6,107.7,91.0,206.8,83.6,148.7,161.5,119.3,120.6,115.8,80.4,85.1,163.1,106.0,57.4,187.8,173.9,109.2,83.6,80.3,118.6,118.9,138.1,133.3,86.1,108.8,105.9,84.0,109.6,88.6,120.6,107.9,135.8,140.0,104.7,117.7,131.1,95.0,110.0,149.3,140.9,126.0,132.1,112.3,184.4,84.7,125.1,150.8,124.8,45.2,105.2,75.9,105.3,109.3,138.4,105.8,111.2,92.8,100.8,99.3,51.7,97.9,91.0,122.2,83.8,146.7,16.8,112.0,76.9,144.9,55.9,84.6,95.3,58.1,127.1,106.5,107.8,81.3,76.8,95.7,140.3,92.6,65.8,67.1,48.0,213.8,123.6,127.5,58.0,140.0,97.0,140.0,115.4,31.0,153.9,66.2,111.4
CHCHD7,21.6,35.4,75.1,45.9,86.1,94.2,67.8,33.9,30.5,36.7,45.2,110.5,68.6,21.5,53.6,18.6,18.8,44.5,56.9,27.0,25.4,99.5,63.1,20.9,46.6,56.6,45.6,33.2,53.3,20.9,56.9,75.4,59.2,28.3,66.9,92.4,68.1,35.7,20.4,59.7,69.8,27.4,85.5,25.2,55.9,82.3,27.6,65.0,76.8,66.3,20.1,16.6,57.5,87.4,101.3,64.1,86.5,49.7,60.6,16.6,79.5,38.9,17.1,67.0,9.0,49.4,39.5,62.6,52.3,35.8,68.8,52.1,84.4,86.8,10.4,47.7,42.5,53.6,84.3,44.6,63.4,29.4,87.9,40.9,67.0,84.1,114.8,56.9,7.2,85.7,19.2,22.3,62.6,55.1,55.2,95.4,80.7,41.0,42.9,23.6,19.9,15.5,88.5,68.2,57.8
CHPT1,390.5,605.3,377.1,653.1,239.8,735.2,412.5,639.7,503.8,424.8,1040.0,518.0,288.1,984.2,557.3,914.9,273.5,367.4,316.8,830.3,563.6,506.3,532.0,474.9,682.1,638.4,688.7,502.6,476.4,1317.6,671.9,509.0,866.2,602.8,717.0,508.4,771.1,822.1,381.7,495.3,450.5,268.6,234.1,660.0,853.0,525.3,834.0,600.9,759.5,538.2,967.9,457.8,719.8,408.7,493.6,326.3,651.7,521.0,474.4,1399.8,348.4,553.1,1001.6,813.8,544.4,259.3,413.9,470.9,611.7,921.4,432.5,428.6,317.7,376.3,331.6,503.8,287.3,255.1,378.9,485.4,476.6,431.1,813.1,677.6,416.0,426.5,627.7,619.8,607.0,571.2,572.1,1126.4,642.6,418.6,480.5,444.9,1049.5,843.4,790.7,1231.6,523.7,501.7,502.8,657.5,421.0
CISD1,96.6,63.0,102.0,90.7,103.8,112.1,144.2,120.6,65.8,72.6,107.4,74.6,92.9,110.2,135.8,87.3,111.8,173.0,115.3,100.0,47.4,123.1,38.4,115.0,80.1,70.4,102.1,103.2,119.8,146.2,145.5,92.5,62.1,130.1,133.0,61.9,42.9,121.2,23.4,73.7,127.7,78.3,79.2,109.0,122.0,86.5,91.6,108.4,111.3,59.3,115.4,79.5,89.9,124.9,136.3,100.7,77.8,67.9,108.7,131.4,103.9,114.0,107.1,101.3,102.0,103.3,51.0,89.9,90.1,52.4,85.8,117.5,55.9,102.1,140.5,96.1,115.4,99.9,84.6,109.9,122.8,55.9,86.6,64.3,69.6,100.1,92.3,99.8,61.8,100.4,77.6,88.2,66.7,71.7,89.9,104.4,64.5,67.0,89.9,85.3,43.7,75.1,53.3,81.2,223.9
CKMT2,100.9,92.8,97.0,104.6,58.0,83.6,87.5,115.5,57.0,118.3,87.6,59.5,68.2,104.3,66.5,122.6,65.9,142.6,78.1,62.8,20.3,80.4,148.9,83.3,92.8,118.1,121.4,166.4,77.2,166.4,102.4,65.3,49.9,137.8,45.0,75.4,108.6,43.2,86.7,38.7,101.3,76.9,88.5,143.1,63.7,118.6,77.4,112.2,84.7,104.5,140.8,93.9,84.3,51.9,60.7,69.9,48.1,45.0,90.3,186.0,66.7,105.9,106.5,69.3,82.1,40.6,66.4,68.3,67.9,176.3,63.1,10.8,62.4,97.6,68.5,51.0,48.4,121.3,124.5,73.1,70.5,109.8,87.5,126.8,78.1,27.5,197.5,104.8,90.4,112.2,88.1,158.8,24.6,71.7,127.3,121.8,86.5,156.3,100.1,36.7,150.7,101.9,60.7,101.0,4.0
CLPB,81.9,79.7,54.6,86.9,34.2,67.4,58.9,116.0,55.1,31.4,118.4,48.3,22.6,65.5,62.2,89.7,92.2,35.9,96.9,19.8,135.6,89.7,84.5,90.6,116.9,116.1,130.7,61.9,70.2,100.0,20.3,77.0,112.0,96.6,75.7,71.1,67.4,41.5,115.4,15.9,58.3,73.2,78.6,77.7,30.8,127.1,71.9,81.4,57.1,133.9,189.2,75.8,31.3,57.2,88.9,101.3,63.2,88.0,77.4,147.3,38.1,103.2,112.5,125.8,77.7,76.6,56.0,61.4,74.0,138.4,74.0,77.8,98.7,99.5,105.9,82.4,46.9,78.1,93.5,30.6,45.4,26.1,26.9,142.6,74.4,25.7,147.2,107.9,98.2,83.2,127.2,138.5,74.0,88.6,32.8,118.3,104.1,17.7,100.6,122.2,143.4,125.1,74.4,74.6,15.1
CLPP,22.0,25.2,69.6,78.8,19.8,59.0,57.3,77.1,61.2,43.6,52.6,14.2,59.6,104.8,42.2,23.3,119.4,105.1,34.9,110.1,8.3,54.9,88.9,78.2,107.4,21.8,92.2,52.3,76.4,14.3,56.3,18.5,21.7,11.1,48.1,60.9,55.3,117.4,8.9,11.7,60.1,106.8,81.9,59.4,66.2,22.9,54.3,49.4,61.5,116.2,129.8,48.1,63.4,57.8,67.0,86.3,73.9,89.1,18.4,26.6,32.9,45.4,20.9,10.0,71.4,12.6,68.8,91.1,23.2,70.8,22.7,53.1,93.2,106.1,116.3,22.6,38.1,91.1,110.1,91.1,130.6,26.4,72.4,31.1,57.1,78.7,106.7,29.5,10.6,31.9,109.2,73.2,71.1,87.7,19.8,19.7,35.3,58.4,23.8,19.8,86.7,6.5,119.0,102.4,178.6
CLPX,85.0,63.4,58.1,54.3,62.4,61.8,65.3,64.3,59.9,60.8,53.1,55.4,59.9,61.2,65.4,73.6,50.8,66.1,85.5,52.9,75.9,89.4,47.3,63.3,48.4,40.8,71.6,48.7,85.1,85.9,47.6,74.5,38.7,58.9,59.7,65.8,49.0,69.1,63.3,77.3,50.9,64.4,27.0,53.7,79.2,67.4,60.1,55.4,54.8,95.1,90.1,52.9,59.4,56.5,33.6,61.2,51.0,24.7,82.8,56.5,50.9,82.4,74.8,58.1,67.4,60.3,38.7,73.5,62.2,72.7,59.1,46.8,47.4,36.8,48.9,33.7,65.4,91.7,58.9,50.7,46.6,46.8,59.8,89.1,57.1,77.0,81.9,44.7,29.1,72.9,72.6,48.8,32.2,79.9,62.4,57.1,72.7,67.0,55.9,87.0,46.6,44.0,56.8,62.4,104.3
CMC2,54.6,34.5,63.4,51.9,90.6,86.0,34.2,119.0,75.6,25.2,87.2,71.8,75.2,72.5,106.3,89.0,43.9,40.0,32.2,101.0,81.6,70.5,104.6,74.9,31.0,66.7,54.1,92.3,29.9,101.3,86.0,80.2,107.7,94.2,71.9,49.6,51.6,85.5,75.9,89.2,107.9,70.1,90.6,76.5,79.4,88.3,68.7,108.5,96.0,68.8,109.8,16.4,99.8,61.2,68.1,110.6,78.7,92.0,63.3,13.0,85.1,71.9,109.3,69.0,43.4,63.2,69.9,83.1,60.8,137.7,57.7,61.1,47.5,110.1,50.2,75.2,77.0,92.5,68.6,66.8,59.2,25.1,100.2,97.1,135.6,84.4,72.2,53.7,80.7,96.7,79.6,58.7,68.6,89.6,115.4,107.2,24.2,74.8,79.6,70.1,80.6,57.0,65.5,78.7,108.4
CMC4,31.900000000000002,42.85,51.8,96.3,60.9,115.65,26.5,70.55,50.400000000000006,51.25,87.75,70.14999999999999,51.0,23.7,68.85,24.65,56.35,46.25,63.7,113.30000000000001,75.9,88.25,87.9,33.150000000000006,52.35,32.1,92.30000000000001,38.45,111.60000000000001,108.7,103.55000000000001,38.15,75.69999999999999,110.05,77.85,76.44999999999999,43.6,49.0,93.2,101.8,73.6,80.6,127.85,13.15,72.05,123.3,105.35,56.050000000000004,73.35,66.3,19.25,105.14999999999999,90.75,88.1,116.25,102.45,94.94999999999999,51.6,81.75,51.65,67.9,91.9,67.65,70.55,92.4,73.05000000000001,69.2,97.9,81.85,74.65,87.5,160.6,50.099999999999994,147.3,39.7,48.05,104.30000000000001,96.4,61.3,50.3,63.6,22.35,81.6,89.75,80.39999999999999,55.5,81.4,88.14999999999999,14.649999999999999,65.0,102.2,49.6,76.85,118.9,68.64999999999999,82.3,86.5,59.0,60.8,46.849999999999994,49.45,66.05,81.05,49.95,109.10000000000001
COA1,64.1,59.75,56.85,26.849999999999998,64.15,53.35,47.550000000000004,64.6,46.25,62.550000000000004,44.2,78.64999999999999,50.3,38.6,57.05,73.85,45.5,63.2,67.3,44.35,42.45,67.1,59.3,35.900000000000006,37.0,26.65,33.6,57.7,47.4,68.1,52.25,47.349999999999994,41.2,53.15,47.650000000000006,45.4,60.9,43.95,52.949999999999996,52.2,45.050000000000004,39.099999999999994,54.349999999999994,51.150000000000006,43.7,47.45,36.099999999999994,46.400000000000006,37.85,62.900000000000006,59.0,42.6,53.0,41.400000000000006,59.800000000000004,62.55,46.55,61.0,70.7,44.050000000000004,56.4,35.6,59.5,28.950000000000003,46.8,45.0,55.400000000000006,54.0,29.900000000000002,44.15,34.3,65.25,52.9,59.3,53.25,61.8,59.8,33.35,70.5,47.550000000000004,65.55,36.75,70.5,31.9,47.8,52.7,50.35,33.65,54.15,49.05,49.95,57.5,81.85,49.75,6.25,70.45,61.7,50.5,81.89999999999999,77.45,62.05,49.85,53.9,18.7,10.75
COA3,272.3,316.9,312.2,398.3,321.4,347.2,306.8,346.3,250.8,382.2,286.0,185.0,276.2,369.7,293.6,294.1,446.6,434.4,360.8,388.6,364.8,468.5,287.5,319.4,374.4,274.5,423.7,326.5,311.1,376.9,337.3,287.8,336.3,306.7,334.1,313.9,328.6,332.4,288.6,306.3,338.9,257.0,354.4,332.7,332.6,366.1,327.0,385.0,326.3,293.6,267.2,371.5,373.4,327.8,365.8,380.0,328.8,341.6,251.2,228.9,256.9,262.2,320.9,309.4,275.8,294.9,346.4,388.1,299.2,322.6,234.9,309.8,326.2,451.1,342.8,302.6,350.0,382.3,367.0,316.6,398.3,299.3,334.5,368.8,322.3,384.1,390.7,322.7,324.3,283.3,271.6,407.0,316.7,393.6,305.2,248.9,275.2,303.5,319.0,306.5,221.0,298.2,289.6,387.0,323.9
COA4,62.0,72.6,47.9,70.6,91.5,112.2,49.8,132.2,29.0,7.7,51.6,54.6,60.4,142.9,26.5,115.3,104.1,91.4,96.0,99.1,55.6,61.3,28.3,83.7,67.3,78.7,51.0,49.3,59.5,41.4,59.8,4.3,81.5,67.3,68.5,80.5,76.6,75.3,95.3,61.2,61.7,106.1,70.6,24.7,82.9,54.0,41.8,104.9,110.9,56.9,34.4,74.4,94.1,86.0,94.0,69.6,67.5,75.0,55.6,54.7,44.2,65.6,131.7,71.6,59.8,71.6,68.8,116.4,15.2,97.6,33.3,129.9,32.7,96.6,26.2,102.0,54.6,60.8,77.6,69.7,59.7,91.2,82.0,58.4,26.0,74.7,108.5,74.3,33.4,54.8,54.0,61.4,71.7,84.7,9.0,80.2,11.7,71.9,26.1,17.9,74.1,46.3,55.7,75.1,64.7
COA7,23.6,42.1,12.6,93.8,17.5,15.5,38.2,53.8,45.8,86.0,30.6,19.3,16.4,33.2,25.0,66.8,62.4,70.6,17.5,5.7,21.4,19.0,13.9,14.1,16.8,40.2,29.1,49.3,17.8,39.6,48.9,12.4,13.1,37.9,29.1,11.9,19.4,56.1,14.4,22.1,16.9,10.4,11.5,17.3,36.9,19.5,6.3,16.3,23.1,17.1,21.5,10.8,10.8,10.0,19.8,22.2,17.9,24.6,20.8,13.0,12.6,55.7,9.0,22.2,25.8,9.7,27.2,14.4,23.4,52.6,16.8,60.7,60.2,16.7,67.9,6.8,26.0,38.2,17.0,15.3,18.4,8.7,33.5,14.7,5.5,13.5,57.6,28.9,28.4,10.7,20.4,19.6,19.3,8.0,15.4,16.2,12.1,62.3,64.7,15.3,36.7,72.7,7.6,12.0,7.6
COASY,176.4,141.1,161.8,174.0,166.4,108.7,174.7,214.4,157.8,241.7,138.1,230.1,164.1,259.0,174.6,171.9,225.3,212.6,243.0,177.6,176.9,198.8,178.2,226.3,134.4,132.7,132.9,189.3,127.2,131.5,125.3,148.1,166.9,116.9,124.2,172.8,137.4,194.4,113.7,115.0,152.0,137.1,147.8,132.0,120.7,99.3,213.2,139.8,127.2,142.9,115.5,78.2,95.5,123.8,191.3,179.4,153.7,151.1,147.3,174.9,121.0,177.0,133.5,124.4,195.6,172.7,179.3,97.5,187.8,156.8,101.2,184.3,156.3,128.9,211.0,201.1,188.5,126.8,140.4,153.5,134.0,162.8,144.7,134.5,161.4,154.9,210.7,85.5,167.0,148.8,190.4,127.5,160.0,180.1,123.2,182.0,13.0,110.7,200.2,115.8,127.9,220.2,247.0,195.6,37.1
COMT,45.35,73.125,68.45,73.3,58.65,37.575,45.875,51.199999999999996,64.225,41.075,69.275,52.25,65.175,69.125,67.3,79.125,77.875,51.475,84.95,49.574999999999996,34.675,58.775,56.35,63.12499999999999,52.75,62.3,53.8,48.25,76.725,57.625,58.95,70.725,82.525,44.525000000000006,78.5,77.875,50.525,62.45,60.074999999999996,65.75,74.575,68.7,53.225,71.9,58.5,70.625,67.875,60.275000000000006,70.325,78.45,79.0,68.07499999999999,77.825,64.1,73.5,77.325,84.4,78.575,42.074999999999996,47.449999999999996,56.2,55.5,58.075,71.5,40.675,80.45,62.0,70.45,80.5,55.975,64.7,71.625,76.275,56.125,56.525,87.95,59.8,77.1,53.62499999999999,57.925,70.075,50.25,83.2,76.525,84.7,90.775,57.675,85.15,65.8,46.75,60.4,48.2,66.125,64.75,61.025000000000006,54.949999999999996,71.075,105.425,60.75,82.8,58.425000000000004,76.675,78.4,84.35,76.7
COQ10B,200.7,150.1,221.4,165.5,214.0,193.3,235.6,203.6,243.8,294.3,133.1,277.1,130.0,182.1,238.6,205.2,190.9,149.6,206.8,125.3,199.7,277.2,230.7,211.9,201.4,163.8,149.2,196.9,142.7,93.8,167.8,169.5,133.0,173.6,159.9,116.4,170.8,148.1,133.9,170.6,227.6,190.9,158.8,175.8,139.3,92.2,133.7,131.6,193.6,186.5,167.0,202.9,167.2,180.2,233.3,195.0,177.1,182.1,142.3,117.6,135.6,190.5,131.9,153.9,197.3,161.7,197.8,201.6,108.7,154.8,188.6,140.7,206.8,141.7,205.9,157.4,179.0,154.2,228.1,168.7,155.5,106.1,129.0,173.0,130.7,141.1,139.2,160.4,155.0,203.9,212.9,162.5,126.4,153.8,187.6,164.3,112.9,79.8,156.3,149.1,134.5,111.9,101.8,67.5,88.0
COQ2,33.7,70.8,82.8,52.9,75.4,79.5,53.1,28.9,51.2,66.3,39.3,80.3,55.3,48.7,61.4,36.1,35.5,62.4,16.5,76.2,86.4,73.5,60.0,38.2,65.4,57.5,59.7,44.1,76.0,37.1,75.3,50.0,66.0,59.4,74.7,76.3,69.5,48.6,19.7,72.4,32.4,85.6,66.4,88.7,75.0,56.9,37.7,53.4,36.0,61.1,59.0,50.5,50.5,65.0,56.0,55.8,75.4,72.3,63.5,68.3,58.1,37.1,51.9,91.6,62.7,78.0,82.8,97.9,47.5,6.4,79.3,49.6,82.6,49.2,79.6,81.9,67.2,57.5,25.8,56.7,62.1,55.8,74.3,58.5,16.2,65.1,63.2,71.4,23.9,40.9,60.0,25.2,71.5,75.6,78.8,59.2,8.1,62.3,30.9,80.6,94.0,64.9,74.3,75.5,99.7
COQ3,33.2,87.3,83.6,14.2,44.7,57.0,90.8,135.8,23.0,49.3,44.0,75.6,24.8,53.4,44.4,33.0,46.7,52.4,178.4,67.0,64.1,29.8,78.9,69.2,65.3,52.6,52.1,71.6,21.5,40.7,65.1,12.8,36.0,17.0,63.7,47.6,98.0,14.4,69.2,54.5,70.1,26.7,45.1,139.2,68.7,109.1,52.8,73.4,38.0,91.5,36.3,128.2,9.0,72.2,20.5,62.2,70.6,95.0,49.3,22.1,36.2,18.0,19.7,18.6,68.9,62.5,21.6,51.5,21.5,35.9,42.1,84.6,78.8,45.3,69.1,65.8,63.4,68.3,119.4,61.7,61.4,69.8,37.6,73.6,69.0,79.3,126.5,32.1,156.3,175.6,19.1,18.8,20.7,59.2,47.2,88.7,147.4,96.0,177.0,28.6,183.6,56.2,84.7,118.1,98.4
COQ4,18.4,42.3,20.4,39.0,36.6,30.0,24.7,47.7,35.2,23.6,9.9,17.7,43.6,63.1,26.8,32.8,46.1,28.9,29.1,55.5,16.2,7.4,28.4,36.3,19.8,43.7,3.1,43.9,55.1,25.8,67.8,4.9,56.7,20.8,8.8,9.3,3.7,18.8,15.2,28.6,11.8,6.1,8.4,5.4,24.7,12.1,4.2,55.2,31.0,26.0,21.4,24.1,45.9,16.2,40.1,18.3,17.2,25.1,16.4,13.5,23.0,37.1,27.9,67.1,49.1,3.9,8.5,22.8,6.2,15.5,30.7,13.6,25.5,5.8,8.1,21.0,4.3,44.2,26.0,20.8,10.1,22.9,31.1,42.0,16.4,74.0,9.2,8.6,73.2,10.2,53.8,51.1,24.1,8.0,39.6,3.9,10.3,30.7,17.8,66.2,56.0,11.2,24.6,4.1,78.3
COQ6,104.2,80.8,87.6,61.9,115.6,80.0,78.5,118.1,94.7,56.0,84.8,116.4,41.3,92.5,105.5,118.7,91.9,90.4,103.9,80.6,83.0,130.2,67.3,90.4,65.3,50.3,94.3,102.0,29.8,37.8,71.2,68.8,82.6,78.4,65.8,63.0,105.0,81.3,82.6,40.3,68.7,34.0,70.6,120.3,100.1,115.8,43.8,49.3,52.0,103.5,37.5,91.7,77.4,54.3,66.4,39.8,49.7,45.1,59.8,143.4,31.2,78.4,100.5,73.0,86.1,40.6,91.0,50.7,87.9,56.7,35.0,88.3,52.2,75.1,76.0,72.6,52.6,90.5,81.4,63.9,54.6,97.0,69.9,20.4,50.4,89.4,107.3,109.8,61.8,57.1,36.5,109.0,79.6,69.4,71.0,92.7,120.5,75.8,117.1,116.0,106.5,98.9,71.6,46.5,57.0
COQ7,32.43333333333333,33.9,48.03333333333333,14.533333333333333,25.633333333333336,19.333333333333332,39.199999999999996,13.466666666666667,30.066666666666666,14.166666666666666,33.36666666666667,52.96666666666667,22.400000000000002,28.53333333333333,39.800000000000004,20.633333333333333,30.96666666666667,18.966666666666665,17.866666666666667,9.533333333333333,26.03333333333333,34.1,49.800000000000004,22.566666666666666,26.233333333333334,30.599999999999998,20.7,32.166666666666664,21.333333333333332,40.53333333333333,24.333333333333332,50.6,11.0,28.8,23.566666666666666,47.76666666666666,38.93333333333333,18.599999999999998,9.866666666666667,27.066666666666663,34.53333333333333,24.333333333333332,47.199999999999996,38.833333333333336,44.1,41.1,13.933333333333332,31.899999999999995,32.1,17.666666666666668,19.3,26.366666666666664,20.733333333333334,32.300000000000004,22.599999999999998,21.900000000000002,28.666666666666668,31.866666666666664,27.899999999999995,27.5,31.733333333333334,38.333333333333336,30.833333333333332,12.333333333333334,18.833333333333332,31.833333333333332,38.233333333333334,49.43333333333334,10.066666666666668,23.3,46.166666666666664,14.033333333333333,39.56666666666667,47.333333333333336,48.56666666666667,37.23333333333333,24.433333333333334,13.966666666666667,34.333333333333336,29.73333333333333,16.366666666666664,43.0,25.099999999999998,33.13333333333333,24.866666666666664,35.9,34.43333333333334,32.73333333333333,32.833333333333336,33.96666666666667,35.1,18.766666666666666,30.566666666666663,21.233333333333334,23.166666666666668,23.333333333333332,12.333333333333334,20.633333333333333,15.200000000000001,62.96666666666667,26.03333333333333,70.2,36.199999999999996,32.833333333333336,48.43333333333334
COQ9,197.3,178.9,150.6,188.5,163.7,125.3,177.5,213.2,166.0,159.2,149.9,164.6,195.0,221.4,158.0,282.4,206.0,262.1,210.9,139.9,170.5,153.2,153.0,156.1,157.7,174.0,191.7,162.1,157.2,138.6,174.8,163.4,162.6,155.3,135.1,154.1,159.4,181.5,186.5,118.0,160.4,154.6,166.2,222.5,114.4,193.0,161.0,148.7,180.8,149.2,202.1,225.1,153.5,136.5,166.8,155.1,171.9,185.2,194.6,142.5,91.9,185.3,204.1,111.8,91.7,198.4,126.5,95.6,191.1,145.3,129.9,135.3,112.8,178.4,201.4,207.4,161.5,132.7,152.5,177.2,144.2,156.4,168.0,157.9,223.6,256.2,176.5,151.0,200.5,139.9,191.2,171.7,248.2,205.1,255.6,203.4,205.6,149.8,158.3,123.5,227.7,141.6,125.9,180.0,83.1
COX10,130.9,143.5,104.5,150.8,143.7,205.2,123.7,185.8,83.0,185.9,172.0,66.5,133.2,171.9,151.3,117.8,206.7,218.2,146.4,149.3,165.9,78.5,134.6,183.8,140.3,112.1,130.3,115.7,90.3,100.4,106.1,65.8,108.7,138.8,113.1,115.4,130.1,153.0,125.9,112.0,161.0,88.4,138.0,134.5,91.0,200.0,166.9,190.0,156.0,88.2,140.0,158.8,135.1,118.7,140.3,117.2,126.3,165.1,28.3,112.3,75.6,116.6,147.7,56.2,89.6,98.7,154.5,102.4,89.4,88.1,117.2,172.6,105.5,180.8,94.2,128.8,122.0,152.9,134.7,131.7,131.6,167.4,150.2,144.5,188.4,170.0,66.8,108.7,76.4,193.9,143.0,86.9,111.6,109.0,84.8,165.1,57.6,87.9,187.4,159.3,189.5,141.7,119.5,210.9,94.1
COX11,47.833333333333336,34.26666666666667,38.86666666666667,29.266666666666666,38.6,38.96666666666667,43.73333333333334,32.300000000000004,40.233333333333334,37.833333333333336,32.2,43.26666666666666,32.699999999999996,23.166666666666668,35.96666666666667,49.800000000000004,24.8,38.4,40.8,24.066666666666666,26.3,36.199999999999996,40.00000000000001,37.833333333333336,39.73333333333334,38.73333333333333,40.56666666666667,42.56666666666667,34.733333333333334,23.833333333333332,36.46666666666666,37.96666666666666,49.833333333333336,54.70000000000001,45.76666666666667,31.799999999999997,25.900000000000002,37.26666666666667,47.23333333333333,43.86666666666667,38.1,35.63333333333333,50.699999999999996,73.53333333333333,33.699999999999996,25.666666666666668,29.8,33.63333333333333,34.96666666666666,22.399999999999995,41.166666666666664,40.9,45.800000000000004,40.86666666666667,48.96666666666667,40.50000000000001,31.766666666666666,39.36666666666667,25.7,34.73333333333333,33.233333333333334,13.666666666666666,41.266666666666666,34.166666666666664,32.03333333333334,33.800000000000004,31.599999999999998,49.199999999999996,35.53333333333333,26.899999999999995,21.46666666666667,43.699999999999996,37.1,48.800000000000004,35.23333333333333,37.733333333333334,41.03333333333333,46.20000000000001,21.066666666666666,46.76666666666667,46.23333333333333,38.300000000000004,44.0,40.699999999999996,29.266666666666666,36.6,40.199999999999996,47.166666666666664,34.333333333333336,13.299999999999999,47.79999999999999,28.63333333333333,23.2,45.26666666666667,37.63333333333333,38.53333333333334,45.63333333333333,35.800000000000004,44.93333333333334,18.900000000000002,65.56666666666666,21.366666666666664,36.36666666666667,38.166666666666664,19.3
COX15,82.45,87.95,87.3,100.4,108.19999999999999,82.39999999999999,91.7,97.25,86.8,72.55,104.55,58.75,98.75,97.0,82.94999999999999,92.75,94.35000000000001,95.8,99.45,76.05,104.9,98.55000000000001,76.8,98.05,101.19999999999999,95.64999999999999,111.95,72.7,128.5,68.0,98.6,101.85,123.8,86.8,82.2,69.95,63.3,64.5,74.4,74.95,94.7,75.3,107.95,92.2,86.39999999999999,82.4,83.0,85.5,88.95,103.60000000000001,116.65,98.5,81.85,65.3,96.5,93.1,73.4,109.75,85.60000000000001,64.45,97.75,84.65,100.8,91.14999999999999,93.2,62.599999999999994,84.35,69.69999999999999,99.4,80.2,103.5,97.3,94.0,89.55,72.4,91.44999999999999,79.05,69.64999999999999,64.0,79.44999999999999,92.25,84.95,92.60000000000001,69.0,95.85,126.75,72.45,93.64999999999999,87.95,73.75,88.55,62.8,67.15,74.8,111.6,81.64999999999999,76.3,71.44999999999999,60.55,62.900000000000006,111.5,93.45,60.35,77.85,91.65
COX20,67.8,75.5,43.3,83.3,101.7,50.1,107.8,46.9,77.8,85.4,57.1,101.8,42.8,76.1,92.8,68.1,32.3,54.2,52.0,26.7,34.4,30.7,61.9,88.7,85.8,45.1,101.8,41.6,64.3,95.0,44.1,62.1,84.7,54.6,65.2,83.8,49.6,68.6,59.7,64.6,42.7,57.7,43.0,81.2,42.5,95.0,22.9,35.2,64.8,90.7,11.0,94.0,32.1,43.0,57.7,87.3,48.0,57.9,70.8,63.3,48.0,95.1,81.8,93.4,63.4,49.1,88.8,90.0,39.2,112.0,83.7,59.0,61.5,76.8,94.9,75.4,72.5,36.8,48.6,57.4,95.5,100.4,97.5,76.1,60.6,67.5,65.8,75.6,79.2,72.8,46.2,61.8,79.0,29.8,30.9,55.4,123.0,64.3,45.1,35.1,118.3,89.2,71.2,35.9,5.9
COX4I1,470.8333333333333,489.93333333333334,653.4333333333333,775.4333333333334,542.0666666666667,811.6,530.1999999999999,755.9333333333334,524.4666666666667,480.79999999999995,568.6666666666666,402.0333333333333,726.3333333333334,812.1666666666666,664.7,468.5333333333333,845.3000000000001,794.4666666666667,775.7666666666668,652.7666666666667,709.1,673.5333333333333,652.6,676.0333333333334,682.3000000000001,594.0666666666667,670.1,658.1,682.6,627.9,817.0666666666666,539.4666666666667,627.6,617.6666666666666,584.4333333333333,536.2,562.7333333333333,650.6,509.3,611.8,581.0000000000001,591.2333333333332,687.3666666666668,495.7,569.3666666666667,547.5666666666666,550.4333333333333,639.9666666666667,476.7,482.79999999999995,377.1333333333334,584.7666666666667,758.5,746.5,676.7333333333333,777.3666666666667,618.2333333333332,665.8,564.3000000000001,406.23333333333335,626.2333333333333,540.6,598.1666666666666,543.0666666666667,513.0,655.0333333333333,594.0666666666667,619.6333333333333,510.7,538.7333333333333,460.1666666666667,529.5333333333334,522.0333333333333,675.4666666666667,435.76666666666665,592.9,649.0666666666667,597.3000000000001,451.0,528.2666666666667,553.1666666666666,500.3333333333333,652.7,531.7333333333333,515.3,590.4000000000001,495.6333333333334,447.9666666666667,405.3666666666666,346.29999999999995,496.5333333333333,333.6666666666667,416.0333333333333,660.2666666666667,437.40000000000003,430.40000000000003,365.23333333333335,420.46666666666664,397.5333333333333,431.1666666666667,402.2,360.1333333333334,666.1,653.8000000000001,667.5333333333334
COX5A,201.7,163.6,232.4,181.9,260.1,258.6,261.6,333.8,263.3,190.1,168.9,223.2,241.2,288.5,277.2,240.6,346.7,326.6,252.6,236.5,247.1,374.8,159.6,259.0,178.2,161.8,174.9,274.5,231.6,175.6,226.1,155.8,249.4,229.0,190.4,241.9,185.3,195.4,214.5,204.1,214.0,172.3,203.6,181.3,184.4,152.2,242.5,286.3,222.6,145.7,185.1,220.4,253.8,216.9,190.3,200.4,271.8,126.7,171.1,132.9,182.5,175.1,235.2,191.1,187.1,225.5,258.8,254.3,131.8,152.9,165.3,185.2,163.5,198.6,131.1,183.0,203.6,231.6,219.5,152.3,173.6,117.3,216.8,201.0,144.2,139.1,203.4,166.1,157.3,144.9,170.8,147.0,160.0,225.8,155.0,128.0,120.2,90.4,150.3,146.5,91.0,16.8,184.3,210.1,132.4
COX5B,305.5,362.45,522.475,614.475,489.45,639.85,416.125,454.8,403.225,461.95,494.47499999999997,245.25,549.925,415.0,491.09999999999997,275.40000000000003,642.0999999999999,579.375,547.125,621.6,531.7,442.95,534.625,449.025,432.5,570.125,517.1999999999999,515.75,639.35,528.725,607.4749999999999,528.025,507.0,410.7,465.52500000000003,489.275,500.025,471.425,536.275,497.45,517.3,413.65,519.725,389.975,429.4,455.325,560.05,564.625,439.8,427.09999999999997,376.075,416.325,584.15,620.275,518.65,666.3000000000001,504.17499999999995,499.45,573.55,286.25,520.275,448.65,506.62500000000006,470.575,465.05,536.275,502.85,473.625,435.9,356.175,310.525,473.95,498.725,602.7,467.4,472.025,568.05,498.675,537.275,419.2,432.675,412.15000000000003,455.0,543.875,488.90000000000003,457.34999999999997,365.275,427.75,462.625,339.95000000000005,350.875,352.125,381.27500000000003,586.35,431.925,366.025,294.675,323.45,306.95,396.97499999999997,282.77500000000003,355.5,570.275,598.725,632.25
COX6A1,625.6,662.2,850.1,1189.7,662.0,1176.4,598.6,1177.5,615.6,583.4,867.5,480.8,946.8,1022.8,832.0,539.3,1145.4,934.0,701.3,1151.5,1118.6,1074.6,883.7,918.7,1118.8,990.8,1194.0,995.5,1138.3,1234.7,1298.5,1053.5,1212.1,1023.6,809.1,917.3,815.2,1040.6,1123.9,1101.9,909.1,969.3,896.2,910.8,1077.4,678.2,1180.7,1156.1,920.8,907.9,851.9,896.1,1319.4,1126.0,1117.3,1107.1,946.1,876.7,982.4,679.8,964.3,787.4,1165.7,969.1,810.2,916.8,857.4,924.7,756.2,798.5,711.5,670.8,774.2,1010.5,839.5,1012.1,943.7,1030.0,1043.4,1038.8,850.7,879.6,1084.9,949.0,875.6,713.7,961.4,1022.2,751.6,731.9,957.5,863.1,780.3,1167.2,804.2,809.4,589.5,828.7,696.0,1034.2,493.1,821.7,1129.7,1004.6,1000.2
COX6A2,26.2,36.6,44.3,63.7,49.6,65.0,31.3,43.0,23.8,65.9,36.0,44.8,33.0,10.6,38.1,73.6,85.8,16.9,79.2,24.3,93.2,58.2,71.7,51.8,35.4,59.7,78.9,120.3,43.4,95.0,39.5,48.8,4.7,33.1,19.5,23.7,18.0,16.7,62.5,34.0,40.3,41.6,45.3,67.6,42.5,75.2,33.8,60.7,59.2,96.7,82.6,45.8,78.9,34.5,64.7,59.6,41.5,38.1,72.1,98.2,36.2,61.8,82.9,21.0,65.7,51.7,66.2,26.3,35.5,53.5,103.2,24.7,42.1,55.4,68.0,49.8,22.4,43.2,95.6,56.2,67.8,56.9,83.6,20.7,75.5,63.1,38.2,63.2,112.5,72.6,95.6,130.1,67.3,32.8,29.5,32.7,11.5,67.5,77.8,88.3,109.0,77.6,37.1,69.8,6.8
COX6B1,424.7,574.8,475.1,720.6,448.7,625.9,355.4,1065.7,449.8,490.6,506.6,400.3,745.9,729.8,459.3,354.2,926.0,923.7,755.0,696.6,894.6,593.8,594.8,577.1,887.4,560.4,549.3,611.4,797.6,757.1,1186.7,573.2,998.1,656.7,466.8,701.3,588.1,574.8,860.9,646.0,522.3,486.0,623.5,526.0,670.9,616.2,722.3,648.3,540.1,510.3,583.5,643.8,602.5,669.3,567.0,677.6,533.0,450.5,448.2,704.8,621.7,534.8,760.9,610.1,496.1,843.1,545.5,356.4,635.9,639.7,567.2,469.2,468.9,631.7,655.6,446.8,559.8,461.0,655.5,491.0,539.9,488.9,529.0,463.9,488.6,505.2,469.1,474.3,543.0,321.0,519.9,541.5,414.0,542.5,504.0,517.6,428.4,494.2,469.8,509.8,362.7,428.1,600.8,515.1,549.9
COX6C,139.6,150.2,221.2,146.2,212.7,226.2,125.1,255.9,117.4,115.9,181.0,145.2,125.2,187.8,194.5,122.7,160.1,216.0,170.4,163.9,296.5,263.6,292.5,160.5,225.9,127.1,224.5,196.9,123.0,204.8,149.1,201.5,143.6,207.2,137.2,119.4,103.1,110.8,192.5,174.4,147.1,145.5,121.7,192.9,168.5,184.4,99.9,190.6,131.0,217.0,224.6,181.3,210.6,183.0,197.8,203.1,145.8,143.3,179.5,158.0,236.8,151.5,176.3,134.1,101.3,149.9,141.9,159.9,153.7,174.2,185.5,62.6,142.7,297.7,168.3,222.4,149.4,194.8,258.0,183.3,125.2,153.8,273.9,154.0,173.8,193.0,197.6,144.1,160.8,162.4,155.2,136.5,188.5,204.1,135.2,185.4,135.2,153.3,195.5,261.0,145.5,234.9,241.2,185.6,414.6
COX7A1,5.3,12.4,6.9,3.5,2.9,5.0,4.7,10.5,4.0,4.9,14.5,11.1,6.5,10.8,2.9,5.3,5.1,6.2,7.4,2.5,5.0,7.3,9.1,3.5,7.8,4.7,7.3,4.7,5.2,6.4,6.1,4.5,5.0,3.5,5.5,3.2,3.2,4.9,5.8,4.9,4.3,5.8,14.1,8.9,6.4,5.6,2.8,4.8,4.3,5.0,14.0,9.6,2.9,3.9,3.2,3.8,4.4,4.5,5.9,47.8,4.0,6.5,4.7,3.8,6.3,6.6,4.4,3.6,5.5,10.0,89.1,5.8,11.7,5.7,8.3,4.7,3.6,4.9,11.2,8.3,7.5,6.8,16.7,8.0,2.7,5.2,8.5,15.2,6.4,61.7,6.4,6.0,4.3,4.8,8.7,6.9,10.3,23.9,7.4,14.8,7.7,11.1,6.1,12.6,26.0
COX7A2,612.5,870.0,814.8,723.9,806.4,970.2,754.1,1099.0,770.7,760.2,648.9,489.3,545.9,853.8,975.2,877.7,1099.8,727.2,991.9,834.9,1343.3,1023.2,1222.4,759.5,828.0,781.2,939.5,983.3,957.7,671.4,913.6,1089.3,782.3,710.4,608.5,601.0,484.0,613.8,688.0,830.0,623.4,533.4,579.7,374.9,420.9,457.0,497.6,709.7,563.9,613.7,738.5,530.8,774.8,712.2,733.1,774.0,926.7,520.2,831.8,562.3,941.8,845.6,787.2,563.6,617.9,903.2,907.7,1077.5,580.8,546.6,520.6,562.7,857.0,993.5,489.5,813.2,699.2,564.2,573.0,659.2,563.1,519.8,719.0,750.9,683.0,508.0,516.0,599.0,623.8,408.8,586.6,432.4,608.0,865.0,585.8,617.8,403.4,426.3,453.8,527.8,506.2,727.4,875.0,587.0,1069.5
COX7A2L,197.1,191.4,215.1,308.6,253.5,364.7,276.3,324.1,212.5,310.2,248.2,225.8,268.1,204.4,244.5,201.7,286.9,295.9,410.2,259.7,363.0,362.0,352.5,278.3,310.7,275.8,285.8,185.6,193.7,256.6,251.8,290.2,312.1,305.6,296.3,160.2,150.1,278.3,189.9,283.6,330.6,250.0,271.1,342.5,319.3,111.7,261.9,240.5,493.3,325.8,354.4,215.2,339.5,313.8,429.4,393.4,263.4,260.8,234.4,234.3,249.3,213.8,205.0,286.2,252.1,214.7,196.5,303.5,342.3,365.8,148.6,194.8,205.9,300.4,292.0,207.8,295.5,296.8,184.9,169.5,258.1,335.9,263.5,150.3,185.9,233.2,239.8,300.4,223.9,271.9,158.3,255.8,284.3,261.4,259.1,160.7,324.3,184.0,259.1,317.7,269.2,239.7,200.9,158.9,351.3
COX7B,35.3,46.6,137.0,77.3,147.2,154.0,52.3,244.2,86.9,69.9,146.4,35.0,102.1,136.6,214.6,79.3,33.8,40.4,8.8,53.3,207.8,224.5,201.1,84.4,194.0,82.1,134.5,33.6,99.7,109.2,71.2,141.2,164.2,128.1,60.2,38.3,117.2,46.6,23.3,88.2,48.9,53.4,79.0,58.8,56.7,8.5,49.2,58.0,81.0,78.3,184.2,130.3,139.8,123.3,164.5,120.8,91.5,71.2,91.2,110.4,212.7,11.5,87.9,94.2,28.3,74.7,10.7,102.9,27.1,54.3,72.3,42.9,54.7,76.1,29.2,109.6,49.9,71.8,43.9,60.0,56.7,21.6,177.7,27.9,83.6,78.5,51.4,82.8,76.9,8.8,27.2,19.3,98.3,63.4,91.4,55.1,94.6,80.2,16.1,71.2,13.9,51.8,87.6,113.1,153.2
COX7C,132.63333333333333,187.1,208.63333333333335,109.26666666666667,215.83333333333334,246.4,157.23333333333335,282.90000000000003,151.76666666666665,125.36666666666667,180.4333333333333,228.5,191.9,219.10000000000002,225.4,145.70000000000002,165.53333333333333,213.36666666666667,176.76666666666665,200.5666666666667,229.83333333333334,249.79999999999998,273.6333333333333,174.26666666666665,234.73333333333335,213.20000000000002,222.16666666666666,160.46666666666667,178.63333333333333,293.2,270.1666666666667,222.9,197.9333333333333,189.76666666666665,140.4,147.86666666666667,147.1,198.5,160.5,133.1,142.0666666666667,171.9333333333333,128.4,225.33333333333334,190.26666666666665,155.20000000000002,142.43333333333334,204.9333333333333,162.6,213.70000000000002,433.0333333333333,207.6,349.1333333333334,258.96666666666664,254.73333333333335,169.93333333333334,189.4,176.46666666666667,232.29999999999998,184.1,205.66666666666666,182.26666666666665,201.9,166.4,150.6,174.0333333333333,174.66666666666666,231.23333333333335,187.33333333333334,171.86666666666667,200.66666666666666,129.23333333333335,94.33333333333333,232.5666666666667,129.6,281.8666666666667,182.30000000000004,232.03333333333333,222.53333333333333,112.43333333333334,166.03333333333333,200.03333333333333,281.56666666666666,193.9333333333333,187.79999999999998,252.26666666666665,226.63333333333333,214.0,193.9333333333333,160.5666666666667,192.4333333333333,261.6666666666667,236.5666666666667,255.63333333333335,212.46666666666667,172.9333333333333,261.56666666666666,242.13333333333333,283.3,240.73333333333335,197.73333333333335,151.2,263.6333333333333,223.5,260.59999999999997
COX8A,539.6,481.9,786.9,665.2,548.1,947.0,578.6,471.7,432.3,561.2,655.4,461.1,481.9,564.8,539.9,386.8,761.1,470.1,743.5,496.7,573.2,1031.5,711.7,671.9,668.3,712.1,834.3,813.5,593.5,942.0,627.1,853.8,825.9,553.2,717.7,530.0,791.3,679.6,494.7,549.1,515.4,389.1,789.0,805.3,736.3,824.5,607.6,568.7,861.0,647.5,917.9,722.5,650.1,702.2,960.4,688.3,590.6,920.9,556.7,652.7,456.7,582.5,750.1,542.6,675.2,782.8,643.1,700.7,642.4,568.7,611.4,718.1,825.3,796.0,464.0,820.8,846.9,545.3,751.9,539.2,565.2,772.4,548.0,802.6,741.2,719.6,782.1,645.4,528.2,440.7,431.4,529.5,647.9,674.5,570.4,466.7,416.2,551.9,382.0,518.2,610.2,753.7,649.3,731.6,770.1
CPOX,60.0,76.1,50.8,23.2,56.9,106.0,72.3,34.6,75.8,39.8,48.6,66.2,80.6,29.7,79.4,55.0,23.8,28.9,22.4,63.7,38.0,60.7,139.9,51.1,82.3,56.3,50.2,42.5,35.2,23.0,55.2,72.4,42.0,103.3,109.5,44.3,68.0,56.5,51.1,47.4,39.8,73.3,57.8,44.7,49.1,46.6,29.6,80.0,69.9,52.5,39.8,38.7,137.8,101.0,80.8,45.8,123.3,58.3,40.6,46.2,94.1,71.1,57.2,73.2,51.7,44.7,71.1,81.3,34.2,32.9,25.7,34.1,36.4,67.1,40.1,69.0,54.6,91.5,65.7,33.3,53.9,47.0,59.2,53.6,23.4,48.4,18.0,37.8,15.6,58.5,38.3,52.8,40.9,70.8,59.9,48.9,87.6,61.7,40.1,63.5,19.0,61.8,71.8,22.2,46.3
CPS1,49.050000000000004,68.3,59.099999999999994,49.5,82.55,38.8,61.35,89.75,68.65,69.75,40.15,86.3,42.8,69.55,91.69999999999999,71.2,80.10000000000001,82.25,56.4,41.5,47.1,70.65,36.5,37.15,71.85,61.45,65.89999999999999,75.0,27.4,32.7,22.6,28.25,38.699999999999996,43.15,32.0,41.45,47.55,42.95,41.9,55.55,43.75,28.45,36.05,59.7,21.65,54.65,37.25,31.7,40.849999999999994,27.4,45.6,31.55,26.2,24.0,35.449999999999996,44.45,37.55,37.25,52.0,79.35,44.75,66.44999999999999,62.4,46.0,37.75,31.85,38.849999999999994,22.9,43.5,69.0,35.4,71.65,24.45,38.9,54.7,76.45,24.5,44.4,39.25,83.6,52.0,47.400000000000006,70.1,44.7,69.5,29.95,33.5,45.65,31.15,75.9,40.3,69.9,41.3,42.85,71.5,27.950000000000003,91.4,38.6,54.85,93.94999999999999,40.55,22.450000000000003,55.7,55.9,34.5
CPT1A,84.0,94.775,79.475,91.35,84.15,94.25,87.7,108.9,64.35,83.55,104.25,95.325,85.25,106.9,92.25,75.05,94.9,130.85,75.875,110.325,76.875,101.97500000000001,144.05,72.3,94.375,80.05,102.69999999999999,87.47500000000001,126.775,106.0,94.15,77.3,100.44999999999999,55.7,90.75,82.22500000000001,89.625,90.89999999999999,122.27499999999999,98.0,103.575,75.475,124.2,109.30000000000001,106.47500000000001,127.44999999999999,67.975,56.925000000000004,97.77499999999999,87.875,79.875,97.75,65.075,71.775,85.2,72.6,61.025,63.8,113.875,119.0,80.8,125.375,147.4,83.875,94.05,59.725,51.075,93.575,103.10000000000001,88.82499999999999,58.875,143.8,113.525,154.775,94.10000000000001,67.55,100.275,89.475,79.925,117.375,85.15,102.775,123.8,112.875,95.675,112.275,122.05000000000001,100.925,105.675,48.825,124.5,84.075,94.30000000000001,86.725,106.75,77.8,100.975,79.77499999999999,98.25,82.325,75.825,125.475,90.125,92.125,85.975
CPT2,57.55,39.9,42.3,46.3,32.4,38.75,51.45,17.6,58.300000000000004,40.95,35.9,38.699999999999996,56.15,27.55,44.7,27.85,21.1,18.8,23.85,55.9,61.099999999999994,29.15,25.95,44.8,35.3,44.349999999999994,38.8,36.0,49.0,41.9,36.35,52.45,63.650000000000006,35.900000000000006,54.2,53.849999999999994,32.25,48.25,33.4,38.8,51.150000000000006,49.150000000000006,53.75,49.8,50.900000000000006,73.9,26.75,60.849999999999994,37.7,47.5,47.25,40.5,52.15,38.3,46.599999999999994,42.75,38.35,81.05,27.849999999999998,28.1,19.5,47.45,46.6,41.95,42.05,34.3,73.94999999999999,41.2,28.35,84.65,42.85,52.5,48.1,32.65,29.099999999999998,47.75,39.5,32.25,48.349999999999994,48.05,57.65,56.099999999999994,40.35,38.349999999999994,35.2,67.95,38.7,14.850000000000001,40.4,26.700000000000003,43.1,23.0,59.35,53.1,30.85,31.7,28.55,62.9,19.6,34.4,27.9,21.35,50.1,44.55,47.199999999999996
CRAT,29.2,68.55000000000001,37.5,70.65,46.85,37.5,58.849999999999994,78.45,57.55,47.6,40.150000000000006,35.25,30.75,46.900000000000006,42.0,36.7,47.25,41.1,51.35,30.049999999999997,37.099999999999994,31.85,26.4,35.7,41.4,40.8,27.7,29.5,34.05,19.95,34.6,39.5,13.1,27.8,27.2,34.3,25.85,29.25,42.9,20.549999999999997,23.650000000000002,24.450000000000003,24.95,39.349999999999994,34.3,45.1,28.7,27.049999999999997,40.3,35.25,12.0,40.9,26.9,22.299999999999997,35.65,25.75,19.35,39.95,26.65,61.45,28.049999999999997,29.7,30.65,29.5,30.65,20.35,48.2,82.75,53.9,49.95,61.5,32.5,30.05,15.25,70.85,12.55,20.6,43.7,25.15,29.15,44.949999999999996,23.9,11.3,37.05,17.6,38.15,67.25,49.4,87.3,50.4,40.45,63.7,41.35,24.8,25.299999999999997,28.55,48.5,19.05,35.1,15.3,20.75,33.7,23.6,15.8,60.599999999999994
CROT,119.5,51.5,58.2,88.8,79.2,73.5,99.7,58.3,56.7,94.2,93.9,144.6,63.6,116.2,120.1,110.6,106.1,121.9,128.9,50.9,52.5,82.3,76.0,42.8,69.2,51.3,76.5,82.9,57.0,64.3,75.3,43.6,75.3,151.4,49.9,86.1,121.8,42.7,21.8,67.1,86.6,45.2,79.4,60.0,90.6,77.4,58.5,81.3,80.1,55.6,32.2,71.4,73.7,88.1,64.8,79.9,101.3,96.6,72.6,45.5,51.5,71.0,139.0,48.6,73.8,46.4,39.3,77.2,59.4,37.4,69.5,61.9,59.8,61.4,84.0,66.3,43.7,88.6,84.3,105.1,49.6,59.3,66.2,71.0,113.6,82.7,121.5,69.5,129.3,133.5,62.8,108.9,59.4,34.6,106.1,73.4,141.0,38.4,77.7,58.1,76.0,178.7,41.1,71.4,22.6
CRY1,38.9,42.5,30.9,12.5,32.3,27.1,43.8,32.2,23.9,5.5,38.9,47.4,23.9,21.1,17.9,50.1,16.7,12.5,26.5,6.4,29.7,40.0,35.5,15.2,31.9,21.5,8.5,36.9,35.0,1.5,2.5,31.3,6.9,45.8,34.5,17.8,1.4,31.0,49.9,41.1,22.0,51.5,24.8,12.2,11.0,4.4,18.5,33.3,39.3,12.5,18.2,43.2,56.9,28.1,33.6,28.5,21.9,31.8,53.3,22.9,25.2,23.9,23.4,40.9,28.4,18.8,43.8,40.7,3.2,3.5,25.6,13.7,30.3,48.2,4.3,35.4,23.6,27.7,28.5,30.9,29.0,42.2,25.5,35.1,43.0,37.5,4.1,20.8,4.5,4.3,31.7,3.0,25.5,31.3,14.8,4.9,37.8,6.5,6.5,38.2,45.3,30.1,26.1,9.0,3.3
CRYZ,59.5,63.9,61.6,34.4,87.3,85.2,64.8,72.9,39.1,64.0,85.3,60.6,54.0,64.3,59.3,56.5,28.0,57.6,61.8,57.4,46.6,70.9,100.4,47.4,38.9,40.6,36.7,71.4,54.9,37.6,45.4,66.6,61.4,55.3,70.4,37.2,20.7,56.0,70.8,73.6,52.9,48.0,82.7,110.3,80.3,78.3,60.4,81.8,50.8,9.2,62.0,29.1,82.3,63.2,127.1,52.6,49.9,70.6,82.7,115.9,46.9,65.7,44.5,52.4,68.6,46.3,84.6,88.1,48.8,52.9,69.8,56.5,85.2,100.5,50.5,56.1,57.5,57.9,83.5,87.8,48.5,67.3,72.4,38.6,50.3,27.1,59.2,42.6,6.9,32.6,39.0,27.1,85.4,54.2,55.1,55.4,81.6,103.1,84.1,42.3,27.8,45.6,43.8,9.9,13.6
CS,273.9,243.9,255.0,346.0,288.9,314.1,291.8,376.4,212.3,181.0,281.7,176.3,295.0,357.5,225.1,277.8,393.3,502.2,376.1,317.4,371.2,438.0,248.7,364.9,301.6,300.4,265.7,306.6,344.4,310.9,391.2,261.6,285.5,256.4,292.9,358.4,315.1,294.9,304.2,287.6,354.2,222.7,333.4,335.9,323.4,378.8,381.8,279.4,280.5,300.1,181.9,310.5,252.7,278.6,225.6,375.0,297.3,315.4,244.6,334.0,196.3,280.0,350.2,318.8,206.0,255.0,329.0,236.3,308.3,221.2,247.7,270.1,295.1,346.0,343.0,280.4,254.9,220.0,224.1,257.1,368.5,298.3,354.4,303.5,308.1,342.0,321.7,277.6,301.6,215.7,217.1,228.3,294.7,398.6,278.1,170.4,263.7,224.0,272.8,240.5,246.8,213.4,293.7,268.5,166.4
CYB5B,68.75,61.650000000000006,71.94999999999999,54.8,85.4,47.95,79.7,74.65,73.8,62.75,56.15,110.75,65.5,74.05,57.7,65.45,65.3,85.15,57.55,76.2,68.4,71.25,48.349999999999994,77.15,59.900000000000006,47.45,52.1,47.7,64.4,33.3,65.8,64.5,72.15,62.55,47.25,60.55,46.9,43.8,106.7,50.75,77.55,50.65,63.5,72.15,78.1,62.8,75.35,67.55,57.900000000000006,57.95,108.8,52.95,61.349999999999994,48.5,74.69999999999999,55.25,53.6,47.3,38.2,69.69999999999999,65.6,60.199999999999996,60.400000000000006,68.65,55.4,67.65,101.0,75.19999999999999,69.75,89.10000000000001,105.4,56.05,52.4,96.5,40.5,60.05,51.349999999999994,74.65,65.80000000000001,67.25,59.400000000000006,48.45,46.25,97.5,56.45,46.85,70.2,84.19999999999999,70.30000000000001,47.75,55.75,60.349999999999994,67.2,62.0,57.7,64.5,52.8,105.7,119.6,120.5,101.80000000000001,70.9,84.65,71.05,89.3
CYB5R3,459.7,531.4,383.7,474.0,396.7,437.1,527.3,251.2,439.7,573.5,325.3,450.6,332.3,479.7,405.7,568.0,491.6,446.3,455.8,320.5,395.2,482.1,335.5,453.2,374.8,566.7,395.9,380.1,557.7,512.0,432.4,391.0,441.2,507.0,372.4,456.4,492.6,512.3,355.5,456.1,607.9,396.2,410.3,602.6,502.5,549.1,513.8,449.2,462.0,488.7,366.6,564.1,425.1,443.3,379.6,501.3,480.7,550.3,369.5,497.3,360.0,358.6,476.1,411.0,326.3,455.1,495.5,323.2,613.8,537.8,311.4,430.9,672.9,404.0,408.5,404.5,322.3,442.5,428.4,566.4,641.1,515.7,637.2,425.6,429.9,722.1,655.1,542.8,580.4,666.0,469.1,438.7,539.5,385.1,390.2,407.6,382.5,563.2,469.6,682.5,673.1,491.0,368.7,676.4,205.2
CYC1,62.3,57.7,180.4,78.6,128.6,146.9,56.7,29.3,116.2,92.7,48.5,22.9,105.8,95.0,134.8,60.4,80.9,60.2,143.5,101.3,114.1,112.6,103.3,111.1,85.0,80.9,106.6,184.7,173.2,116.9,138.4,92.5,76.6,97.6,99.2,107.6,128.1,96.4,119.1,96.0,48.1,105.3,101.5,60.6,157.3,109.0,102.7,47.4,63.7,5.2,125.4,106.8,93.1,100.7,68.2,135.3,108.7,89.9,80.3,20.0,122.4,111.0,97.5,101.4,78.8,122.3,117.9,109.8,121.4,98.2,110.5,121.2,57.7,54.5,63.5,239.7,106.4,147.9,78.2,164.2,73.2,74.9,139.3,102.6,99.4,67.1,67.6,127.6,187.5,7.8,9.3,106.1,67.2,172.6,96.7,149.9,12.0,114.1,94.7,124.1,114.0,128.8,137.7,175.2,133.0
CYCS,293.0,266.1,186.8,134.1,189.1,290.6,321.9,191.4,268.3,155.5,322.1,228.6,243.6,209.9,198.0,195.6,145.9,122.2,173.3,280.1,250.3,346.6,307.2,233.3,325.5,222.6,204.6,308.8,231.6,218.1,208.4,344.4,250.8,382.3,310.7,199.1,188.9,325.8,193.0,308.4,251.8,242.3,346.8,253.3,200.9,280.1,254.4,382.9,343.9,207.9,235.2,335.8,494.5,380.2,410.7,252.9,431.6,284.0,288.0,159.7,321.8,205.3,258.5,281.8,275.3,249.1,266.2,335.7,292.2,148.1,176.3,211.5,197.2,411.9,142.4,233.7,287.6,279.9,250.4,334.2,255.2,174.8,470.6,173.2,172.0,324.6,199.0,295.4,148.9,207.2,367.6,181.2,312.9,400.9,314.2,299.7,328.3,227.0,249.0,241.6,242.3,210.7,292.7,167.7,227.9
CYP11A1,57.0,56.8,8.9,57.0,35.4,27.9,38.3,9.3,27.1,39.0,6.7,59.6,2.5,33.6,29.8,16.2,31.3,45.0,16.5,21.8,44.7,54.0,26.6,10.7,30.9,43.7,7.3,49.2,42.2,37.1,38.3,29.4,2.4,26.1,17.9,55.1,56.5,43.0,37.0,39.3,39.2,5.4,26.8,53.6,13.9,18.9,25.8,6.3,14.4,31.0,107.3,54.5,17.2,21.1,33.4,35.2,22.1,18.0,25.1,25.7,20.8,49.7,18.9,27.5,28.6,22.9,21.1,21.9,18.7,77.5,47.0,3.0,21.1,46.3,56.8,47.6,20.6,8.8,23.3,31.5,32.5,16.9,34.6,43.7,6.5,32.8,64.0,53.2,14.4,67.5,22.3,71.4,6.2,29.7,14.5,33.1,70.2,43.0,73.7,66.1,45.0,67.8,14.7,14.6,15.5
CYP11B1,201.1,147.6,133.3,133.8,196.6,160.3,114.1,196.8,144.6,104.5,171.5,157.2,81.4,157.8,164.9,282.1,153.8,177.3,162.8,59.0,156.1,160.6,120.9,150.4,93.2,123.8,92.7,181.8,124.6,114.1,137.6,112.9,99.1,115.4,122.8,116.3,181.9,88.1,179.1,85.9,120.0,101.9,63.8,158.7,108.3,161.4,70.4,103.2,133.9,163.8,212.9,168.6,70.1,74.1,85.5,117.8,133.1,211.6,94.1,127.9,68.0,139.8,47.1,93.8,116.3,102.6,104.5,119.8,98.3,167.0,146.0,105.5,93.5,88.3,167.2,91.0,101.3,78.6,138.3,106.4,89.7,64.5,76.9,119.6,159.9,112.0,176.8,145.7,181.9,138.2,122.5,121.7,132.4,118.5,82.9,129.5,109.0,167.3,185.1,163.4,212.8,199.2,85.0,100.7,141.8
CYP11B2,39.8,34.1,38.4,11.1,60.8,34.3,60.6,33.3,22.0,62.0,13.7,25.5,36.4,54.6,23.5,28.7,15.5,57.3,36.0,51.9,21.5,91.9,36.9,5.2,59.7,28.7,12.6,8.6,7.2,8.5,34.8,66.7,26.4,12.5,45.0,21.5,43.5,40.9,51.4,70.9,10.5,50.7,19.8,45.9,41.9,79.6,40.5,7.2,52.9,70.5,62.5,82.4,6.1,27.5,9.1,17.6,11.0,12.8,16.8,109.8,15.1,97.4,36.8,48.1,27.7,36.7,25.5,22.9,16.9,64.9,51.3,65.0,20.4,57.3,53.2,18.3,48.5,12.3,12.7,37.2,35.8,22.4,43.9,92.4,49.7,59.8,20.5,89.4,17.3,61.5,81.4,73.0,49.2,14.5,26.6,12.1,95.8,11.3,34.0,121.3,47.4,134.4,94.1,17.0,175.3
CYP24A1,9.2,8.9,8.4,19.3,6.1,9.7,27.0,20.8,2.2,11.8,14.7,22.0,4.1,25.6,11.3,17.1,6.5,12.9,27.3,2.5,22.6,26.9,12.3,27.2,16.9,16.7,36.3,4.0,21.9,17.5,34.5,19.8,12.0,15.2,9.0,2.5,12.2,5.4,2.9,2.5,5.6,6.0,28.5,24.9,3.0,3.4,7.6,17.9,13.5,26.5,23.9,11.6,10.8,1.2,3.6,9.1,13.0,6.9,6.5,2.4,8.5,1.9,31.4,3.2,22.1,26.0,20.9,26.4,30.4,48.2,30.4,3.4,13.0,5.1,18.1,23.0,17.1,2.3,21.7,22.7,4.5,14.8,4.4,2.5,11.0,26.4,10.3,1.3,38.6,35.0,12.0,13.0,10.8,18.1,12.3,14.6,7.4,3.2,6.2,45.4,30.1,36.3,23.2,7.9,7.0
CYP27A1,159.8,96.1,305.6,49.9,103.2,205.5,35.5,29.9,156.2,109.2,194.4,107.8,180.0,173.6,89.4,73.4,88.0,99.5,257.0,224.0,147.7,74.9,257.9,71.0,224.1,172.0,31.7,98.6,188.5,103.3,185.6,174.7,116.4,169.0,268.3,215.5,306.4,266.1,321.4,300.5,226.5,177.4,210.9,139.2,134.1,30.4,246.4,35.6,86.6,38.3,42.2,80.0,263.7,204.4,106.2,217.5,173.8,185.2,146.0,111.9,224.6,133.7,76.3,121.8,147.1,140.1,114.2,158.7,45.6,20.0,28.8,213.5,32.9,34.4,209.1,204.4,40.7,103.7,192.4,246.3,25.8,374.0,175.6,113.1,30.9,204.6,132.2,175.4,105.4,150.2,30.4,221.9,65.7,232.2,111.9,69.0,228.9,100.6,170.2,198.9,75.4,120.2,235.9,28.1,152.4
CYP27B1,15.1,30.5,18.4,15.4,76.3,48.7,14.7,48.3,13.1,37.7,38.6,41.2,41.5,46.1,52.7,76.6,48.7,16.5,15.8,9.8,40.1,21.5,10.7,7.3,64.5,42.5,17.2,33.0,8.1,25.7,28.7,42.7,68.6,27.6,26.5,9.2,38.4,10.9,34.7,31.2,38.5,57.9,2.3,37.0,12.6,43.8,13.8,36.8,50.3,40.3,19.9,24.7,20.5,22.8,31.1,31.4,49.8,40.6,30.3,23.0,22.7,13.7,50.7,33.5,60.2,26.9,31.2,10.6,14.2,16.7,11.3,27.8,15.1,9.6,11.6,31.6,26.7,40.8,72.5,47.5,13.3,44.3,49.7,15.5,38.0,69.4,70.5,14.8,107.1,59.0,6.2,102.9,30.3,5.8,27.7,14.1,20.5,60.7,10.9,61.9,90.3,64.3,3.8,44.4,3.1
DAP3,198.9,148.6,207.5,212.6,246.1,293.7,248.0,78.5,237.5,219.3,276.2,69.4,275.1,43.0,306.2,138.3,122.4,78.0,219.1,303.9,227.1,236.4,220.0,272.7,220.4,231.9,194.4,228.8,200.6,201.1,186.2,277.7,287.6,317.1,313.7,274.3,222.9,206.0,273.8,272.9,228.3,315.6,260.7,46.5,201.5,326.8,233.3,284.9,196.2,157.7,174.4,237.4,365.2,386.6,271.6,435.7,303.0,252.9,237.9,177.4,237.4,181.7,249.3,239.3,218.9,312.5,240.6,208.8,233.2,229.1,107.6,256.3,204.5,285.3,193.2,237.8,303.0,343.3,210.1,177.5,292.2,283.5,287.2,182.9,214.2,269.2,267.9,250.2,161.5,174.2,237.8,145.9,262.6,255.7,129.0,247.2,232.0,185.1,221.9,205.2,295.6,97.2,253.2,230.2,241.2
DARS2,40.3,49.9,40.5,65.8,54.6,57.0,46.0,94.3,32.3,58.2,50.6,55.2,43.8,53.7,53.7,29.5,64.4,31.6,46.7,47.4,23.9,71.0,43.4,64.4,29.6,50.9,17.8,80.9,32.5,52.7,90.6,62.0,58.4,45.2,71.1,64.1,30.1,25.2,38.1,42.0,96.3,20.8,53.2,42.4,48.6,53.0,40.9,43.9,55.2,10.3,114.1,43.7,42.8,27.0,55.4,39.1,33.5,52.0,55.4,98.8,29.0,50.0,66.5,53.2,59.4,38.2,41.6,23.1,80.5,55.5,49.1,58.6,75.8,68.2,53.8,63.0,63.9,39.7,50.1,61.5,63.4,67.1,57.4,52.3,65.8,70.9,104.5,49.3,43.7,51.4,50.0,44.8,41.0,52.0,43.4,7.2,5.4,50.9,72.2,70.1,74.7,120.9,57.4,32.1,10.7
DBI,134.26666666666668,134.79999999999998,193.73333333333335,140.43333333333334,190.29999999999998,184.83333333333334,143.0,214.79999999999998,160.86666666666667,127.33333333333333,167.43333333333334,132.86666666666667,138.63333333333335,135.16666666666666,185.16666666666666,135.33333333333334,116.93333333333334,177.80000000000004,183.5,127.63333333333333,164.86666666666667,160.96666666666667,183.70000000000002,111.13333333333333,162.5,119.26666666666667,167.56666666666666,148.6,105.33333333333333,179.5666666666667,137.53333333333333,137.63333333333333,141.6,137.86666666666667,122.36666666666667,99.26666666666667,156.23333333333332,116.76666666666667,171.16666666666666,142.23333333333335,135.79999999999998,143.56666666666666,137.70000000000002,155.23333333333335,108.33333333333333,142.46666666666667,121.3,216.0666666666667,120.3,124.66666666666667,167.26666666666668,117.10000000000001,181.76666666666665,149.26666666666668,164.33333333333334,180.13333333333333,141.76666666666668,182.46666666666667,155.6,135.26666666666665,181.26666666666665,161.5,119.66666666666667,129.16666666666666,123.43333333333334,127.0,128.86666666666667,174.86666666666667,134.26666666666668,126.89999999999999,99.13333333333333,129.20000000000002,165.36666666666665,181.4,137.66666666666666,96.36666666666667,174.9333333333333,189.23333333333335,156.0,161.63333333333333,173.36666666666667,117.3,175.86666666666667,181.29999999999998,226.36666666666667,139.76666666666665,129.5,222.79999999999998,158.06666666666666,154.29999999999998,197.63333333333333,139.83333333333334,143.0,223.29999999999998,160.46666666666667,172.5666666666667,167.16666666666666,165.5,152.70000000000002,173.36666666666667,156.4,191.23333333333335,211.70000000000002,193.46666666666667,216.96666666666667
DBT,257.95,225.3,252.125,212.85,294.32500000000005,232.05,327.7,176.475,291.575,382.925,258.725,295.67500000000007,203.45000000000002,252.0,322.1,235.17499999999998,302.65,207.97500000000002,287.87500000000006,180.0,185.125,175.225,274.45,276.125,240.29999999999998,300.1,236.00000000000003,208.22500000000002,283.55,305.775,285.675,284.70000000000005,286.675,253.55,209.97500000000002,253.02499999999998,228.85,199.775,222.25,225.4,194.15,317.62500000000006,209.92499999999998,207.20000000000002,207.525,227.27499999999998,209.5,233.75,191.775,202.45000000000002,204.42499999999998,222.32500000000002,171.525,199.25,182.60000000000002,187.65,193.57500000000002,195.20000000000002,222.62499999999997,226.925,244.775,224.99999999999997,249.92499999999998,297.82500000000005,233.025,255.35,242.4,261.025,238.70000000000002,305.9,215.22499999999997,292.575,261.725,322.3,210.32500000000002,208.95,240.04999999999998,214.52500000000003,244.525,222.17499999999998,201.675,229.25000000000003,214.375,245.675,236.075,228.55,261.22499999999997,236.025,229.725,226.70000000000002,187.35,191.05,227.22500000000002,177.29999999999998,217.45,233.22499999999997,234.25,267.97499999999997,261.40000000000003,278.0,230.20000000000002,216.45,245.32500000000002,286.47499999999997,193.40000000000003
DCAKD,6.05,8.45,28.599999999999998,4.35,29.8,7.0,10.15,6.6499999999999995,7.4,9.6,27.8,7.6499999999999995,24.15,21.55,26.75,8.55,13.399999999999999,13.200000000000001,8.65,5.05,23.900000000000002,9.5,4.4,2.5,23.35,23.2,13.95,15.6,17.65,8.600000000000001,7.65,9.25,14.65,3.5,2.3,18.05,40.3,4.85,3.85,7.449999999999999,4.65,4.4,2.5500000000000003,7.8999999999999995,13.75,2.55,5.45,9.45,5.45,8.6,27.75,5.1000000000000005,14.350000000000001,19.25,4.95,5.5,19.849999999999998,14.8,5.449999999999999,12.799999999999999,3.1500000000000004,7.05,4.8,3.7,23.5,3.05,3.7,32.05,21.95,26.200000000000003,7.1,10.0,9.350000000000001,10.55,7.1499999999999995,12.55,20.45,14.350000000000001,4.25,4.8,5.0,27.3,5.199999999999999,18.9,5.5,6.3,26.0,26.0,26.299999999999997,7.1,27.5,10.25,8.600000000000001,12.4,3.7,24.150000000000002,18.75,27.0,24.4,7.800000000000001,17.35,8.9,25.55,12.899999999999999,44.699999999999996
DCXR,136.3,71.1,53.3,98.1,70.0,134.6,169.8,193.5,126.9,89.9,66.7,30.3,214.1,217.0,84.5,136.3,219.3,126.9,170.5,174.6,98.7,149.6,19.8,200.4,63.3,148.6,52.7,108.4,237.1,123.7,156.0,142.5,79.3,45.1,120.5,131.0,29.0,200.5,149.2,112.4,138.9,93.8,77.1,32.6,184.0,126.8,34.8,113.6,86.8,112.0,155.8,284.0,126.2,189.1,148.2,107.7,167.9,24.5,210.0,113.1,88.2,116.5,207.0,108.3,123.7,174.1,196.8,47.2,143.4,181.3,35.9,157.7,66.8,255.0,33.8,62.6,93.6,208.9,63.2,140.2,100.4,95.1,115.5,61.4,110.8,61.0,118.1,35.9,118.5,109.7,87.8,57.5,185.1,156.9,33.6,47.9,86.0,105.2,69.9,159.5,77.7,123.4,132.8,37.1,57.6
DDX28,22.825000000000003,33.7,41.125,39.225,33.725,26.9,21.55,40.775000000000006,27.35,28.974999999999998,25.1,25.35,23.7,41.05,29.625,26.25,39.175,53.7,44.45,25.375,34.75,32.525,20.9,26.35,22.675,21.65,34.724999999999994,28.799999999999997,35.45,30.6,38.1,31.0,26.924999999999997,28.325000000000003,28.799999999999997,19.575,34.375,32.75,27.424999999999997,18.825,31.9,11.975000000000001,19.35,30.475,21.75,40.325,23.8,26.975,29.575,29.375,49.05,29.800000000000004,25.224999999999998,25.875,19.55,33.925,21.7,29.125,18.4,28.575000000000003,18.175,22.15,22.1,30.299999999999997,28.4,26.475,26.224999999999998,27.775,35.9,34.5,52.95,26.5,24.15,24.15,29.85,30.275,27.599999999999998,18.65,30.674999999999997,13.175,32.475,25.075,33.900000000000006,14.275,24.424999999999997,26.925,53.25,33.550000000000004,30.825000000000003,28.275,29.675,25.05,34.6,24.6,26.025000000000002,33.025,24.025,38.125,26.075000000000003,34.55,45.8,55.5,25.4,20.85,7.2
DECR1,405.9,403.3,429.2,429.8,358.1,339.9,377.6,524.1,406.2,279.5,299.6,346.6,479.1,443.5,410.5,450.0,508.5,542.6,307.5,411.0,286.3,522.2,319.3,420.1,251.3,382.6,313.1,289.7,451.2,394.2,504.8,423.0,350.1,336.3,292.2,362.0,266.3,532.0,406.5,437.9,397.9,476.0,389.3,309.0,375.0,275.6,187.3,401.8,204.2,424.2,397.4,385.6,429.8,461.5,217.6,377.2,362.9,358.6,389.4,389.5,478.7,355.4,353.4,462.6,423.7,483.0,371.6,396.8,374.9,329.1,301.3,434.4,343.9,347.2,433.7,368.3,312.8,366.4,372.2,399.0,459.2,482.1,273.9,546.3,274.5,360.4,275.3,342.4,371.3,251.0,409.9,432.1,314.8,431.0,349.9,370.4,337.1,259.0,322.7,248.2,344.2,426.7,435.6,486.2,191.0
DGUOK,134.3,139.04999999999998,144.15,122.85,118.14999999999999,198.25,123.64999999999999,114.5,134.0,134.75,159.5,87.3,149.45,162.85,132.35,83.85000000000001,171.70000000000002,185.25,141.75,175.25,149.95000000000002,212.79999999999998,167.75,132.79999999999998,116.7,149.75,132.2,133.60000000000002,173.45,154.05,158.79999999999998,169.6,163.5,175.85,177.5,153.15,96.35,150.20000000000002,175.35,179.05,149.85,148.35,211.7,128.15,188.8,138.70000000000002,163.6,186.15,158.75,119.35,127.4,141.15,208.9,189.8,185.7,175.35,144.79999999999998,152.8,156.35,98.25,151.1,163.1,167.29999999999998,180.45,163.9,183.05,158.25,158.75,159.1,133.35,128.35,162.35000000000002,165.65,175.35000000000002,116.4,123.75,192.45000000000002,164.95,129.35,162.0,164.85,185.35,111.4,135.0,135.1,92.1,146.75,175.05,124.45,125.60000000000001,74.85,133.75,152.4,173.55,102.5,118.0,132.70000000000002,113.10000000000001,132.75,112.35000000000001,99.7,109.39999999999999,149.75,129.7,180.15
DHODH,74.46666666666667,74.0,66.06666666666668,52.9,60.199999999999996,43.366666666666674,50.666666666666664,108.66666666666667,57.800000000000004,77.13333333333334,57.199999999999996,66.43333333333334,53.93333333333334,91.63333333333333,71.66666666666667,91.10000000000001,78.83333333333333,94.66666666666667,88.06666666666666,54.56666666666666,51.23333333333333,74.96666666666667,56.43333333333334,47.599999999999994,53.53333333333333,66.26666666666667,57.4,64.96666666666667,42.233333333333334,75.60000000000001,51.13333333333333,51.166666666666664,62.5,49.56666666666667,48.400000000000006,31.066666666666666,51.26666666666666,45.46666666666667,73.83333333333333,48.4,50.73333333333333,41.53333333333333,49.333333333333336,83.73333333333333,55.800000000000004,82.36666666666666,49.166666666666664,50.63333333333333,58.26666666666667,51.333333333333336,87.10000000000001,53.5,37.13333333333333,33.96666666666667,47.86666666666667,34.86666666666667,49.70000000000001,76.06666666666666,53.13333333333333,96.89999999999999,32.4,50.666666666666664,59.36666666666667,49.93333333333333,48.96666666666667,48.366666666666674,41.4,39.1,47.300000000000004,67.13333333333334,72.66666666666667,58.0,54.46666666666667,52.96666666666667,63.333333333333336,57.06666666666666,48.93333333333333,46.9,58.43333333333334,56.5,47.93333333333334,63.36666666666667,50.03333333333333,45.43333333333334,68.96666666666667,47.63333333333333,39.96666666666667,59.06666666666666,87.2,66.46666666666667,59.36666666666667,81.96666666666667,50.03333333333333,43.53333333333333,50.166666666666664,62.63333333333333,66.03333333333333,99.63333333333333,78.63333333333334,92.3,81.93333333333332,90.56666666666666,48.300000000000004,78.06666666666666,84.76666666666667
DHRS1,103.0,75.4,113.9,122.4,80.9,66.1,66.6,37.3,42.4,56.3,89.2,72.2,90.9,96.0,59.7,73.9,122.8,182.2,110.5,126.0,42.8,64.6,37.8,128.7,60.9,131.2,126.0,67.7,119.2,54.5,83.2,95.5,69.7,96.7,69.9,67.7,105.1,63.6,52.5,69.3,85.4,56.1,96.9,118.9,70.9,100.9,28.4,92.0,55.5,118.5,20.8,55.7,56.4,56.8,65.4,55.2,55.4,158.1,63.4,77.6,72.9,121.0,101.8,54.1,82.0,50.7,132.7,99.6,66.4,95.0,66.3,70.6,131.5,37.1,96.1,59.2,114.7,77.0,60.0,107.3,52.4,115.7,67.2,80.8,81.4,75.2,83.9,76.2,64.1,59.5,75.7,51.2,39.5,73.3,63.8,12.8,52.8,75.0,131.7,52.3,80.2,93.6,95.5,49.0,15.7
DHRS2,37.15,47.300000000000004,36.25,23.35,49.25,36.45,29.2,24.5,50.75,29.450000000000003,25.950000000000003,30.25,47.2,49.35,27.6,29.549999999999997,43.15,40.2,20.8,27.75,22.9,52.7,51.3,42.85,14.85,32.849999999999994,25.700000000000003,49.400000000000006,46.25,48.55,49.550000000000004,8.25,21.450000000000003,28.45,18.8,42.5,36.8,36.45,49.3,46.85,29.7,10.4,27.900000000000002,37.9,33.25,45.45,9.4,54.5,44.0,36.6,75.35,18.15,25.25,10.2,16.9,49.849999999999994,22.55,26.45,38.55,37.95,49.5,27.049999999999997,54.45,40.8,18.0,14.1,43.45,21.25,10.75,38.4,19.15,10.0,59.85,40.5,35.6,23.45,17.75,41.449999999999996,50.95,45.6,23.4,48.150000000000006,40.45,36.949999999999996,61.05,75.14999999999999,40.8,28.35,6.65,64.35,10.1,45.849999999999994,56.4,51.3,42.0,61.75,90.8,29.6,32.849999999999994,104.60000000000001,43.1,42.85,50.5,43.0,92.94999999999999
DHRS7B,34.2,38.5,44.3,83.0,44.2,73.7,58.0,19.5,52.9,37.3,49.3,40.1,54.4,23.7,58.6,11.3,46.3,13.1,11.3,57.8,60.5,18.4,66.9,45.4,28.3,34.7,41.6,30.0,66.7,41.0,54.5,34.7,53.7,63.9,90.3,50.5,55.1,74.2,89.2,25.1,68.0,42.9,42.1,28.1,60.4,35.4,75.6,52.4,32.7,66.3,49.7,67.9,71.5,53.5,53.3,69.6,72.9,30.4,73.9,25.3,58.4,58.8,88.1,62.9,60.7,63.4,40.0,53.0,53.5,34.6,10.8,27.6,89.9,48.5,64.1,56.4,46.8,54.1,58.0,67.7,42.6,50.2,30.1,80.2,53.0,20.3,8.0,106.4,68.5,9.9,45.5,70.7,65.4,67.7,68.7,23.9,5.4,4.8,48.5,16.0,21.9,30.7,35.5,51.1,78.7
DHTKD1,80.0,88.5,125.5,151.8,90.4,95.4,110.4,57.1,97.3,98.0,98.5,75.5,84.5,82.1,100.9,79.7,167.3,51.7,82.8,139.9,84.7,105.6,120.9,114.0,106.3,87.6,109.3,75.4,159.5,110.5,77.2,98.2,99.7,106.1,96.8,134.6,87.9,137.8,120.3,69.4,95.4,104.4,62.6,79.8,98.1,35.4,123.7,76.3,54.3,116.1,10.8,69.5,69.7,85.7,71.1,57.3,109.1,151.4,113.5,146.0,90.6,77.7,102.2,111.8,72.2,71.7,73.6,81.5,100.8,79.9,17.1,80.9,115.5,76.0,95.4,110.8,114.6,70.4,83.8,85.7,94.7,119.6,70.2,100.5,99.9,93.9,77.3,16.1,110.3,91.3,47.0,123.3,71.7,90.9,94.1,88.9,111.0,102.6,60.4,25.5,60.4,113.9,71.1,154.9,72.9
DHX30,108.80000000000001,111.7,89.0,139.3,80.65,113.8,110.19999999999999,111.05,81.0,90.1,87.75,87.25,157.10000000000002,113.0,82.25,97.2,156.55,93.94999999999999,157.1,135.3,73.75,123.15,90.45,108.9,92.75,116.25,75.8,101.1,125.10000000000001,122.15,99.6,99.65,114.8,80.44999999999999,113.45,115.15,85.55000000000001,102.55,160.6,108.65,122.35,117.15,98.8,79.85,154.75,85.85,110.4,88.4,101.3,78.69999999999999,109.35,119.05000000000001,97.69999999999999,108.8,89.55000000000001,115.4,91.30000000000001,135.05,87.15,86.85,101.5,105.55,113.2,96.35,75.85,107.0,112.60000000000001,106.6,58.05,109.65,93.25,123.89999999999999,90.65,109.8,85.55000000000001,91.85000000000001,141.8,68.05,88.0,114.3,107.3,106.65,105.15,111.0,127.85,152.8,134.45,57.15,62.349999999999994,122.8,81.55000000000001,128.8,122.10000000000001,103.44999999999999,33.95,59.4,75.0,181.8,140.25,110.94999999999999,144.05,222.10000000000002,87.3,129.15,103.8
DIABLO,187.9,235.8,226.2,261.5,274.4,338.4,258.6,333.3,229.0,215.6,257.5,258.7,225.1,354.4,246.9,268.1,330.4,261.6,327.6,272.1,337.3,247.2,271.6,281.3,278.7,230.0,255.0,358.4,237.1,268.6,245.1,292.1,302.2,246.6,280.4,268.3,296.6,386.6,281.5,249.9,382.3,261.8,300.4,345.3,238.3,269.3,280.0,286.6,231.5,346.3,235.3,286.8,271.1,286.2,308.6,281.1,226.4,389.9,319.7,350.0,188.8,334.5,184.0,296.3,168.6,242.1,284.9,289.2,256.4,282.8,358.6,330.5,329.9,288.4,244.3,288.2,258.0,242.6,399.0,365.7,260.5,236.6,273.4,244.9,271.0,323.4,485.8,300.4,273.5,294.4,320.0,240.4,284.5,304.2,266.2,367.3,244.6,309.7,259.2,226.9,303.0,283.1,220.2,229.8,188.6
DLAT,31.0,22.5,25.03333333333333,28.3,22.7,21.066666666666666,32.6,25.266666666666666,26.266666666666666,19.266666666666666,23.133333333333336,23.099999999999998,18.933333333333334,11.699999999999998,29.366666666666664,18.26666666666667,9.833333333333334,22.166666666666668,14.033333333333331,28.266666666666666,25.866666666666664,41.699999999999996,35.1,26.666666666666668,24.900000000000002,21.266666666666666,27.666666666666668,31.03333333333333,18.1,20.2,27.633333333333336,16.666666666666668,21.7,26.96666666666667,20.900000000000002,35.23333333333333,20.533333333333335,42.300000000000004,40.86666666666667,29.2,22.3,25.5,20.466666666666665,27.266666666666666,18.166666666666668,30.566666666666666,29.399999999999995,28.766666666666666,45.06666666666666,18.333333333333336,17.46666666666667,15.9,21.966666666666665,27.599999999999998,31.099999999999998,31.166666666666668,5.966666666666666,19.566666666666666,34.5,37.86666666666667,31.866666666666664,28.266666666666666,28.400000000000002,32.43333333333333,26.166666666666668,15.699999999999998,39.06666666666667,23.333333333333332,3.9333333333333336,10.366666666666665,17.233333333333334,44.5,21.733333333333334,20.23333333333333,24.866666666666664,16.133333333333333,20.599999999999998,21.46666666666667,17.733333333333334,24.766666666666666,26.366666666666664,27.066666666666666,27.5,32.1,19.633333333333333,28.233333333333334,38.8,15.700000000000001,24.03333333333333,25.933333333333334,40.333333333333336,45.5,21.033333333333335,29.366666666666664,33.699999999999996,42.03333333333333,25.53333333333333,54.666666666666664,42.56666666666667,26.633333333333336,26.266666666666666,20.433333333333334,27.833333333333332,35.733333333333334,35.733333333333334
DLD,140.6,138.0,117.1,105.8,144.7,158.2,148.7,106.4,138.1,94.3,109.9,107.0,92.2,119.5,113.8,113.4,67.9,93.4,52.6,100.4,124.7,158.0,166.9,66.7,113.5,111.3,137.3,119.6,80.3,114.4,129.8,100.8,87.2,181.1,118.3,117.8,94.9,116.9,108.7,128.1,165.3,118.0,133.1,145.6,108.6,133.4,137.8,136.1,90.7,164.4,95.4,118.0,176.8,145.1,147.0,78.3,140.6,115.8,162.7,67.1,147.7,135.2,88.5,95.1,145.2,133.6,151.3,124.3,87.1,90.7,149.1,150.7,67.2,119.8,112.3,133.0,139.6,153.3,166.2,137.8,158.2,79.1,174.3,105.9,173.1,175.3,51.3,109.6,112.3,113.3,161.6,92.7,175.5,168.1,145.2,139.1,149.5,80.8,118.1,106.2,116.8,90.5,128.0,116.8,131.6
DLST,96.5,72.3,107.0,110.5,65.2,90.9,98.5,94.1,92.6,73.0,80.9,62.9,82.4,109.7,108.6,96.0,91.6,85.9,130.7,67.7,58.0,105.0,128.8,93.1,80.4,144.0,70.5,109.8,115.7,106.2,126.8,124.3,109.0,109.8,92.5,101.5,145.1,124.4,123.5,112.6,139.4,140.1,109.6,112.6,92.8,157.2,71.5,72.1,50.2,66.1,85.8,71.9,77.0,86.3,78.9,97.2,91.7,97.1,79.7,80.4,93.2,104.1,116.1,180.8,99.0,87.9,99.1,111.6,70.2,27.6,52.9,99.6,114.3,78.4,131.5,88.4,87.4,105.2,89.8,105.2,62.7,86.0,117.5,140.2,105.5,119.7,88.2,91.1,99.5,130.7,31.4,159.6,124.4,126.6,85.1,88.7,89.2,112.1,108.1,68.0,126.4,98.8,58.3,86.2,9.4
DMPK,44.4,42.05,36.55,37.35,35.25,41.199999999999996,30.75,52.95,32.85,45.449999999999996,45.6,32.05,12.85,42.599999999999994,34.45,41.25,42.75,46.15,37.3,29.3,33.95,34.6,51.2,32.7,39.15,28.9,50.849999999999994,49.25,30.5,11.899999999999999,28.5,27.15,38.05,24.4,17.900000000000002,35.15,62.6,30.25,41.05,40.75,30.0,26.15,37.75,60.35,27.45,52.35,33.5,39.449999999999996,34.95,22.549999999999997,62.35,29.049999999999997,26.549999999999997,20.4,32.5,36.95,25.75,52.150000000000006,39.15,68.35,23.85,38.4,47.65,27.45,43.0,41.15,33.0,42.05,25.950000000000003,58.7,21.5,31.65,43.050000000000004,43.3,29.549999999999997,38.550000000000004,39.699999999999996,35.7,41.9,47.199999999999996,19.299999999999997,35.0,29.849999999999998,37.15,30.15,45.75,27.450000000000003,41.0,38.1,36.65,44.85,50.25,40.75,19.900000000000002,10.35,56.3,23.7,33.6,44.45,89.85,59.150000000000006,58.65,47.25,81.55,90.4
DNA2,22.8,31.2,49.0,48.4,29.6,34.0,40.9,43.4,32.3,11.8,32.4,49.4,4.9,30.2,24.2,35.8,9.7,29.6,16.7,22.5,10.5,34.5,23.3,23.8,32.6,31.1,68.6,21.4,21.8,43.4,36.7,22.4,66.1,7.2,38.2,37.8,26.7,15.0,11.3,34.0,27.8,39.3,25.3,62.9,32.6,7.9,30.1,33.7,28.6,17.5,12.3,5.8,25.4,21.3,42.6,28.6,10.5,7.8,10.4,42.4,31.5,34.1,10.5,7.3,34.3,38.3,35.0,11.3,7.7,30.8,30.8,38.8,42.3,33.6,35.2,41.3,34.1,7.9,57.9,36.2,13.0,9.3,21.5,10.1,29.5,21.0,46.5,43.1,15.3,52.3,10.7,56.0,37.1,6.4,45.3,45.6,24.6,34.5,55.7,36.2,12.8,31.7,9.7,3.6,117.4
DNAJA3,136.9,167.0,176.6,166.5,147.4,118.4,202.9,104.6,160.0,165.9,153.3,171.7,101.4,137.7,131.6,206.7,147.7,209.7,217.2,75.0,92.8,155.6,104.7,120.2,114.0,126.0,123.2,189.4,116.4,165.6,172.1,131.2,141.5,161.6,142.5,181.1,157.7,111.8,144.6,160.5,144.2,144.3,155.6,116.8,131.1,184.7,119.2,89.4,189.4,82.0,123.0,111.7,89.3,93.4,78.6,137.8,103.8,148.0,128.1,137.3,90.0,181.9,171.8,123.6,186.7,101.4,142.1,155.4,167.8,130.5,125.2,206.5,130.7,148.4,121.3,98.4,102.8,142.2,127.8,135.9,155.8,148.9,121.9,226.6,190.2,116.0,200.5,203.6,141.7,150.9,182.3,128.7,190.7,134.3,106.5,177.0,147.7,190.5,168.9,148.6,190.4,107.2,120.4,79.4,106.6
DNAJC11,169.3,153.2,244.8,141.8,190.5,127.7,112.5,162.7,159.8,227.8,122.5,212.1,99.0,157.3,218.0,179.8,134.7,189.4,142.7,128.4,94.8,161.3,154.7,87.4,84.4,168.6,154.9,244.5,139.6,178.9,53.2,142.7,152.3,145.3,139.8,127.0,182.1,115.7,100.6,114.4,152.1,131.9,187.5,168.7,116.3,163.6,150.1,153.9,130.6,225.5,36.2,224.2,145.5,138.8,129.6,155.0,129.9,86.9,133.4,122.2,89.0,193.2,100.3,132.8,94.6,166.7,73.0,162.9,154.4,167.1,125.0,122.8,152.2,93.8,147.0,70.8,163.5,175.9,150.3,149.4,110.6,177.6,230.8,129.7,171.8,194.2,218.5,122.9,173.8,175.1,121.2,164.7,158.8,66.5,136.5,157.1,126.6,75.9,211.7,80.4,161.1,194.0,160.5,47.3,60.5
DNAJC15,44.0,15.8,44.9,15.5,33.0,93.0,59.1,26.4,56.7,13.2,16.8,20.3,26.1,18.6,42.4,15.8,13.4,17.0,13.8,37.8,69.3,27.7,59.7,47.8,61.7,51.0,27.8,19.1,61.2,6.7,99.9,28.4,22.9,60.6,22.1,10.6,15.7,12.8,65.6,47.6,73.6,39.0,38.1,98.2,59.4,16.9,47.6,65.5,37.6,14.3,10.2,58.7,114.7,54.9,87.6,62.0,48.0,70.7,11.6,13.7,34.4,59.2,46.8,38.7,11.9,55.5,6.0,72.1,52.8,10.4,6.0,13.3,32.3,6.7,5.4,40.7,61.0,14.4,58.1,37.9,14.4,13.5,15.1,14.5,7.0,56.8,3.6,14.3,44.4,6.7,66.9,19.2,38.9,94.6,7.7,19.0,54.0,6.6,3.5,11.3,4.8,15.1,57.0,2.7,38.3
DNAJC28,17.1,20.7,26.6,24.5,31.4,33.7,28.3,69.2,17.0,24.1,4.9,39.7,36.9,62.4,26.4,22.3,29.3,35.4,45.5,26.1,38.3,15.9,25.5,4.6,30.3,27.2,17.4,22.1,8.6,49.1,45.1,18.9,4.4,4.3,25.5,5.8,2.9,54.0,30.6,7.6,11.9,37.0,16.7,42.5,41.4,30.9,21.1,20.8,5.0,28.1,9.6,39.1,4.5,31.0,13.4,19.6,4.1,13.2,32.4,16.3,7.6,45.9,22.5,37.6,21.2,5.4,1.5,11.1,15.2,40.7,4.0,16.4,29.2,22.5,45.9,24.8,24.5,18.6,12.8,15.9,32.6,18.4,16.2,20.0,28.2,11.1,75.7,8.1,8.9,19.6,24.5,16.7,8.3,11.6,26.8,18.5,41.4,35.4,46.1,24.7,80.5,49.1,20.1,3.7,56.2
DNAJC4,98.46666666666665,102.0,90.53333333333335,116.56666666666666,77.7,80.36666666666666,80.43333333333334,169.43333333333334,64.43333333333334,84.06666666666666,103.8,94.16666666666667,62.86666666666667,148.20000000000002,76.83333333333333,89.10000000000001,102.76666666666667,146.79999999999998,117.06666666666666,68.2,110.43333333333334,127.76666666666667,77.93333333333334,104.5,113.03333333333335,35.833333333333336,90.39999999999999,119.06666666666668,111.46666666666665,110.56666666666666,80.96666666666665,76.26666666666667,88.73333333333333,77.73333333333333,71.2,109.10000000000001,130.1,63.1,62.03333333333333,77.73333333333333,111.10000000000001,75.26666666666667,57.9,110.16666666666667,97.26666666666667,99.26666666666667,75.89999999999999,84.06666666666666,118.36666666666667,134.06666666666666,149.20000000000002,84.23333333333333,84.3,71.46666666666667,100.56666666666666,97.16666666666667,84.56666666666666,104.96666666666665,65.10000000000001,108.06666666666668,42.333333333333336,70.2,84.36666666666666,92.83333333333333,76.3,75.96666666666667,74.7,94.89999999999999,142.76666666666668,125.56666666666666,120.09999999999998,123.33333333333333,125.39999999999999,89.7,83.33333333333333,106.5,76.89999999999999,73.33333333333333,84.86666666666666,45.03333333333333,93.40000000000002,94.60000000000001,94.33333333333333,79.53333333333333,98.73333333333333,76.8,81.83333333333333,120.26666666666667,98.16666666666667,154.0,74.36666666666666,175.20000000000002,103.13333333333333,57.93333333333334,67.93333333333334,120.96666666666665,79.2,136.33333333333334,130.29999999999998,144.96666666666667,104.56666666666666,88.0,53.06666666666666,81.26666666666667,101.83333333333333
DNM1L,45.9,35.9,50.9,34.7,71.4,60.8,74.8,84.5,72.5,62.1,75.7,75.4,34.8,59.9,59.5,40.7,34.6,53.0,73.0,49.3,42.5,88.3,49.9,28.8,64.5,45.4,48.6,58.2,52.2,49.9,49.9,40.8,78.6,51.3,61.3,44.6,33.7,57.1,64.4,52.3,56.4,41.6,50.5,75.8,54.0,55.6,54.1,45.2,57.0,54.9,71.3,29.8,58.6,65.6,48.8,41.7,84.2,57.6,35.3,2.2,57.8,63.6,73.7,59.8,54.7,49.3,58.0,77.0,54.1,46.1,71.0,67.9,56.8,51.7,24.8,35.6,52.9,26.7,64.6,39.4,49.0,70.7,98.1,6.9,63.6,100.8,57.3,49.9,59.7,90.3,56.0,42.7,44.5,52.3,55.2,95.0,85.4,67.2,92.1,62.5,61.8,30.6,59.7,83.0,75.2
DTYMK,67.4,82.7,126.6,18.2,52.1,79.8,38.7,81.1,30.4,105.9,25.4,6.5,43.5,48.7,58.1,62.4,55.7,18.5,39.5,33.8,45.1,57.6,7.1,22.0,11.9,67.5,64.8,94.7,75.2,25.1,86.2,53.3,104.8,50.2,67.1,47.7,12.4,39.4,114.9,41.1,39.5,21.6,51.2,42.6,21.6,12.5,40.0,61.9,9.6,84.0,164.3,67.2,42.6,63.8,49.5,54.5,33.5,43.4,65.3,62.6,7.4,27.2,15.2,23.1,26.3,66.1,53.7,90.2,54.1,38.7,68.1,4.0,11.9,89.6,63.4,66.7,40.5,51.1,45.4,76.4,57.4,16.1,59.9,71.7,85.4,55.1,123.4,49.2,93.2,75.7,10.2,59.9,15.8,58.0,106.3,34.6,120.3,45.3,14.6,41.5,13.8,110.7,88.5,101.3,12.1
DUS2,157.05,109.60000000000001,167.5,160.05,159.45,157.60000000000002,180.5,157.14999999999998,183.6,196.60000000000002,196.29999999999998,153.4,170.95,209.35,196.05,179.2,236.2,224.29999999999998,199.65,184.9,131.8,183.0,115.8,189.05,152.7,142.85,154.45,237.0,192.39999999999998,140.05,177.3,157.75,207.7,149.05,161.35000000000002,177.75,175.35,198.15,147.85000000000002,167.95,125.75,155.65,181.35000000000002,125.35,177.5,158.85,156.7,179.95,124.85,158.6,132.8,161.60000000000002,137.6,168.0,178.65,150.45,136.55,137.75,150.0,110.0,165.05,152.65,198.29999999999998,154.55,158.15,159.6,141.55,171.3,120.05000000000001,215.64999999999998,125.30000000000001,140.60000000000002,167.05,66.3,155.8,138.75,182.2,183.95,105.45,179.45,174.8,168.2,185.64999999999998,200.10000000000002,188.55,144.6,188.65,130.0,153.35000000000002,179.60000000000002,120.30000000000001,142.75,146.25,126.75,168.85,173.2,181.45,191.45,157.25,159.95000000000002,135.3,228.25,127.05000000000001,196.9,174.9
DUT,225.9,225.6,201.9333333333333,120.2,256.6666666666667,191.4333333333333,231.16666666666666,141.03333333333333,230.53333333333333,211.9,113.03333333333335,259.26666666666665,144.20000000000002,105.5,234.29999999999998,174.76666666666665,91.16666666666667,87.26666666666667,129.26666666666668,157.33333333333334,151.8,117.66666666666667,188.70000000000002,176.79999999999998,168.86666666666667,220.73333333333332,184.0,149.4,145.23333333333332,125.5,193.86666666666667,216.86666666666667,176.03333333333333,211.9,237.23333333333335,179.13333333333335,134.23333333333332,150.73333333333332,133.13333333333333,183.96666666666667,151.66666666666666,161.96666666666667,177.86666666666667,106.46666666666668,167.26666666666668,144.13333333333333,143.86666666666665,154.06666666666663,157.63333333333333,163.36666666666665,146.23333333333332,133.5,214.9666666666667,193.79999999999998,273.0,192.60000000000002,170.4,146.5666666666667,183.5,113.76666666666665,168.0,166.79999999999998,161.46666666666667,197.86666666666667,148.76666666666668,170.56666666666666,172.6,233.46666666666667,132.26666666666668,178.63333333333333,145.29999999999998,151.20000000000002,192.83333333333334,239.83333333333334,170.9,167.70000000000002,173.13333333333335,203.9333333333333,122.16666666666667,187.5,207.30000000000004,142.16666666666666,215.0,135.53333333333333,137.0,138.56666666666666,175.23333333333335,189.20000000000002,122.36666666666667,118.33333333333333,166.73333333333335,146.5,125.73333333333333,173.5666666666667,225.23333333333335,181.76666666666665,166.93333333333334,143.56666666666666,140.03333333333333,146.1,123.46666666666665,147.73333333333335,232.83333333333334,158.23333333333332,224.4
ECH1,147.2,192.5,181.0,158.6,140.2,292.6,141.4,181.3,204.8,203.2,126.4,307.7,259.7,203.2,192.8,115.5,313.2,332.5,183.5,282.5,211.0,142.2,305.2,217.6,207.5,227.5,138.7,293.6,264.8,185.2,234.8,260.6,251.0,145.0,289.0,167.5,264.3,192.9,166.7,167.9,261.0,132.3,298.6,142.9,167.0,101.9,211.8,219.4,275.6,218.5,131.7,113.2,245.8,282.6,177.0,343.5,162.2,324.7,192.9,173.2,223.3,343.0,150.4,202.8,222.9,239.0,312.1,184.1,204.8,190.2,226.6,175.3,286.9,244.0,196.3,245.9,287.8,318.9,256.6,346.9,233.6,258.3,366.6,218.0,245.9,284.2,326.8,310.2,138.3,227.1,159.5,115.3,258.6,332.8,98.8,191.2,162.6,293.7,206.8,328.4,238.1,275.6,366.7,314.8,298.5
ECHDC1,89.3,134.1,65.3,39.2,71.8,74.4,91.8,65.8,77.4,104.3,76.2,106.8,83.6,70.0,70.7,74.1,24.5,40.6,82.4,73.9,65.5,103.8,147.7,92.9,69.0,93.8,124.1,88.1,78.6,64.7,49.0,51.1,71.5,103.5,107.8,87.3,24.1,79.0,66.4,59.2,73.4,110.7,106.8,95.0,89.7,10.7,81.6,104.9,90.3,65.3,78.4,63.9,139.5,90.5,82.8,114.2,107.9,75.8,73.0,65.7,162.4,58.4,78.3,71.4,84.0,91.7,92.6,77.2,114.3,113.2,82.2,156.2,118.8,105.3,74.6,75.9,124.4,88.4,67.7,65.1,104.6,57.3,77.8,88.4,98.5,78.7,50.3,101.8,88.5,82.0,62.5,101.9,90.3,107.4,97.2,121.6,136.6,7.9,138.6,100.5,145.9,37.3,155.3,45.7,150.4
ECHDC2,137.7,160.8,148.6,178.0,153.9,171.0,144.6,105.8,146.7,131.0,163.9,145.1,91.2,184.0,156.3,140.3,99.7,164.5,190.5,136.6,127.7,170.2,156.4,156.1,144.2,116.4,135.3,198.9,113.1,113.3,95.1,154.5,143.6,182.9,133.8,167.7,127.0,138.2,161.5,126.3,200.2,116.3,72.4,181.9,125.5,152.7,155.6,148.9,96.2,147.3,177.2,168.4,116.8,135.4,149.9,173.6,101.1,166.8,129.7,219.7,118.2,175.7,141.9,104.1,122.9,113.4,140.9,135.5,138.3,169.6,159.0,136.5,106.6,198.5,177.9,89.1,116.8,162.8,101.3,142.6,126.5,176.4,177.2,135.0,108.9,198.5,123.9,119.4,83.0,161.4,159.2,154.1,111.1,158.4,159.1,121.9,42.8,197.6,122.3,170.2,144.4,126.5,119.2,140.2,134.1
ECHDC3,112.8,84.4,104.5,117.8,85.5,99.7,113.9,11.8,61.8,128.0,123.1,141.2,126.9,69.3,90.4,15.8,115.3,7.5,84.4,141.3,77.0,58.3,151.6,91.4,101.4,92.0,107.3,126.4,72.6,87.5,123.0,108.8,157.9,112.0,110.1,51.1,174.0,96.0,89.9,79.8,97.7,122.6,109.8,87.7,52.8,175.4,86.7,125.7,126.1,88.0,82.2,94.6,112.8,91.5,108.6,107.4,106.6,144.4,155.8,202.9,80.4,89.2,92.8,66.5,106.7,110.8,87.1,109.0,66.3,52.6,65.5,100.2,196.1,56.0,217.2,69.9,98.4,62.9,171.5,161.1,103.4,75.7,103.2,128.0,128.2,85.2,101.1,120.1,163.0,104.3,136.9,112.3,155.6,116.5,172.1,157.6,108.0,241.7,115.1,56.4,189.9,145.6,126.5,140.4,87.5
ECHS1,308.9,258.8,333.7,233.0,307.2,274.7,396.5,298.7,304.9,273.8,221.3,327.9,401.6,216.5,403.0,309.7,280.0,341.4,362.2,400.7,288.5,221.0,195.0,320.1,242.4,382.9,231.6,306.5,376.7,215.0,270.3,295.3,255.9,294.7,299.1,225.7,363.6,215.7,236.1,275.6,311.4,337.1,376.9,233.5,300.0,305.6,297.1,307.4,261.5,281.9,166.8,282.1,347.6,346.7,326.7,353.2,284.0,410.6,428.9,182.2,366.8,338.6,244.8,256.0,312.6,536.9,333.5,416.9,266.4,244.0,169.6,390.8,449.3,324.7,314.7,342.3,413.7,361.3,380.7,313.6,451.3,384.7,239.1,330.0,270.6,265.5,292.9,220.9,433.1,325.6,260.3,223.2,385.3,252.1,337.6,290.6,385.3,407.5,351.4,341.2,226.7,227.8,463.3,246.4,302.7
ECI1,23.5,74.4,82.3,24.7,60.0,35.4,55.4,20.8,50.1,25.5,10.2,10.4,16.6,34.4,13.1,60.2,34.4,73.3,22.1,2.6,87.7,15.0,23.3,12.4,6.7,9.5,18.0,67.3,35.2,29.8,15.0,12.5,7.1,7.7,5.6,27.2,15.1,13.9,13.0,16.9,32.4,10.4,15.9,16.6,19.9,3.6,11.4,12.3,14.2,13.2,6.7,16.7,30.1,26.9,30.1,47.6,14.1,22.9,16.5,7.7,17.4,12.0,13.1,7.1,9.6,3.1,91.2,23.6,8.0,16.4,34.1,20.7,17.9,22.4,17.7,12.0,10.1,15.3,47.1,47.5,18.1,16.9,17.9,14.3,13.6,34.4,16.1,6.8,17.9,5.1,13.6,8.5,22.0,56.4,5.2,33.8,9.1,29.5,16.0,9.4,20.9,45.9,19.7,13.4,118.0
ECI2,68.1,78.0,105.3,77.7,81.8,108.8,77.8,18.6,71.6,57.5,45.2,46.6,48.5,63.2,62.5,84.1,56.7,85.6,62.8,105.8,71.7,62.6,80.4,110.7,121.5,62.3,55.4,75.9,83.6,71.4,68.0,61.7,42.6,76.7,65.7,73.5,51.5,59.1,93.2,89.7,87.7,98.1,86.1,56.0,77.8,71.0,108.0,94.3,33.7,73.3,90.7,87.3,81.1,91.4,78.0,122.9,67.9,101.7,130.9,34.6,47.5,119.6,105.2,63.4,65.9,83.7,63.3,46.6,57.0,53.7,52.0,50.1,57.0,93.3,91.6,61.4,99.0,54.9,86.9,65.0,79.1,89.0,56.6,48.4,49.0,65.2,91.1,61.6,49.4,34.4,86.8,76.4,47.8,89.3,83.5,59.6,72.0,4.3,42.1,12.9,68.5,37.7,106.1,65.2,8.2
ECSIT,8.0,34.0,29.6,63.2,28.1,84.0,44.4,105.0,29.2,24.0,23.6,26.4,43.0,87.1,41.8,56.4,44.4,99.0,40.4,58.1,88.4,20.5,58.8,55.6,75.1,56.6,11.7,47.6,51.6,86.9,39.5,28.8,55.5,45.9,23.8,92.6,81.5,41.3,86.3,54.8,64.9,10.6,18.6,14.8,65.5,18.2,43.9,64.5,40.1,85.2,95.6,31.6,26.4,61.9,55.5,67.6,58.7,57.3,22.8,72.4,11.8,15.0,39.3,56.7,36.3,57.3,8.7,46.7,68.8,66.6,13.2,50.0,44.6,87.6,53.0,17.0,23.3,90.3,10.2,34.2,56.7,92.2,42.0,25.7,19.8,62.4,37.5,40.9,30.3,62.6,14.2,118.9,33.4,37.0,18.6,37.3,17.8,45.3,27.5,19.9,53.0,70.2,141.8,81.8,76.4
EFHD1,28.1,34.4,57.0,59.3,47.5,48.7,34.2,15.4,45.4,77.6,44.7,71.5,24.6,36.1,51.5,38.5,42.8,54.4,66.3,38.7,51.5,76.3,64.6,41.8,24.2,76.5,20.8,29.2,29.5,41.9,65.2,30.8,16.7,20.8,53.8,78.9,21.8,21.4,65.1,6.3,41.7,44.3,51.1,88.9,66.1,130.8,72.5,11.6,79.9,77.9,118.9,12.3,46.6,32.8,35.1,54.6,9.3,71.3,58.0,118.5,36.8,13.3,95.9,36.2,31.7,52.6,16.3,27.2,43.5,61.3,46.0,65.3,56.7,43.9,75.1,71.8,69.3,44.5,53.8,61.6,60.9,28.7,10.7,28.2,95.5,70.7,32.3,43.6,55.6,71.3,44.3,78.9,37.4,24.9,14.4,50.6,53.2,65.5,106.0,106.6,19.0,21.3,8.6,61.8,54.5
EHHADH,0.7,2.5,2.1,5.1,0.8,2.1,2.0,13.2,11.5,6.7,2.0,10.9,9.0,4.5,1.4,1.5,18.1,1.5,3.6,12.4,12.1,2.7,6.1,1.9,10.2,10.7,10.1,10.4,4.4,3.8,26.0,4.1,3.9,1.0,3.3,1.8,3.2,13.4,7.4,15.7,9.3,5.5,14.4,11.7,13.0,3.2,3.3,2.7,0.7,3.2,10.1,0.8,1.0,4.3,11.0,18.6,8.3,2.9,2.3,21.2,25.1,2.7,27.3,13.3,7.1,21.9,18.3,12.5,17.5,3.0,4.0,25.9,9.4,26.3,7.5,5.1,4.7,30.3,2.9,2.0,1.5,5.5,20.1,9.0,13.9,18.3,1.8,6.2,7.1,4.2,19.8,14.9,6.2,13.4,2.8,19.7,5.6,19.4,7.6,3.8,1.0,41.0,18.7,32.1,2.1
ELAC2,34.95,19.15,40.75,46.8,40.550000000000004,35.650000000000006,48.65,54.150000000000006,42.85,55.0,49.5,33.35,43.55,37.05,27.2,33.75,59.6,33.7,26.7,32.05,16.7,27.9,35.15,39.95,7.7,30.2,33.35,39.2,34.3,26.099999999999998,22.55,17.0,33.95,58.550000000000004,47.15,29.9,63.800000000000004,16.05,19.1,21.4,50.1,33.45,48.8,31.049999999999997,48.1,12.6,53.65,38.05,20.0,56.2,70.89999999999999,40.65,34.25,14.5,12.15,48.7,33.3,34.6,49.5,29.5,18.85,32.0,22.55,40.5,43.2,48.0,50.0,32.9,20.9,36.85,36.6,21.549999999999997,57.199999999999996,30.65,10.45,25.299999999999997,28.5,30.799999999999997,11.0,20.2,45.9,12.65,25.4,32.75,35.15,37.5,11.15,40.15,36.4,71.55,14.1,29.5,15.049999999999999,46.55,13.65,4.85,24.85,19.95,43.6,40.75,37.55,15.3,26.95,25.2,25.15
ENDOG,5.8,12.4,6.3,4.2,5.9,4.9,8.2,14.3,10.9,11.4,3.6,9.5,7.7,25.8,5.5,6.2,62.6,13.5,8.8,4.6,9.8,16.6,3.7,9.2,4.1,7.3,12.2,6.7,3.2,5.8,10.5,9.8,11.9,10.6,8.5,4.8,3.6,5.5,7.1,6.0,9.4,3.3,13.5,4.8,6.5,12.9,12.0,9.3,7.0,10.8,15.2,13.8,8.6,2.6,4.9,9.8,8.6,4.0,6.5,4.8,2.8,9.5,11.7,3.4,3.2,6.2,14.6,4.4,7.3,9.3,22.7,6.4,8.7,3.0,6.1,5.0,7.7,3.0,39.7,3.9,11.0,3.3,9.7,5.6,2.7,11.6,4.7,8.0,14.7,59.7,4.1,10.1,7.4,31.8,8.7,5.4,4.6,8.1,7.6,41.5,14.3,16.6,11.4,11.6,47.8
EPHX2,14.9,20.4,76.9,7.8,13.2,49.9,10.9,12.8,10.8,11.8,79.6,26.4,42.9,15.4,39.5,28.4,51.2,45.8,22.6,38.2,42.0,48.1,36.8,74.8,26.0,56.0,28.0,62.9,20.9,9.2,11.8,32.2,55.5,62.9,40.0,32.1,38.1,28.7,46.5,41.4,6.7,44.7,30.6,50.7,44.0,18.6,12.3,6.4,36.6,46.8,48.6,8.1,25.5,65.9,43.6,49.6,21.7,41.8,59.9,53.5,7.3,7.1,64.7,72.3,45.0,53.6,51.0,38.0,25.2,10.9,72.5,9.9,81.9,78.6,68.2,68.8,48.7,20.7,42.5,28.2,10.3,33.7,50.6,58.6,9.1,67.5,41.0,30.2,13.7,40.3,5.7,8.5,6.3,70.2,10.4,6.1,41.8,7.6,39.8,40.6,5.4,16.1,46.3,13.6,43.3
ERAL1,117.8,182.6,100.7,145.9,163.0,110.6,101.0,229.8,92.6,134.2,112.0,191.3,107.1,179.0,150.0,158.3,169.2,193.6,185.3,129.2,103.8,164.1,93.7,134.8,147.2,125.0,134.1,117.6,100.8,145.2,86.7,111.4,100.4,65.5,89.5,89.4,120.2,129.3,124.9,85.8,131.3,84.3,103.1,153.0,100.2,116.7,89.9,75.5,130.5,90.4,196.6,143.3,85.6,88.9,126.4,90.1,101.2,192.1,91.9,195.3,78.0,98.6,111.3,58.1,137.2,88.5,104.1,122.7,158.3,140.1,48.5,53.8,129.9,104.2,125.1,86.6,127.2,107.8,148.7,98.6,97.6,74.1,99.4,136.1,133.2,127.8,170.0,97.9,137.0,163.2,136.3,177.2,95.7,82.5,125.6,118.0,142.9,229.2,98.8,145.4,104.8,152.2,95.1,127.5,58.3
ETFA,139.4,123.4,189.9,125.7,175.1,253.2,199.9,117.8,151.8,123.9,108.8,142.6,166.9,104.3,152.9,128.8,98.6,92.4,55.0,183.7,179.0,116.9,164.2,114.3,166.3,189.5,119.4,166.9,175.5,165.3,202.4,172.8,199.0,181.5,201.2,157.9,144.2,114.2,259.8,192.0,196.0,178.5,215.2,149.6,233.4,165.8,218.2,324.7,185.7,162.4,148.3,164.3,203.2,200.5,200.2,182.2,171.6,125.2,207.9,105.3,164.9,152.4,222.3,277.6,174.6,128.4,166.0,263.6,172.8,160.3,145.7,155.1,166.3,296.4,99.0,185.5,238.8,206.2,129.8,135.6,210.5,110.4,189.2,91.4,140.7,177.1,175.7,150.3,190.4,106.8,205.7,124.5,189.1,226.1,142.8,161.3,145.1,84.2,142.1,154.8,69.7,78.8,236.3,171.0,121.1
ETFB,9.1,13.2,19.0,12.0,21.2,54.6,43.2,23.6,22.9,7.5,38.2,16.8,66.6,18.5,8.1,16.8,56.7,43.3,13.8,55.4,25.8,27.7,55.2,14.5,19.5,12.7,16.3,27.4,22.5,16.9,58.7,12.0,54.9,50.4,41.0,45.8,37.0,11.2,9.6,18.0,30.5,69.4,24.5,10.5,8.2,20.1,27.1,17.9,20.7,49.6,12.2,9.9,38.6,59.7,35.8,63.9,48.1,37.2,76.5,26.7,43.2,10.2,16.3,15.3,9.2,24.1,19.2,69.9,20.3,22.9,10.5,14.4,19.8,62.7,17.7,29.4,67.4,33.2,52.5,27.5,29.8,8.5,53.0,9.0,18.1,73.1,22.3,45.9,28.8,20.2,50.8,18.5,12.8,14.1,7.5,5.8,17.2,14.6,34.1,9.2,14.3,22.8,51.8,41.6,11.2
ETFDH,24.299999999999997,47.35,28.55,12.65,30.85,27.25,37.25,25.900000000000002,25.65,14.95,8.95,21.4,14.899999999999999,20.15,38.05,25.7,26.1,8.8,23.15,22.8,24.299999999999997,8.399999999999999,40.7,11.55,9.7,14.95,31.650000000000002,31.45,24.700000000000003,18.9,29.3,21.5,4.449999999999999,23.35,22.5,34.449999999999996,21.85,5.95,15.5,35.3,21.0,17.35,46.3,19.25,20.0,13.5,23.5,20.9,6.05,15.05,10.0,26.1,24.15,20.95,21.700000000000003,12.200000000000001,8.05,19.7,26.85,21.299999999999997,22.549999999999997,27.5,20.450000000000003,22.650000000000002,9.05,25.049999999999997,25.0,37.55,34.15,24.849999999999998,7.6000000000000005,33.0,42.2,40.5,28.6,29.849999999999998,17.05,25.65,25.799999999999997,36.15,26.049999999999997,27.15,11.5,25.8,20.3,8.350000000000001,9.149999999999999,16.85,28.1,22.950000000000003,21.75,13.7,9.549999999999999,27.65,7.25,26.9,23.25,20.2,21.0,5.25,57.9,41.05,27.0,14.8,23.799999999999997
ETHE1,180.1,229.4,213.1,226.5,219.3,163.4,243.5,316.5,268.6,226.0,190.2,189.7,211.6,281.0,252.8,295.0,296.2,281.5,322.0,175.5,228.8,254.9,198.3,216.4,244.5,213.6,191.7,238.3,249.9,242.9,197.3,239.4,223.4,197.1,187.9,170.9,235.7,227.7,188.0,205.0,213.8,178.7,166.3,182.9,216.3,214.1,176.3,165.9,207.4,227.5,261.8,238.4,157.1,186.2,178.3,210.1,257.1,217.4,167.8,189.8,155.1,146.2,259.7,145.4,181.4,225.3,267.6,222.5,279.1,260.2,284.0,198.8,204.3,198.3,194.3,177.8,169.5,275.9,204.0,183.7,180.9,168.6,237.0,219.3,225.4,169.2,228.6,236.0,230.1,192.6,149.9,208.6,219.2,151.1,107.0,149.6,200.5,234.9,221.8,244.1,184.6,186.1,177.4,311.5,229.1
EXD2,49.0,113.3,102.5,94.2,110.7,110.7,77.1,168.4,70.6,73.0,90.0,105.4,86.9,128.2,54.1,80.1,67.2,50.7,99.6,50.2,101.2,91.8,76.8,96.5,96.0,94.3,96.1,91.1,27.6,91.9,73.6,39.1,110.2,44.7,61.0,57.6,77.2,82.1,62.3,59.0,97.1,91.1,88.4,162.6,49.1,86.9,67.0,71.2,61.5,49.4,117.9,51.2,82.5,56.9,53.4,65.0,78.2,99.1,59.3,232.6,47.0,79.4,56.1,72.8,81.3,118.2,85.4,9.5,22.6,69.2,104.5,60.0,166.6,83.6,90.5,50.0,72.3,66.0,98.5,57.3,60.9,117.5,75.9,91.5,29.7,109.8,123.3,83.4,67.9,131.4,99.8,58.4,89.2,66.1,55.4,94.1,117.8,118.7,26.6,122.7,134.9,90.2,56.1,74.1,56.1
EXOG,10.433333333333332,25.233333333333334,14.633333333333333,13.066666666666665,11.6,28.399999999999995,17.133333333333333,26.3,19.3,8.533333333333333,20.933333333333334,11.433333333333332,12.233333333333334,22.8,12.0,17.566666666666666,7.2,15.133333333333333,19.066666666666666,27.03333333333333,18.366666666666667,13.666666666666666,24.53333333333333,7.633333333333333,45.03333333333333,7.766666666666667,34.03333333333333,43.666666666666664,20.833333333333332,29.566666666666663,12.0,12.533333333333333,11.666666666666666,23.166666666666668,27.53333333333333,13.0,19.666666666666668,14.4,14.933333333333332,22.833333333333332,9.866666666666667,11.333333333333334,8.866666666666667,38.03333333333333,23.666666666666668,20.5,12.666666666666666,38.6,23.933333333333334,28.46666666666667,19.5,17.266666666666666,13.633333333333333,14.233333333333334,17.8,14.566666666666668,24.833333333333332,40.96666666666667,25.333333333333332,24.733333333333334,7.866666666666666,12.066666666666668,19.099999999999998,16.7,15.266666666666667,6.666666666666667,9.200000000000001,35.76666666666667,12.366666666666667,23.899999999999995,24.3,16.233333333333334,10.633333333333333,11.866666666666667,40.43333333333334,21.5,23.366666666666664,20.133333333333333,10.299999999999999,17.066666666666666,15.866666666666667,31.8,19.333333333333332,9.4,18.53333333333333,25.400000000000002,13.433333333333332,10.066666666666666,22.066666666666666,19.966666666666665,10.699999999999998,49.56666666666666,19.8,12.5,14.233333333333334,19.033333333333335,13.066666666666668,37.7,15.733333333333334,30.633333333333336,15.633333333333333,59.333333333333336,16.433333333333334,45.1,50.666666666666664
FABP1,4.1,2.9,3.5,6.9,2.3,3.3,4.6,10.6,3.5,7.5,5.5,3.8,2.4,6.9,3.1,3.4,12.1,7.7,5.5,1.3,2.6,8.7,1.6,4.5,7.5,4.1,5.2,23.3,1.4,7.8,1.3,3.4,6.4,24.8,5.1,5.2,3.3,3.7,18.0,4.7,3.6,5.7,3.9,3.7,18.9,24.4,1.9,3.3,2.4,3.1,13.4,6.2,0.8,1.2,2.9,3.0,26.6,4.3,7.0,11.5,3.8,2.2,6.3,2.5,22.3,3.2,5.4,12.5,6.2,5.8,13.6,3.7,5.1,7.3,5.3,15.2,2.8,7.1,8.1,3.0,14.4,4.1,3.7,10.4,4.5,6.4,3.4,1.5,9.7,17.3,6.5,7.5,4.3,2.3,5.3,7.2,5.8,4.8,13.5,26.4,5.2,22.6,30.1,2.2,26.4
FAHD2A,34.5,52.0,74.94999999999999,85.05,74.44999999999999,70.75,79.4,46.0,48.2,34.3,35.5,56.9,42.4,47.599999999999994,101.4,18.35,111.85000000000001,51.0,51.35,89.05000000000001,67.35,56.85,45.5,87.95,56.75,23.6,39.1,97.25,61.35,57.75,118.5,57.2,49.099999999999994,68.35,70.95,38.05,40.75,76.94999999999999,70.5,64.4,77.7,64.95,40.2,49.599999999999994,63.35,72.85,50.25,41.400000000000006,36.35,63.099999999999994,15.7,62.45,70.95,85.85,53.45,51.3,37.95,79.7,50.150000000000006,94.15,67.75,77.55000000000001,86.65,57.25,84.1,52.0,65.1,56.599999999999994,42.4,20.0,17.799999999999997,56.550000000000004,16.3,43.55,46.6,54.7,54.3,45.85,40.7,46.4,65.0,56.05,64.5,13.1,73.55,58.800000000000004,57.5,35.65,53.400000000000006,57.9,37.75,48.0,30.95,63.449999999999996,30.25,23.799999999999997,14.549999999999999,47.65,75.30000000000001,66.8,37.95,19.55,16.3,76.05000000000001,7.949999999999999
FAM162A,69.94999999999999,46.349999999999994,87.1,84.3,64.05000000000001,174.7,80.75,47.55,43.699999999999996,62.95,84.19999999999999,95.15,91.44999999999999,73.6,86.30000000000001,45.4,113.60000000000001,113.0,101.2,91.85000000000001,63.5,43.3,92.5,67.80000000000001,70.7,105.55000000000001,52.3,120.3,99.0,77.9,54.25,102.1,58.05,115.60000000000001,89.7,78.2,102.65,72.05,69.8,98.65,123.55000000000001,106.0,73.55000000000001,60.85,56.9,82.65,56.25,47.5,96.9,37.35,19.85,95.55000000000001,78.35,91.3,96.5,86.05,100.65,75.0,61.699999999999996,69.95,91.15,90.4,91.35,71.7,59.650000000000006,95.9,117.5,128.04999999999998,83.35,62.0,105.5,82.15,50.1,147.5,51.95,10.149999999999999,140.5,101.95,95.3,93.0,114.69999999999999,98.65,93.65,150.05,61.699999999999996,63.9,118.75,121.45,85.5,100.94999999999999,125.14999999999999,45.65,47.45,133.8,57.5,67.65,63.6,88.15,132.8,56.699999999999996,135.95,51.550000000000004,110.75,109.65,156.3
FARS2,64.2,59.06666666666666,86.96666666666668,78.06666666666666,90.86666666666666,91.36666666666666,67.5,80.43333333333334,68.53333333333335,77.39999999999999,56.5,62.96666666666667,70.33333333333333,67.43333333333334,77.63333333333334,58.86666666666667,74.26666666666667,76.93333333333334,65.7,70.3,93.86666666666667,89.63333333333334,66.0,63.833333333333336,63.73333333333333,67.1,70.3,70.39999999999999,62.23333333333333,56.333333333333336,58.300000000000004,72.83333333333333,39.46666666666667,72.93333333333334,57.26666666666667,60.23333333333333,65.33333333333333,52.4,39.766666666666666,46.36666666666667,56.166666666666664,64.53333333333333,61.166666666666664,78.73333333333333,58.26666666666667,125.16666666666667,46.400000000000006,65.23333333333333,62.23333333333333,66.53333333333333,95.56666666666666,43.199999999999996,49.6,54.36666666666667,68.7,65.56666666666666,68.2,53.36666666666667,50.26666666666667,65.3,78.39999999999999,68.26666666666667,69.03333333333333,52.833333333333336,41.86666666666667,56.0,45.43333333333333,72.76666666666667,65.66666666666667,69.13333333333334,116.96666666666665,81.63333333333334,56.46666666666667,66.2,55.73333333333333,46.43333333333334,78.86666666666667,63.0,50.300000000000004,71.56666666666666,51.63333333333333,43.166666666666664,75.5,77.73333333333333,69.23333333333333,72.16666666666667,83.03333333333333,59.86666666666667,71.46666666666667,97.33333333333333,70.06666666666666,59.199999999999996,53.599999999999994,67.33333333333333,60.9,92.53333333333335,59.53333333333334,77.36666666666666,70.76666666666667,66.23333333333333,97.73333333333333,30.233333333333334,48.76666666666667,71.10000000000001,61.43333333333334
FASN,38.95,56.150000000000006,52.25,32.5,30.299999999999997,38.4,49.25,62.35,37.7,50.0,59.699999999999996,47.949999999999996,25.75,47.1,42.35,53.2,41.75,61.75,54.1,29.75,54.4,50.4,34.800000000000004,30.75,35.25,60.8,53.6,52.6,58.550000000000004,31.0,45.15,54.650000000000006,44.550000000000004,51.0,38.6,40.05,36.45,57.95,49.9,47.199999999999996,47.2,38.45,53.15,69.35,62.099999999999994,71.55000000000001,36.35,41.25,38.7,54.150000000000006,69.5,46.4,37.650000000000006,28.25,38.2,36.949999999999996,39.85,41.85,40.949999999999996,71.45,21.25,40.35,53.6,41.45,29.1,32.199999999999996,42.1,50.25,47.800000000000004,51.0,29.9,37.85,50.2,89.35,38.1,36.2,43.6,50.75,56.75,53.45,44.650000000000006,43.0,41.75,33.1,39.5,54.9,67.55,45.3,49.099999999999994,48.5,47.15,54.050000000000004,44.300000000000004,48.1,25.8,36.75,81.3,57.8,92.9,85.35000000000001,58.65,110.65,33.3,70.64999999999999,24.6
FASTK,43.96666666666667,60.26666666666667,70.39999999999999,69.76666666666667,73.36666666666666,22.900000000000002,88.09999999999998,70.10000000000001,39.43333333333333,58.333333333333336,53.06666666666666,74.60000000000001,14.733333333333334,111.40000000000002,72.60000000000001,63.73333333333333,87.60000000000001,113.0,80.6,41.53333333333334,59.699999999999996,82.10000000000001,24.8,69.46666666666665,55.833333333333336,44.46666666666667,19.5,30.899999999999995,48.1,50.300000000000004,69.3,16.8,46.666666666666664,61.73333333333333,34.43333333333334,22.233333333333334,70.2,47.0,52.666666666666664,35.733333333333334,19.599999999999998,46.20000000000001,67.33333333333333,67.26666666666667,56.699999999999996,53.03333333333333,60.73333333333333,33.9,42.5,49.633333333333326,44.06666666666666,12.600000000000001,29.533333333333335,46.23333333333333,38.36666666666667,44.06666666666666,44.5,46.300000000000004,36.266666666666666,17.7,28.766666666666666,43.6,58.166666666666664,18.766666666666666,49.86666666666667,29.76666666666667,41.06666666666667,36.800000000000004,55.29999999999999,53.800000000000004,36.166666666666664,32.666666666666664,45.96666666666667,22.666666666666668,32.733333333333334,63.46666666666666,57.26666666666667,63.333333333333336,17.3,18.166666666666668,37.1,40.23333333333333,51.56666666666666,33.199999999999996,56.06666666666666,32.233333333333334,109.0,22.400000000000002,60.36666666666667,20.033333333333335,55.96666666666667,55.56666666666666,37.76666666666667,41.06666666666666,40.4,60.06666666666666,22.46666666666667,87.86666666666667,24.099999999999998,69.13333333333334,94.26666666666667,75.23333333333333,68.16666666666667,25.53333333333333,24.3
FASTKD1,59.9,49.4,55.8,21.6,62.7,119.4,59.2,19.5,41.7,51.9,39.5,44.5,33.9,47.4,68.2,50.6,13.2,23.9,13.6,85.6,22.8,39.3,59.4,44.0,7.8,52.6,74.5,62.5,52.3,59.4,57.8,84.5,64.0,62.5,63.3,46.4,15.8,54.1,75.7,68.3,65.9,99.1,58.2,48.8,57.5,38.8,42.2,72.7,9.3,47.4,38.5,78.4,103.3,88.2,80.4,84.0,93.4,87.0,59.4,50.4,67.7,20.2,33.4,95.6,15.9,114.5,90.2,79.0,76.1,4.3,8.2,92.7,50.6,110.7,18.2,59.8,67.4,68.5,51.9,54.1,55.5,67.2,84.5,54.4,42.1,30.2,28.7,71.5,78.5,11.0,54.4,79.2,57.5,75.0,11.8,89.1,103.4,55.6,89.1,7.4,86.7,13.8,96.0,66.4,81.9
FASTKD2,59.5,56.6,74.0,63.45,58.0,104.69999999999999,85.55000000000001,38.449999999999996,60.7,59.4,39.85,72.3,62.95,50.5,63.35,60.95,47.900000000000006,58.400000000000006,41.95,55.05,59.300000000000004,65.9,78.7,68.85,42.25,56.95,64.0,47.0,70.9,67.05,43.199999999999996,50.85,30.75,50.6,85.9,64.89999999999999,59.15,46.55,44.9,46.2,73.75,50.5,70.0,73.64999999999999,78.75,51.6,44.75,69.85000000000001,44.7,35.8,40.7,43.3,49.6,49.85,70.65,67.55,54.15,57.5,57.050000000000004,41.5,47.699999999999996,60.7,52.349999999999994,50.45,59.55,44.449999999999996,62.6,96.1,39.7,76.15,66.89999999999999,79.4,74.4,46.4,44.55,63.15,77.7,61.5,52.150000000000006,63.35,52.25,35.949999999999996,64.65,43.85,50.099999999999994,55.15,69.3,28.8,40.75,63.2,60.65,48.45,54.15,80.1,39.5,67.45,49.3,64.6,38.25,48.7,84.0,33.5,37.1,67.2,40.4
FASTKD3,39.5,44.6,46.7,16.7,32.9,58.4,34.5,34.9,45.2,50.2,12.7,27.4,52.2,17.1,43.6,13.6,55.7,44.5,8.5,44.8,39.4,64.6,25.0,49.3,19.5,57.8,22.1,49.4,28.4,3.0,2.0,57.3,44.0,50.2,33.9,42.1,21.6,47.5,57.1,65.1,25.5,46.8,43.6,33.2,33.8,53.2,33.1,41.8,42.0,31.7,34.0,61.9,57.7,39.2,37.0,28.4,29.7,35.8,48.6,2.3,55.1,36.6,53.1,45.7,39.2,52.6,22.3,35.3,36.8,27.1,7.6,58.0,42.1,59.5,36.0,55.6,37.5,31.5,34.0,57.7,65.7,23.1,52.3,42.3,37.4,33.6,23.8,52.3,45.9,32.2,35.5,5.3,54.6,55.2,58.7,48.4,60.4,38.1,32.2,6.2,48.5,37.9,59.7,38.3,13.3
FASTKD5,214.4,193.2,171.7,150.7,140.2,118.0,117.5,140.8,164.8,168.2,117.8,47.1,185.1,107.8,116.3,114.0,121.4,86.6,89.8,138.0,124.9,63.5,118.2,166.8,105.5,200.5,152.0,176.3,216.7,165.4,55.2,198.4,147.6,154.0,167.0,185.4,119.2,184.8,174.4,98.5,202.5,117.7,139.8,72.8,202.2,90.3,174.8,114.7,171.0,210.6,149.8,137.6,111.2,136.5,131.4,152.3,155.6,176.0,200.1,164.7,153.3,157.0,161.9,182.3,156.8,207.1,99.1,143.3,189.2,192.0,131.5,149.6,153.1,153.9,146.2,171.9,235.7,134.5,209.0,120.6,136.6,97.6,145.8,160.3,137.8,106.0,122.8,219.6,161.0,168.9,99.2,149.1,207.0,157.6,179.2,154.5,194.5,134.1,150.0,124.6,219.6,234.8,211.0,159.4,98.1
FBXL4,31.8,36.9,22.9,12.0,23.1,28.7,34.5,12.6,23.3,31.4,30.5,24.4,26.0,19.3,22.0,25.6,12.9,16.2,27.7,34.5,59.5,69.1,28.4,35.5,34.1,5.8,32.2,43.7,39.9,31.7,4.9,30.5,47.8,21.3,35.9,38.8,37.7,31.4,32.1,16.0,26.4,42.1,14.2,12.5,25.2,7.6,38.3,33.0,32.4,26.2,97.7,9.8,28.3,22.5,25.0,17.2,29.0,20.1,31.2,13.2,10.9,6.4,53.3,25.9,35.6,6.9,34.7,38.2,21.0,38.0,10.1,3.3,30.5,6.9,5.4,36.5,29.4,8.3,26.4,44.9,27.9,8.2,39.8,2.5,24.0,12.2,16.8,28.6,48.6,45.4,19.3,36.7,33.9,26.0,2.3,23.3,30.4,26.0,2.1,56.3,27.3,4.3,5.0,5.3,9.2
FDPS,121.7,65.8,236.4,159.6,179.8,163.0,140.8,67.3,141.1,146.1,130.7,113.4,200.0,184.6,197.7,22.4,202.6,164.0,238.6,167.4,232.0,178.5,156.7,186.3,166.3,167.5,128.8,178.3,238.1,186.6,148.0,157.8,178.1,177.7,166.2,205.4,163.0,230.6,206.3,121.3,166.5,195.4,159.9,242.0,178.2,127.3,160.7,212.5,241.0,179.0,306.7,171.6,209.7,203.6,211.1,207.1,229.2,190.3,139.5,202.4,169.9,199.2,205.7,136.8,230.0,247.0,218.2,232.8,130.6,175.8,44.5,284.2,210.6,192.2,176.8,173.9,145.9,284.1,218.9,193.0,171.8,42.5,236.6,229.9,180.7,102.6,210.9,177.2,133.3,64.6,142.3,191.5,147.5,143.4,259.8,267.4,116.4,116.2,228.0,218.4,199.6,82.1,262.9,184.0,295.7
FDX1,43.650000000000006,34.2,56.15,25.4,34.449999999999996,53.2,66.95,17.049999999999997,63.550000000000004,11.55,37.2,18.6,36.150000000000006,56.7,38.0,23.0,39.400000000000006,39.3,33.55,42.9,35.25,59.45,82.95,45.349999999999994,28.299999999999997,55.25,24.049999999999997,43.849999999999994,49.349999999999994,30.700000000000003,36.45,43.25,32.65,41.2,43.75,37.900000000000006,48.05,50.55,43.75,51.5,46.050000000000004,43.6,44.3,41.900000000000006,64.45,9.9,49.75,41.45,24.85,30.25,60.849999999999994,52.8,66.1,60.85,48.8,29.5,37.25,43.5,47.15,44.25,51.15,62.6,29.75,47.050000000000004,38.7,52.25,63.449999999999996,67.0,42.6,10.35,19.25,28.95,43.849999999999994,57.05,40.45,67.1,39.900000000000006,57.2,39.25,61.150000000000006,23.5,35.75,57.9,10.75,44.9,44.85,43.45,14.95,14.75,20.15,43.55,32.6,39.8,44.050000000000004,47.699999999999996,32.85,31.7,45.050000000000004,55.6,4.85,30.950000000000003,27.349999999999998,56.349999999999994,9.2,89.14999999999999
FDXR,8.8,9.3,9.6,34.9,11.6,8.2,6.7,18.6,7.0,6.0,26.1,6.8,22.2,12.2,6.9,9.1,13.6,12.7,13.5,41.0,27.4,14.3,15.7,14.3,31.5,5.6,6.0,9.4,10.1,7.8,11.3,5.0,12.1,4.5,23.8,11.9,8.7,4.3,9.6,4.0,7.4,5.2,7.5,10.0,6.9,9.8,5.5,7.7,10.6,8.2,5.4,39.1,7.1,5.1,5.9,7.8,9.5,7.8,5.2,54.9,22.9,9.3,6.2,5.3,8.1,4.5,10.7,9.2,4.9,53.0,10.3,4.9,7.7,3.9,13.0,5.5,30.3,10.1,3.0,3.9,8.1,6.5,6.7,5.5,8.4,4.4,35.7,7.3,15.4,10.9,7.4,48.0,5.9,5.8,3.6,8.5,6.0,5.6,43.4,44.9,11.3,11.3,7.3,5.5,4.3
FECH,193.8,200.55,148.25,179.7,169.0,143.8,83.2,175.35,114.45,93.65,329.35,121.75,143.0,250.65,146.05,268.15,59.45,226.9,143.25,108.75,229.3,115.2,95.15,109.2,262.25,186.64999999999998,281.75,99.65,111.35,584.5,153.25,136.55,256.1,181.8,179.7,136.6,191.95,209.3,230.45,107.4,132.35,135.0,98.25,286.5,594.55,226.85,219.95,166.60000000000002,500.0,163.1,450.5,156.25,203.95,97.9,248.2,110.6,97.0,138.4,106.6,496.79999999999995,80.65,122.69999999999999,284.55,171.64999999999998,185.9,152.4,147.95,151.5,230.55,352.4,116.7,90.4,123.1,170.85,191.95,365.8,73.95,122.8,111.65,119.6,120.65,124.9,349.95,142.9,155.3,227.15,233.04999999999998,191.95,215.55,300.0,70.69999999999999,467.9,333.15,129.95,177.0,103.85,429.5,356.70000000000005,244.1,719.2,104.0,184.85000000000002,79.05,189.15,143.7
FH,119.83333333333333,151.56666666666666,174.86666666666667,156.83333333333334,175.6,205.66666666666666,201.83333333333334,109.16666666666667,162.06666666666666,193.29999999999998,217.9,159.4,231.9333333333333,120.36666666666667,178.23333333333335,144.5,141.96666666666667,195.29999999999998,180.16666666666666,205.26666666666665,162.66666666666666,222.4333333333333,246.36666666666667,131.43333333333334,161.63333333333333,143.0,175.66666666666666,211.86666666666667,185.9,138.66666666666666,176.9333333333333,173.73333333333335,177.9,168.46666666666667,139.73333333333332,173.19999999999996,216.6,162.10000000000002,126.86666666666667,151.33333333333334,219.6,196.0666666666667,210.33333333333334,198.0666666666667,188.06666666666663,230.9,156.4,176.23333333333335,158.0,168.16666666666666,125.33333333333333,193.03333333333333,150.26666666666668,162.23333333333332,191.9,207.80000000000004,141.86666666666667,235.0333333333333,213.6,134.83333333333334,114.06666666666668,256.3666666666666,161.73333333333332,135.96666666666667,145.23333333333335,178.46666666666667,131.06666666666666,171.60000000000002,181.66666666666666,164.9333333333333,166.9,209.33333333333334,168.0666666666667,156.70000000000002,132.9,146.70000000000002,195.5333333333333,230.9333333333333,207.86666666666667,217.73333333333335,202.1,183.5,269.76666666666665,185.16666666666666,205.4,247.5,225.30000000000004,174.0333333333333,205.19999999999996,159.20000000000002,172.6,175.13333333333333,182.86666666666667,231.23333333333335,234.26666666666665,181.4,277.6333333333334,195.76666666666665,246.83333333333334,194.96666666666667,214.4666666666667,169.5,165.36666666666667,187.0,144.4333333333333
FHIT,15.3,80.3,98.3,84.6,25.5,74.8,69.4,68.1,29.9,69.3,21.5,64.7,61.9,55.7,60.1,137.8,134.6,97.5,58.8,39.0,54.6,111.7,43.6,123.5,73.2,73.0,99.6,86.5,59.1,3.3,43.4,85.8,54.0,52.4,65.2,132.4,52.0,123.9,51.6,25.1,77.3,93.8,51.5,42.6,95.6,90.0,55.0,42.5,105.0,13.6,129.8,96.0,59.6,73.7,181.2,68.9,79.7,52.3,82.9,51.2,46.2,75.0,43.0,80.2,65.8,63.8,49.4,62.6,61.2,56.4,12.8,76.6,51.7,29.2,76.1,83.3,62.5,39.4,43.8,61.8,94.5,109.3,88.7,105.8,81.8,102.0,112.0,87.6,91.9,12.3,121.7,8.7,67.7,68.7,47.2,62.1,74.2,10.4,81.5,5.9,53.3,57.7,31.1,86.9,9.6
FIS1,360.3,312.6,395.7,447.3,338.6,470.9,279.6,710.0,330.2,369.1,458.5,232.6,368.1,638.3,316.9,387.5,452.9,400.6,359.5,532.8,517.0,346.4,339.3,338.9,507.8,421.0,400.3,481.9,422.0,782.8,607.3,407.1,608.4,407.8,393.8,392.4,372.7,506.2,460.4,389.1,418.2,234.0,214.5,550.8,535.8,360.0,480.5,443.3,596.7,332.8,1026.9,399.0,456.1,507.8,528.9,459.6,516.2,306.4,465.7,702.0,251.7,299.0,494.1,426.7,282.0,403.3,459.7,381.3,505.8,590.2,425.4,350.0,322.0,647.0,388.7,444.6,365.9,355.0,377.2,254.9,397.3,349.5,591.3,463.3,374.3,326.6,598.1,446.0,490.4,503.3,391.3,633.8,453.2,347.5,419.7,255.5,427.0,483.0,432.6,628.6,402.1,351.5,481.4,403.4,557.3
FKBP10,10.7,11.1,14.8,7.4,8.9,8.1,7.1,16.7,7.2,6.2,7.1,8.6,6.8,12.0,10.3,9.8,11.3,14.2,11.4,7.5,9.8,10.7,7.8,8.7,21.2,7.7,10.5,7.4,15.6,18.3,15.2,13.0,16.2,7.1,7.0,9.7,8.2,9.5,17.6,5.9,5.9,10.9,6.4,8.5,21.9,25.1,5.5,14.0,6.0,7.8,14.6,8.2,5.3,3.7,12.9,8.0,7.7,5.5,8.0,15.0,6.2,8.3,16.0,11.8,7.8,12.4,8.0,8.3,19.0,18.7,25.2,6.8,8.0,19.2,15.9,7.1,10.3,8.8,7.0,7.8,9.0,7.9,11.6,9.3,8.3,6.8,15.3,9.7,9.1,19.1,9.6,25.3,8.5,40.1,9.9,18.3,22.1,24.1,21.9,7.8,15.5,10.8,6.8,17.6,9.6
FKBP8,37.6,105.86666666666667,15.1,40.800000000000004,45.56666666666666,28.566666666666663,65.26666666666667,264.56666666666666,59.46666666666666,98.2,35.0,75.13333333333333,15.6,304.8333333333333,36.23333333333333,126.30000000000001,82.2,94.0,148.83333333333334,18.266666666666666,61.666666666666664,59.0,44.29999999999999,60.76666666666667,60.133333333333326,63.199999999999996,133.70000000000002,34.300000000000004,73.06666666666666,169.8,89.66666666666667,70.06666666666666,161.20000000000002,108.0,77.0,205.16666666666666,25.766666666666666,55.099999999999994,103.89999999999999,40.93333333333333,71.3,55.9,46.73333333333333,77.63333333333333,132.0666666666667,125.39999999999999,42.266666666666666,72.3,141.29999999999998,208.63333333333333,227.4,109.56666666666668,59.26666666666667,35.6,83.46666666666667,37.43333333333333,74.89999999999999,39.23333333333333,38.666666666666664,107.60000000000001,47.666666666666664,75.8,171.63333333333333,67.03333333333333,123.73333333333333,63.43333333333334,40.166666666666664,90.76666666666667,148.9,187.4,201.23333333333335,48.23333333333333,44.26666666666667,38.199999999999996,35.1,85.56666666666666,37.7,66.7,75.60000000000001,50.03333333333333,76.73333333333333,73.26666666666667,37.3,99.43333333333334,41.63333333333333,109.60000000000001,230.33333333333334,163.73333333333335,195.4333333333333,143.5,162.26666666666665,224.0666666666667,160.79999999999998,37.333333333333336,78.9,111.66666666666667,177.69999999999996,170.36666666666667,139.26666666666665,173.29999999999998,213.0,220.86666666666665,100.36666666666667,148.0666666666667,205.46666666666667
FLAD1,48.150000000000006,58.5,74.4,86.4,64.3,50.05,58.900000000000006,34.65,64.3,74.55,36.05,48.75,63.5,79.3,57.849999999999994,81.25,93.25,109.7,60.7,78.8,57.2,77.65,68.75,71.2,112.5,53.75,57.25,72.0,58.849999999999994,55.25,75.15,58.7,59.35,66.1,52.35,45.3,75.2,68.75,79.3,32.0,84.75,39.55,59.4,62.5,54.95,48.7,81.75,68.85,87.7,57.400000000000006,51.05,72.95,64.75,72.3,73.7,52.15,57.25,36.8,61.150000000000006,105.35,49.05,61.1,51.5,59.0,86.3,76.25,54.05,66.55,49.099999999999994,41.7,127.0,67.15,52.45,92.2,88.6,52.15,66.2,78.25,73.6,62.2,85.30000000000001,22.75,73.95,73.44999999999999,51.35,78.5,95.85,66.9,46.75,45.3,100.30000000000001,68.55,62.2,68.8,74.95,38.2,76.05,97.15,91.5,34.25,24.65,77.9,72.05000000000001,76.85,65.8
FPGS,120.8,38.4,120.8,197.2,132.3,41.6,115.3,218.1,89.4,145.3,183.7,49.9,82.5,139.1,116.9,139.9,91.3,127.5,34.8,94.8,130.0,167.5,95.9,83.2,160.5,84.3,194.5,169.6,104.8,157.6,55.2,111.7,44.9,93.8,124.3,107.8,85.3,195.5,154.4,146.9,133.0,55.8,121.8,108.6,98.6,101.8,141.9,105.8,119.0,14.9,189.5,177.0,113.9,118.1,142.0,132.7,125.9,144.3,107.5,139.4,38.3,174.3,152.4,122.6,38.1,175.2,90.5,114.8,122.7,143.9,209.3,109.5,117.8,152.4,85.5,120.5,128.0,79.4,156.7,72.4,113.1,24.4,46.3,109.6,117.0,94.8,190.5,107.3,147.3,47.0,26.9,143.9,99.5,82.6,33.1,117.7,43.2,153.9,72.6,147.0,101.8,205.2,119.2,213.6,231.9
FTH1,2408.9,2769.15,2569.2,3437.8,2684.7999999999997,2569.8,2869.6499999999996,2308.9500000000003,2680.0,3498.1,3265.8999999999996,3284.9,4125.6,3295.75,2783.55,2564.4,2711.75,2369.2000000000003,2738.6,3888.2000000000003,3285.7999999999997,2533.35,3183.3,2709.55,3373.1,3841.05,3002.6000000000004,2884.15,4144.5,3967.15,4481.849999999999,3047.8,3633.25,2983.7000000000003,3401.4,3774.35,3238.0,3894.25,5005.3,4130.95,3038.7,4481.3,3595.65,2837.1,2789.5,3457.4,3941.5499999999997,3348.25,3838.2,3637.0,4410.849999999999,3388.65,3443.2000000000003,3410.2000000000003,3106.5,3069.05,3761.6499999999996,2716.35,3654.15,3859.55,4393.4,3358.7999999999997,2975.15,4870.05,4197.5,3642.9500000000003,3703.85,3033.5,4558.4,3514.45,4223.8,3616.5499999999997,3655.75,2580.75,3840.55,4745.75,3493.0499999999997,3780.1,3855.2999999999997,3709.95,3292.2999999999997,3876.2999999999997,2693.5,3854.2,3776.6,3313.75,2950.95,3616.5,4728.099999999999,4355.15,2728.6499999999996,3953.4500000000003,3383.15,3421.95,3659.95,3729.0,3281.1,3406.5499999999997,3060.85,5365.349999999999,3464.2999999999997,3116.0499999999997,4057.0,3598.9,5226.8
FXN,83.0,84.1,82.4,50.2,63.9,99.3,52.3,106.3,71.6,38.4,16.6,64.3,42.7,62.0,53.8,60.4,51.1,77.9,52.4,58.4,73.6,46.1,44.3,50.6,65.6,55.0,52.4,98.3,66.1,53.7,32.7,76.7,42.9,58.8,64.2,43.7,59.8,60.2,32.6,69.2,61.2,48.5,52.2,102.6,46.0,85.4,36.2,65.1,79.1,5.6,70.4,63.3,71.5,51.3,55.5,58.4,78.7,87.6,32.5,64.4,34.5,58.8,54.1,42.6,36.2,40.4,94.8,61.5,65.7,70.8,33.0,35.6,63.3,70.4,51.8,58.7,67.3,64.8,59.3,64.1,44.0,55.8,64.4,65.0,20.1,50.1,61.7,71.2,8.4,45.5,74.2,45.7,55.3,76.3,55.1,35.8,4.3,45.6,22.3,87.9,30.9,48.3,88.9,55.4,4.9
GADD45GIP1,6.85,28.15,33.65,18.6,40.5,29.950000000000003,5.8,12.15,23.45,21.8,8.350000000000001,36.849999999999994,14.100000000000001,18.45,34.3,7.6,11.2,11.35,30.75,6.95,24.05,14.55,40.95,7.85,17.8,5.75,9.450000000000001,26.049999999999997,12.850000000000001,7.300000000000001,46.0,11.1,9.75,16.200000000000003,19.200000000000003,29.75,11.25,22.4,12.3,24.05,7.95,9.25,8.149999999999999,34.7,31.85,15.35,21.5,11.65,6.15,17.1,7.95,9.399999999999999,21.7,21.0,32.3,28.2,17.75,7.8500000000000005,60.25,7.25,11.75,19.55,25.35,14.1,8.75,7.550000000000001,18.15,63.0,11.15,42.55,19.7,59.05,9.9,11.15,12.2,49.1,21.549999999999997,28.1,32.8,9.05,7.3,28.05,12.25,8.2,5.95,18.85,22.05,23.05,9.65,22.4,9.6,16.7,35.349999999999994,9.15,21.900000000000002,9.35,10.7,7.2,9.700000000000001,8.6,44.15,8.100000000000001,37.5,11.7,74.95
GATC,22.8,8.7,36.1,22.2,38.2,15.4,37.3,11.8,39.8,25.1,32.5,16.2,39.3,29.4,33.2,15.4,8.3,27.3,12.8,5.4,13.0,28.5,22.7,28.3,11.2,20.5,28.0,37.6,41.2,56.7,28.5,40.7,22.6,18.6,30.7,23.0,15.5,39.4,26.5,42.6,20.9,24.1,2.7,27.5,26.8,29.9,19.0,30.6,17.6,6.6,52.9,19.7,20.2,10.1,35.7,11.6,19.2,31.4,42.4,19.5,39.1,29.3,7.8,37.8,18.6,37.7,38.9,4.8,72.5,71.4,34.9,7.0,30.8,77.6,15.6,27.5,37.0,74.9,29.7,30.8,36.9,30.1,27.1,6.8,49.5,24.0,9.7,7.7,21.4,13.9,28.4,37.4,33.6,22.9,5.1,8.5,27.1,59.4,48.0,34.5,52.1,65.4,5.0,61.6,61.0
GATM,24.75,30.1,30.55,14.899999999999999,23.0,38.4,29.35,27.299999999999997,21.6,21.700000000000003,39.7,18.85,50.5,22.2,17.700000000000003,24.0,19.75,34.0,29.900000000000002,21.1,53.7,20.5,42.900000000000006,24.4,17.85,23.15,17.05,39.9,30.849999999999998,34.15,16.150000000000002,27.450000000000003,15.05,26.55,37.7,25.75,22.5,27.9,41.55,43.9,23.7,16.4,25.85,30.25,11.8,49.0,18.05,23.4,23.3,26.75,29.5,19.2,20.4,31.450000000000003,39.85,34.5,11.049999999999999,42.75,13.600000000000001,36.6,14.95,38.6,34.75,15.2,7.5,27.1,20.95,11.950000000000001,39.5,30.950000000000003,37.2,27.0,31.8,26.1,12.75,17.1,37.95,20.9,26.05,35.75,40.7,23.95,39.25,39.8,27.65,26.599999999999998,44.7,48.05,39.15,36.5,34.45,53.7,57.900000000000006,24.95,29.599999999999998,33.1,28.0,41.7,19.95,36.9,41.9,50.699999999999996,29.599999999999998,42.2,82.2
GCAT,61.45,57.35,73.6,19.7,58.4,35.9,52.75,70.15,43.45,62.75,50.7,38.25,26.95,70.05,56.3,85.75,41.199999999999996,62.05,92.05000000000001,36.150000000000006,57.8,68.2,51.599999999999994,55.15,96.44999999999999,56.8,65.9,85.9,45.199999999999996,75.7,58.6,55.0,61.5,57.5,32.25,28.0,48.2,45.8,87.55,19.7,62.05,35.6,47.949999999999996,77.75,27.45,84.44999999999999,51.3,45.6,65.1,55.5,107.10000000000001,43.3,44.45,46.349999999999994,46.0,45.25,32.0,66.85,31.75,40.699999999999996,19.0,48.15,40.2,59.6,38.400000000000006,44.8,43.15,59.05,20.0,74.25,46.25,41.199999999999996,54.3,72.15,68.60000000000001,64.15,39.55,37.2,72.4,33.7,72.6,52.4,48.15,58.199999999999996,39.1,17.2,32.65,75.2,67.75,45.1,17.8,51.699999999999996,40.5,64.1,42.9,71.10000000000001,71.3,130.85,23.200000000000003,101.25,49.15,129.4,48.25,69.5,59.05
GCDH,50.65,44.650000000000006,68.35,88.3,71.7,52.099999999999994,35.5,82.7,59.9,25.75,63.7,60.9,75.75,83.55,71.4,59.400000000000006,78.4,76.95,82.4,58.95,68.1,93.1,48.599999999999994,93.15,64.45,55.85,48.900000000000006,97.35,48.8,75.4,76.80000000000001,80.55,80.35,61.2,68.2,86.65,60.3,67.30000000000001,82.4,72.6,77.55,34.65,64.35,60.2,72.35,50.6,81.65,76.4,49.5,50.3,118.15,81.6,51.150000000000006,58.55,56.35,59.150000000000006,62.75,68.55,62.25,70.30000000000001,38.5,56.599999999999994,71.65,63.5,25.0,39.85,60.6,77.35,70.2,82.35,49.45,72.6,34.5,69.7,60.0,111.2,62.5,49.25,48.400000000000006,43.9,72.85,73.45,77.9,39.400000000000006,49.65,69.7,39.4,67.45,62.35,56.849999999999994,73.9,76.05000000000001,70.25,66.1,96.80000000000001,53.449999999999996,106.65,112.05,65.4,85.0,64.8,80.45,78.65,71.2,26.599999999999998
GDAP1,5.5,22.2,4.1,6.3,30.0,22.4,32.4,31.3,5.4,6.2,4.2,10.0,2.1,7.5,18.4,5.4,5.3,10.2,9.4,7.2,58.0,34.5,4.7,4.7,21.9,4.7,48.0,31.8,5.0,4.7,10.7,4.4,3.8,4.5,7.4,12.7,9.4,41.1,75.6,8.4,13.0,3.0,8.4,4.9,10.6,5.7,3.8,3.4,45.2,44.4,13.9,4.1,15.5,17.4,9.2,45.0,20.0,10.7,6.3,15.9,55.3,6.7,13.5,35.1,3.8,42.2,31.9,38.5,37.5,4.8,18.4,3.9,10.6,4.8,7.2,12.5,14.6,8.2,6.3,55.5,6.5,44.5,6.2,11.1,7.6,6.0,21.5,77.2,10.0,12.1,8.6,6.8,10.0,29.1,55.7,9.2,4.9,11.7,22.1,55.2,5.2,12.6,44.9,10.3,82.6
GFER,18.35,15.100000000000001,23.4,23.7,39.5,19.8,9.45,38.650000000000006,35.2,14.8,34.15,34.2,36.0,12.0,26.85,23.049999999999997,27.5,14.75,12.100000000000001,7.35,16.85,13.8,43.4,24.4,22.0,9.95,41.85,28.05,24.2,27.25,25.05,13.2,26.200000000000003,20.6,24.35,7.949999999999999,24.650000000000002,27.7,9.85,15.4,29.599999999999998,38.6,35.1,30.75,31.1,14.65,26.5,27.85,22.5,30.150000000000002,36.1,40.6,32.35,17.15,21.0,36.650000000000006,34.7,13.3,16.6,10.8,22.400000000000002,23.299999999999997,28.3,25.5,7.300000000000001,32.4,39.15,39.3,11.05,32.55,11.85,29.75,32.65,17.900000000000002,33.5,52.6,23.25,16.4,36.4,25.299999999999997,15.600000000000001,22.6,17.549999999999997,9.9,20.5,26.15,22.1,18.2,28.4,10.7,22.5,26.25,23.3,31.55,14.7,28.95,58.8,41.699999999999996,31.75,53.5,14.35,47.15,54.6,42.050000000000004,51.2
GFM1,63.4,10.3,9.0,54.4,55.8,55.8,42.9,11.8,27.6,23.1,48.6,54.8,7.6,28.1,22.3,40.4,53.5,39.0,70.8,38.2,12.5,13.2,9.2,44.4,54.5,29.4,7.6,84.9,33.4,54.8,28.1,31.4,42.6,28.2,40.1,8.5,14.3,15.1,26.0,12.1,5.8,7.8,30.3,14.4,7.2,4.5,17.0,46.6,8.4,8.4,15.3,26.8,7.3,4.8,44.3,13.7,29.3,11.8,7.4,17.2,18.1,68.1,35.6,9.9,6.8,9.2,7.5,8.9,26.8,9.7,18.2,70.2,41.6,7.0,22.1,21.7,19.1,45.0,17.8,23.7,27.7,23.9,19.9,9.6,9.8,60.1,51.9,50.1,38.9,49.6,10.8,33.9,8.1,29.7,55.1,9.2,90.4,12.2,12.5,22.9,132.1,16.7,59.4,7.9,22.2
GHITM,571.25,586.95,589.35,555.6,533.7,677.9000000000001,684.8,276.5,500.45000000000005,579.1500000000001,697.65,519.5999999999999,698.7,305.65,601.7,580.35,464.20000000000005,387.8,423.2,683.1,560.0,505.20000000000005,640.2,485.70000000000005,526.9,568.0,503.1,475.9,564.3,536.65,605.2,608.5,530.75,613.8,591.05,635.9,518.75,562.2,646.65,662.1,583.65,706.1500000000001,632.7,515.75,575.0,464.8,580.3,670.55,613.1500000000001,421.54999999999995,406.4,546.65,721.8,647.45,612.45,592.25,569.7,642.9,601.85,456.15000000000003,639.5,534.0999999999999,502.7,604.25,564.7,667.9,682.65,533.7,470.34999999999997,443.0,428.9,557.3499999999999,539.25,650.3,590.3,632.0,676.3,632.2,568.6,678.1,534.1,546.9,614.9,550.05,468.95,635.05,413.65,466.2,411.25,431.29999999999995,609.75,491.8,461.95,732.55,580.25,595.4,519.85,445.59999999999997,419.75,573.9,428.05,439.25,625.9,492.15,400.55
GLDC,30.7,46.2,48.8,18.9,59.2,39.3,41.0,32.6,36.7,23.1,29.4,29.5,25.0,78.5,50.9,42.0,42.3,75.8,56.2,31.2,36.8,46.0,28.0,57.9,26.6,44.4,56.3,27.1,43.1,19.8,30.4,7.7,55.4,23.9,51.9,22.0,9.2,43.1,22.2,49.8,46.0,13.9,13.9,45.2,19.1,18.6,25.0,42.0,29.9,36.5,48.6,32.7,31.3,31.2,19.9,28.2,18.6,46.1,13.4,42.4,15.8,32.6,31.0,31.6,19.4,12.8,67.2,16.8,39.8,55.4,37.4,25.1,65.6,8.8,20.2,17.3,14.6,20.3,8.5,33.2,19.6,46.2,12.7,37.9,5.3,75.4,33.1,12.2,40.9,22.7,23.1,23.9,15.6,37.7,84.9,11.1,74.5,83.9,20.1,38.3,88.9,68.8,29.0,65.4,84.3
GLOD4,137.4,110.4,118.9,80.3,136.5,167.5,123.4,60.6,145.1,159.3,110.0,84.7,158.6,127.4,87.6,87.0,69.4,85.5,124.3,234.9,151.3,156.9,131.8,117.1,86.7,100.6,114.1,131.1,172.9,72.1,105.2,124.6,75.9,149.7,153.6,137.3,154.1,109.2,133.3,173.6,140.6,171.3,139.2,140.3,120.6,165.7,125.2,200.7,135.3,112.0,108.0,147.5,170.7,162.5,174.2,181.4,143.0,193.4,139.4,64.8,110.7,171.9,155.0,118.0,87.8,162.2,174.8,226.1,119.1,148.0,172.9,142.9,113.7,159.3,74.6,99.0,181.5,199.7,124.2,126.1,203.8,163.6,149.6,147.1,151.4,171.9,110.8,99.3,117.0,114.7,154.8,119.7,149.3,174.7,162.8,179.4,175.3,104.5,131.5,121.8,236.0,95.1,144.6,123.4,112.3
GLRX2,93.3,81.0,123.9,93.7,110.6,137.1,95.1,48.3,92.8,79.8,79.0,99.6,59.6,86.1,105.9,54.5,84.8,74.7,58.6,53.8,93.6,119.3,101.6,154.7,84.3,113.4,70.0,53.1,89.0,75.7,117.4,137.6,79.7,91.2,63.9,70.5,88.2,69.3,92.0,97.5,52.3,77.6,101.2,89.9,62.3,82.8,71.4,72.2,42.4,48.3,81.7,102.1,81.1,142.2,86.4,92.6,65.7,99.8,58.9,58.6,105.1,78.9,99.9,92.4,45.0,99.6,88.1,80.1,97.0,59.4,119.4,87.3,94.7,95.8,83.9,92.7,76.6,64.2,102.7,101.3,55.0,85.4,51.0,91.5,111.7,84.9,86.2,82.0,25.5,83.1,40.6,59.8,15.8,47.3,74.1,100.6,30.1,69.5,114.6,94.8,101.2,51.2,63.0,69.1,126.0
GLRX5,303.6,768.4,148.0,651.8,291.1,308.0,153.3,660.4,167.6,145.1,1008.5,151.7,360.7,1160.9,150.1,555.3,118.5,670.5,70.4,377.3,1026.9,534.9,109.9,426.3,1321.1,883.6,1305.0,248.1,395.4,1265.5,731.5,343.4,947.2,339.0,561.4,313.4,526.4,553.0,757.1,310.2,428.4,212.1,199.7,1028.4,1310.3,726.4,779.3,305.9,1523.1,489.4,1503.3,324.1,556.6,414.1,1404.0,470.6,544.8,499.7,443.9,1424.1,163.5,236.9,1415.8,612.3,1180.5,247.7,217.0,477.5,912.9,823.2,596.4,277.1,155.5,490.4,620.5,878.3,200.7,157.4,209.7,295.3,282.6,340.6,991.3,334.9,414.1,623.0,457.1,690.7,679.6,999.7,299.3,1716.6,818.9,328.2,534.5,449.0,1451.3,1050.9,1210.6,3901.7,686.1,479.6,378.1,398.0,608.3
GLS,154.44,142.72,138.1,127.93999999999998,171.04,172.0,134.4,126.72,166.94,144.48,133.85999999999999,214.84,125.72,116.82000000000001,155.16000000000003,142.28,92.7,143.4,123.34,145.38000000000002,134.16,140.9,142.1,137.68,130.04000000000002,123.9,110.52000000000001,125.8,116.72,121.67999999999999,110.85999999999999,153.64,132.6,145.95999999999998,145.68,128.52,135.95999999999998,111.43999999999998,111.14000000000001,128.83999999999997,148.94,125.74000000000001,143.84,125.62,135.35999999999999,137.48,129.42000000000002,137.5,143.78,95.22,169.74,129.38,155.78,130.16000000000003,176.5,160.62,142.64000000000001,124.62,134.04000000000002,106.82000000000001,124.44000000000001,147.44,139.48,123.85999999999999,145.9,166.18,145.2,180.83999999999997,123.96,116.58,126.2,141.94,152.2,169.82,131.94,123.42,141.42000000000002,136.22,132.88,115.02000000000001,134.98,142.98000000000002,121.22,114.2,138.7,115.1,129.02,162.38,139.8,117.08,139.18,103.2,139.36,106.25999999999999,126.1,157.26,168.82,120.28,194.45999999999998,87.86,207.42,99.98,151.6,102.75999999999999,107.05999999999999
GLS2,18.6,29.9,14.3,41.9,37.3,56.5,23.6,25.2,26.6,35.7,38.2,13.2,33.3,63.1,16.9,20.2,52.2,27.1,24.6,44.1,32.4,33.0,46.3,45.6,59.2,45.9,76.7,29.5,12.5,72.2,25.1,48.9,47.2,34.0,25.1,64.1,48.5,43.8,51.4,12.3,12.1,14.3,20.1,78.1,57.3,122.0,10.4,52.2,12.5,52.5,22.9,49.4,14.9,17.3,14.5,39.6,22.1,44.7,6.9,24.3,9.4,65.6,60.0,52.1,12.1,52.9,46.8,51.1,8.4,84.9,50.2,14.7,53.3,13.1,58.3,32.1,46.3,16.6,13.0,50.2,14.6,19.4,65.8,103.8,73.0,71.3,33.3,28.6,73.5,79.6,48.6,106.2,56.9,36.3,48.8,85.5,23.1,89.0,23.4,92.2,99.7,65.5,65.8,14.2,51.4
GLUD1,111.25,151.4,160.9,161.3,154.95,201.5,163.35,48.05,154.65,152.75,144.1,222.05,163.10000000000002,70.69999999999999,158.15,134.95,80.4,50.5,108.65,184.0,166.9,154.9,137.45,162.5,165.65,146.15,147.45,187.95,124.1,141.95,68.55,188.35,119.55,155.39999999999998,179.15,189.55,152.05,115.75,117.19999999999999,144.65,177.85,189.10000000000002,160.75,76.80000000000001,145.65,110.05000000000001,148.25,204.35000000000002,173.55,68.0,83.35,120.1,178.15,161.05,197.8,122.80000000000001,63.75,166.05,178.5,107.25,145.85,68.05000000000001,140.95,144.0,130.6,162.35,134.8,160.85,156.3,113.05,78.69999999999999,148.4,159.25,134.60000000000002,86.15,100.6,69.05,112.05,115.19999999999999,129.25,119.94999999999999,135.5,210.05,135.4,155.8,67.7,178.9,96.55,68.3,48.550000000000004,108.4,125.19999999999999,209.85,131.7,158.8,169.64999999999998,76.2,171.29999999999998,115.05000000000001,85.25,176.65,196.25,150.65,55.550000000000004,107.80000000000001
GLUD2,59.400000000000006,75.15,63.2,56.4,56.3,63.099999999999994,72.45,35.199999999999996,91.05,70.85000000000001,54.1,46.0,58.3,58.65,44.45,81.5,47.65,40.5,48.05,53.75,77.8,72.0,81.75,57.6,72.75,41.65,70.5,55.1,61.900000000000006,39.5,28.3,67.05,66.15,110.95,65.25,65.5,51.9,37.8,57.65,76.4,63.15,60.45,51.65,75.15,65.4,69.65,50.2,52.550000000000004,66.8,81.19999999999999,71.05000000000001,63.900000000000006,61.65,61.8,60.900000000000006,48.45,73.14999999999999,59.5,43.550000000000004,51.0,54.7,60.25,69.55,58.550000000000004,37.85,57.8,65.7,83.25,51.95,83.95,102.75,59.0,77.0,56.25,63.35,64.9,43.4,59.05,52.35,55.75,59.3,41.900000000000006,65.5,76.9,92.69999999999999,88.80000000000001,66.5,63.85,59.65,51.7,56.95,75.15,77.2,59.75,78.14999999999999,86.05000000000001,49.85,49.45,68.25,72.3,100.25,69.7,72.60000000000001,82.65,88.85
GLYAT,50.300000000000004,45.6,20.75,38.1,48.3,32.800000000000004,33.3,64.8,50.0,36.8,31.5,41.15,39.75,63.599999999999994,45.349999999999994,41.4,46.5,74.89999999999999,22.45,42.0,42.300000000000004,54.6,28.05,41.849999999999994,30.9,36.099999999999994,59.35,63.2,35.5,37.75,15.25,18.95,38.6,36.9,41.25,11.9,22.85,20.5,46.8,36.5,28.85,18.450000000000003,11.1,65.3,33.5,26.1,21.0,29.35,31.5,39.199999999999996,38.949999999999996,31.349999999999998,15.5,36.75,29.2,23.0,9.15,42.35,32.7,34.15,43.55,21.6,27.7,34.15,33.35,41.95,27.849999999999998,43.55,20.8,42.699999999999996,44.550000000000004,24.299999999999997,35.1,43.0,50.75,44.95,20.05,7.5,25.049999999999997,43.699999999999996,22.95,27.2,35.599999999999994,47.2,38.95,14.100000000000001,59.150000000000006,39.3,52.4,53.5,20.549999999999997,37.3,17.95,30.849999999999998,12.600000000000001,28.35,20.8,45.8,16.7,45.55,34.8,40.55,17.65,13.7,15.05
GOLPH3,282.3,231.3,214.4,119.4,207.5,219.6,263.8,98.7,213.5,231.8,334.6,189.7,196.4,110.3,233.7,171.6,105.0,99.3,91.3,250.8,168.5,234.3,242.8,236.6,231.5,207.7,150.7,197.6,205.0,214.4,194.8,280.2,186.3,267.4,206.2,220.3,163.8,197.2,193.5,304.0,231.9,235.6,232.2,158.5,240.1,169.6,190.4,296.3,205.6,156.9,162.4,157.1,381.1,267.5,241.4,201.1,252.7,214.4,241.1,93.1,205.2,176.1,240.8,293.2,234.7,230.5,212.9,239.8,180.3,193.6,199.4,193.5,218.5,253.5,193.5,190.5,187.3,226.4,165.8,212.6,148.3,138.2,244.7,130.4,166.4,162.8,122.0,207.4,129.0,140.6,138.1,143.7,144.3,291.3,166.4,162.9,195.3,155.4,134.1,131.0,111.4,71.7,291.5,112.6,133.3
GOT2,194.8,206.9,148.2,248.6,188.1,180.0,228.6,156.2,186.7,149.5,172.3,161.5,159.3,93.5,217.9,241.5,238.1,217.4,271.0,278.3,170.2,192.0,192.1,288.4,285.5,323.0,272.9,236.1,208.2,194.8,142.4,161.4,155.7,75.8,176.5,216.3,264.2,249.0,125.6,203.7,192.2,158.9,162.4,270.0,182.2,180.5,252.7,130.1,89.7,156.9,80.7,251.2,134.3,138.9,246.0,216.7,179.2,180.2,215.9,96.6,121.2,203.4,151.3,209.6,111.9,198.3,226.0,141.5,236.0,112.0,101.7,185.4,118.5,179.4,140.5,120.3,129.1,221.6,159.8,142.6,153.0,208.3,111.4,139.0,97.4,140.1,82.5,164.1,93.4,118.5,165.1,56.4,188.6,154.5,164.9,195.2,195.2,162.6,176.9,94.0,97.8,111.9,75.8,163.7,129.1
GPD2,16.45,19.65,33.05,27.6,25.8,24.35,14.3,11.2,22.75,14.75,29.8,39.0,27.8,12.9,21.299999999999997,28.2,27.25,30.5,32.2,16.8,41.3,7.35,40.5,27.65,40.4,20.85,11.3,28.55,36.7,11.8,32.35,17.5,18.25,24.55,7.95,32.9,31.4,17.15,49.2,15.75,12.05,23.0,16.599999999999998,32.65,21.55,30.2,20.1,10.75,18.5,31.75,20.0,11.95,13.649999999999999,16.3,14.25,21.8,14.850000000000001,39.65,25.65,38.050000000000004,16.2,35.15,14.5,18.85,23.55,54.65,27.099999999999998,5.8,20.0,18.1,11.9,31.35,28.549999999999997,37.15,12.4,22.650000000000002,19.25,9.15,12.0,19.75,33.55,18.25,19.75,16.4,32.9,29.4,5.3,40.6,45.9,8.35,37.349999999999994,30.75,13.3,29.549999999999997,28.9,45.15,10.049999999999999,26.1,21.25,38.6,57.25,21.0,59.099999999999994,7.85,29.1
GPX1,2892.1,3282.8,1878.8,1937.7,2334.4,2700.4,2751.8,3770.8,2786.1,2284.9,2638.7,1853.8,2622.0,4009.4,2366.3,3263.8,2475.8,3364.9,1599.4,1940.3,2377.1,2587.2,1690.1,2997.5,3311.8,3429.4,2286.2,2191.8,3458.8,3581.8,4439.5,2136.6,3788.7,2707.7,3512.4,3057.5,2938.6,1762.4,4029.9,2703.8,3156.6,1554.3,1272.8,4541.8,3849.3,4364.3,3345.2,2933.0,4600.0,3274.3,5867.4,2871.2,3183.4,2420.8,3256.8,2595.1,2819.9,1281.7,2307.5,7230.2,1327.7,2209.8,3390.9,2840.0,3058.3,1903.7,2710.9,2048.2,4548.4,4054.6,2559.2,2041.0,2514.7,3055.6,3264.9,2384.5,1920.4,2197.2,2666.5,2182.6,2133.1,2316.3,4134.5,2337.4,3021.5,3082.2,2863.6,2561.7,3181.6,3012.4,2860.1,5813.2,4634.1,2439.8,2206.2,2324.9,4049.6,3701.7,2936.4,2666.8,2018.5,4067.9,2686.4,2619.7,2813.6
GPX4,481.0,572.1,622.3,721.4,446.9,410.1,616.2,1056.5,515.5,440.2,525.9,533.3,443.4,813.2,589.5,785.0,856.3,656.0,672.8,327.0,562.9,592.2,379.7,537.3,558.1,620.1,661.5,327.8,803.3,618.6,543.8,609.5,670.9,503.3,597.8,663.0,511.8,536.8,584.4,483.6,583.8,545.7,429.3,408.8,721.6,650.7,587.8,526.6,516.6,681.1,663.5,559.6,421.2,395.7,630.2,460.1,460.2,361.8,545.8,677.7,453.7,499.0,679.4,650.4,548.3,583.3,348.1,457.9,645.8,504.2,555.2,625.1,446.2,566.6,512.9,504.4,353.0,664.2,511.3,434.3,577.5,580.3,416.3,448.7,454.9,667.0,731.6,394.4,850.3,717.9,480.7,583.4,707.2,437.9,661.8,448.5,637.1,481.0,466.1,479.3,492.3,654.6,471.6,598.1,706.5
GRHPR,178.26666666666665,148.16666666666666,175.70000000000002,200.6,158.93333333333334,175.79999999999998,165.86666666666667,209.0,157.9,252.5666666666667,151.43333333333334,245.6,152.53333333333333,190.73333333333335,183.70000000000002,234.19999999999996,235.5666666666667,177.5,216.20000000000002,171.29999999999998,193.33333333333334,222.03333333333333,167.36666666666667,186.13333333333333,168.96666666666667,140.53333333333333,161.2,200.86666666666667,157.36666666666667,189.79999999999998,148.6,155.6,171.76666666666668,124.23333333333333,195.26666666666665,134.5,185.63333333333333,150.29999999999998,277.6666666666667,179.9333333333333,144.53333333333333,147.03333333333333,203.23333333333335,185.13333333333335,116.96666666666665,221.6,158.63333333333333,169.26666666666668,147.76666666666665,192.9333333333333,160.53333333333333,252.76666666666668,171.63333333333333,141.29999999999998,172.33333333333334,188.4,232.0,185.73333333333335,120.56666666666666,199.86666666666665,115.59999999999998,187.16666666666666,173.4,116.96666666666665,146.16666666666666,157.83333333333334,185.9,161.20000000000002,145.9,233.36666666666665,174.5,240.5,158.96666666666667,204.86666666666667,156.29999999999998,208.5666666666667,175.83333333333334,155.03333333333333,195.53333333333333,194.46666666666667,184.96666666666667,134.03333333333333,116.96666666666665,214.86666666666667,182.36666666666667,200.23333333333335,156.29999999999998,162.93333333333334,166.03333333333333,139.20000000000002,210.79999999999998,219.5333333333333,196.70000000000002,178.96666666666667,207.0666666666667,183.5,251.36666666666667,218.76666666666665,229.13333333333333,191.03333333333333,196.6,223.23333333333335,196.0666666666667,185.1,173.5
GRPEL1,131.6,102.25,74.44999999999999,135.65,90.0,205.9,80.8,73.5,118.39999999999999,94.55,83.3,63.449999999999996,106.89999999999999,95.30000000000001,69.35,141.8,59.8,125.15,83.4,108.35,109.45,155.25,122.6,101.15,60.5,109.7,95.2,156.60000000000002,88.0,115.2,137.6,123.3,102.35,89.35,134.1,150.8,94.9,154.9,79.75,113.55,149.1,52.9,159.55,141.6,113.19999999999999,125.65,152.2,135.25,101.7,95.2,84.45,107.65,166.85000000000002,133.95,156.6,141.6,136.55,139.3,155.05,115.0,89.75,112.0,92.55000000000001,138.95,117.6,91.8,155.8,118.5,51.150000000000006,90.25,32.45,79.35,99.05,152.3,106.75,111.65,130.3,127.8,139.6,123.05,112.15,111.80000000000001,126.8,104.25,155.5,102.15,30.700000000000003,121.75,150.9,72.1,113.80000000000001,93.05,132.15,155.45,133.75,111.8,86.35,119.55000000000001,38.0,78.2,48.300000000000004,68.85000000000001,57.0,133.65,183.25
GRSF1,100.7,83.875,96.425,67.57499999999999,94.42500000000001,108.325,97.675,74.875,97.6,69.425,57.275,62.375,94.475,104.0,77.725,68.15,76.25,65.025,67.875,79.45,84.425,76.025,81.725,69.475,62.65,82.45,85.0,83.425,74.0,74.6,77.1,84.6,57.425,84.8,87.425,67.55,94.92500000000001,73.075,60.099999999999994,82.05000000000001,90.675,75.55,91.375,80.55,83.4,83.45,75.47500000000001,77.95,75.05,76.1,112.55,70.1,87.95,88.55,91.1,87.525,99.225,74.15,97.575,51.8,69.725,80.15,86.35,82.875,61.875,77.45,94.0,93.10000000000001,74.725,86.375,81.175,85.125,77.875,110.4,80.125,82.225,80.2,106.1,49.6,75.975,74.75,71.75,65.725,66.025,75.775,89.625,78.675,75.69999999999999,86.175,71.625,76.6,72.8,80.4,88.075,79.425,92.475,78.8,53.75,102.175,65.225,81.825,51.474999999999994,93.7,60.2,77.5
GSR,112.3,147.2,139.8,101.3,120.7,79.6,154.4,162.0,127.0,162.8,116.1,97.7,66.8,118.5,102.7,136.6,87.7,99.4,130.3,86.9,94.1,97.0,103.6,132.9,91.5,47.1,118.3,36.5,129.0,78.3,82.8,37.7,173.1,154.2,102.6,127.7,96.9,52.6,128.9,48.8,107.3,108.2,111.2,70.1,136.8,139.1,90.0,126.8,105.1,63.5,174.3,47.5,42.4,92.5,71.4,45.4,92.9,69.3,80.0,59.5,141.5,54.5,100.3,56.8,73.0,94.5,81.5,61.7,130.0,92.5,37.8,67.2,102.2,116.5,61.8,52.1,125.6,72.9,53.4,109.5,68.8,111.8,84.8,83.2,102.9,76.7,126.2,42.9,68.6,102.0,86.7,126.1,74.1,101.6,140.8,129.8,78.8,112.8,13.1,89.2,86.3,34.5,99.7,120.0,160.0
GSTK1,472.3,471.6,332.5,462.5,601.3,681.8,495.1,878.3,410.6,366.2,400.2,312.1,437.2,783.5,483.7,481.6,738.1,666.0,508.7,655.9,545.8,562.1,277.0,592.7,450.5,509.3,460.1,524.0,647.3,565.4,464.5,314.0,647.2,529.7,537.7,493.9,709.7,537.1,531.0,506.7,456.4,414.8,332.8,429.0,702.0,456.9,566.0,505.8,454.7,342.2,625.9,575.6,515.9,461.7,480.2,517.4,576.8,463.4,491.1,475.0,358.2,524.0,550.1,441.3,478.0,524.8,512.9,591.2,477.5,481.2,491.0,562.6,351.2,548.6,482.5,585.3,464.2,628.4,441.5,544.7,552.6,489.3,581.4,483.3,445.5,476.3,601.0,366.3,378.1,419.0,500.1,452.6,716.9,494.0,428.6,443.3,352.4,484.2,449.8,528.1,523.2,499.2,510.9,778.5,674.3
GSTZ1,5.0,9.7,5.6,6.1,9.8,4.1,4.1,9.8,4.2,6.6,9.0,5.4,3.5,7.5,4.6,7.3,5.9,13.5,13.9,8.7,11.8,13.7,4.6,5.0,7.9,9.3,19.2,5.7,5.5,8.4,6.7,6.2,8.2,5.5,3.8,6.1,5.5,6.1,7.8,7.2,8.1,5.2,8.3,6.4,14.6,6.8,8.9,4.3,5.2,5.6,12.3,7.3,3.9,4.6,3.4,6.6,4.7,6.2,5.5,11.7,4.9,5.7,6.3,13.4,9.7,5.5,4.4,7.9,6.5,7.4,12.3,6.9,6.4,6.6,6.2,10.8,5.4,7.6,8.1,4.5,5.2,37.4,4.0,8.7,6.7,7.6,5.5,16.5,12.6,21.3,4.7,11.5,9.4,7.8,8.4,4.3,6.3,8.4,18.3,10.2,11.3,16.2,51.1,9.4,21.0
GTPBP3,180.9,89.3,142.9,79.6,149.0,104.5,126.7,160.5,188.8,210.6,90.6,175.1,91.4,163.7,136.1,124.9,134.6,145.9,166.4,45.3,42.2,123.8,51.3,118.6,116.9,105.4,91.7,135.6,93.2,119.0,54.3,89.4,73.4,84.9,123.7,124.3,89.6,109.7,115.1,90.3,98.1,85.4,80.2,64.4,85.2,113.4,108.7,66.4,75.1,79.4,142.6,69.1,73.2,52.3,98.8,51.5,84.2,73.6,134.0,112.6,102.3,114.8,130.3,120.9,90.9,118.4,129.8,139.8,157.8,150.7,116.5,110.3,96.9,106.5,18.5,91.9,96.2,109.9,83.8,114.0,110.5,97.9,100.0,80.8,92.3,117.6,109.2,87.3,105.6,47.1,67.1,86.4,162.0,90.7,126.1,116.0,139.6,202.5,184.7,103.1,175.3,141.6,113.1,60.1,187.7
GTPBP6,102.9,71.0,107.1,99.4,85.5,118.6,77.1,143.2,91.4,50.3,101.3,119.1,144.8,165.0,109.3,115.0,109.1,150.7,103.3,104.6,113.0,146.2,106.9,105.9,132.3,111.4,112.5,83.5,99.8,81.2,114.5,81.1,120.6,116.0,95.3,85.8,120.5,147.4,126.2,92.7,116.9,110.3,130.4,106.7,79.7,83.9,81.8,95.6,61.5,135.6,120.5,107.0,89.0,93.5,74.0,106.3,111.2,115.1,143.3,122.8,61.6,77.2,97.8,77.5,49.1,70.5,88.8,122.6,64.6,145.4,137.1,125.1,90.1,79.4,85.5,102.2,91.6,122.0,117.5,115.2,79.3,134.9,125.7,84.2,99.3,147.8,86.0,100.5,101.1,188.7,52.8,95.4,89.0,92.0,75.5,105.9,86.5,192.3,117.7,121.4,112.0,93.7,100.6,144.5,110.4
GUF1,37.0,44.2,34.4,35.9,41.9,38.8,26.9,37.6,34.5,40.7,35.8,51.6,29.2,21.8,7.0,42.3,19.5,41.0,31.3,20.5,23.2,40.2,36.7,24.8,43.5,25.8,47.4,44.9,13.9,12.6,62.7,35.5,3.3,26.5,24.5,25.2,39.6,31.9,19.0,23.3,35.8,15.6,21.8,35.1,31.2,43.5,33.6,7.3,19.8,44.0,9.5,26.8,22.8,30.7,55.4,26.1,36.2,35.3,10.2,50.2,26.9,14.3,49.0,41.6,30.0,4.5,36.6,16.8,5.7,28.7,31.1,6.3,29.8,11.6,13.5,94.5,23.0,25.5,49.5,11.2,46.8,15.1,38.3,4.1,21.3,44.1,41.1,28.3,3.6,63.8,5.4,43.0,15.8,20.3,26.5,55.0,58.8,60.7,14.6,3.5,7.8,21.6,14.8,5.9,8.6
GUK1,187.65,412.5,240.85,391.09999999999997,253.95,189.85,207.45000000000002,488.8,295.0,181.6,278.2,179.9,148.6,521.25,393.75,494.75,175.35,342.25,181.55,289.95,551.5,321.15000000000003,136.5,241.1,537.8,429.20000000000005,243.25,190.65,321.65,794.3000000000001,330.5,309.0,565.3000000000001,414.04999999999995,388.3,506.2,223.29999999999998,304.75,347.95,297.9,224.6,124.95,252.45,411.1,505.6,405.45,485.9,320.75,571.9,493.2,653.0,312.45,294.9,323.3,382.59999999999997,320.54999999999995,301.79999999999995,155.0,230.85000000000002,628.4,153.05,220.05,661.45,454.04999999999995,313.45,200.6,296.9,263.8,329.35,397.1,358.09999999999997,345.15,265.15,391.0,255.75,174.25,147.3,246.2,187.9,185.0,272.1,292.5,316.7,375.40000000000003,443.65,297.65,527.8,422.25,309.15,430.4,260.75,499.04999999999995,564.45,237.0,225.35000000000002,212.5,270.15,293.5,265.40000000000003,390.4,210.9,299.5,286.15000000000003,229.95000000000002,273.25
HADH,93.2,80.86666666666666,78.96666666666667,65.60000000000001,81.83333333333333,100.76666666666667,108.8,96.73333333333333,77.0,75.03333333333335,80.5,94.60000000000001,74.1,121.7,85.89999999999999,82.06666666666666,99.86666666666667,94.69999999999999,90.39999999999999,67.16666666666667,96.03333333333335,91.2,109.5,76.5,77.39999999999999,85.46666666666665,92.26666666666667,132.79999999999998,69.73333333333333,66.76666666666667,67.56666666666666,86.3,90.43333333333334,93.63333333333333,72.5,81.06666666666666,77.10000000000001,64.0,79.83333333333333,74.3,92.26666666666667,44.833333333333336,91.89999999999999,89.39999999999999,67.7,105.8,67.56666666666668,65.10000000000001,73.03333333333333,96.53333333333335,70.3,91.23333333333333,99.33333333333333,97.89999999999999,64.26666666666667,82.56666666666666,105.3,102.23333333333333,92.83333333333333,87.53333333333335,39.93333333333334,90.16666666666667,70.60000000000001,86.8,58.56666666666666,84.83333333333333,48.96666666666666,74.26666666666667,86.23333333333333,107.96666666666665,62.833333333333336,75.13333333333334,84.56666666666668,111.63333333333334,38.9,63.699999999999996,75.63333333333334,84.39999999999999,57.79999999999999,92.66666666666667,78.83333333333333,94.53333333333335,90.3,105.7,77.60000000000001,88.53333333333332,100.03333333333335,116.93333333333334,116.23333333333333,116.56666666666668,99.46666666666665,66.66666666666667,107.3,96.66666666666667,101.10000000000001,100.76666666666667,100.10000000000001,116.56666666666666,107.56666666666666,124.86666666666667,101.83333333333333,109.7,85.76666666666667,90.46666666666668,55.73333333333333
HADHA,234.5666666666667,162.53333333333333,212.0,172.0,203.73333333333335,164.9333333333333,250.26666666666665,108.13333333333333,191.79999999999998,212.53333333333333,168.33333333333334,155.46666666666667,233.0,166.36666666666667,217.16666666666666,199.4,152.5,160.6,179.76666666666665,156.63333333333333,146.1,152.36666666666665,174.4,182.23333333333335,169.5,178.73333333333335,165.83333333333334,141.16666666666666,197.6,189.4333333333333,177.79999999999998,186.36666666666665,194.83333333333334,187.1,178.6,199.33333333333334,193.79999999999998,125.43333333333332,149.66666666666666,145.4333333333333,171.83333333333334,193.96666666666667,162.93333333333334,170.79999999999998,190.1,203.13333333333333,143.36666666666667,197.03333333333333,178.29999999999998,173.33333333333334,91.60000000000001,131.33333333333334,153.73333333333335,185.36666666666667,144.53333333333333,207.79999999999998,193.26666666666665,169.2,183.23333333333335,154.29999999999998,160.26666666666668,210.03333333333333,187.26666666666665,162.1,165.9,174.9,126.26666666666667,159.70000000000002,108.53333333333335,144.0666666666667,142.6,189.96666666666667,181.6,171.53333333333333,126.26666666666665,197.5666666666667,168.43333333333334,167.93333333333334,161.53333333333333,166.36666666666667,159.86666666666667,156.13333333333333,235.4333333333333,178.79999999999998,181.9333333333333,200.23333333333335,161.53333333333333,147.63333333333333,150.96666666666667,149.96666666666667,162.76666666666668,161.46666666666667,202.9,142.9,199.0,204.13333333333333,151.2,141.16666666666666,166.36666666666667,125.73333333333333,165.33333333333334,148.96666666666667,201.86666666666667,215.4333333333333,135.26666666666665
HADHB,550.8,647.2,569.7,625.1,466.6,780.5,572.6,427.9,546.4,636.1,715.5,475.7,802.4,405.8,562.4,518.7,467.6,434.7,500.7,830.0,592.4,562.1,636.7,541.8,677.7,677.9,613.7,721.7,797.2,677.1,677.4,735.8,772.4,682.6,867.6,664.4,688.3,689.7,837.9,776.5,715.8,838.3,807.9,747.2,673.4,773.9,841.3,743.7,816.1,750.2,613.6,663.8,914.1,690.4,614.7,742.5,828.4,691.3,898.2,717.2,759.2,687.2,683.1,839.0,603.5,886.4,813.4,564.4,647.3,621.4,691.1,617.0,713.1,643.7,689.8,648.3,687.2,687.0,718.8,823.8,648.8,809.5,754.7,849.5,574.5,562.7,522.9,709.1,655.1,613.7,819.8,726.0,618.9,939.1,609.6,670.1,767.6,734.0,553.6,569.1,591.5,857.7,742.2,660.3,709.2
HAGH,293.3,283.6,137.4,301.7,184.1,223.3,189.4,476.3,246.3,209.1,338.7,102.0,229.8,511.8,180.9,341.9,190.5,304.4,126.2,285.8,417.7,270.4,85.8,156.6,293.2,192.0,326.6,274.0,270.5,395.9,261.2,148.5,303.4,233.7,193.0,229.0,167.1,315.9,362.5,153.4,208.9,115.6,179.5,310.8,359.6,231.0,400.0,266.3,438.4,336.8,474.4,328.7,164.7,209.1,299.7,251.2,311.3,254.3,194.3,320.7,89.1,185.0,212.2,209.5,167.1,227.3,161.8,210.4,297.1,322.4,134.4,97.3,239.8,166.4,254.9,180.4,141.3,176.0,149.8,141.2,187.6,210.6,205.7,307.1,154.1,191.0,407.5,228.4,341.0,255.4,197.8,525.3,395.9,221.6,230.1,220.2,317.0,398.8,339.9,368.5,244.5,358.4,143.1,136.1,182.0
HAO2,101.2,109.9,120.9,111.0,164.4,113.3,86.9,157.2,120.7,167.1,113.8,111.3,92.2,117.0,120.3,154.1,123.1,115.3,150.4,90.2,146.3,132.9,118.8,96.4,88.1,62.9,134.2,107.7,72.4,95.8,92.1,93.2,124.5,95.2,118.4,104.6,129.9,67.6,76.6,88.6,59.5,117.0,124.0,111.8,81.0,133.6,103.5,89.5,83.8,101.5,75.1,87.5,67.4,65.6,95.2,110.4,67.3,126.7,122.4,154.4,92.2,80.0,97.2,89.9,98.6,60.8,62.6,48.1,93.3,108.6,139.2,91.5,162.6,96.9,96.9,86.0,114.0,104.6,104.8,108.3,103.6,122.4,86.1,116.9,102.5,52.6,179.0,127.8,124.7,167.2,145.7,125.5,136.4,121.5,45.4,122.9,124.7,105.1,142.5,119.7,191.7,106.5,47.7,84.8,24.3
HARS2,128.8,187.9,154.3,159.7,188.0,150.7,178.7,148.8,154.1,222.5,161.4,93.3,153.7,160.5,199.3,130.3,153.2,196.2,133.0,203.0,129.8,184.7,177.2,133.6,145.4,158.7,122.2,184.0,164.8,117.8,183.1,156.1,150.6,192.1,152.8,171.0,125.0,156.1,188.9,225.0,156.2,247.0,199.5,145.2,177.1,154.9,160.6,200.0,159.8,169.0,169.5,198.1,161.9,137.6,118.9,140.1,170.2,173.1,146.8,111.6,181.2,147.3,201.3,179.2,157.3,177.9,165.8,163.8,207.6,159.6,144.1,204.5,181.3,174.6,147.2,172.9,169.6,190.6,120.8,220.6,207.1,184.5,203.0,113.4,165.1,199.4,196.8,156.2,169.4,159.5,149.9,115.0,161.4,160.3,124.5,172.9,218.3,88.2,199.2,194.7,155.8,158.9,174.0,184.9,202.4
HCCS,113.75,96.45,105.1,90.2,116.15,102.69999999999999,116.7,65.8,104.19999999999999,149.35,95.75,125.05000000000001,112.94999999999999,84.65,102.44999999999999,130.85,86.05,96.2,104.80000000000001,115.0,111.10000000000001,98.65,100.5,87.05,89.5,120.55,127.75,115.65,122.75,86.6,86.25,121.85,126.4,98.05,94.65,112.65,122.1,103.9,76.35,113.2,125.9,86.8,132.9,93.5,90.1,121.60000000000001,89.1,90.15,95.05,128.05,102.3,81.4,109.25,89.0,76.85,112.94999999999999,94.35,96.95,84.25,146.2,88.35,110.25,131.35,90.25,76.05000000000001,100.1,83.2,72.25,64.7,112.35,49.25,94.30000000000001,62.9,72.3,83.6,78.7,90.3,75.05000000000001,106.19999999999999,78.5,94.15,106.55000000000001,112.15,107.35,81.65,118.05,37.35,144.5,128.8,59.800000000000004,106.80000000000001,87.15,111.4,104.25,100.5,118.35000000000001,43.5,115.80000000000001,124.85,121.95,73.94999999999999,96.44999999999999,85.95,64.1,108.6
HDHD3,21.0,13.2,8.6,18.6,10.6,7.5,9.8,12.5,14.6,10.9,10.4,7.0,8.3,22.7,34.9,14.9,17.3,23.1,28.9,15.8,22.9,17.8,10.6,10.2,22.9,37.3,12.1,28.3,33.5,13.7,10.6,39.7,24.2,15.3,15.9,15.9,9.9,34.1,10.5,23.2,7.0,6.2,23.1,9.3,12.9,15.4,9.5,28.9,25.9,5.9,20.6,12.9,23.9,12.2,8.7,47.6,7.8,19.0,13.6,11.2,5.1,27.2,19.9,13.2,17.0,17.2,9.1,59.6,62.0,13.5,15.5,9.1,10.7,16.7,7.6,11.7,13.0,13.0,12.4,4.2,9.9,38.5,17.1,12.8,9.3,17.1,18.5,18.1,12.7,21.9,72.7,21.5,15.3,12.6,24.9,20.3,53.3,15.6,19.3,15.7,23.2,26.2,50.3,24.9,11.8
HEBP1,136.2,240.7,234.1,333.2,251.2,281.9,177.9,242.0,197.4,188.2,370.3,109.3,180.9,210.8,177.5,250.7,263.1,378.5,273.4,295.4,402.3,342.9,271.1,216.8,292.7,285.3,243.7,287.8,315.3,641.8,349.4,373.7,260.1,312.6,285.9,228.5,278.2,182.9,372.9,209.3,202.2,268.5,216.3,224.2,346.9,355.9,315.5,305.3,319.7,283.2,148.0,350.0,263.7,187.6,273.3,255.8,267.0,328.2,235.3,333.2,166.4,216.2,306.3,385.0,243.0,230.7,205.3,217.8,216.8,200.3,163.4,171.1,160.8,269.7,187.6,292.0,194.3,248.5,297.9,204.2,239.4,326.1,285.4,264.0,273.8,329.3,260.4,415.5,246.8,192.8,205.8,315.9,297.0,344.1,263.9,206.3,336.7,192.8,200.5,647.8,138.3,192.9,290.4,169.6,220.7
HEMK1,47.26666666666667,35.6,63.23333333333333,31.599999999999998,53.46666666666667,35.199999999999996,57.03333333333334,75.53333333333333,56.96666666666666,47.93333333333334,46.26666666666667,55.46666666666666,45.03333333333334,58.5,70.60000000000001,57.93333333333334,94.23333333333333,51.46666666666667,68.53333333333333,43.333333333333336,60.06666666666666,69.83333333333333,55.4,56.1,50.4,74.46666666666667,49.26666666666667,61.333333333333336,43.93333333333334,33.76666666666667,50.03333333333334,49.76666666666667,40.46666666666667,46.6,42.93333333333334,41.9,43.76666666666667,42.1,53.5,43.900000000000006,41.800000000000004,28.8,75.36666666666666,47.93333333333334,32.5,29.46666666666667,30.23333333333333,48.76666666666667,39.96666666666667,12.299999999999999,36.833333333333336,47.9,50.43333333333334,43.199999999999996,48.6,38.76666666666667,40.26666666666667,38.166666666666664,52.06666666666666,72.03333333333335,35.53333333333333,49.333333333333336,55.73333333333333,40.333333333333336,48.03333333333333,40.6,73.89999999999999,33.5,46.06666666666666,27.633333333333336,43.96666666666667,49.86666666666667,38.9,55.46666666666667,35.300000000000004,42.13333333333333,47.53333333333333,39.86666666666667,32.800000000000004,40.800000000000004,45.29999999999999,29.766666666666666,38.9,38.63333333333333,42.4,23.933333333333334,64.83333333333333,57.6,51.833333333333336,26.5,57.26666666666667,46.29999999999999,41.166666666666664,43.86666666666667,46.0,35.86666666666667,55.366666666666674,71.66666666666667,63.76666666666666,30.599999999999998,61.29999999999999,68.60000000000001,45.333333333333336,41.36666666666667,13.333333333333334
HIBCH,54.55,45.099999999999994,43.25,34.25,41.599999999999994,60.3,53.45,22.7,45.55,44.7,41.55,54.15,48.15,39.85,42.35,49.4,43.5,33.45,39.0,56.199999999999996,42.8,39.099999999999994,46.349999999999994,46.75,29.1,64.55,47.0,56.8,35.25,44.25,35.0,62.8,37.75,51.4,52.4,32.2,29.0,33.65,50.1,39.95,36.5,49.55,47.75,20.05,36.7,62.7,50.9,54.15,44.099999999999994,43.2,45.449999999999996,29.1,47.6,55.75,48.65,58.55,42.2,26.450000000000003,55.3,29.6,80.0,56.699999999999996,61.4,48.95,42.5,46.25,43.2,65.9,38.75,35.2,48.7,64.5,33.0,74.7,63.15,29.3,33.55,42.650000000000006,50.349999999999994,42.45,49.35,34.2,83.94999999999999,51.6,40.95,56.2,41.650000000000006,56.349999999999994,39.25,6.15,40.6,32.6,30.65,70.75,51.35,32.5,55.4,48.55,33.150000000000006,49.449999999999996,58.2,31.05,70.1,60.95,38.5
HIGD1A,177.64999999999998,228.05,275.65,154.85,238.8,281.95,205.0,157.75,264.8,215.75,384.95000000000005,327.6,187.60000000000002,187.5,247.25,185.35,114.6,152.6,94.85,258.45,177.3,188.1,276.25,181.4,307.5,227.45,170.95,205.0,173.1,200.55,187.5,184.85,206.25,185.89999999999998,208.5,169.64999999999998,127.95,141.8,179.7,178.45,147.85,207.4,186.0,165.3,241.89999999999998,180.15,165.35,172.65,165.7,145.2,202.35,186.64999999999998,199.7,193.7,155.95,127.8,181.39999999999998,139.6,173.05,150.45,216.9,153.75,206.95,246.65,244.55,137.0,228.7,235.5,150.25,144.75,118.25,125.89999999999999,175.4,255.05,151.55,166.1,204.64999999999998,219.35,146.45,167.95,183.5,179.35,230.85000000000002,148.3,179.5,169.15,178.39999999999998,227.64999999999998,194.55,118.60000000000001,215.5,145.85,145.35,138.9,187.35,210.6,187.4,158.0,161.3,148.95,150.15,94.0,166.1,86.35,128.15
HIGD2A,200.25,231.85,189.4,255.10000000000002,145.20000000000002,288.95,217.25,290.4,218.7,135.25,231.25,152.79999999999998,309.1,279.85,248.3,194.70000000000002,327.09999999999997,351.29999999999995,325.5,316.3,279.5,270.25,281.85,278.3,223.29999999999998,326.5,204.29999999999998,277.35,289.95000000000005,251.25,259.7,278.9,268.2,253.75,294.05,285.40000000000003,303.90000000000003,199.6,241.60000000000002,257.6,366.4,246.4,294.15000000000003,302.34999999999997,246.9,318.40000000000003,273.0,250.35,220.8,241.4,225.9,292.15,354.15000000000003,327.55,336.09999999999997,249.60000000000002,319.35,307.04999999999995,290.65,188.15,182.8,187.45000000000002,299.05,232.04999999999998,201.75,262.9,325.7,178.39999999999998,237.29999999999998,225.8,186.7,221.0,321.8,238.10000000000002,238.25,270.4,262.05,210.1,275.5,234.25,290.9,329.65,293.9,248.2,209.95000000000002,281.40000000000003,249.8,272.85,208.29999999999998,190.9,237.4,232.5,278.2,346.15,165.35000000000002,241.0,238.7,199.45000000000002,232.35,279.95,205.5,262.5,275.95,336.15,276.3
HINT1,77.26666666666667,76.63333333333334,206.1,222.30000000000004,117.23333333333335,296.6333333333333,131.53333333333333,272.3333333333333,114.39999999999999,79.06666666666666,205.46666666666667,126.80000000000001,185.53333333333333,388.93333333333334,250.20000000000002,96.83333333333333,206.33333333333334,260.3,139.79999999999998,231.9,229.6,126.0,242.33333333333334,190.76666666666665,306.09999999999997,198.36666666666667,162.4,133.43333333333334,116.5,185.16666666666666,140.9,139.4,183.4333333333333,137.33333333333334,169.96666666666667,145.9,140.96666666666667,161.5,105.2,215.0666666666667,165.96666666666667,206.5333333333333,154.26666666666665,124.66666666666667,171.0333333333333,102.40000000000002,90.76666666666667,214.4333333333333,102.3,150.33333333333334,195.9333333333333,164.6,290.1333333333334,223.86666666666667,227.70000000000002,224.5,107.56666666666666,144.86666666666667,198.13333333333333,200.19999999999996,265.6333333333333,124.90000000000002,211.4333333333333,88.03333333333335,158.13333333333333,173.69999999999996,163.26666666666668,213.20000000000002,168.03333333333333,128.9,162.26666666666668,108.43333333333334,104.10000000000001,187.4333333333333,144.9333333333333,220.0666666666667,157.4333333333333,232.19999999999996,173.63333333333333,138.70000000000002,176.4,177.29999999999998,240.1,108.5,134.79999999999998,153.23333333333332,147.1,127.3,158.23333333333335,114.86666666666667,139.26666666666665,158.4,89.86666666666667,166.66666666666666,162.9,211.5666666666667,167.03333333333333,108.2,122.66666666666667,127.63333333333334,68.63333333333334,148.9333333333333,197.4333333333333,99.86666666666667,286.40000000000003
HMGCL,192.8,128.5,191.4,150.5,136.2,173.4,128.7,152.6,99.0,161.6,176.1,73.6,159.6,90.7,130.5,146.6,165.5,168.2,118.8,244.2,201.4,229.8,210.8,190.2,195.1,130.8,102.2,224.2,198.2,90.2,162.2,152.3,111.5,115.9,205.2,142.9,141.8,152.9,167.4,178.8,169.8,117.3,153.4,199.6,144.4,91.4,192.9,170.5,178.8,152.5,235.1,135.5,143.7,169.1,142.1,208.1,133.5,205.2,104.8,183.5,137.9,97.2,161.6,155.5,87.8,190.9,178.8,101.9,207.7,118.7,68.5,147.6,99.4,174.5,153.5,139.1,162.9,175.3,179.4,156.4,162.9,136.1,167.4,129.5,171.1,185.9,159.7,168.2,123.8,129.5,164.2,109.7,129.3,123.9,131.6,153.5,121.3,124.1,136.4,224.6,173.4,177.4,148.2,179.9,201.5
HMGCS2,18.7,40.6,7.4,27.4,23.4,19.4,10.6,35.8,28.2,6.7,38.3,43.2,40.2,19.7,14.7,23.1,37.7,50.4,7.6,18.2,23.3,3.1,16.2,21.0,18.3,23.0,6.5,29.3,6.8,15.5,5.3,2.9,27.4,5.1,27.2,30.4,30.5,26.9,18.5,4.1,38.6,6.5,13.9,22.8,22.1,35.0,30.3,23.4,12.5,42.9,5.2,22.9,8.7,15.7,24.7,8.0,24.1,12.7,22.3,38.3,40.6,42.5,42.0,43.4,22.0,6.6,1.9,41.2,31.7,49.5,16.1,13.4,15.8,30.8,16.6,3.5,36.3,7.6,8.2,34.4,23.6,30.7,7.2,2.6,60.0,43.4,13.5,36.2,17.9,51.9,12.1,23.5,55.2,5.4,21.0,3.6,14.5,7.1,60.3,16.2,11.5,13.8,6.8,56.3,45.9
HSD17B10,159.5,172.9,222.1,173.8,201.3,272.4,172.2,214.3,192.1,161.4,134.8,144.6,176.4,213.6,264.4,176.8,251.5,295.4,188.8,171.4,132.3,220.9,185.0,188.2,119.6,140.0,115.5,151.1,187.4,126.8,127.8,97.7,108.7,191.4,136.4,157.4,195.2,140.1,186.7,125.9,184.5,147.9,139.6,145.4,147.6,179.4,135.2,161.7,131.7,125.0,133.0,119.5,153.1,170.5,147.8,232.4,167.3,165.6,165.2,178.8,157.9,149.6,147.0,93.2,49.4,162.1,219.0,111.5,178.0,138.0,128.5,130.8,74.5,161.5,122.0,170.0,185.2,132.7,86.8,138.5,129.5,128.1,121.4,63.0,208.7,157.0,162.4,169.8,145.8,201.4,132.4,125.0,158.5,187.7,157.0,158.3,39.6,107.8,50.8,177.5,180.3,145.5,188.2,211.5,121.3
HSD17B4,190.8,182.8,110.4,175.3,147.1,143.2,190.6,37.5,180.1,171.0,161.7,133.8,260.4,76.4,144.9,154.4,94.4,63.8,119.8,208.7,127.0,96.2,219.0,197.5,147.1,115.5,204.5,125.2,288.3,200.3,173.0,212.4,166.4,150.0,173.3,151.1,196.8,168.2,164.7,230.3,233.1,272.4,158.8,131.4,127.6,231.1,166.7,251.6,184.9,169.2,120.8,169.4,191.9,176.7,207.7,147.5,177.5,188.7,190.0,147.1,173.4,230.1,278.1,199.0,175.5,164.3,164.4,211.9,273.1,125.9,181.2,155.2,153.9,105.6,149.2,170.8,204.8,133.8,309.7,160.4,253.2,156.0,267.4,245.8,139.0,188.0,151.6,139.0,192.5,164.6,206.9,78.8,150.9,190.2,328.1,185.4,214.3,217.2,176.2,175.3,291.9,31.0,236.0,241.9,201.7
HSD17B8,83.2,105.4,125.7,79.6,107.0,122.0,75.3,161.9,82.2,88.5,107.6,64.4,70.3,152.3,95.2,108.9,143.0,146.9,127.5,120.7,134.1,140.8,114.7,53.9,79.5,101.5,108.0,122.6,61.0,102.9,95.2,109.3,99.7,88.5,63.8,122.6,75.7,101.3,89.1,71.1,91.3,104.7,111.5,98.5,73.8,81.5,94.5,64.1,26.4,74.1,144.5,98.5,58.7,74.4,73.1,99.4,74.3,111.6,68.5,132.9,65.4,102.3,143.5,92.5,87.1,134.5,79.8,100.6,90.4,121.5,146.8,111.6,123.4,148.3,84.3,83.4,109.8,54.6,111.1,43.6,119.3,124.4,120.3,87.1,98.3,134.0,117.7,91.9,128.9,202.9,85.2,121.7,63.6,134.7,82.8,99.3,152.8,41.4,112.3,90.6,151.4,146.1,81.5,152.4,91.1
HSDL2,61.1,50.9,53.23333333333333,51.76666666666667,46.03333333333333,57.366666666666674,61.4,39.266666666666666,48.86666666666667,52.333333333333336,95.2,33.833333333333336,57.53333333333333,45.199999999999996,71.36666666666667,44.76666666666667,33.9,16.7,31.166666666666668,65.16666666666667,56.833333333333336,28.066666666666666,89.76666666666667,43.53333333333333,57.6,54.199999999999996,47.099999999999994,55.6,53.300000000000004,40.0,56.4,69.46666666666667,69.26666666666667,65.46666666666667,68.7,48.0,38.833333333333336,44.13333333333333,60.63333333333333,79.43333333333334,47.96666666666666,81.03333333333335,40.766666666666666,25.633333333333336,42.06666666666667,30.566666666666666,39.4,50.93333333333333,58.96666666666667,43.800000000000004,62.666666666666664,44.56666666666666,49.03333333333333,91.09999999999998,51.96666666666667,35.9,61.23333333333333,56.20000000000001,57.4,33.03333333333333,83.9,60.26666666666667,35.13333333333333,58.46666666666667,79.13333333333334,46.86666666666667,48.166666666666664,62.133333333333326,41.800000000000004,48.833333333333336,36.63333333333333,68.13333333333333,68.53333333333333,58.199999999999996,46.43333333333334,65.66666666666667,52.800000000000004,54.23333333333333,67.39999999999999,64.16666666666667,44.96666666666667,48.13333333333333,39.56666666666667,49.5,45.13333333333333,27.03333333333333,41.93333333333333,58.76666666666667,36.93333333333333,55.13333333333333,54.166666666666664,45.4,45.833333333333336,43.13333333333333,67.33333333333333,84.56666666666666,48.63333333333333,55.666666666666664,48.36666666666667,67.6,42.03333333333333,40.76666666666667,51.0,47.86666666666667,66.93333333333334
HSPA9,168.5,149.56666666666666,176.4,100.80000000000001,174.1,174.53333333333333,166.1,89.66666666666667,150.76666666666665,120.0,108.16666666666667,125.7,151.1,94.46666666666665,155.16666666666666,167.2,81.66666666666667,133.36666666666665,106.3,156.43333333333334,146.43333333333334,135.9,137.26666666666665,148.60000000000002,137.63333333333333,159.33333333333334,144.9,126.90000000000002,144.4,111.33333333333333,119.26666666666667,151.86666666666667,140.6,137.6,165.5666666666667,150.66666666666666,133.66666666666666,95.16666666666667,158.4333333333333,146.5,144.86666666666665,160.33333333333334,162.76666666666668,118.59999999999998,186.33333333333334,165.03333333333333,133.5,181.86666666666665,117.7,127.03333333333335,121.7,133.86666666666667,162.03333333333333,132.6,125.03333333333335,150.23333333333335,148.76666666666665,158.83333333333334,147.86666666666667,101.06666666666666,158.83333333333334,156.36666666666667,163.2,148.66666666666666,137.96666666666667,163.26666666666665,192.4333333333333,143.63333333333333,121.46666666666665,129.1,110.73333333333333,161.66666666666666,129.79999999999998,192.46666666666667,121.93333333333332,116.53333333333335,160.63333333333333,135.03333333333333,129.83333333333334,121.7666666666667,147.46666666666667,156.86666666666667,192.86666666666667,136.33333333333334,145.16666666666666,167.6,149.9333333333333,160.4333333333333,139.16666666666666,123.03333333333335,182.63333333333333,118.86666666666667,116.36666666666666,178.20000000000002,137.43333333333334,134.96666666666667,147.83333333333334,90.06666666666666,122.93333333333334,70.46666666666665,105.63333333333333,166.4,166.96666666666667,114.56666666666666,109.56666666666666
HSPD1,294.35,258.75,254.5,152.75,223.3,293.85,267.45,109.0,265.85,180.35,230.79999999999998,200.14999999999998,191.3,138.2,206.85000000000002,244.95000000000002,172.20000000000002,199.45,191.45,298.45,283.70000000000005,351.05,223.10000000000002,261.1,198.2,241.64999999999998,244.3,283.05,221.0,175.14999999999998,188.1,303.85,236.7,323.25,355.35,261.4,245.25,185.5,256.6,301.75,311.15,306.9,288.29999999999995,243.0,352.9,254.54999999999998,227.5,411.1,261.05,215.70000000000002,228.85,216.14999999999998,394.7,347.9,357.3,360.35,430.2,293.75,303.15,185.1,278.7,275.0,254.7,359.15,318.5,283.55,326.85,285.7,213.6,261.4,226.45,210.05,228.2,309.1,165.65,216.35000000000002,379.45,288.0,266.8,394.75,310.75,268.75,323.25,270.6,263.7,344.35,233.89999999999998,291.0,265.4,150.35,421.6,209.65,342.75,397.15000000000003,260.75,346.2,252.2,237.39999999999998,295.75,249.85,244.14999999999998,143.6,393.0,222.29999999999998,238.5
HSPE1,87.2,80.8,160.6,37.1,155.6,169.5,91.3,133.5,78.4,77.3,82.4,108.4,97.3,115.1,139.1,103.5,96.7,183.6,104.2,127.7,80.5,158.8,107.3,122.5,97.5,82.4,65.2,80.1,109.7,97.5,98.6,115.9,113.8,97.3,100.0,117.7,62.0,34.9,88.1,98.1,105.6,93.3,107.6,112.3,124.0,76.5,94.6,147.5,95.9,81.6,124.7,102.3,132.3,95.9,112.3,141.4,82.0,72.6,59.3,74.4,119.0,108.4,129.3,109.5,94.2,80.3,132.1,107.3,59.0,76.5,88.6,68.5,58.1,121.6,34.1,110.3,150.1,54.9,90.0,95.6,85.2,98.1,119.7,87.0,80.5,153.1,124.7,106.7,84.8,49.0,70.1,119.6,104.0,95.1,73.0,114.8,99.1,129.6,127.5,141.5,116.2,52.0,170.3,51.2,115.0
HTATIP2,159.36666666666667,131.33333333333334,147.06666666666666,122.36666666666666,142.26666666666665,105.89999999999999,158.1,119.06666666666666,136.8,118.0,125.86666666666667,73.8,146.96666666666667,100.96666666666668,128.29999999999998,119.03333333333335,121.53333333333335,69.3,135.96666666666667,105.39999999999999,118.56666666666666,97.23333333333333,109.86666666666667,110.06666666666666,132.4,154.6,127.53333333333332,114.03333333333335,132.70000000000002,123.83333333333333,140.33333333333334,129.93333333333334,115.63333333333333,111.03333333333332,150.9,147.93333333333334,115.10000000000001,110.2,152.16666666666666,147.83333333333334,111.10000000000001,139.36666666666667,135.26666666666665,109.26666666666665,129.6,103.10000000000001,116.86666666666666,142.33333333333334,102.23333333333333,121.60000000000001,108.33333333333333,131.86666666666667,109.36666666666667,143.26666666666668,133.06666666666666,117.23333333333333,123.16666666666667,116.43333333333334,119.69999999999999,105.26666666666667,171.26666666666665,108.0,133.1,174.9,145.83333333333334,136.13333333333333,98.13333333333333,122.16666666666667,115.8,112.86666666666667,163.73333333333335,114.56666666666666,155.20000000000002,121.16666666666667,128.66666666666666,134.23333333333332,108.2,126.46666666666665,108.43333333333334,119.36666666666667,138.03333333333333,118.13333333333333,94.39999999999999,93.06666666666666,142.83333333333334,136.29999999999998,55.53333333333333,137.20000000000002,151.93333333333334,133.79999999999998,125.66666666666667,126.93333333333334,126.66666666666667,136.4,107.66666666666667,98.76666666666667,106.46666666666665,151.6,72.9,112.5,92.86666666666667,117.63333333333334,115.33333333333333,120.0,88.96666666666665
HTRA2,12.7,43.35,50.550000000000004,56.699999999999996,49.95,55.099999999999994,37.300000000000004,56.3,24.450000000000003,26.25,56.599999999999994,43.6,67.6,54.300000000000004,59.75,36.4,35.9,50.099999999999994,41.65,73.95,33.400000000000006,39.65,86.19999999999999,51.4,30.299999999999997,80.4,39.05,50.599999999999994,66.55,55.1,58.050000000000004,65.65,55.849999999999994,60.25,47.4,32.7,69.95,50.5,75.4,84.44999999999999,40.15,69.85,53.15,49.75,45.85,52.4,76.25,43.75,53.6,41.3,31.599999999999998,54.150000000000006,83.8,60.95,49.55,73.19999999999999,76.15,41.3,60.449999999999996,43.45,83.95,59.1,46.7,60.2,32.2,58.650000000000006,78.65,48.7,49.0,22.5,35.599999999999994,69.55,82.05,61.0,80.3,46.7,85.05,62.7,24.9,52.15,82.65,56.7,45.3,66.0,43.85,48.8,39.800000000000004,15.0,43.6,77.6,33.7,48.0,16.55,81.45,37.1,24.6,44.5,56.55,50.050000000000004,25.5,41.25,41.9,63.15,57.55,96.2
IARS2,66.5,61.2,120.7,61.3,94.3,108.5,105.8,8.4,87.3,74.6,104.4,112.8,98.6,12.1,74.0,67.4,36.6,65.2,36.1,105.8,106.6,98.0,79.6,96.6,87.0,61.6,38.5,90.6,76.3,38.6,76.3,105.6,54.3,87.1,69.9,69.9,59.0,46.0,62.7,105.4,63.3,91.9,159.1,79.2,92.2,62.6,61.4,122.5,63.7,61.9,40.5,99.7,116.1,95.9,73.2,110.7,104.9,100.8,112.3,5.4,132.1,120.2,66.0,78.0,81.5,94.3,105.8,121.9,3.4,73.7,113.6,84.9,68.2,99.1,46.4,80.9,115.4,89.7,61.4,55.4,78.9,43.6,111.4,102.7,74.0,53.8,63.7,70.1,67.5,53.2,81.4,34.2,88.5,97.8,58.2,94.1,76.0,17.9,97.7,44.8,26.5,32.4,137.1,107.0,74.5
IBA57,109.2,103.6,10.8,59.5,43.6,78.6,11.6,110.6,39.4,37.8,67.9,44.1,62.6,128.6,76.0,49.1,110.4,17.2,72.9,37.2,54.1,16.7,71.2,41.2,47.6,27.3,80.6,82.3,7.9,69.9,10.1,33.2,37.0,34.0,64.3,41.1,30.6,11.2,10.2,7.6,10.4,20.3,9.0,115.2,63.8,19.7,7.3,6.7,97.6,39.0,75.8,36.6,29.5,6.9,69.8,8.2,28.4,12.6,12.7,20.5,8.9,95.9,42.6,6.6,42.6,27.0,38.7,59.8,6.7,113.2,90.7,22.4,11.5,48.8,10.9,42.2,4.4,42.9,28.4,2.2,22.0,90.1,63.7,108.4,40.1,12.6,129.7,36.9,14.6,79.7,73.5,48.1,86.9,32.7,31.4,59.3,155.6,93.5,51.5,15.5,114.0,36.6,16.5,92.2,16.4
IDE,133.16666666666666,120.09999999999998,101.96666666666665,88.8,130.6,129.13333333333333,128.73333333333332,111.96666666666665,107.73333333333333,153.03333333333333,112.46666666666665,131.33333333333334,102.36666666666667,97.66666666666667,117.73333333333333,143.16666666666666,97.3,118.2,117.0,108.8,86.0,155.70000000000002,123.39999999999999,95.89999999999999,92.16666666666667,105.5,119.06666666666668,125.43333333333334,100.3,120.13333333333333,120.06666666666666,129.79999999999998,128.1,119.33333333333333,113.40000000000002,89.93333333333334,122.33333333333333,110.89999999999999,98.10000000000001,86.8,99.83333333333333,94.33333333333333,113.96666666666665,150.6,88.3,120.96666666666665,92.63333333333333,106.8,141.4333333333333,128.1,116.2,88.73333333333335,97.60000000000001,99.5,105.43333333333334,77.33333333333333,120.63333333333333,85.5,111.69999999999999,113.36666666666667,79.3,111.56666666666668,105.40000000000002,105.93333333333334,95.93333333333334,149.79999999999998,102.03333333333335,90.53333333333335,112.23333333333333,112.56666666666668,58.93333333333334,86.53333333333335,99.56666666666666,91.83333333333333,102.39999999999999,102.96666666666665,124.73333333333335,106.96666666666665,94.43333333333332,72.23333333333333,118.76666666666667,100.06666666666666,146.20000000000002,106.06666666666666,114.06666666666666,103.93333333333334,134.79999999999998,83.03333333333333,120.8,102.73333333333333,128.66666666666666,113.83333333333333,104.89999999999999,81.2,125.66666666666667,86.10000000000001,153.33333333333334,79.76666666666667,144.73333333333332,110.83333333333333,140.96666666666667,81.63333333333333,134.4,106.5,82.46666666666667
IDH2,86.75,99.15,134.0,90.7,137.05,114.25,132.5,67.9,132.3,115.65,87.19999999999999,187.05,116.25,66.55,120.9,117.69999999999999,72.05,98.1,69.7,116.1,106.7,69.95,93.05000000000001,113.3,101.8,88.0,103.9,102.30000000000001,117.0,94.3,53.099999999999994,87.05000000000001,129.85,96.4,91.55,113.30000000000001,110.85,62.8,97.75,93.15,117.45,63.300000000000004,93.4,103.5,84.0,86.25,102.85000000000001,112.6,91.9,96.0,98.6,90.39999999999999,94.55,89.6,97.45,124.4,103.75,140.10000000000002,84.2,19.45,70.30000000000001,115.45,95.7,72.55,80.44999999999999,68.2,176.1,117.75,62.15,84.2,83.0,108.55,101.35,149.3,52.65,89.55,86.45,90.05,86.3,77.45,90.85,26.8,94.05000000000001,102.1,90.1,69.0,135.29999999999998,80.95,121.55000000000001,64.85,97.4,44.25,60.75,99.45,88.05000000000001,75.19999999999999,119.9,32.5,77.5,64.0,51.400000000000006,82.4,106.8,76.1,99.35
IDH3A,66.3,79.15,81.80000000000001,67.1,87.65,89.95,62.25,48.1,37.35,53.400000000000006,42.65,84.6,69.4,48.400000000000006,58.199999999999996,97.25,72.2,68.95,82.35000000000001,50.65,61.15,74.75,65.0,85.6,74.95,65.8,81.65,62.05,65.5,101.75,80.75,56.85,68.05,60.9,60.75,56.849999999999994,82.45,47.1,35.15,71.5,70.25,64.65,78.15,73.75,44.95,58.849999999999994,61.050000000000004,81.69999999999999,56.199999999999996,52.75,36.45,54.0,55.3,69.35,61.05,60.75,65.65,73.65,68.95,58.2,38.9,76.9,58.05,48.55,46.55,89.35,109.19999999999999,75.85,57.95,53.35,86.0,74.05,65.8,100.5,54.45,71.65,60.2,73.75,83.15,72.0,65.7,47.85,67.19999999999999,68.85,46.2,71.5,60.4,50.599999999999994,41.8,45.15,58.2,71.65,79.4,83.95,67.95,62.300000000000004,46.099999999999994,79.55000000000001,77.30000000000001,30.799999999999997,66.5,55.349999999999994,70.6,20.3,32.2
IDH3B,158.56666666666666,165.13333333333333,248.9,208.5,204.86666666666667,204.9,198.29999999999998,160.9,165.23333333333332,200.5666666666667,144.0,170.06666666666666,190.0,147.5,210.23333333333335,172.79999999999998,201.93333333333337,219.5,160.16666666666669,180.86666666666665,189.0,140.86666666666667,208.6,198.4333333333333,164.93333333333334,171.46666666666667,195.33333333333334,234.36666666666665,209.03333333333333,187.5666666666667,230.9666666666667,178.9,106.23333333333333,154.96666666666667,166.70000000000002,194.29999999999998,181.16666666666666,150.13333333333333,178.9,191.0,188.19999999999996,164.86666666666665,196.20000000000002,183.86666666666667,203.9,154.29999999999998,169.5,208.9333333333333,166.1,149.70000000000002,155.63333333333335,232.36666666666667,187.76666666666665,192.1,173.76666666666665,227.83333333333334,148.5666666666667,171.29999999999998,215.70000000000002,145.86666666666667,147.46666666666667,176.5666666666667,224.5333333333333,163.0,100.10000000000001,203.4,247.53333333333333,186.23333333333335,184.86666666666665,190.23333333333335,217.79999999999998,176.70000000000002,228.66666666666666,212.76666666666665,172.5666666666667,205.96666666666667,154.96666666666667,188.5,183.0,203.26666666666665,200.36666666666667,191.9333333333333,247.4,203.60000000000002,157.76666666666668,219.4666666666667,200.9,220.73333333333335,231.79999999999998,161.26666666666668,207.13333333333333,197.56666666666663,172.13333333333333,202.36666666666667,171.86666666666667,138.06666666666666,223.9,150.70000000000002,214.5333333333333,164.23333333333332,237.4666666666667,192.5666666666667,220.36666666666667,197.56666666666663,108.03333333333335
IDH3G,87.9,82.95,81.9,118.4,90.35,45.45,81.35,127.85000000000001,78.6,97.55,62.699999999999996,71.45,100.55,113.75,88.8,87.5,254.5,154.1,220.8,114.75,110.2,85.2,55.849999999999994,138.0,68.35000000000001,67.75,78.10000000000001,76.30000000000001,79.19999999999999,106.2,66.85,76.5,98.05,68.65,74.19999999999999,62.65,78.35,69.5,59.65,68.35,96.0,50.9,92.1,114.45,123.45,78.7,96.14999999999999,92.30000000000001,78.05,100.35,127.10000000000001,113.1,100.6,98.7,83.0,109.7,96.65,135.55,91.2,96.1,64.45,101.55,78.7,72.5,101.19999999999999,81.05,95.19999999999999,63.5,128.95,76.5,111.9,114.75,112.7,93.94999999999999,81.45,92.35000000000001,92.94999999999999,65.5,115.85,80.05,129.25,48.35,93.1,93.60000000000001,93.30000000000001,78.35,140.10000000000002,102.85,23.45,80.5,137.45,109.55,113.95,76.8,123.7,63.4,92.94999999999999,108.9,110.75,128.0,70.9,174.45,107.0,127.05,210.95
IDI1,128.9,118.45,96.05000000000001,111.6,139.85,162.1,105.5,160.1,135.25,148.3,263.29999999999995,169.7,167.55,98.2,102.05,105.9,104.15,102.95,116.95,121.80000000000001,151.35,196.95,260.35,122.35,131.85,129.10000000000002,139.8,155.35,130.75,117.05,97.55,160.5,138.9,159.2,155.05,107.7,124.85000000000001,155.15,155.10000000000002,158.5,151.75,161.45,162.55,135.1,145.15,172.2,145.95,238.65,188.65,149.14999999999998,205.65,175.2,186.15,252.95,203.35000000000002,150.15,195.45,152.25,125.1,128.0,315.85,164.2,119.95,144.55,152.85,157.8,124.64999999999999,176.95,213.3,132.7,176.15,181.35000000000002,161.25,176.05,178.55,150.35,174.95,190.05,189.05,152.14999999999998,163.4,145.7,204.75,183.6,142.15,153.7,107.1,139.0,186.1,189.4,153.8,130.2,169.05,178.4,209.8,269.15,180.85,106.64999999999999,89.9,130.2,164.65,188.75,155.35000000000002,113.25,357.6
IFI27,93.5,67.0,59.0,84.5,16.6,87.7,48.0,22.2,58.0,28.8,8.3,23.8,8.7,25.3,45.1,17.3,42.5,17.2,19.7,46.0,69.2,89.4,57.2,18.6,127.1,100.7,16.6,46.1,8.4,37.9,15.9,20.6,12.3,33.0,124.3,14.8,67.4,11.9,136.9,9.3,24.6,20.6,12.7,155.4,105.1,88.6,55.7,93.7,143.9,14.7,58.9,32.5,23.9,27.9,64.9,59.9,69.7,66.0,50.8,37.0,57.9,58.1,80.5,12.6,54.3,93.3,77.9,78.9,32.5,107.8,45.0,38.3,9.2,71.3,46.1,70.2,22.0,6.7,95.7,7.8,95.3,67.0,53.5,65.3,90.8,39.3,22.6,238.7,115.4,19.4,7.4,110.6,48.6,23.4,51.2,47.0,20.4,32.2,13.2,121.9,56.4,72.4,48.4,90.2,47.5
IMMT,180.8,253.3,306.6,254.9,271.6,294.4,254.4,130.0,254.0,266.1,217.3,281.1,319.8,183.0,293.1,321.4,244.8,201.5,209.8,414.2,223.0,183.3,271.5,227.3,187.1,263.8,221.9,320.1,308.0,137.2,214.2,240.5,237.4,224.9,212.5,192.3,309.4,212.4,203.7,263.6,237.6,241.8,264.9,151.4,185.4,334.8,277.2,301.6,184.3,171.9,231.3,232.4,305.3,242.2,177.8,374.1,292.7,323.3,338.2,209.1,272.4,277.5,238.3,220.4,145.0,256.3,289.1,246.7,202.1,152.0,164.5,281.4,202.8,300.3,198.5,197.0,315.2,266.3,244.9,203.9,242.1,300.8,351.6,194.5,204.4,344.9,286.6,227.5,245.7,217.6,382.2,182.5,215.9,380.1,264.4,201.0,284.1,207.5,247.1,115.8,248.6,200.3,305.9,235.3,252.1
ISCA1,142.66666666666666,130.26666666666668,109.46666666666665,115.73333333333333,89.63333333333333,91.7,105.26666666666667,120.16666666666667,113.26666666666667,60.53333333333333,129.16666666666666,82.83333333333333,71.2,187.16666666666666,80.33333333333333,120.8,64.26666666666667,73.3,82.23333333333333,99.3,159.16666666666666,125.93333333333332,94.56666666666666,70.56666666666668,127.60000000000001,124.16666666666667,132.4,68.89999999999999,91.86666666666666,210.5666666666667,82.23333333333333,93.06666666666666,137.4,113.8,95.93333333333334,107.16666666666667,88.7,89.53333333333335,124.36666666666667,98.36666666666667,86.93333333333334,68.89999999999999,68.33333333333333,138.03333333333333,151.4,65.53333333333333,79.5,100.26666666666667,210.4,80.89999999999999,218.56666666666663,92.63333333333333,110.60000000000001,92.39999999999999,99.66666666666667,113.63333333333333,76.3,64.53333333333333,97.8,214.33333333333334,69.43333333333334,58.03333333333333,108.63333333333333,119.0,156.7,65.63333333333334,110.53333333333335,87.7,106.46666666666665,134.5666666666667,91.06666666666668,65.89999999999999,70.96666666666665,108.19999999999999,94.16666666666667,140.03333333333333,56.43333333333334,80.89999999999999,68.16666666666667,75.0,56.833333333333336,88.63333333333333,155.63333333333333,40.800000000000004,98.93333333333332,98.73333333333333,60.03333333333334,119.36666666666667,77.16666666666667,58.23333333333333,65.66666666666667,177.16666666666666,139.33333333333334,63.800000000000004,77.23333333333333,62.13333333333333,212.20000000000002,129.46666666666667,110.7,236.0666666666667,110.8,27.633333333333336,85.3,45.133333333333326,157.13333333333333
ISCU,914.8,901.5,944.3,1053.0,776.9,1034.3,808.6,896.9,842.5,653.5,1098.1,523.3,874.0,928.0,750.0,879.8,1421.2,1191.8,754.9,1097.2,1243.4,1190.2,953.1,1017.4,888.6,860.5,751.9,832.5,774.0,755.7,850.8,884.7,896.7,1081.6,1053.3,1144.4,757.4,1078.4,1036.6,1040.7,1089.8,904.6,1070.6,735.7,1036.1,896.0,843.4,1023.6,1062.3,786.1,1180.6,848.4,1006.2,793.3,1162.7,1061.4,882.7,962.4,809.9,863.1,835.3,945.8,819.2,1190.0,860.1,842.1,1200.1,806.2,801.5,968.4,659.2,745.5,883.1,911.7,826.1,654.5,1058.4,851.3,547.0,912.1,856.2,849.0,856.1,758.2,869.6,889.6,954.9,879.4,738.6,1279.7,894.7,886.4,1008.3,1110.1,643.5,685.1,647.5,723.1,1038.0,1037.4,923.6,865.4,870.7,588.9,684.6
ISOC2,86.7,90.2,83.2,89.5,90.6,70.6,96.5,117.5,65.5,78.8,22.4,64.4,72.7,125.9,46.8,17.6,114.1,93.4,30.2,44.7,33.9,48.4,61.3,97.0,30.3,39.7,22.8,59.4,95.2,36.1,59.1,47.6,30.6,113.5,95.2,47.4,50.7,61.9,71.8,102.2,34.8,52.7,52.8,48.2,24.4,102.1,84.4,36.9,33.5,60.5,62.4,71.3,72.9,60.4,50.4,18.6,90.6,61.5,27.6,32.1,16.8,37.2,31.3,83.2,76.8,50.8,40.9,62.7,103.9,73.9,58.0,26.2,101.6,55.0,85.2,101.3,56.2,16.7,90.8,73.8,36.8,118.7,49.8,53.2,11.8,67.0,21.9,63.4,62.4,165.3,49.3,12.2,15.0,38.1,73.9,17.4,85.9,30.0,44.7,50.8,77.2,69.5,41.8,73.8,50.6
IVD,45.06666666666666,47.73333333333333,62.1,41.86666666666667,49.0,36.233333333333334,57.4,51.5,53.166666666666664,40.833333333333336,60.666666666666664,63.46666666666667,37.199999999999996,49.5,58.56666666666666,80.0,48.53333333333333,78.06666666666666,31.133333333333336,56.333333333333336,30.8,53.29999999999999,27.866666666666664,47.5,53.5,41.6,63.86666666666667,25.599999999999998,41.26666666666666,60.70000000000001,39.300000000000004,47.166666666666664,50.300000000000004,58.93333333333334,55.73333333333333,28.866666666666664,52.0,46.23333333333333,21.266666666666666,45.96666666666667,17.3,34.56666666666666,62.43333333333334,53.63333333333333,35.96666666666666,56.133333333333326,49.166666666666664,45.73333333333333,56.23333333333333,46.53333333333333,15.766666666666666,50.6,29.96666666666667,49.23333333333333,57.76666666666666,37.333333333333336,33.333333333333336,26.599999999999998,45.93333333333333,75.36666666666666,35.03333333333333,55.26666666666667,38.36666666666667,28.166666666666668,34.1,44.46666666666666,34.53333333333333,39.76666666666666,51.93333333333334,34.733333333333334,23.8,52.300000000000004,46.56666666666666,49.4,42.9,37.46666666666667,26.86666666666667,48.0,42.73333333333333,34.43333333333333,54.833333333333336,53.9,56.43333333333334,38.03333333333334,84.13333333333334,58.1,45.800000000000004,35.86666666666667,54.96666666666667,43.333333333333336,51.633333333333326,44.333333333333336,78.23333333333333,39.800000000000004,28.76666666666667,32.6,48.00000000000001,53.06666666666666,54.99999999999999,58.599999999999994,75.56666666666666,63.76666666666667,35.1,46.53333333333333,84.13333333333334
KMO,62.300000000000004,64.60000000000001,76.16666666666667,64.96666666666665,58.5,71.36666666666667,37.2,32.86666666666667,61.96666666666667,48.6,46.53333333333333,65.7,50.4,64.89999999999999,58.9,57.06666666666666,35.199999999999996,51.9,63.5,69.93333333333332,75.86666666666666,53.199999999999996,83.39999999999999,40.1,44.96666666666667,46.26666666666666,65.66666666666667,69.33333333333333,55.833333333333336,63.5,86.03333333333335,71.0,25.900000000000002,31.866666666666664,42.4,64.06666666666666,68.86666666666667,60.26666666666667,57.63333333333333,57.26666666666667,62.96666666666667,53.63333333333333,58.0,86.73333333333333,73.7,76.6,38.46666666666667,44.26666666666667,49.9,68.33333333333333,72.93333333333334,54.63333333333333,51.666666666666664,47.166666666666664,77.93333333333334,82.23333333333333,64.93333333333334,64.33333333333333,57.96666666666667,71.0,44.96666666666666,50.300000000000004,52.833333333333336,50.666666666666664,48.6,49.36666666666667,73.63333333333333,80.96666666666665,48.0,64.56666666666666,53.1,71.8,64.33333333333333,74.56666666666666,33.4,59.166666666666664,70.63333333333334,44.53333333333334,57.699999999999996,61.93333333333334,87.96666666666665,53.96666666666667,96.83333333333333,52.96666666666666,64.43333333333334,81.23333333333333,83.7,65.2,63.833333333333336,69.56666666666666,75.13333333333334,102.5,50.0,70.46666666666667,83.33333333333333,101.33333333333333,113.89999999999999,91.43333333333334,68.36666666666667,67.73333333333333,96.3,63.4,77.39999999999999,48.300000000000004,78.83333333333333
L2HGDH,29.1,5.0,27.8,29.1,5.6,37.1,25.5,36.7,2.3,5.2,4.1,6.4,16.6,7.0,30.1,23.4,28.4,26.8,28.6,18.9,43.6,8.7,15.1,52.9,37.1,36.8,9.5,21.4,6.1,27.4,24.7,37.3,27.5,25.6,16.6,6.9,56.7,17.1,30.2,46.4,20.4,31.5,13.2,4.3,7.2,43.8,11.6,36.3,35.2,34.6,103.0,44.6,28.3,28.8,26.5,32.1,24.3,46.5,10.2,14.3,19.7,48.3,50.4,13.3,62.7,17.8,42.2,22.4,1.7,62.3,49.9,8.4,34.6,27.6,4.6,28.0,7.7,11.4,7.3,43.8,30.4,35.1,18.7,16.5,1.4,4.1,48.5,5.5,5.1,36.4,43.4,49.9,47.0,4.0,19.7,8.7,6.8,17.9,12.3,3.4,49.5,55.2,43.3,61.2,7.4
LACTB2,16.9,4.3,46.7,27.0,41.7,31.7,35.0,31.1,39.8,6.1,14.3,50.4,3.2,15.2,39.6,41.6,33.1,38.7,17.2,12.6,23.6,23.4,37.0,30.2,23.1,20.6,29.3,35.7,42.9,45.1,31.3,39.8,15.6,27.8,27.8,30.3,34.6,59.1,32.8,41.8,28.0,18.0,26.3,29.3,45.2,30.5,38.1,34.9,33.6,27.2,33.3,55.8,36.6,30.4,8.1,17.9,40.2,5.7,4.5,23.5,22.2,34.0,30.1,34.2,37.5,37.8,46.6,20.1,54.3,13.7,64.7,23.7,30.2,35.7,17.3,7.0,38.5,50.7,39.8,31.2,54.9,20.9,33.9,22.4,10.9,32.1,22.3,36.1,16.1,31.0,43.3,6.2,16.1,45.7,12.7,4.9,20.3,2.2,66.4,3.3,60.2,14.8,15.8,5.1,33.6
LAP3,417.0,334.8,293.0,239.9,425.8,267.3,266.2,151.5,805.2,409.9,250.9,546.3,217.8,108.7,257.7,265.7,131.1,105.8,125.2,217.7,453.1,278.1,216.3,192.8,421.0,259.5,176.0,122.9,431.3,356.0,216.5,189.4,235.3,264.9,229.6,268.3,254.2,207.0,335.7,248.5,300.5,487.6,267.8,241.2,226.9,305.2,362.7,303.2,216.7,125.6,204.2,640.4,261.9,345.0,180.2,304.7,474.4,276.8,217.6,108.8,468.1,206.6,310.0,338.7,270.4,330.8,396.8,224.4,165.5,204.1,66.0,249.7,329.6,484.0,140.5,264.3,252.6,326.0,348.8,245.7,287.7,318.9,219.4,282.2,270.8,220.5,269.7,483.1,244.9,182.6,262.8,157.0,279.3,443.0,361.1,303.1,244.3,177.6,341.5,168.7,180.7,206.7,383.2,237.5,338.7
LARS2,26.15,29.400000000000002,36.8,45.5,33.85,17.9,28.85,24.4,29.099999999999998,28.349999999999998,23.349999999999998,24.05,52.85,47.6,27.95,38.45,31.25,33.65,35.0,50.45,55.85,37.65,38.45,43.15,40.400000000000006,35.75,58.85,62.25,32.75,32.099999999999994,35.3,29.65,28.55,35.2,56.85,47.1,31.099999999999998,31.1,27.65,35.75,53.849999999999994,45.75,21.849999999999998,46.95,55.85,49.599999999999994,18.65,25.8,28.950000000000003,35.1,29.55,41.8,33.65,36.05,36.900000000000006,46.75,29.85,32.2,47.4,37.9,36.2,29.05,41.15,24.6,25.700000000000003,37.900000000000006,54.400000000000006,46.8,27.55,30.150000000000002,73.5,38.150000000000006,52.75,39.8,30.75,44.55,24.6,26.400000000000002,39.15,65.1,63.150000000000006,20.349999999999998,46.15,52.25,30.65,49.05,20.549999999999997,45.55,58.35,60.5,30.150000000000002,30.700000000000003,54.75,42.3,29.15,64.7,6.45,45.2,35.3,37.650000000000006,48.2,53.95,20.4,50.650000000000006,47.449999999999996
LDHAL6B,37.0,40.1,33.0,36.5,33.8,50.7,52.2,49.5,15.4,5.8,23.3,47.6,19.7,46.8,38.6,29.3,48.2,40.2,79.6,32.6,62.2,52.0,40.9,24.2,23.0,18.7,16.6,55.8,35.7,66.0,40.6,29.9,35.5,15.6,30.7,23.2,27.5,27.2,48.4,22.5,29.8,23.0,32.8,68.5,25.1,51.5,24.0,19.7,32.1,41.6,43.5,31.1,26.1,31.5,19.5,21.9,6.1,46.3,30.6,38.9,0.9,42.5,36.0,27.7,18.6,29.8,32.4,33.0,12.0,60.0,43.1,42.0,16.5,25.1,41.5,26.3,34.0,31.9,46.7,41.2,24.3,23.9,56.6,6.3,8.9,26.1,20.5,5.1,60.8,11.8,61.2,47.7,15.8,12.4,64.6,57.8,24.4,32.5,44.1,62.4,54.4,62.6,63.7,55.0,8.2
LDHB,1094.9,1040.95,1476.5,1033.35,1145.5,2190.7,1140.3,836.65,920.75,808.05,880.1999999999999,772.85,1192.15,873.1,1342.1,733.0999999999999,1745.25,1626.15,1520.65,1702.45,1470.8,822.3499999999999,857.2,1469.85,822.25,1334.35,1100.75,1454.05,1168.05,676.3,1164.8,1281.15,1204.35,1472.9,1402.6,1419.05,908.0,1172.5,1409.35,1928.5,1610.3,1628.95,1397.2,1082.25,1763.5,1372.1,1186.05,1210.15,1286.75,854.9,1050.1,1139.05,1497.55,1415.9,1462.6999999999998,1544.0,1299.8,931.55,1795.05,778.7,1045.25,1638.75,1481.0,1361.45,954.6500000000001,993.4,1265.35,1290.75,1110.5,1035.85,746.8499999999999,888.75,714.05,1432.3,727.5,1161.35,1742.4,1254.75,1121.25,1568.4,1933.1,1813.85,1564.25,1388.6,1197.65,2254.95,1485.8,1276.25,1284.45,1061.95,1375.9,893.35,1645.25,2207.0,1033.35,1467.35,1313.85,798.35,1716.5500000000002,1035.0,1102.95,1045.8,1972.55,1415.8,1231.7
LETM1,62.1,66.55,75.15,61.050000000000004,56.0,32.7,63.650000000000006,55.75,52.349999999999994,64.5,67.45,63.800000000000004,67.1,61.3,48.4,87.55,62.7,63.75,78.6,61.25,44.75,65.8,66.6,40.55,52.3,20.15,72.65,83.9,72.15,85.65,25.3,62.650000000000006,36.9,46.85,36.35,51.45,59.8,50.5,59.4,31.2,56.900000000000006,38.25,51.8,41.95,54.85,57.7,50.5,47.55,46.8,75.35,44.199999999999996,59.1,35.05,44.85,65.45,78.25,43.599999999999994,50.55,37.25,72.64999999999999,28.05,57.75,72.05,60.85,70.65,36.35,53.199999999999996,69.4,62.7,31.05,107.65,47.650000000000006,64.1,50.349999999999994,57.05,60.45,59.55,43.3,78.75,39.55,52.45,48.9,33.4,62.35,43.45,55.349999999999994,63.1,55.35,52.550000000000004,50.6,37.7,76.35,44.15,44.15,38.95,78.45,29.450000000000003,29.549999999999997,87.0,66.15,64.35,18.6,38.2,57.599999999999994,34.8
LETMD1,240.9,229.2,261.1,258.6,236.1,318.2,143.5,195.1,219.8,158.6,244.8,192.9,309.7,214.5,238.3,224.1,213.8,215.3,228.8,252.4,233.0,302.3,286.5,290.3,246.2,205.9,236.6,353.5,217.6,160.2,219.9,167.0,237.7,230.5,262.3,164.9,208.4,195.1,231.0,222.4,298.1,256.3,208.1,165.4,243.4,229.3,289.5,266.2,268.7,222.4,246.1,214.0,318.3,273.9,355.1,324.3,249.5,217.6,259.0,127.4,229.3,265.5,249.3,278.3,165.5,250.5,217.8,245.8,230.9,209.0,185.5,210.2,189.6,354.6,244.2,238.4,266.4,269.1,135.6,214.3,191.7,218.5,330.9,202.9,183.4,237.1,274.7,150.5,150.8,188.6,263.7,257.7,253.7,279.1,243.9,159.3,160.5,189.4,159.0,200.0,181.8,221.3,271.0,211.0,161.5
LIAS,49.4,4.6,8.7,9.7,9.8,24.4,8.4,6.9,6.1,8.9,13.2,6.9,36.3,6.7,10.5,41.3,5.5,6.0,43.4,5.2,33.4,7.9,6.1,6.8,6.4,3.6,6.2,21.7,7.9,7.0,22.0,7.3,8.2,8.9,8.9,4.0,7.5,8.4,33.6,32.1,7.8,10.2,8.1,5.9,8.1,45.2,6.2,18.1,5.1,6.2,4.6,7.0,6.1,16.5,25.7,35.1,33.2,7.4,40.5,10.1,19.3,16.2,15.4,36.8,6.5,26.3,7.0,12.2,3.8,26.1,84.3,6.7,14.2,8.7,6.5,9.6,17.9,6.4,5.1,13.3,8.3,5.7,29.7,7.3,6.7,11.6,13.7,6.9,6.4,73.1,6.7,13.6,9.3,7.2,9.6,7.4,4.2,11.6,8.5,52.6,4.7,8.3,6.3,7.2,58.0
LIG3,57.75,68.7,80.2,44.35,57.55,92.95,59.9,109.5,82.15,75.85000000000001,65.5,78.10000000000001,57.75,83.25,69.8,79.9,55.7,45.6,67.45,71.1,61.150000000000006,69.5,93.3,60.050000000000004,57.45,66.05,74.9,86.25,83.2,64.05,62.5,81.95,44.6,58.650000000000006,67.55,64.45,69.8,91.45,97.10000000000001,45.3,81.05,46.1,70.35,68.35,88.6,88.55,81.45,61.95,70.7,66.15,75.9,122.3,76.35,73.6,55.75,62.45,72.3,98.75,65.5,84.30000000000001,37.449999999999996,87.75,38.15,71.3,106.30000000000001,66.55,45.5,69.95,72.6,123.15,142.2,77.39999999999999,75.95,96.4,58.150000000000006,83.44999999999999,37.9,87.69999999999999,57.2,58.400000000000006,44.75,64.55,78.0,63.6,105.4,51.2,60.550000000000004,118.19999999999999,50.8,82.10000000000001,54.050000000000004,67.2,53.95,71.95,42.2,57.400000000000006,79.4,148.8,92.95,140.9,111.89999999999999,98.95,65.0,105.7,79.85000000000001
LIPT1,71.3,29.3,28.8,40.7,66.2,45.8,67.6,59.2,44.3,64.0,88.5,53.8,55.8,43.5,67.6,26.7,52.3,44.6,51.8,29.7,58.2,39.7,74.1,69.0,35.0,50.3,57.0,53.2,41.1,53.6,44.8,52.2,28.8,77.9,74.5,95.6,13.1,72.9,77.4,74.6,61.3,33.2,45.2,39.9,66.8,41.9,46.0,38.9,57.4,70.0,69.0,55.6,65.4,84.2,32.9,55.5,53.4,42.0,88.2,87.3,94.8,83.0,47.3,66.8,49.0,70.4,136.1,80.1,38.8,41.4,14.0,51.3,31.6,102.9,46.3,48.3,50.8,82.7,41.5,100.3,60.6,62.2,175.4,13.6,22.9,15.2,24.1,77.7,45.2,60.1,42.1,105.8,30.6,107.8,43.2,54.5,168.5,97.3,76.4,37.3,77.9,101.6,92.5,72.4,48.3
LONP1,90.6,68.4,106.2,90.3,106.4,34.0,91.5,71.9,102.4,107.2,46.8,99.4,143.3,21.9,85.3,74.2,36.1,78.9,28.3,86.6,99.8,124.5,17.0,65.9,82.3,71.0,79.2,102.8,61.8,19.9,125.7,51.7,99.0,60.5,122.6,90.2,84.3,67.1,63.1,78.1,66.5,116.3,87.1,16.3,85.5,42.1,91.7,84.5,60.0,92.0,38.1,47.6,90.3,49.9,67.8,89.7,62.0,39.8,47.0,27.4,101.7,59.5,78.8,67.8,75.5,44.0,74.2,78.4,91.0,67.1,36.2,118.8,61.0,76.5,102.4,97.7,89.5,107.2,25.9,57.9,79.2,15.6,128.8,52.6,53.9,51.9,85.1,19.1,11.1,127.7,19.9,53.9,12.8,102.6,47.6,28.8,18.5,20.5,10.1,94.6,63.4,13.0,36.1,61.2,41.3
LRPPRC,122.9,118.8,155.75,103.0,139.15,173.2,96.55000000000001,80.6,117.75,86.25,90.1,99.15,100.19999999999999,68.15,127.75,109.6,87.85,93.35,87.5,120.35,102.15,185.1,178.60000000000002,123.2,103.15,101.6,107.85000000000001,120.35,84.15,96.6,110.65,95.94999999999999,100.0,149.39999999999998,132.1,104.7,100.05,132.14999999999998,147.0,144.0,138.8,126.75,132.9,99.55,123.0,92.4,110.85,149.2,124.05,78.05,99.15,87.65,176.95,168.5,149.2,149.3,138.0,144.2,124.9,60.1,97.75,127.15,126.30000000000001,117.5,84.4,111.39999999999999,89.65,128.60000000000002,85.65,116.15,77.9,100.5,99.0,125.85,62.55,101.2,139.15,95.19999999999999,80.65,121.3,115.4,116.44999999999999,164.0,101.25,105.14999999999999,110.85,98.65,101.9,89.8,74.94999999999999,108.55000000000001,98.75,132.65,153.15,122.05000000000001,144.85,151.8,104.19999999999999,103.55000000000001,105.25,110.3,63.55,125.69999999999999,71.25,113.44999999999999
LYPLA1,110.80000000000001,120.05,79.0,62.9,118.85,78.9,156.89999999999998,108.45,131.65,123.65,94.60000000000001,221.7,70.0,92.75,133.0,116.65,38.05,42.75,29.55,79.4,84.05,106.2,145.5,109.1,109.1,142.35,102.5,39.0,109.55,103.6,55.75,126.25,67.9,127.55000000000001,95.3,135.85,90.5,118.19999999999999,52.5,107.45,53.6,95.1,101.35,101.6,97.15,73.25,88.65,102.6,105.25,95.9,107.8,119.15,129.8,150.95,114.7,95.2,114.5,90.75,69.35,78.65,135.8,69.0,69.5,129.2,135.05,124.75,139.75,133.45,92.0,75.4,40.75,81.35,93.5,124.75,100.55000000000001,106.2,99.25,107.94999999999999,72.15,104.55000000000001,84.19999999999999,73.55,92.7,70.7,76.94999999999999,43.150000000000006,75.8,95.7,45.85,58.35,105.85,64.65,93.19999999999999,89.19999999999999,122.30000000000001,103.69999999999999,81.95,76.69999999999999,80.15,85.5,63.0,66.4,103.69999999999999,56.35,122.19999999999999
LYRM1,174.9,193.4,174.2,198.1,202.6,204.6,144.5,183.5,176.6,127.3,159.2,137.9,170.1,235.2,192.3,155.1,216.1,163.1,126.6,147.3,200.8,255.9,175.8,193.6,194.9,175.2,156.8,167.4,162.6,129.2,179.5,188.9,161.4,135.9,163.3,192.8,152.5,210.0,194.0,226.8,141.2,154.2,174.8,125.5,191.2,162.1,169.3,167.6,163.0,160.1,171.5,217.4,162.7,191.4,155.5,186.4,155.4,124.0,176.6,148.1,172.2,162.0,136.8,173.6,159.0,168.0,160.4,137.6,170.6,103.9,196.2,116.4,219.8,127.6,222.9,147.2,154.9,149.3,248.3,206.0,175.2,164.4,99.2,128.1,169.9,113.1,145.9,132.2,212.0,135.9,156.2,121.2,113.0,211.9,176.6,127.5,186.9,126.6,87.7,173.1,91.6,137.8,126.9,79.4,132.9
LYRM2,9.6,15.7,13.3,12.8,3.8,0.6,21.6,31.1,9.8,9.8,25.1,25.8,14.1,5.8,13.1,20.1,9.3,11.2,18.2,6.0,36.2,17.2,5.5,25.4,27.3,16.7,1.4,25.6,2.6,4.6,0.7,10.3,14.9,33.9,11.9,17.9,4.2,24.2,6.2,25.5,21.4,14.0,3.8,0.6,7.8,2.7,24.0,10.9,11.5,2.2,34.0,18.9,2.4,16.7,2.9,9.1,6.9,1.7,7.6,10.8,13.4,4.4,10.3,8.0,18.6,3.3,15.8,15.0,2.5,39.2,12.3,1.6,26.0,24.5,2.1,30.6,4.4,8.1,27.9,22.7,24.2,2.4,14.3,5.3,25.3,3.5,6.4,2.1,2.9,6.5,2.3,3.8,0.5,5.2,2.7,7.5,50.5,49.6,1.5,24.4,1.0,33.1,28.3,16.3,43.1
LYRM4,9.0,44.5,75.1,46.7,64.9,93.5,19.4,79.9,75.1,21.4,80.3,26.5,64.4,139.9,81.0,27.4,71.0,55.0,80.9,93.6,17.0,17.4,78.8,96.2,77.5,96.9,81.6,21.8,55.9,94.7,78.9,73.6,83.5,70.1,53.9,68.7,39.5,79.9,63.2,121.0,75.9,63.6,76.6,57.0,44.6,78.6,69.9,73.2,65.9,50.4,112.3,91.9,56.6,100.2,99.8,83.8,75.5,47.5,78.5,71.7,37.6,62.3,50.3,81.9,14.5,95.0,80.5,84.5,63.5,57.1,38.3,34.4,94.7,64.9,53.9,97.0,82.8,66.3,63.2,72.8,67.8,74.4,153.7,19.7,83.2,88.7,109.9,22.9,14.8,26.2,52.2,42.2,68.1,95.9,41.3,74.9,84.0,11.1,82.5,41.6,84.8,15.3,59.9,17.3,81.8
LYRM9,91.4,94.8,83.6,99.1,123.9,75.0,85.6,127.9,79.8,86.5,100.8,131.5,85.2,92.4,73.1,93.6,137.5,107.4,108.3,67.3,55.8,98.8,92.1,82.5,43.3,81.6,56.4,100.1,58.1,50.1,59.4,83.8,79.9,68.4,78.1,71.2,105.7,67.7,81.7,51.9,40.6,111.2,88.9,54.2,53.3,104.2,71.1,56.5,84.2,49.1,20.6,62.7,57.8,53.4,78.6,89.1,81.8,111.7,69.9,34.4,82.6,48.8,54.2,75.0,92.8,75.6,56.0,51.0,105.0,99.7,55.2,81.6,72.2,91.2,92.8,88.9,81.7,63.9,57.6,73.8,68.5,97.9,88.6,112.0,73.8,64.4,78.9,77.8,63.7,90.4,73.2,42.4,46.1,67.7,11.4,54.9,55.4,48.2,25.1,94.9,71.2,89.4,66.1,81.4,53.7
MACROD1,5.7,14.6,12.1,5.3,3.9,10.7,6.7,22.6,3.1,11.0,4.5,7.0,11.2,14.4,13.1,8.5,21.1,7.6,13.2,9.2,34.2,11.7,33.9,25.4,14.5,8.6,4.7,12.1,34.6,89.0,8.9,62.8,3.3,17.0,4.3,5.7,6.7,65.4,11.9,50.1,8.7,5.4,19.3,10.1,23.4,5.9,8.5,38.7,9.6,46.6,65.4,17.9,2.0,3.7,6.2,9.8,8.9,11.4,3.0,7.9,28.5,40.2,10.1,51.7,4.5,5.6,29.2,50.8,8.2,12.8,46.3,81.6,42.9,73.8,5.1,74.9,4.5,4.7,20.0,59.8,70.1,18.7,31.7,12.0,11.9,39.1,4.3,52.0,21.5,31.6,8.0,16.1,5.4,12.5,34.2,7.6,7.4,51.0,15.5,47.1,13.5,31.6,9.6,10.6,41.4
MAOA,24.166666666666668,12.066666666666668,40.0,11.299999999999999,7.433333333333334,11.333333333333334,11.266666666666666,51.06666666666667,23.933333333333334,10.133333333333333,25.900000000000002,19.433333333333334,4.5,32.63333333333333,15.333333333333334,18.233333333333334,16.633333333333336,21.566666666666666,11.066666666666668,11.299999999999999,29.5,11.300000000000002,33.56666666666667,16.366666666666667,6.266666666666667,17.333333333333332,14.700000000000001,18.099999999999998,24.2,22.03333333333333,8.666666666666666,35.4,10.233333333333333,13.166666666666666,11.299999999999999,13.066666666666668,27.599999999999998,14.5,5.966666666666666,16.633333333333333,29.299999999999997,13.866666666666667,30.266666666666666,10.5,14.299999999999999,21.566666666666666,16.566666666666666,15.666666666666666,12.433333333333332,14.566666666666668,15.866666666666667,23.833333333333332,9.566666666666666,9.333333333333334,11.5,11.766666666666666,9.700000000000001,8.700000000000001,10.233333333333333,22.933333333333334,17.366666666666667,24.633333333333336,13.866666666666667,22.166666666666668,19.333333333333332,15.1,31.333333333333332,31.066666666666666,25.633333333333336,43.63333333333333,11.533333333333333,41.36666666666667,34.36666666666667,10.5,5.2,11.633333333333333,19.333333333333332,11.533333333333331,6.3,30.2,13.566666666666668,26.333333333333332,8.933333333333334,26.7,44.63333333333333,14.0,29.53333333333333,11.833333333333334,36.13333333333333,47.56666666666666,24.7,39.06666666666667,5.5,7.533333333333334,33.2,15.699999999999998,18.766666666666666,21.2,52.699999999999996,25.03333333333333,17.933333333333334,36.43333333333333,13.6,17.266666666666666,27.400000000000002
MAOB,39.5,28.4,16.6,22.7,20.5,22.8,11.5,15.4,12.6,17.1,33.2,12.7,41.0,17.3,51.7,13.4,18.2,15.5,18.3,50.9,21.9,46.5,89.4,36.9,43.4,10.8,42.2,13.7,48.9,22.8,12.7,42.3,43.2,30.5,50.0,14.4,12.4,30.2,47.6,39.6,27.9,29.5,40.7,20.3,20.0,15.2,11.7,10.3,26.1,48.8,13.7,58.3,33.8,31.5,47.3,28.3,43.1,13.3,78.5,23.3,57.3,14.0,11.4,13.1,29.3,27.9,57.4,8.6,55.7,13.6,61.7,44.9,17.2,51.1,6.3,15.1,46.8,9.7,11.0,23.9,11.7,9.9,21.4,10.9,40.3,13.4,17.7,11.7,17.5,11.1,12.9,30.7,11.8,22.3,16.9,17.3,16.7,18.6,60.5,11.8,9.0,24.6,11.8,11.8,3.8
MAVS,65.4,70.7,86.9,72.4,66.1,57.6,94.8,81.2,98.8,46.1,34.5,72.8,60.0,82.7,54.1,86.4,73.7,95.8,57.6,62.7,32.7,92.3,63.8,97.2,39.5,69.2,71.3,55.6,66.3,54.7,62.3,37.4,71.8,69.3,87.5,95.9,47.8,58.0,75.4,44.3,68.2,82.8,76.4,54.5,82.6,17.4,83.2,49.1,58.3,58.3,76.2,81.6,80.0,67.3,107.7,59.2,71.0,62.9,63.2,78.8,83.7,83.9,72.5,47.7,101.8,63.9,56.5,62.2,62.4,82.5,16.3,112.2,55.1,91.4,55.0,52.1,78.9,53.5,77.3,65.9,87.9,33.4,64.4,84.8,68.2,108.3,77.9,27.6,48.2,54.8,50.4,75.2,97.9,85.4,59.6,76.2,116.8,62.2,99.5,47.8,100.4,12.3,62.7,63.5,63.4
MCAT,13.6,86.6,69.5,34.9,42.7,94.8,67.4,12.5,52.6,84.9,41.3,43.3,68.4,45.1,64.9,43.7,98.3,64.6,45.3,59.3,77.5,30.7,65.7,47.1,54.4,85.9,81.4,112.8,67.0,48.6,61.0,80.0,81.6,50.8,73.9,91.6,95.6,60.2,13.9,55.3,35.2,9.6,41.7,53.1,58.1,123.8,75.8,70.0,60.7,79.9,60.5,63.5,53.1,13.4,70.0,49.3,66.2,95.4,66.6,26.5,46.4,63.8,69.6,54.8,38.4,69.0,73.7,59.4,73.4,48.8,13.1,64.4,61.4,6.3,58.4,58.0,80.7,33.4,58.4,59.9,10.8,32.7,64.1,92.1,45.6,53.9,112.4,34.5,15.2,82.5,64.7,38.8,49.1,71.4,75.6,76.3,15.4,56.6,114.1,95.4,93.7,127.8,61.9,57.2,86.9
MCCC1,89.2,96.1,52.4,73.6,44.0,134.4,74.5,65.2,85.1,68.8,97.3,92.0,90.5,64.8,15.5,99.9,59.9,49.0,73.5,90.1,69.8,138.7,110.3,72.2,84.5,75.6,35.5,86.7,84.8,86.5,118.1,128.2,83.5,114.2,94.7,99.9,97.8,108.7,83.7,91.3,117.5,96.9,87.3,108.1,94.9,115.8,106.6,86.0,100.1,53.1,30.2,86.2,144.8,127.7,107.8,108.8,154.1,129.1,79.8,61.4,79.8,150.4,88.9,93.8,100.2,98.4,105.7,186.3,103.0,114.7,60.9,100.4,91.7,117.7,50.4,89.6,126.1,105.8,88.1,70.2,85.0,90.9,122.0,74.6,88.6,60.3,87.1,89.5,67.3,63.4,62.2,63.2,107.3,121.7,113.8,87.9,87.1,45.8,84.8,70.2,68.9,98.7,129.3,87.0,111.1
MCCC2,93.7,115.45,71.5,114.14999999999999,85.25,117.25,98.25,120.0,77.85,72.55000000000001,111.35,122.9,104.8,20.349999999999998,81.80000000000001,97.30000000000001,89.5,122.8,91.3,102.45,112.8,136.25,82.5,151.20000000000002,129.1,96.95,80.95,112.3,87.3,86.19999999999999,88.95,74.95,88.95,90.8,116.60000000000001,101.05,130.45,107.35000000000001,90.0,91.6,125.45,59.15,110.89999999999999,136.2,83.39999999999999,140.85,118.64999999999999,91.5,74.5,86.6,62.55,74.05,102.35000000000001,75.10000000000001,121.89999999999999,106.39999999999999,87.8,108.0,83.9,90.25,49.699999999999996,75.65,109.1,53.6,85.55,95.35,86.0,71.0,91.39999999999999,59.5,88.3,86.65,95.64999999999999,100.7,107.69999999999999,102.3,56.9,78.30000000000001,106.75,123.65,126.39999999999999,91.95,95.55000000000001,119.0,92.3,107.5,69.19999999999999,103.0,98.55,60.8,103.45,103.9,88.75,73.15,6.8500000000000005,119.8,118.1,74.4,119.35000000000001,99.6,122.25,94.75,48.900000000000006,65.95,48.099999999999994
MCL1,868.72,797.0600000000001,673.1600000000001,704.76,682.4,653.1800000000001,745.8799999999999,501.8,1025.98,958.4799999999999,1149.62,947.9,832.22,577.4399999999999,800.0600000000001,610.88,506.91999999999996,393.36,485.62,773.2,634.26,807.5200000000001,966.4799999999999,672.1800000000001,776.58,911.6800000000001,742.5600000000001,524.62,628.62,602.1800000000001,679.6600000000001,860.22,982.5200000000001,1116.46,872.86,882.1600000000001,771.2,921.96,809.0400000000001,1098.3600000000001,655.98,1236.6,1104.9,508.1,774.08,550.8399999999999,837.22,796.56,1014.6,967.32,816.22,814.78,1041.78,1073.9,793.04,1115.7400000000002,969.82,697.98,915.8399999999999,635.46,1177.08,846.0200000000001,626.58,907.5200000000001,1000.3,938.0400000000002,693.86,951.8399999999999,901.82,703.24,995.82,834.5,794.0200000000001,615.0600000000001,1031.8200000000002,903.4399999999999,879.78,949.7,872.04,1004.5,663.9399999999999,1064.74,823.86,940.3,875.18,690.92,501.12,1041.6799999999998,925.76,1059.46,977.1,857.5,940.5,918.1600000000001,1010.82,951.86,765.74,727.9399999999999,766.88,834.9799999999999,756.62,775.08,978.0,493.82,1000.6
MCUR1,48.1,49.9,31.2,45.8,39.2,73.5,55.0,21.4,49.3,34.9,31.8,9.6,53.2,60.1,33.4,45.1,48.7,53.5,38.1,66.3,58.8,51.3,53.2,35.5,33.1,60.8,42.4,10.7,61.2,116.7,64.9,72.7,77.5,64.1,69.7,45.6,62.4,76.5,71.1,147.1,46.6,41.7,67.0,31.8,78.9,57.4,82.5,59.9,44.4,31.8,89.3,76.4,61.5,61.4,45.5,55.6,68.7,81.9,50.9,95.7,30.1,42.8,65.5,110.4,61.9,89.0,73.0,44.0,76.0,8.6,15.3,64.5,41.8,97.8,44.8,34.7,53.7,56.0,63.3,66.9,51.9,55.5,70.7,36.5,67.6,45.9,67.2,87.4,98.9,11.2,71.8,67.7,58.6,53.3,55.1,91.6,122.7,72.7,9.2,54.6,38.3,107.4,107.3,63.2,49.3
MDH2,219.9,200.45,245.35,244.05,243.8,244.0,223.7,184.7,187.25,210.5,223.3,192.35,233.55,170.0,194.9,252.20000000000002,235.65,257.25,214.8,211.9,214.10000000000002,259.65,233.05,230.2,264.75,194.55,234.10000000000002,267.0,273.1,183.7,234.25,146.6,238.95,205.2,211.4,194.45,279.1,229.89999999999998,236.89999999999998,220.5,253.7,190.2,245.35,198.1,184.5,247.35000000000002,222.8,238.85,202.2,176.5,172.10000000000002,230.65,225.95,222.15,205.60000000000002,300.5,204.8,237.0,251.7,224.05,174.4,237.25,263.3,226.5,174.95,198.29999999999998,231.2,211.54999999999998,198.35000000000002,195.20000000000002,183.14999999999998,235.55,280.7,230.85000000000002,233.04999999999998,208.85,261.8,251.85000000000002,248.7,202.45,250.45,194.6,304.54999999999995,208.3,174.6,249.2,183.10000000000002,203.89999999999998,221.1,221.15,206.25,192.5,191.04999999999998,284.65,181.89999999999998,159.35000000000002,213.4,164.95,224.0,223.7,225.85,138.1,199.2,230.35,176.2
ME2,225.13333333333333,209.70000000000002,172.83333333333334,173.76666666666665,196.33333333333334,198.96666666666667,187.9,148.4333333333333,202.26666666666665,167.0,160.33333333333334,197.5666666666667,207.23333333333335,192.13333333333333,192.5333333333333,214.20000000000002,196.5,109.30000000000001,117.83333333333333,163.70000000000002,209.0,272.2,161.0,189.4,175.46666666666667,143.6,155.23333333333332,179.4,149.93333333333334,176.23333333333335,201.33333333333334,166.36666666666667,149.70000000000002,202.69999999999996,211.0333333333333,192.0666666666667,200.86666666666667,198.36666666666667,143.13333333333333,186.20000000000002,167.73333333333332,199.79999999999998,229.4,232.1,204.76666666666665,144.83333333333334,204.4333333333333,259.23333333333335,159.0,225.4333333333333,179.4333333333333,174.96666666666667,202.83333333333334,211.10000000000002,199.86666666666667,143.66666666666666,213.33333333333334,148.20000000000002,165.9,155.26666666666668,252.20000000000002,226.89999999999998,136.23333333333335,189.83333333333334,183.1,203.1,168.96666666666667,204.29999999999998,190.0666666666667,180.4333333333333,162.03333333333333,157.26666666666668,212.5666666666667,190.16666666666666,163.03333333333333,179.96666666666667,173.36666666666667,212.76666666666665,200.1,310.0,236.16666666666666,151.8,166.26666666666668,221.56666666666663,180.83333333333334,188.76666666666668,179.83333333333334,178.33333333333334,245.03333333333333,177.9,201.16666666666666,171.63333333333333,125.13333333333333,238.0,189.36666666666667,180.5666666666667,156.4,172.96666666666667,200.5666666666667,186.63333333333335,159.76666666666668,179.76666666666665,172.4333333333333,186.36666666666667,266.6666666666667
ME3,38.7,16.4,79.9,16.4,43.9,32.2,46.4,23.0,48.1,12.5,71.8,30.9,43.8,43.4,64.1,59.0,99.8,25.4,38.7,29.2,68.7,40.2,26.3,59.6,13.0,28.1,43.1,52.0,52.5,15.3,58.6,58.1,33.2,25.3,39.0,97.4,32.8,36.5,24.2,45.6,46.5,19.6,48.9,35.3,49.3,11.1,29.6,28.7,23.8,19.3,89.3,73.7,41.0,24.5,6.6,38.7,50.3,50.0,27.3,14.6,52.4,73.0,39.7,48.0,11.7,48.3,49.5,10.1,53.0,18.1,81.9,22.3,50.7,66.8,83.3,7.3,51.8,75.8,15.7,17.2,54.0,19.6,40.2,11.5,12.4,8.3,85.9,55.7,12.6,17.6,29.9,12.5,38.9,40.7,9.0,3.8,41.6,20.0,5.9,20.5,61.7,46.0,71.0,46.9,4.4
MECR,32.0,36.8,9.4,36.3,9.3,35.3,19.5,61.1,14.4,27.8,36.9,5.0,4.8,19.7,4.7,5.3,10.7,8.4,25.2,6.0,38.6,5.9,52.7,29.4,27.7,5.0,36.0,31.7,33.4,44.0,42.3,44.4,13.6,31.8,26.7,17.0,46.7,6.0,25.4,7.5,11.8,4.6,5.0,32.0,38.6,33.6,26.2,26.8,12.6,17.2,10.0,11.0,18.1,19.0,19.9,63.8,22.6,44.7,4.4,7.5,9.9,46.4,5.9,51.2,54.3,6.2,27.9,32.5,24.0,71.9,86.8,48.4,34.7,61.6,12.3,10.0,40.1,17.8,4.3,7.8,11.1,11.3,47.1,6.7,5.0,72.5,36.9,13.4,16.0,5.2,41.9,50.9,6.1,43.1,35.1,24.2,58.0,24.3,34.1,57.4,43.6,19.5,44.5,50.4,21.2
METTL17,124.8,147.3,134.0,170.7,165.3,189.4,172.5,68.8,134.1,104.3,148.8,28.3,183.7,60.1,158.1,134.8,87.5,118.3,79.1,105.9,134.3,179.2,225.8,111.1,133.2,107.6,178.2,254.8,98.5,227.4,94.0,154.8,136.6,124.5,126.9,128.0,179.2,194.7,188.1,147.0,175.4,160.5,112.7,126.3,129.7,207.5,145.1,80.3,147.3,125.4,151.8,175.2,134.8,125.8,100.3,196.9,119.6,136.4,213.6,125.0,107.7,96.3,151.6,160.6,143.5,158.6,131.9,136.5,156.0,125.2,98.4,142.3,172.7,79.9,103.3,99.5,148.9,140.8,160.2,142.5,148.3,151.0,112.7,120.7,187.0,179.2,202.1,97.5,138.6,68.9,200.2,152.1,121.0,180.3,116.0,109.7,185.0,123.4,173.8,177.3,65.7,62.9,134.8,140.0,101.3
METTL4,110.8,90.2,78.9,97.9,92.1,113.1,83.4,130.7,109.2,93.0,102.7,97.3,94.6,113.9,60.4,133.9,89.4,84.7,103.2,56.6,141.9,132.5,125.2,83.6,99.9,78.6,68.2,87.7,52.0,135.8,68.2,77.6,85.2,95.4,78.9,83.9,115.4,68.0,105.2,88.2,95.6,62.0,102.0,123.1,88.0,60.4,78.2,76.5,83.2,90.4,109.2,95.8,100.1,77.9,97.3,85.9,79.9,100.2,89.8,123.7,63.7,96.3,76.0,89.0,90.2,76.3,88.0,103.6,107.5,86.5,148.2,70.1,94.1,74.7,80.0,101.4,58.4,100.5,85.9,132.4,73.2,108.8,77.7,104.1,61.0,86.4,95.8,75.2,57.6,52.2,79.2,77.6,45.6,66.1,65.3,58.6,116.7,93.1,84.6,83.7,74.8,86.3,70.5,85.1,34.8
METTL5,23.95,40.25,32.5,34.45,30.4,57.300000000000004,37.35,63.650000000000006,33.05,35.6,47.75,31.25,42.1,35.1,50.8,27.35,36.65,12.05,54.0,25.25,44.75,33.75,55.05,47.4,49.6,45.5,43.5,42.4,43.05,30.5,33.2,30.6,38.8,41.5,37.25,34.55,29.95,32.0,57.35,51.55,43.3,26.0,34.5,47.300000000000004,40.75,50.65,33.8,36.55,30.3,53.35,43.9,44.3,45.0,42.150000000000006,50.85,38.449999999999996,35.5,43.75,34.199999999999996,35.3,37.8,51.05,37.3,52.349999999999994,30.25,33.45,59.400000000000006,62.25,17.95,18.8,60.05,37.6,38.8,56.95,27.4,54.25,39.199999999999996,47.65,39.2,32.75,58.6,40.05,38.949999999999996,28.6,41.65,59.099999999999994,18.85,68.2,25.65,24.0,69.1,59.5,47.650000000000006,57.150000000000006,23.5,54.65,38.9,36.150000000000006,50.65,54.85,33.95,34.55,99.60000000000001,54.800000000000004,122.60000000000001
METTL8,8.6,9.7,20.1,31.4,30.9,8.6,10.7,11.2,9.2,11.8,5.0,10.8,6.5,13.2,11.9,11.2,18.6,35.3,14.4,7.5,25.0,8.3,3.9,60.3,6.2,47.7,15.1,10.3,13.3,12.8,12.3,10.4,10.0,29.8,12.3,10.1,13.2,6.7,11.1,8.0,16.7,8.7,21.7,40.1,9.9,5.6,12.7,40.6,9.8,9.4,10.3,10.3,22.0,17.6,8.4,36.9,30.2,6.0,8.6,10.5,19.8,6.9,9.9,6.5,27.4,3.7,8.5,17.6,5.9,13.3,14.3,7.4,2.8,9.6,38.1,11.7,7.9,17.8,5.7,7.8,8.5,9.7,9.6,15.6,8.9,23.1,9.6,4.1,10.1,14.7,12.4,6.6,8.6,30.2,9.1,5.5,17.1,86.3,6.8,9.7,17.6,12.5,6.5,14.9,39.0
MFF,120.3,119.7,132.0,80.9,115.2,116.3,115.1,133.3,133.3,97.1,131.2,108.9,117.1,140.3,64.5,154.7,82.2,107.2,75.5,130.7,120.4,135.0,118.4,147.0,178.4,186.6,99.6,158.3,102.0,89.8,91.1,168.7,135.4,122.7,116.7,114.2,104.2,126.5,119.8,151.4,139.8,86.0,147.7,114.3,86.9,106.8,103.7,94.8,99.1,96.1,78.6,148.3,127.1,88.6,142.1,109.2,109.3,129.9,139.6,112.7,118.2,142.1,161.1,122.0,112.0,132.8,144.4,127.1,68.8,152.7,141.5,135.1,145.1,118.2,98.3,153.0,108.7,151.7,141.5,131.2,114.1,107.8,151.0,102.0,110.7,102.0,123.2,83.1,136.8,70.3,89.8,134.6,76.0,121.5,114.2,117.6,125.2,63.3,124.5,132.5,82.2,45.9,130.6,89.1,87.0
MFN1,42.23333333333333,44.06666666666666,48.1,38.50000000000001,24.433333333333337,41.13333333333333,59.833333333333336,47.26666666666667,49.93333333333334,33.199999999999996,41.36666666666667,46.26666666666667,40.03333333333333,44.36666666666667,40.199999999999996,33.56666666666667,33.7,29.266666666666666,25.533333333333335,20.099999999999998,32.36666666666667,38.800000000000004,52.800000000000004,30.8,49.53333333333333,63.0,50.300000000000004,45.699999999999996,31.866666666666664,51.73333333333333,25.433333333333334,67.26666666666667,34.4,57.63333333333333,48.26666666666667,59.43333333333334,37.73333333333333,48.13333333333333,43.699999999999996,50.9,29.766666666666666,45.43333333333334,56.43333333333334,23.299999999999997,51.6,40.5,26.333333333333332,45.6,32.06666666666666,34.43333333333333,54.03333333333333,28.866666666666664,63.73333333333333,48.666666666666664,59.06666666666666,41.63333333333333,53.26666666666667,33.46666666666667,37.6,73.2,49.73333333333333,44.86666666666667,41.46666666666666,42.43333333333334,35.03333333333334,62.73333333333333,44.333333333333336,69.36666666666667,40.23333333333333,57.23333333333333,65.13333333333333,41.333333333333336,29.566666666666666,44.166666666666664,45.833333333333336,41.56666666666667,47.63333333333333,28.3,46.26666666666667,58.86666666666667,43.9,39.699999999999996,54.06666666666666,41.333333333333336,27.900000000000002,28.066666666666666,34.233333333333334,33.4,33.93333333333333,27.599999999999998,38.63333333333333,58.5,40.13333333333333,29.933333333333337,67.63333333333333,69.46666666666667,49.63333333333333,53.73333333333334,50.23333333333333,35.733333333333334,9.933333333333334,91.8,43.699999999999996,34.03333333333333,66.63333333333334
MFN2,165.0,176.25,101.35000000000001,190.25,153.05,131.75,112.80000000000001,142.4,123.9,192.6,134.7,119.75,146.15,219.04999999999998,114.6,152.5,191.25,197.55,171.65,105.65,118.9,145.3,158.1,130.7,112.3,107.7,135.9,166.0,156.1,158.05,197.9,102.65,113.4,112.45,138.05,144.55,163.25,152.0,160.95,125.05000000000001,134.55,128.45,144.25,183.1,214.20000000000002,169.64999999999998,116.25,116.0,175.8,175.2,187.45,124.80000000000001,107.9,107.3,113.15,94.4,113.0,159.3,144.6,201.1,75.85,163.64999999999998,145.5,177.9,192.79999999999998,98.6,166.0,140.8,242.95,197.85,186.2,159.0,138.15,83.25,266.45,195.0,143.7,123.6,169.1,167.6,173.25,155.2,148.0,132.3,181.64999999999998,130.39999999999998,135.75,120.30000000000001,181.2,180.75,201.4,150.65,161.9,114.05,153.95,127.75,162.55,132.4,176.55,192.0,104.9,183.45,87.4,176.75,160.45
MGST3,95.2,192.1,292.9,181.8,340.9,275.0,219.7,163.3,199.1,143.1,83.0,74.0,188.8,144.6,166.6,187.1,244.3,133.8,42.0,369.2,47.5,118.8,214.2,269.5,235.7,305.8,240.4,248.4,150.3,29.7,189.5,148.8,166.7,327.2,327.9,184.1,212.9,231.8,155.4,280.0,261.2,164.8,174.8,193.4,151.7,259.5,300.9,252.5,228.1,228.1,340.5,185.4,224.9,321.3,324.5,326.7,324.9,237.1,203.0,31.5,269.0,301.1,158.1,265.9,166.9,201.4,213.8,239.5,183.4,191.8,47.4,182.8,121.1,249.4,127.1,197.7,265.9,237.2,127.8,50.4,195.0,207.8,85.1,222.8,189.0,176.8,197.8,160.7,291.4,127.1,247.1,197.4,24.2,176.9,222.6,213.7,55.6,28.5,137.6,38.5,173.2,132.0,201.2,222.6,132.8
MICU1,305.2,229.5,367.7,220.8,282.8,216.7,343.2,308.9,330.8,357.2,253.3,353.8,358.6,275.4,255.7,288.0,414.2,318.2,352.1,286.7,176.5,228.1,273.8,210.5,191.0,245.0,267.2,287.9,197.0,265.1,212.8,264.7,246.5,227.5,333.1,261.1,320.1,231.0,283.9,232.3,276.5,278.4,257.6,208.8,223.2,263.1,264.7,248.8,294.1,332.6,270.7,297.6,223.1,230.6,220.0,232.9,216.6,239.9,332.2,287.5,245.8,329.1,241.0,216.8,243.1,286.6,262.5,271.9,320.3,254.3,199.8,230.5,328.0,200.4,294.2,255.2,324.9,273.3,273.3,253.3,287.4,304.5,294.2,364.4,309.8,271.0,247.9,225.9,269.2,316.5,252.4,339.4,226.6,305.7,306.1,288.1,268.9,300.8,268.2,241.3,434.8,234.6,252.1,343.8,234.8
MICU2,183.0,137.0,150.9,57.5,159.6,232.5,163.3,105.3,207.8,111.8,139.1,237.1,131.6,84.6,209.1,149.4,54.4,72.9,44.4,133.0,71.2,142.3,179.2,167.1,105.2,135.6,83.9,92.3,76.5,93.4,73.5,171.1,79.5,167.5,141.4,114.2,57.7,72.1,110.2,184.8,104.0,114.0,184.1,73.9,93.0,57.0,109.4,222.0,98.5,100.3,108.4,77.2,217.3,202.9,208.3,125.0,135.5,85.9,58.8,48.9,247.9,89.2,115.7,175.9,217.1,185.0,150.4,215.8,74.4,63.3,100.7,114.9,143.9,132.0,109.3,114.5,195.1,128.5,121.0,125.4,95.7,70.7,133.1,84.2,143.4,87.0,62.3,95.0,42.0,35.2,117.6,81.6,46.4,118.9,130.0,105.5,80.3,97.1,97.4,68.1,78.9,24.1,120.9,27.3,91.4
MIEF1,180.70000000000002,157.03333333333333,165.33333333333334,190.9333333333333,192.53333333333333,211.29999999999998,176.16666666666666,144.76666666666668,148.5666666666667,171.70000000000002,152.86666666666667,147.13333333333333,162.36666666666667,127.66666666666667,170.70000000000002,198.13333333333335,120.13333333333333,159.4,121.89999999999999,162.23333333333335,166.83333333333334,148.26666666666665,154.0,176.79999999999998,173.4333333333333,145.96666666666667,198.13333333333333,155.73333333333332,145.29999999999998,140.36666666666667,144.36666666666665,158.1,151.76666666666668,144.06666666666666,163.73333333333335,162.13333333333335,189.5,164.83333333333334,148.03333333333333,137.0,146.86666666666667,161.13333333333333,161.83333333333334,171.79999999999998,139.26666666666668,176.73333333333335,160.73333333333335,174.6,154.13333333333333,162.36666666666665,144.66666666666666,142.26666666666668,113.39999999999999,136.9,137.73333333333332,158.13333333333333,117.7,181.5,158.53333333333333,175.03333333333333,126.89999999999999,169.46666666666667,138.16666666666666,101.63333333333333,107.3,148.13333333333333,142.1,121.26666666666667,145.6,133.79999999999998,126.10000000000001,121.5,136.56666666666666,183.06666666666663,133.43333333333334,131.53333333333333,166.53333333333333,160.4333333333333,131.70000000000002,138.16666666666666,170.06666666666666,140.36666666666667,148.46666666666667,135.0,116.93333333333334,160.86666666666665,156.36666666666667,89.8,158.03333333333333,160.1,112.76666666666667,141.76666666666668,138.1,160.13333333333333,117.86666666666667,146.79999999999998,194.20000000000002,132.53333333333333,149.46666666666667,135.0666666666667,198.46666666666667,128.33333333333334,140.66666666666666,172.73333333333335,116.56666666666666
MIPEP,9.8,9.6,14.35,8.65,8.5,23.2,12.6,11.15,8.05,25.0,11.649999999999999,9.4,6.85,12.6,10.4,10.3,25.8,11.5,15.899999999999999,8.75,12.2,11.45,16.099999999999998,22.85,10.75,11.850000000000001,10.45,12.75,7.15,6.6,9.05,25.65,8.75,28.55,7.1,5.800000000000001,10.65,8.9,9.05,10.25,9.100000000000001,6.5,21.15,24.45,8.85,10.85,6.2,8.45,9.4,9.600000000000001,13.85,6.45,4.85,11.3,7.05,30.75,7.1,16.65,10.4,31.2,28.200000000000003,7.5,22.5,9.45,18.05,9.65,9.55,41.6,7.699999999999999,8.5,11.1,8.55,8.6,16.1,15.9,5.9,9.95,8.8,8.5,25.1,14.0,9.1,9.05,11.15,6.85,8.950000000000001,8.8,9.05,16.45,4.15,47.8,7.949999999999999,9.6,15.4,15.1,8.45,11.100000000000001,10.85,12.8,7.949999999999999,67.9,10.2,8.899999999999999,11.350000000000001,18.1
MLYCD,76.2,89.7,88.4,74.3,52.9,57.0,70.6,71.1,65.8,95.5,74.6,78.2,92.2,69.4,36.5,102.7,93.7,86.2,93.1,55.7,48.3,101.1,56.3,81.9,132.8,77.5,97.3,85.9,92.8,60.3,88.2,79.4,88.9,91.2,74.7,90.5,65.0,74.8,173.3,99.1,62.2,90.8,32.8,111.7,83.9,129.1,76.4,83.9,75.9,85.0,101.5,65.0,63.7,64.5,76.4,49.3,91.3,97.1,65.9,13.4,75.9,108.2,93.5,110.5,89.6,73.3,44.4,86.8,72.8,89.7,88.3,54.0,99.3,117.4,81.0,63.0,75.0,86.2,82.2,43.0,63.4,41.1,42.5,46.4,61.2,92.8,52.8,70.2,50.7,85.7,23.6,40.9,60.1,70.0,33.8,66.0,139.6,17.5,131.1,62.3,8.8,104.4,65.1,20.8,93.5
MMADHC,398.7,389.5,358.2,260.7,331.7,453.0,400.4,255.4,342.3,323.5,285.0,228.1,396.8,231.0,333.2,178.1,225.5,149.5,334.7,479.3,438.2,305.0,469.7,324.7,339.5,300.4,289.1,282.3,358.6,291.4,302.8,298.1,270.4,396.4,392.2,353.7,308.4,302.2,441.3,488.4,383.4,486.4,493.4,287.6,398.9,319.6,414.5,464.9,429.1,240.4,264.7,344.5,493.2,528.8,437.7,457.7,529.0,330.9,483.1,178.8,632.7,367.7,325.5,403.4,374.9,329.3,414.0,471.1,364.9,279.0,296.3,338.9,355.8,473.8,339.2,427.3,443.1,521.9,427.4,492.0,533.9,334.7,386.4,546.5,418.3,409.0,293.4,546.3,491.8,265.3,459.4,315.8,368.9,539.2,400.0,501.4,238.8,199.7,422.6,304.8,186.9,214.8,395.2,171.0,355.8
MOCS1,41.15,38.35,25.95,41.95,40.849999999999994,39.4,38.9,46.55,25.95,37.55,56.699999999999996,41.25,28.45,54.15,41.8,32.25,64.55,71.3,55.5,28.75,8.25,16.9,47.25,41.3,41.1,28.35,34.9,61.699999999999996,41.25,39.6,22.35,22.85,66.8,26.099999999999998,28.65,13.85,54.0,60.9,54.800000000000004,14.600000000000001,17.2,16.25,37.5,60.65,34.050000000000004,28.0,21.849999999999998,15.85,40.199999999999996,67.6,62.800000000000004,41.9,27.85,26.9,55.45,50.099999999999994,22.1,54.35,26.1,54.55,27.2,44.75,22.450000000000003,83.75,13.95,30.75,37.8,29.95,49.0,24.75,74.4,39.85,11.899999999999999,28.0,22.900000000000002,7.449999999999999,33.75,27.900000000000002,22.35,38.8,47.55,25.3,26.0,29.6,24.05,24.849999999999998,66.4,42.75,80.2,64.45,29.25,100.94999999999999,41.0,40.2,17.85,42.0,46.95,67.45,29.7,42.300000000000004,31.45,30.3,39.95,31.4,49.849999999999994
MPC1,114.9,156.6,127.1,102.8,129.6,76.1,146.6,256.6,150.9,136.8,149.7,182.1,164.9,238.3,111.6,141.1,178.3,207.7,217.5,183.3,189.3,273.2,176.8,102.1,137.2,195.5,91.4,95.6,114.5,117.3,151.3,167.4,127.5,163.2,103.7,149.6,92.6,122.6,153.8,201.6,162.4,147.3,179.1,129.4,136.3,95.5,138.8,137.2,150.8,162.9,178.6,123.9,162.5,139.3,87.5,146.8,160.5,85.9,163.4,111.4,151.0,121.4,126.0,164.0,222.8,205.6,140.1,144.4,209.2,123.6,183.7,131.8,94.5,200.8,133.4,149.8,162.0,199.8,199.4,163.2,173.9,154.8,133.2,135.4,101.8,142.5,182.9,189.4,153.8,128.1,167.6,187.4,94.1,145.9,183.2,162.1,200.8,174.4,246.4,173.4,166.0,155.9,193.4,171.1,317.7
MPC2,195.3,301.4,344.7,305.0,224.2,304.7,246.7,360.2,234.1,324.1,322.4,242.6,215.3,277.6,307.4,318.6,209.5,208.2,219.6,265.9,173.5,315.8,261.7,226.0,353.3,291.8,222.0,206.8,206.8,291.9,362.1,380.6,319.8,293.8,303.4,235.3,237.5,260.5,428.1,347.4,273.1,222.7,226.8,283.3,315.7,217.3,202.9,258.4,305.3,203.8,300.4,175.5,315.0,267.1,307.3,260.7,265.6,163.9,227.6,223.5,274.2,251.1,239.5,248.4,206.4,279.8,277.3,185.2,250.9,264.3,254.9,235.5,243.9,279.6,170.4,219.8,268.8,297.7,275.0,209.0,274.6,281.2,299.4,192.2,208.6,191.9,182.2,242.2,184.0,285.0,331.5,415.5,236.3,259.7,246.3,328.8,213.9,133.4,235.5,310.3,173.0,164.6,256.7,176.1,168.3
MPST,116.5,85.6,108.8,111.2,79.9,69.6,117.0,124.6,128.8,124.0,77.5,98.4,69.5,124.2,109.3,76.2,79.7,75.4,113.2,100.3,61.0,53.9,86.8,81.2,102.6,126.0,95.5,48.0,127.4,79.3,90.5,94.9,84.6,131.0,128.2,110.3,55.1,90.9,74.1,77.4,97.0,91.7,91.2,115.2,82.3,60.8,92.2,99.4,140.2,158.3,128.6,141.9,73.5,72.2,102.6,95.5,55.3,106.6,78.3,46.9,87.3,104.0,117.2,84.9,89.8,101.0,118.8,56.2,110.8,98.2,138.7,127.4,91.5,112.4,122.3,149.6,94.2,121.7,107.6,134.6,109.8,53.5,100.6,81.9,117.9,80.9,118.0,93.5,104.7,53.7,99.1,131.4,99.9,71.0,117.3,135.6,13.1,79.3,87.1,134.3,59.6,19.2,149.8,160.5,131.9
MPV17,40.8,50.4,50.4,83.3,25.1,75.8,7.9,32.8,25.2,8.9,47.6,7.5,69.0,134.9,35.4,16.1,24.2,30.6,50.5,58.6,57.8,14.7,45.4,46.7,74.7,52.2,25.3,92.4,63.5,82.5,88.7,25.1,108.3,39.8,9.7,23.6,15.9,88.5,18.6,37.3,64.4,52.8,7.3,19.3,80.6,13.5,29.3,84.7,17.7,81.4,10.3,72.3,76.2,72.8,40.7,69.3,48.9,106.7,22.4,22.0,18.3,29.8,93.1,57.6,6.0,5.4,89.0,68.2,29.7,14.6,38.4,6.0,19.2,62.5,12.3,61.3,71.2,54.3,13.6,26.9,9.1,5.3,100.5,64.5,28.9,20.1,18.1,16.7,18.9,10.2,69.7,12.1,11.5,78.2,48.2,46.0,21.2,23.7,21.5,29.5,17.2,17.7,71.1,59.3,6.0
MRM1,92.5,72.8,131.2,118.5,142.5,76.2,108.3,214.9,51.1,101.3,72.3,103.9,55.4,126.1,81.1,102.6,98.0,95.5,98.0,46.4,115.4,115.7,74.0,42.2,70.7,81.3,58.6,127.5,72.5,117.6,72.7,59.9,122.3,22.2,56.2,95.0,68.4,47.4,163.9,81.2,82.0,72.5,82.4,60.3,76.6,174.0,80.4,66.7,103.5,58.6,270.0,51.3,67.0,55.0,77.2,63.2,129.9,83.6,72.9,56.7,42.6,49.6,82.3,65.2,50.2,89.6,105.1,89.1,97.1,104.4,237.4,115.7,40.7,139.1,84.4,48.1,79.2,99.1,84.7,64.0,59.2,63.9,123.8,43.7,112.1,93.7,54.0,95.0,151.3,82.4,87.9,144.6,46.2,36.8,146.3,129.9,197.5,103.1,56.7,162.1,63.7,106.0,57.1,62.2,125.9
MRPL11,64.8,30.7,87.0,90.3,75.7,138.0,91.3,16.8,60.2,26.8,55.0,20.3,123.3,29.6,106.3,25.8,105.9,133.3,39.3,95.9,10.0,30.1,115.4,72.4,138.2,90.8,92.4,58.9,62.9,25.5,22.6,43.0,109.1,85.4,117.8,63.2,19.2,64.6,42.5,98.6,79.9,92.4,122.4,72.8,140.8,97.0,45.8,80.3,93.1,26.6,25.6,83.0,94.5,88.5,64.7,121.0,84.6,90.0,82.1,24.8,108.6,83.0,120.2,103.3,143.6,89.9,130.0,134.4,10.6,123.1,92.1,41.2,34.3,126.4,112.7,21.7,107.3,54.7,88.4,50.2,56.7,78.3,81.6,109.6,111.6,88.4,93.7,48.5,133.6,59.9,17.6,102.6,75.2,94.1,117.9,18.0,44.8,17.1,25.2,70.9,77.2,109.2,98.4,73.0,14.7
MRPL12,47.4,41.1,86.1,62.2,80.8,55.2,72.5,61.9,65.2,80.0,62.3,82.3,58.8,124.3,67.1,41.0,131.1,82.9,64.0,60.7,62.6,78.9,51.3,74.3,48.3,59.4,40.5,51.3,95.5,61.9,84.5,48.0,40.5,68.4,33.8,40.8,26.0,50.9,58.7,36.9,67.4,56.3,64.7,18.4,75.7,47.6,69.2,36.2,20.7,76.0,12.3,16.9,41.9,37.5,70.1,49.6,45.5,69.2,27.3,30.2,63.3,101.2,41.8,66.2,9.5,69.6,120.3,94.6,11.1,116.6,68.6,74.8,54.1,74.7,57.9,68.1,86.7,36.1,19.2,86.8,68.8,27.5,28.5,53.5,60.4,60.8,56.9,73.1,72.6,25.3,51.0,28.5,23.6,52.1,22.3,76.3,67.5,32.3,68.2,101.4,115.7,22.8,60.9,70.7,18.0
MRPL13,33.9,48.9,46.2,31.3,33.9,49.0,33.7,52.7,43.1,21.0,29.8,45.5,42.4,86.8,40.9,35.8,20.8,33.3,39.5,29.5,58.7,32.2,42.9,20.4,40.8,69.9,26.3,13.4,29.9,25.7,35.5,31.4,25.6,59.4,26.3,41.4,25.7,3.4,15.3,23.8,15.0,7.8,4.1,45.2,54.1,22.9,18.7,34.1,52.0,43.5,66.7,7.7,42.1,41.5,41.5,20.8,34.7,7.3,3.7,67.2,36.7,22.2,78.8,46.7,21.1,33.2,36.4,37.9,43.5,28.9,58.0,49.1,36.3,44.6,29.5,32.7,31.4,50.8,34.4,25.3,43.3,21.1,31.0,6.9,23.9,24.8,69.0,8.1,58.4,8.2,4.0,6.6,51.8,26.6,25.5,24.4,63.9,5.8,18.8,54.2,88.3,51.5,24.1,7.3,19.0
MRPL15,98.7,127.0,117.9,108.3,154.1,177.0,108.8,171.5,108.2,115.5,96.0,78.3,109.6,214.3,131.5,87.0,111.8,124.2,108.7,116.9,149.5,157.8,151.7,91.7,119.7,84.4,117.4,105.2,140.0,116.5,165.9,111.7,133.4,83.5,106.5,107.8,123.8,97.2,127.0,96.8,183.3,90.2,97.9,128.4,98.5,175.8,108.4,134.6,134.1,147.7,166.0,115.8,99.2,122.5,171.7,138.7,118.7,104.6,99.9,81.4,104.9,67.4,114.5,106.5,104.6,99.7,132.9,158.2,131.1,106.1,119.3,91.4,94.1,161.5,81.2,116.5,132.9,139.9,73.5,71.6,91.6,83.6,142.1,108.7,136.1,112.2,157.5,121.1,119.6,109.5,113.0,117.9,88.4,127.2,88.8,106.0,125.5,108.2,132.6,164.2,84.8,185.6,130.2,111.4,91.0
MRPL16,147.1,145.0,141.9,122.6,154.7,130.8,147.0,144.6,157.4,174.7,144.5,142.9,130.6,144.8,156.5,139.2,137.5,209.4,164.8,129.0,124.5,128.0,71.6,131.5,88.3,144.6,106.3,142.6,170.3,119.5,140.6,139.4,105.3,95.2,116.9,124.7,159.8,138.5,153.3,175.7,145.1,156.6,181.7,139.9,182.2,124.6,139.0,154.0,89.3,146.3,202.1,149.8,141.6,136.9,125.1,142.2,112.2,138.5,138.5,111.8,146.4,176.8,179.9,147.6,159.6,109.7,163.8,137.6,139.6,95.5,198.9,158.4,115.4,169.3,99.9,150.5,122.4,183.2,167.7,122.9,151.0,128.6,82.7,127.4,88.1,151.5,197.6,176.1,138.1,114.3,124.7,93.4,163.1,193.1,144.6,165.8,153.4,110.1,162.4,155.6,122.6,192.3,92.5,118.6,177.7
MRPL17,32.7,24.6,18.1,64.1,19.1,41.7,25.5,25.4,15.2,20.2,51.4,19.2,48.1,63.8,29.5,15.8,23.8,27.1,17.6,70.3,14.5,22.6,10.8,46.4,25.6,41.3,38.8,24.9,27.3,30.1,13.7,49.3,19.9,56.7,64.8,17.7,17.7,70.4,69.6,99.5,92.5,61.4,84.6,61.4,46.5,26.4,42.9,54.6,18.2,14.6,10.5,19.2,69.8,72.8,17.0,56.6,42.3,49.9,53.0,64.8,37.0,37.4,17.5,18.1,20.0,44.7,42.2,46.6,22.3,18.1,14.9,29.6,45.7,84.7,33.3,18.7,91.1,79.3,21.6,72.4,83.7,54.6,26.2,43.6,20.0,63.1,29.3,43.7,15.5,13.8,52.9,45.0,76.9,47.7,21.0,43.4,44.3,116.3,10.5,27.8,28.5,106.8,46.3,54.1,78.9
MRPL18,172.6,190.3,221.6,111.5,236.6,291.2,168.3,159.7,166.9,190.7,152.9,253.1,171.1,138.5,201.6,165.2,142.1,178.9,97.0,205.4,159.1,217.9,209.6,166.2,140.0,199.9,157.4,199.2,189.2,128.5,199.5,155.1,166.9,187.9,215.1,175.0,199.7,276.8,206.4,188.6,169.2,211.2,204.9,140.2,186.6,197.8,156.0,262.6,169.2,203.9,121.0,223.1,245.4,208.5,208.7,221.5,239.3,187.8,183.7,111.2,140.8,133.1,213.4,158.4,173.1,216.5,260.5,201.6,158.2,200.6,216.0,137.8,146.6,180.3,182.2,180.1,194.8,247.1,132.3,155.9,166.4,215.4,141.0,190.7,163.5,145.0,149.8,197.3,166.2,84.9,147.7,181.7,259.2,258.1,286.4,139.7,177.5,146.7,285.4,116.0,182.9,120.9,231.2,109.6,301.1
MRPL19,27.9,20.6,7.5,1.5,3.0,21.8,10.1,28.6,13.8,1.4,9.5,18.2,19.9,3.0,3.1,3.2,3.6,2.7,2.3,14.9,5.0,13.1,14.6,3.8,16.1,14.4,8.8,16.2,17.4,7.8,33.8,36.4,7.9,10.3,18.6,14.1,9.0,9.4,33.3,16.0,10.8,7.4,9.5,3.5,16.5,25.9,8.3,16.4,17.6,1.2,1.0,0.6,21.5,29.6,12.5,24.0,1.4,6.1,22.0,45.7,34.4,23.0,2.3,23.0,1.5,13.8,6.5,34.2,17.5,14.5,7.2,1.0,24.5,8.2,3.3,2.0,23.5,20.8,2.6,29.6,11.4,16.5,14.2,11.6,4.4,17.5,6.1,38.8,4.7,13.8,4.6,36.3,2.8,37.4,39.1,9.6,25.7,5.2,23.7,36.1,1.5,2.4,25.2,22.8,42.1
MRPL2,78.2,82.4,76.2,90.1,86.3,101.5,108.4,147.2,116.8,131.2,79.4,83.2,100.8,123.8,137.0,83.0,117.6,135.6,93.0,105.5,90.9,112.9,76.0,50.3,110.6,63.1,115.5,78.1,127.8,113.3,85.6,55.3,124.4,68.3,86.0,77.3,80.3,49.0,40.2,98.0,105.7,73.5,54.5,98.8,100.4,43.5,70.5,92.4,81.7,72.5,145.6,97.4,109.5,86.9,85.2,127.9,78.5,116.3,50.4,98.9,75.2,99.2,64.8,82.6,24.4,106.5,86.9,106.8,65.4,46.1,63.1,90.7,33.1,58.2,78.5,110.7,5.0,51.1,104.7,89.2,6.5,37.6,94.6,45.4,88.8,54.2,74.7,72.1,31.6,74.4,79.8,100.3,6.4,86.9,39.5,58.4,20.1,156.0,96.0,180.9,117.4,53.1,89.9,46.9,80.3
MRPL20,121.14999999999999,92.35,148.95,147.5,129.65,133.1,154.29999999999998,123.75,112.75,93.7,98.85,86.65,105.30000000000001,153.4,132.1,125.7,153.0,162.5,91.89999999999999,112.6,142.9,163.0,91.85000000000001,136.75,169.7,156.5,132.9,106.8,189.60000000000002,143.70000000000002,154.20000000000002,118.55,101.65,107.64999999999999,104.85,177.95000000000002,120.95,147.3,147.9,115.25,111.7,127.75,113.75,88.1,146.39999999999998,98.45,127.85,154.65,113.3,96.25,87.95,106.7,188.29999999999998,134.5,107.5,115.75,138.9,124.15,122.3,97.3,104.15,115.2,136.25,136.1,139.15,152.25,118.25,135.3,113.25,118.6,111.5,109.89999999999999,104.85000000000001,162.4,89.55,101.39999999999999,129.55,108.85,87.35,89.80000000000001,107.7,112.45,135.25,101.5,110.25,118.15,96.2,116.25,104.1,84.15,96.35,89.95,122.7,130.1,76.15,78.5,107.95,111.75,64.15,53.95,69.5,63.699999999999996,92.8,90.10000000000001,126.1
MRPL22,69.8,63.9,94.8,49.0,79.2,95.2,50.8,46.2,61.6,46.6,65.3,63.8,81.2,64.6,66.3,33.9,49.9,13.3,51.6,82.4,72.4,78.7,95.1,62.2,58.4,43.3,83.2,34.9,71.3,70.7,49.8,64.1,46.0,73.7,57.2,47.4,59.9,35.5,59.7,76.5,53.8,66.6,48.0,78.3,66.6,33.1,56.0,61.8,32.1,23.7,10.0,50.9,50.3,71.1,70.2,68.4,56.8,54.6,98.4,13.7,49.3,64.1,18.2,46.3,38.8,94.2,81.9,87.9,21.8,68.2,60.0,62.9,34.4,83.0,49.7,80.3,66.5,13.7,17.3,35.5,52.2,25.9,88.0,8.4,48.2,30.4,60.1,53.9,97.4,37.8,36.2,31.4,105.8,55.5,25.2,69.6,74.5,44.5,107.5,13.5,82.6,65.7,73.9,89.4,97.4
MRPL23,46.2,41.1,61.1,85.2,89.7,86.1,65.9,50.8,39.3,74.3,74.6,76.5,82.9,73.8,86.5,47.5,62.9,45.3,88.5,93.0,65.4,55.5,84.1,78.2,83.7,64.0,43.3,94.0,59.7,106.4,84.7,59.2,48.2,48.0,78.0,86.5,52.5,88.6,60.9,49.9,80.5,73.7,74.5,58.0,54.2,39.7,44.0,83.7,66.8,68.9,9.5,34.8,74.5,63.0,76.2,96.1,98.2,87.5,67.1,78.7,57.1,65.7,40.3,80.9,47.0,98.0,61.0,69.5,99.2,63.8,49.0,111.9,74.7,101.7,59.9,67.6,86.0,98.2,70.5,44.6,55.7,50.8,67.7,100.5,9.5,42.0,8.7,18.8,86.9,71.7,12.8,66.2,40.7,84.9,102.5,76.5,8.8,8.7,63.5,64.9,32.2,13.4,96.6,59.5,58.6
MRPL24,152.4,161.0,108.1,133.8,174.3,168.7,144.8,183.0,141.4,132.0,157.9,126.1,167.5,259.4,119.5,142.1,151.3,269.5,119.7,167.7,142.3,164.1,152.5,149.5,159.6,154.4,221.5,61.2,158.6,106.2,105.1,54.3,223.0,170.4,168.8,129.2,144.2,136.6,166.9,165.9,104.6,97.6,237.1,162.2,133.5,148.7,111.6,146.9,147.3,106.6,135.4,96.3,64.2,135.9,200.7,114.5,137.8,148.2,123.9,125.0,48.8,175.8,166.0,160.5,103.5,130.8,125.4,143.6,125.2,187.4,44.8,34.3,168.5,128.1,127.1,165.4,168.1,150.9,32.7,140.4,157.3,160.8,205.1,113.0,193.9,237.7,272.5,119.2,113.7,78.1,43.5,214.5,116.7,150.6,97.8,155.5,171.7,33.7,144.9,120.7,190.6,30.5,150.7,145.3,112.7
MRPL28,155.2,175.4,218.5,160.4,212.4,111.7,154.1,346.4,163.0,206.9,81.8,226.9,160.7,304.1,166.9,187.4,210.3,244.1,233.6,105.9,180.3,136.7,118.1,159.7,167.4,108.0,184.9,96.8,182.9,151.0,165.3,121.4,203.0,85.3,138.7,154.1,178.0,133.2,186.5,121.1,148.1,136.9,113.2,160.4,165.5,119.6,101.2,138.4,140.7,174.5,40.9,149.6,136.3,154.0,154.6,142.2,138.6,135.6,136.6,155.1,134.2,146.9,114.0,155.7,197.3,167.7,158.5,137.3,216.0,202.1,115.5,215.1,130.0,148.6,123.6,165.6,130.6,145.3,111.6,116.0,101.6,143.2,82.4,129.9,145.0,65.5,156.7,210.1,134.1,108.7,157.2,149.9,133.5,144.0,108.2,107.1,66.9,55.2,98.7,163.0,99.7,171.5,88.5,221.7,112.4
MRPL3,146.8,142.3,136.2,113.3,140.1,275.9,154.5,179.8,176.1,94.9,153.4,116.3,136.0,94.2,202.0,157.2,103.7,118.5,133.4,145.1,137.2,174.8,208.7,95.2,224.0,144.0,171.9,152.5,91.2,157.4,119.5,138.7,171.4,202.1,189.7,91.3,130.4,138.3,114.9,135.5,135.0,152.4,153.9,205.0,162.9,160.9,142.1,182.0,176.3,138.7,138.6,134.4,263.0,227.9,252.4,181.2,195.5,164.6,163.8,160.3,147.6,116.9,131.6,224.6,174.9,85.5,91.4,154.3,133.5,102.5,128.3,101.1,145.8,167.9,87.1,152.2,225.1,169.4,137.2,118.2,147.7,112.2,139.3,172.7,158.5,163.8,168.1,193.8,148.1,185.8,133.8,231.1,164.0,184.0,202.5,120.0,163.0,205.3,155.3,159.3,122.0,117.6,199.4,126.0,177.3
MRPL33,310.5,211.6,313.2,255.7,313.8,260.1,295.1,316.4,259.6,159.7,272.8,281.1,263.9,252.4,159.8,171.1,383.4,323.5,383.9,204.2,370.6,226.2,244.2,247.0,283.1,217.2,372.9,297.6,272.3,224.3,267.3,276.9,407.2,235.1,254.7,233.8,313.3,383.9,210.7,268.5,391.7,176.2,145.4,205.7,267.2,264.0,318.4,348.7,301.1,256.8,290.5,171.3,231.3,202.7,281.8,343.2,397.9,379.5,260.7,130.4,206.3,282.7,341.2,164.2,389.7,191.1,203.2,204.0,257.2,217.1,104.4,223.3,285.5,237.8,309.7,335.7,198.0,236.4,193.3,313.9,365.8,344.4,235.2,319.4,330.4,151.4,210.2,319.8,208.9,120.2,290.8,242.9,308.9,267.1,265.2,324.4,260.2,348.8,247.7,256.8,177.5,220.9,156.3,219.4,106.8
MRPL34,38.6,38.6,33.5,45.1,14.8,93.1,59.0,40.5,36.1,14.1,54.7,66.3,14.3,60.6,81.1,16.4,36.4,35.0,31.7,100.7,15.0,22.3,10.4,45.5,31.1,15.4,57.3,96.5,27.9,57.9,49.4,19.6,51.5,67.8,67.4,15.8,42.5,74.4,72.8,74.4,36.6,83.9,68.1,76.3,89.8,82.7,101.0,64.6,29.5,68.6,18.9,49.4,90.5,57.0,95.9,65.7,71.4,30.1,23.8,13.4,58.5,54.8,74.2,30.9,41.2,66.8,63.2,84.5,143.1,66.8,34.5,42.5,50.4,164.4,54.7,47.3,57.0,77.8,73.5,76.0,73.1,57.2,69.8,38.5,14.4,57.8,76.8,102.2,40.6,8.2,77.1,13.0,94.8,75.6,105.5,4.4,15.4,69.2,15.5,107.1,94.8,39.7,90.4,29.3,118.7
MRPL35,4.2,5.2,4.8,4.4,5.8,4.7,4.2,22.2,4.5,6.6,4.8,10.8,5.1,9.1,5.3,4.9,7.5,6.9,6.8,4.0,9.3,5.6,4.3,6.4,4.9,6.1,5.8,6.3,4.3,14.2,37.2,3.8,19.3,3.1,30.7,4.3,3.6,7.6,7.9,23.9,4.2,3.4,3.8,6.1,16.9,9.4,3.6,3.4,4.2,19.9,7.6,4.8,2.9,9.8,3.6,4.3,3.5,4.1,3.8,5.8,3.9,3.8,14.0,22.0,5.7,5.2,5.0,4.7,9.9,4.8,11.5,7.7,4.4,4.9,4.8,4.8,4.9,4.2,4.2,4.9,4.1,4.4,4.0,6.1,5.3,9.6,4.9,5.1,4.1,5.6,4.0,5.9,14.7,3.8,5.1,4.4,5.7,4.9,6.0,5.0,4.3,9.8,24.3,4.3,10.1
MRPL39,53.0,36.8,61.0,52.9,52.0,72.4,66.4,112.4,59.6,51.8,68.5,46.8,9.2,74.5,56.2,87.7,84.9,117.2,50.1,24.0,61.5,46.3,51.1,76.0,76.8,66.6,84.9,67.2,70.9,59.7,51.5,63.0,25.7,44.1,54.8,61.9,91.0,82.8,71.1,64.5,92.6,59.4,69.1,91.8,95.8,77.1,63.6,98.9,62.5,11.5,66.4,73.2,99.1,76.4,86.4,53.6,80.3,57.0,58.3,82.1,66.4,78.0,72.7,83.4,50.9,75.0,54.6,36.8,57.8,36.1,16.1,27.8,20.5,117.3,42.5,36.0,55.3,20.0,81.1,52.5,77.8,78.7,99.0,12.6,66.9,98.5,124.4,87.6,51.5,61.6,102.2,115.8,93.9,104.3,57.0,74.8,109.1,59.2,93.0,86.6,93.8,61.9,69.2,84.7,58.0
MRPL4,12.4,13.7,15.7,13.4,13.2,15.6,13.6,22.2,17.3,17.8,9.0,14.7,16.6,19.4,12.8,18.8,9.9,26.2,37.0,13.7,9.2,21.6,8.2,10.3,7.8,13.4,11.2,22.0,10.9,8.3,6.3,10.9,10.0,25.0,13.5,13.5,18.3,6.6,5.6,12.1,16.5,5.8,40.7,21.1,9.6,17.8,8.4,6.3,14.8,18.8,29.5,14.7,6.2,11.8,10.6,8.0,13.1,20.8,20.1,14.8,7.8,13.9,12.0,33.2,7.4,19.6,16.4,6.8,19.5,19.6,25.6,16.1,17.7,16.3,16.8,24.1,10.8,8.0,8.3,8.1,8.6,11.4,18.0,8.8,15.2,14.0,27.6,25.3,20.1,11.4,8.7,23.8,15.3,19.2,8.1,12.6,20.2,8.5,10.4,12.3,21.3,27.7,12.3,10.5,23.2
MRPL40,37.6,42.0,56.6,25.9,51.4,75.6,53.6,86.1,60.5,37.9,13.1,45.7,70.1,43.0,50.5,30.8,48.5,47.3,84.6,77.4,7.8,16.5,46.3,48.8,69.1,47.6,89.5,51.8,20.9,68.4,83.2,69.7,70.7,61.3,42.4,10.9,29.8,38.4,60.6,58.4,49.0,18.4,17.3,39.4,34.9,37.8,39.1,90.2,54.7,60.8,7.4,54.1,67.3,69.5,73.3,74.8,64.4,10.1,59.0,8.5,32.8,60.4,50.2,65.2,56.1,40.2,42.8,68.1,62.8,78.7,10.5,20.5,22.6,69.3,36.7,54.2,51.0,52.6,8.4,10.8,53.7,4.3,61.8,44.7,52.3,45.2,50.7,42.9,7.5,11.5,44.9,28.1,90.6,67.2,37.4,46.8,6.8,17.7,31.9,35.1,30.5,18.1,83.1,103.2,105.5
MRPL41,9.9,7.5,5.8,9.2,7.2,9.5,12.5,11.9,6.9,11.2,79.4,8.7,47.1,7.8,8.5,8.3,9.5,11.6,12.5,64.7,20.4,21.2,9.9,9.8,10.0,6.6,10.9,12.8,4.3,4.3,8.5,5.6,12.0,14.2,4.1,13.4,11.8,25.1,8.7,5.3,10.6,6.7,7.6,11.4,11.1,13.8,12.0,7.3,13.2,10.7,6.0,7.4,13.1,5.1,5.3,10.5,6.1,10.1,29.1,13.6,6.2,9.6,10.8,9.5,11.4,4.9,7.3,5.8,12.0,6.5,17.3,10.6,3.1,4.5,6.4,4.1,5.6,4.9,6.1,8.3,10.3,5.9,11.3,12.0,10.1,14.7,37.2,4.5,9.4,6.1,47.7,20.1,7.4,10.4,10.6,7.9,6.0,38.6,16.8,4.9,13.2,11.5,4.4,6.4,9.6
MRPL42,71.1,12.0,10.1,7.8,9.2,11.0,9.2,25.3,29.9,7.2,13.8,10.8,10.7,32.1,20.7,11.7,61.4,9.9,20.3,8.2,42.5,43.6,66.3,22.0,8.3,26.8,9.5,7.7,5.7,10.8,15.7,10.4,19.4,9.1,11.1,24.3,8.0,37.7,18.8,17.0,12.1,43.0,12.4,13.1,74.4,18.3,10.6,23.7,21.6,7.9,15.1,69.3,45.9,75.2,36.9,42.4,12.4,38.3,8.2,14.2,39.5,43.7,13.4,6.4,31.6,7.6,28.0,33.6,12.1,15.5,6.6,9.3,16.7,11.0,13.6,12.7,7.6,67.2,12.6,30.7,75.6,66.6,13.1,51.9,83.3,8.8,12.4,9.8,10.5,7.7,55.3,45.6,40.6,40.7,14.8,95.9,15.6,37.2,14.0,9.1,8.3,12.7,36.2,7.3,14.6
MRPL44,67.0,69.2,63.9,43.7,58.8,44.2,71.7,42.5,40.0,74.0,57.0,95.0,58.1,60.3,59.6,67.3,52.4,66.3,51.1,40.5,55.9,63.6,51.9,55.5,80.8,53.4,61.2,65.1,31.5,75.5,14.2,41.1,38.2,55.9,30.6,41.7,63.8,40.2,17.2,58.5,29.8,12.0,55.1,11.1,78.8,20.9,31.8,39.6,69.8,42.4,24.7,51.8,38.8,36.4,43.7,25.8,60.2,35.6,36.9,57.7,38.4,58.2,93.9,48.2,73.3,77.9,52.2,70.3,62.2,78.5,73.8,62.6,32.0,54.7,35.4,35.1,49.7,75.5,31.1,61.0,43.7,81.5,53.8,28.0,50.0,50.7,33.3,77.8,49.5,57.0,58.3,74.0,82.7,66.0,56.6,16.9,9.3,59.2,84.0,73.3,57.8,65.7,53.2,56.1,116.9
MRPL46,135.2,86.3,58.9,67.2,60.6,113.2,84.3,99.3,81.7,41.9,29.1,62.5,34.8,94.2,72.5,83.4,115.7,106.4,97.5,59.5,106.3,64.6,155.6,67.8,18.7,75.1,47.1,102.6,77.3,42.8,106.6,107.7,11.7,116.2,89.2,68.5,65.1,62.1,84.6,8.9,147.2,33.2,60.2,150.5,99.1,98.3,65.7,94.4,49.3,31.1,35.4,71.2,98.5,43.7,91.0,77.3,70.9,110.8,80.9,52.2,68.4,134.4,85.4,49.0,14.6,84.4,114.6,82.3,33.1,14.5,11.6,51.0,67.5,113.7,20.3,52.2,26.3,87.1,102.1,110.2,63.8,15.8,57.2,75.6,81.3,133.9,76.9,68.9,53.9,23.9,29.3,85.6,36.7,50.3,47.3,104.8,52.2,113.2,94.5,16.8,5.0,11.6,96.1,66.7,20.8
MRPL48,57.8,70.3,59.2,48.8,74.7,117.1,87.1,95.6,63.4,48.7,108.1,18.6,79.2,105.5,117.8,69.0,18.8,72.7,85.1,91.3,89.1,16.2,79.7,81.2,82.5,72.8,139.0,104.0,89.4,80.0,89.5,119.6,60.0,71.0,53.4,58.3,60.3,78.5,25.1,72.4,91.3,49.6,71.4,46.2,84.5,44.0,94.6,71.2,77.7,135.1,20.7,136.6,109.7,97.3,97.7,105.1,82.0,96.6,123.5,108.4,66.0,129.9,47.0,87.0,6.5,20.8,104.6,74.1,28.7,87.6,79.6,88.8,132.2,141.8,59.3,89.1,78.2,142.0,68.2,98.7,129.4,87.6,114.8,58.0,152.8,121.7,146.7,203.7,14.7,12.0,104.6,92.0,85.5,89.8,106.0,49.6,128.9,128.8,137.0,100.3,120.4,117.0,101.6,98.7,122.9
MRPL49,346.5,357.0,387.0,392.5,427.1,425.8,415.9,379.0,346.9,410.3,309.9,374.9,404.6,357.7,390.9,395.7,438.2,434.4,393.9,359.0,412.9,434.5,295.8,326.0,298.6,340.0,259.4,371.9,320.1,342.7,453.0,362.4,316.8,285.6,389.4,292.2,426.2,343.1,444.6,409.1,374.1,397.6,209.9,327.4,328.9,459.2,370.5,330.4,391.1,412.2,299.0,251.1,327.2,355.4,333.1,366.9,276.8,332.9,300.7,321.4,234.6,292.3,348.7,364.7,305.3,438.8,403.7,440.6,365.9,261.5,333.0,365.1,287.0,355.1,354.4,418.4,417.8,367.3,419.6,367.8,344.9,321.0,313.0,275.7,354.3,354.3,366.6,213.3,289.2,347.1,304.2,278.9,253.0,369.7,270.0,239.2,483.8,249.6,286.7,375.8,261.6,189.4,355.6,380.0,298.7
MRPL52,37.7,79.7,91.5,34.0,93.0,50.3,68.6,53.2,55.9,63.2,62.4,122.9,23.7,66.2,84.1,58.0,39.6,79.8,82.7,33.6,53.9,47.4,65.5,60.5,26.1,33.7,78.6,34.6,62.0,53.2,35.4,44.8,35.5,25.0,38.5,49.2,57.9,36.3,9.0,37.3,47.3,58.4,46.3,29.4,48.1,63.2,46.0,50.2,18.5,23.5,9.3,20.6,22.0,44.8,27.5,32.8,36.7,39.6,48.0,53.4,61.9,49.9,34.3,37.9,46.6,21.5,53.2,59.9,37.0,45.8,45.6,37.3,63.1,63.9,72.2,40.9,65.2,70.7,13.0,27.0,55.3,58.7,57.5,32.0,53.2,52.6,48.8,51.8,32.2,59.5,43.7,60.3,36.6,49.9,40.0,38.3,26.5,11.4,46.7,64.6,39.3,53.6,23.6,39.0,52.7
MRPL57,238.25,214.89999999999998,396.25,243.35000000000002,330.4,438.75,384.85,324.25,320.5,312.95000000000005,200.4,432.45,378.65,197.45,358.04999999999995,211.35,338.65,369.2,363.3,298.0,273.9,302.85,285.1,319.5,244.35,319.85,231.85,250.8,348.0,308.05,327.1,328.8,276.1,317.6,304.65,297.7,218.95000000000002,258.29999999999995,271.85,380.0,199.45,320.45000000000005,354.35,258.25,228.10000000000002,336.0,228.35000000000002,302.15,275.7,236.4,178.15,365.0,281.1,346.0,292.55,301.9,253.54999999999998,228.45,336.15,197.39999999999998,298.45,359.75,312.04999999999995,249.2,258.75,335.70000000000005,309.9,408.75,315.55,257.6,320.95,341.75,326.3,429.8,250.25,261.55,468.6,383.4,291.9,232.35,409.25,311.0,399.35,290.65,320.5,364.8,291.95,318.05,237.25,247.25,305.25,253.55,281.15,357.35,296.85,308.4,291.25,354.5,300.35,268.05,365.4,212.5,409.04999999999995,322.04999999999995,369.70000000000005
MRPL9,46.9,34.75,71.2,73.7,86.4,103.75,67.3,107.35,51.5,45.95,74.2,51.6,60.400000000000006,93.35,54.35,56.099999999999994,118.05,117.89999999999999,85.44999999999999,100.1,72.7,127.8,52.3,89.6,63.05,45.2,50.55,55.85,54.35,56.75,74.4,55.7,47.5,73.6,80.19999999999999,56.95,52.2,65.05,85.95,75.35,92.1,67.45,82.35,52.449999999999996,67.6,85.55,92.30000000000001,83.75,67.75,56.8,56.300000000000004,63.3,75.2,73.95,67.75,109.94999999999999,51.4,48.05,94.6,38.45,51.400000000000006,46.699999999999996,99.3,59.2,64.75,62.9,85.75,71.5,71.2,55.150000000000006,72.9,91.1,42.150000000000006,105.30000000000001,42.35,37.4,99.75,104.15,69.65,52.8,77.6,64.8,68.94999999999999,56.7,65.1,107.05,61.45,66.7,73.15,22.2,61.300000000000004,70.15,87.25,62.349999999999994,57.3,58.9,46.35,90.5,81.95,47.0,90.85,92.55,96.1,72.7,91.25
MRPS10,147.6,149.2,222.0,182.0,223.9,232.0,219.3,163.5,209.6,153.9,191.7,120.1,146.6,187.0,208.8,143.2,116.2,104.5,85.4,227.6,285.5,174.8,136.0,196.4,199.3,169.4,196.6,187.3,241.4,231.7,187.8,165.5,157.4,186.3,141.8,212.2,187.5,177.0,116.3,208.9,157.0,220.1,193.4,159.6,167.8,198.9,200.1,145.6,105.5,210.6,101.5,251.5,214.1,187.5,234.9,226.8,156.0,154.8,158.4,113.0,175.4,212.7,184.1,193.7,208.3,194.3,179.5,187.8,167.7,130.7,117.5,186.0,166.2,228.5,123.7,145.3,188.0,177.4,195.4,162.1,239.4,179.3,128.3,138.8,152.6,117.8,160.4,177.5,121.4,164.7,171.9,84.9,145.6,202.4,183.7,110.2,146.0,276.2,171.6,174.8,168.0,207.9,211.7,142.5,178.4
MRPS11,83.75,85.25,90.35,55.400000000000006,34.15,96.19999999999999,102.45,67.6,62.15,79.75,116.64999999999999,29.2,90.35,86.7,78.85,104.89999999999999,99.1,55.349999999999994,41.7,81.85,121.1,85.5,51.45,121.1,70.3,86.4,95.85,88.9,78.14999999999999,84.44999999999999,106.25,81.7,99.95,96.65,102.9,65.45,34.2,57.8,81.35,69.55,97.45,55.5,45.75,83.3,51.0,40.0,72.6,83.1,82.6,55.25,55.0,83.15,73.2,96.19999999999999,90.15,118.4,90.0,64.85,84.5,27.85,65.35,72.4,97.5,53.35,86.1,72.5,50.2,87.6,60.25,68.35,60.5,61.650000000000006,51.1,75.35,48.55,75.5,74.45,75.55,75.15,61.9,88.5,55.7,75.25,95.19999999999999,61.7,77.15,38.25,44.65,91.15,103.3,51.900000000000006,80.5,130.05,98.1,74.15,103.65,50.800000000000004,55.25,93.1,79.0,47.7,47.5,27.9,110.55,42.699999999999996
MRPS12,36.975,56.225,54.475,64.475,53.724999999999994,53.724999999999994,50.099999999999994,63.425,31.525,49.175,27.200000000000003,51.974999999999994,41.825,39.9,58.975,45.525,69.80000000000001,56.400000000000006,49.175,38.75,60.6,80.125,65.4,46.775,51.325,69.125,66.025,50.3,67.525,67.9,78.6,66.45,59.725,62.1,65.425,57.05,62.125,54.875,76.8,56.650000000000006,70.275,54.324999999999996,58.974999999999994,81.825,78.0,68.55,69.425,69.55,34.050000000000004,46.2,63.575,58.325,48.074999999999996,48.349999999999994,51.025,56.150000000000006,52.6,62.35,50.349999999999994,60.525,45.55,72.97500000000001,51.125,52.3,58.075,52.074999999999996,67.775,59.025000000000006,64.95,75.725,65.15,59.974999999999994,64.45,86.22500000000001,51.824999999999996,67.975,62.125,68.75,65.97500000000001,63.525,51.075,54.075,57.849999999999994,63.27499999999999,50.325,70.875,46.725,63.775,27.85,56.425000000000004,44.95,66.625,41.45,63.949999999999996,80.0,43.85,96.825,70.95,69.475,62.35,72.05,72.875,68.4,72.9,49.2
MRPS14,97.5,92.45,84.7,102.64999999999999,106.2,108.9,109.9,100.55000000000001,62.05,86.95,102.05,69.2,94.5,120.45,74.5,74.3,103.5,116.0,112.0,89.3,93.4,112.75,96.2,113.85,112.25,93.5,124.75,86.85000000000001,137.4,113.55000000000001,93.05,92.89999999999999,115.60000000000001,88.05,72.8,81.7,75.65,126.75,112.4,116.85,81.80000000000001,108.5,118.75,101.6,93.64999999999999,134.8,91.95,95.2,105.6,113.95,196.55,117.95,130.54999999999998,106.5,91.4,135.15,167.75,141.15,108.55000000000001,83.60000000000001,82.6,90.85,134.2,113.25,97.75,103.9,113.10000000000001,117.89999999999999,82.35000000000001,144.60000000000002,91.05,106.0,95.64999999999999,87.85,99.45,129.15,89.44999999999999,113.14999999999999,108.05,124.85,104.55,111.05000000000001,105.7,152.6,89.75,128.75,93.6,106.15,117.05,58.4,122.15,123.35,100.65,109.4,69.0,97.95,201.45,126.95,114.0,123.94999999999999,137.75,124.0,127.5,80.35,165.35
MRPS15,7.6,8.4,19.9,16.4,5.6,29.2,22.3,13.4,16.9,5.0,10.4,1.9,17.5,8.1,22.4,7.4,11.1,12.3,13.4,11.7,34.8,45.2,35.1,48.7,42.6,3.5,3.5,3.9,20.1,49.7,5.6,5.6,32.9,66.8,25.5,33.7,6.4,27.1,13.4,22.2,11.0,35.1,23.5,28.6,28.3,17.6,25.5,32.5,19.1,33.0,2.7,5.5,42.2,34.0,15.3,39.2,43.5,30.8,4.8,22.6,26.7,16.3,39.1,27.5,4.7,5.6,31.0,7.1,7.4,49.4,60.5,34.9,5.2,25.0,11.9,8.7,14.8,49.5,24.7,5.6,5.7,9.4,27.9,27.9,37.1,54.1,4.8,13.5,7.0,35.9,25.6,5.6,23.6,30.7,38.9,19.3,12.0,9.3,3.6,37.9,24.9,5.4,63.8,3.6,4.3
MRPS16,19.2,11.7,14.0,17.3,16.2,23.0,28.4,20.4,19.0,11.0,17.0,20.3,45.5,13.1,8.4,14.1,15.0,55.9,17.0,52.0,19.8,20.2,17.9,18.8,13.8,29.3,14.4,15.1,43.2,11.2,14.6,11.6,25.6,69.5,16.3,6.2,10.8,55.1,14.4,17.3,34.8,14.0,17.3,12.5,7.5,48.4,54.8,20.6,45.8,7.7,15.7,20.8,54.3,56.8,23.9,59.8,94.8,27.1,18.0,23.5,22.3,9.7,15.7,11.2,56.1,11.5,15.1,29.6,22.0,12.5,9.4,20.0,17.5,83.5,9.9,7.0,43.1,12.2,12.7,12.1,18.7,18.5,15.6,30.6,16.9,6.6,23.3,25.3,17.3,13.1,16.4,9.6,10.1,33.6,12.0,57.2,14.5,23.3,17.2,16.8,19.1,9.1,14.8,58.9,12.0
MRPS17,81.8,63.9,102.3,88.5,66.5,89.7,64.2,134.0,54.4,47.3,64.5,113.2,74.5,86.8,74.4,90.1,99.8,135.5,133.9,66.7,59.7,80.4,46.9,85.0,62.3,102.6,76.0,137.9,99.8,79.9,105.3,84.0,77.4,72.9,87.9,58.6,90.7,122.8,66.6,87.2,88.2,89.5,83.6,89.6,88.6,78.7,79.5,101.4,62.9,109.1,95.6,49.4,87.6,71.9,77.2,100.4,109.3,55.8,107.5,50.6,79.9,107.6,113.7,80.6,53.3,47.6,92.2,79.4,67.6,102.8,77.0,65.9,79.0,100.7,68.1,43.9,94.2,85.1,67.2,81.2,92.6,76.5,91.3,112.7,83.7,141.3,143.3,104.3,133.7,97.6,58.2,77.1,70.3,121.9,84.3,76.4,134.6,107.8,92.2,83.2,56.9,65.8,102.7,98.2,74.1
MRPS18A,81.80000000000001,109.69999999999999,123.9,109.35,66.6,87.05,65.05000000000001,149.55,78.95,99.9,130.45,73.5,86.2,108.1,111.4,102.85,93.19999999999999,73.0,93.85000000000001,116.19999999999999,163.95,41.6,120.44999999999999,113.85,128.6,87.69999999999999,109.9,148.0,93.44999999999999,203.0,106.0,141.55,130.9,100.8,142.05,86.5,121.39999999999999,103.9,93.95,96.35,57.35,127.05000000000001,121.64999999999999,142.95,136.9,111.6,109.95,82.44999999999999,124.9,121.7,168.75,129.0,98.3,103.15,122.55,76.25,108.45,112.85,98.3,91.15,73.45,103.5,124.95,110.45,123.7,125.0,110.55,164.39999999999998,113.80000000000001,187.7,75.65,192.55,101.7,91.0,92.4,117.85,106.6,111.95,164.3,118.6,160.45,105.5,151.05,105.7,138.6,132.55,167.0,172.7,126.2,138.14999999999998,162.5,115.4,123.35000000000001,85.25,115.1,129.6,146.75,167.45,185.65,181.45,232.5,108.7,154.0,105.5,116.7
MRPS18B,69.45,58.7,98.45,70.9,85.2,62.2,83.1,20.5,90.55000000000001,38.6,73.5,59.65,85.0,55.099999999999994,72.75,47.4,57.15,44.65,46.45,83.45,72.35,63.3,44.5,74.3,62.8,83.7,68.85,64.3,63.95,70.1,57.75,61.0,65.5,76.75,89.35,63.4,52.2,58.3,80.45,78.4,80.65,71.9,74.2,43.05,85.55000000000001,64.85,82.65,73.69999999999999,87.69999999999999,59.3,69.65,83.0,77.25,66.8,90.9,87.1,66.2,72.6,44.45,20.5,34.85,45.150000000000006,84.6,77.95,36.15,69.7,69.35,71.5,81.75,70.9,74.4,59.2,63.2,92.55000000000001,22.85,51.6,74.15,65.15,48.85,85.9,79.85,52.599999999999994,70.0,82.5,87.1,59.550000000000004,76.1,60.7,67.7,10.55,74.8,31.3,59.7,62.45,37.6,20.15,97.35,53.349999999999994,98.45,17.9,66.65,18.6,99.85,55.45,39.8
MRPS18C,4.1,41.5,15.4,26.6,28.6,26.3,10.5,52.5,22.6,15.0,51.6,38.9,8.4,95.0,35.7,25.3,26.7,16.3,19.3,44.4,2.8,29.4,32.5,19.1,18.4,23.2,34.9,24.7,1.8,8.3,24.8,22.1,61.2,4.8,11.9,45.1,49.5,41.9,6.0,24.1,20.2,2.5,12.5,29.6,5.4,41.1,28.5,30.3,23.7,26.0,42.3,35.9,22.0,23.2,15.4,17.7,22.5,22.6,4.6,32.1,16.4,21.0,2.0,31.9,5.3,45.6,25.2,8.9,44.0,15.1,10.0,5.9,37.0,2.0,5.7,27.4,40.7,12.3,17.5,34.1,24.6,4.3,44.7,52.4,18.3,44.7,68.2,19.7,56.1,46.7,60.1,6.9,26.1,28.4,5.5,53.2,5.3,55.7,11.3,45.6,10.8,36.5,30.2,4.0,53.8
MRPS2,55.0,32.3,59.2,45.3,35.2,63.0,17.7,8.0,33.2,30.7,36.1,32.3,34.0,60.1,67.6,57.8,70.3,25.1,44.3,42.2,57.2,15.3,41.8,24.7,36.1,45.1,49.8,71.0,37.3,51.7,15.9,56.4,54.3,34.2,43.7,25.0,33.6,10.2,91.2,62.7,58.2,5.9,32.4,35.4,38.6,95.0,16.5,49.6,28.0,39.3,3.3,12.1,49.2,36.0,17.9,59.4,26.7,48.2,58.8,41.2,33.3,34.1,44.7,26.5,8.3,28.8,65.6,30.5,63.2,14.8,76.4,12.1,48.2,44.4,7.7,19.5,31.9,27.8,32.9,50.6,38.5,28.3,64.1,69.4,36.9,24.1,42.1,56.2,8.3,82.6,9.8,45.0,70.9,63.9,9.3,41.7,56.2,66.5,43.0,86.0,51.9,66.5,61.7,55.2,83.7
MRPS22,162.2,115.7,128.6,59.6,134.7,203.7,122.0,93.1,104.9,98.8,110.4,113.5,146.9,128.6,152.1,80.3,99.7,104.4,120.1,166.6,67.9,156.1,138.1,98.7,129.4,146.5,125.5,96.2,138.7,129.1,100.4,133.6,77.2,156.7,120.9,103.5,61.2,98.7,131.1,124.1,137.7,112.7,100.8,159.3,116.3,196.6,105.3,192.5,63.0,102.7,161.4,91.8,181.7,118.6,148.5,154.9,112.2,104.4,136.1,52.0,159.2,182.5,126.7,168.1,125.3,88.8,156.3,238.6,139.1,77.1,123.0,106.7,129.9,183.0,90.1,47.6,128.7,161.8,155.2,157.1,171.6,140.6,176.9,165.9,115.1,126.4,136.8,196.9,77.1,97.8,174.1,157.9,111.4,173.7,167.6,208.6,129.0,160.7,124.0,101.2,106.3,34.3,203.3,134.5,198.2
MRPS27,116.1,104.3,123.1,111.2,141.9,162.2,105.8,103.9,87.2,123.7,129.8,95.5,134.0,81.5,108.4,111.7,83.7,104.6,103.6,120.0,152.9,180.5,125.7,149.5,139.3,184.5,148.8,141.5,106.6,109.3,142.9,121.8,134.1,118.3,149.5,121.8,148.9,115.6,138.8,131.7,165.7,119.6,143.0,112.1,117.3,264.3,134.2,157.9,161.6,97.2,137.0,179.4,130.0,138.0,145.7,130.7,142.7,156.6,157.6,120.4,75.4,165.9,114.0,130.3,99.8,147.4,130.3,172.7,124.5,130.2,118.4,148.1,111.4,188.3,120.9,112.1,83.0,162.4,118.0,212.1,150.0,168.5,196.9,117.5,103.5,171.7,173.6,52.5,102.0,126.0,158.9,105.2,135.0,199.8,112.1,140.9,219.4,188.2,189.7,175.3,204.8,161.0,146.2,205.9,248.7
MRPS28,3.2,26.1,37.4,23.0,21.8,47.9,33.3,51.2,16.1,3.9,6.7,7.5,6.9,9.7,30.5,24.5,24.0,22.7,7.8,43.7,43.9,20.1,23.9,12.8,34.6,34.1,6.9,59.5,29.4,22.6,11.0,8.2,8.8,30.8,38.9,3.3,10.7,46.9,9.8,6.1,46.7,31.2,18.4,35.5,33.2,36.0,3.3,31.4,13.2,63.7,27.5,6.3,32.9,40.7,43.9,21.7,37.6,12.5,14.4,3.9,32.6,15.1,38.5,38.5,7.8,17.6,13.6,48.0,57.7,15.9,77.7,8.9,8.7,53.2,11.5,9.3,28.1,9.6,55.7,35.3,34.4,3.4,33.3,40.2,5.7,4.2,12.6,10.8,9.3,6.7,38.0,9.3,6.8,62.4,4.4,50.9,23.8,7.4,50.2,12.8,36.4,109.6,53.8,25.4,79.3
MRPS30,144.85,110.8,95.3,100.35,81.45,118.80000000000001,128.2,93.85,122.4,92.85,118.89999999999999,110.19999999999999,99.9,110.44999999999999,115.55000000000001,124.69999999999999,106.3,103.85,114.9,115.94999999999999,110.9,138.35000000000002,77.95,127.9,110.55000000000001,91.5,104.85,133.15,54.2,89.4,86.65,76.7,88.19999999999999,111.30000000000001,95.55,83.0,90.9,80.45,70.4,89.25,108.9,58.650000000000006,86.05000000000001,106.25,97.7,128.0,99.1,128.5,110.9,71.25,93.25,97.7,107.94999999999999,119.8,137.55,120.9,121.8,101.15,112.9,83.0,95.2,101.19999999999999,112.95,98.2,109.85,113.3,61.25,88.45,101.25,123.05000000000001,122.25,105.2,112.55000000000001,140.65,73.6,94.05000000000001,94.15,134.55,109.94999999999999,103.5,85.0,128.55,118.10000000000001,102.55,83.05,57.5,119.0,97.4,104.25,56.8,109.2,78.05,80.30000000000001,116.45,137.3,120.9,152.2,76.05,83.05,141.7,99.94999999999999,134.4,98.65,113.0,81.2
MRPS31,48.8,58.85,68.45,45.75,54.599999999999994,64.5,92.65,53.85,76.05000000000001,54.900000000000006,67.1,92.55000000000001,51.3,31.65,63.849999999999994,71.0,48.0,49.55,34.1,88.15,56.400000000000006,67.35,50.2,56.849999999999994,29.6,83.85,59.6,52.5,51.349999999999994,21.599999999999998,29.55,57.25,43.5,88.95,80.4,47.95,59.6,54.25,27.150000000000002,82.85,59.4,83.5,38.95,22.450000000000003,47.599999999999994,76.9,57.5,98.8,47.8,9.35,9.95,46.550000000000004,89.15,60.35,100.85,42.95,70.65,44.5,54.9,69.05,59.05,75.19999999999999,60.8,44.849999999999994,37.15,54.6,92.69999999999999,72.0,52.95,69.65,33.15,52.3,46.65,88.15,78.15,41.9,69.3,67.6,63.599999999999994,70.75,48.2,87.15,116.0,28.65,70.15,49.05,59.55,73.65,74.55,35.550000000000004,65.6,50.4,24.45,60.35,99.9,75.6,109.9,45.2,83.3,87.80000000000001,51.6,61.15,44.7,77.55,45.8
MRPS33,16.5,15.8,32.2,13.5,23.9,100.6,16.0,14.2,19.8,23.9,16.0,24.2,27.5,16.9,23.7,9.9,13.0,15.5,13.8,40.1,28.8,12.2,91.4,10.5,17.1,9.7,46.9,16.1,12.9,17.0,110.6,47.2,55.3,50.4,33.3,18.0,20.3,31.2,18.9,20.1,15.3,59.6,75.0,81.4,8.8,16.7,16.7,45.9,66.1,16.5,51.4,53.1,58.7,70.4,19.0,65.0,44.6,41.0,16.2,59.7,26.5,44.3,12.6,56.1,15.2,20.5,19.8,21.1,60.7,18.3,69.6,12.5,30.8,63.8,15.0,60.1,48.5,49.2,42.9,41.5,67.1,15.3,12.8,15.2,22.3,17.1,78.2,9.4,19.4,8.0,22.1,8.0,79.4,56.8,15.0,60.7,23.8,15.7,25.4,74.5,23.9,13.7,149.7,80.4,161.1
MRPS34,7.6,12.4,38.4,55.0,43.8,26.3,19.4,174.0,35.5,10.2,16.7,54.5,51.0,53.2,31.0,79.2,74.8,73.1,18.9,61.8,39.7,60.9,64.3,21.8,23.2,39.4,70.3,70.2,19.5,70.0,63.3,12.2,102.5,50.2,18.4,54.0,16.7,72.4,55.0,49.1,27.1,53.4,71.6,12.7,55.6,9.8,54.3,32.7,22.3,44.6,11.8,75.3,41.3,35.9,61.1,54.3,76.2,47.1,20.2,12.8,55.5,24.0,6.4,45.8,60.3,34.6,26.8,26.5,21.2,25.1,59.0,36.1,14.0,36.0,24.6,102.6,54.2,17.6,33.7,18.9,41.2,10.7,57.2,32.6,7.9,63.8,14.7,8.0,20.5,26.3,16.0,20.1,20.9,69.3,53.1,5.7,25.4,29.9,14.4,45.6,68.4,15.0,10.2,78.4,15.2
MRPS35,176.8,187.6,163.1,135.3,206.8,241.8,148.0,186.4,151.5,146.5,133.6,182.1,141.8,141.3,174.5,143.9,134.2,113.6,154.7,138.2,97.2,192.9,254.1,151.9,183.4,156.9,179.8,161.2,148.7,146.5,153.8,205.9,171.2,212.4,258.2,121.9,155.1,169.7,203.2,149.0,222.6,227.1,222.8,149.4,150.7,168.5,163.3,174.5,288.1,160.0,197.0,215.9,303.8,228.5,221.2,211.7,212.3,158.5,273.3,123.2,148.9,171.2,182.7,213.9,155.7,173.6,156.4,203.0,157.4,138.2,146.5,173.1,157.6,258.1,200.8,237.9,200.8,178.9,190.1,134.1,134.5,179.4,177.9,138.9,175.8,189.4,146.8,141.6,133.8,113.6,126.1,106.8,173.8,247.3,185.3,158.4,275.5,147.9,187.4,131.1,136.1,163.1,254.8,88.2,209.6
MRPS7,113.7,120.8,136.7,139.4,115.6,140.9,82.1,104.7,107.1,158.2,130.1,99.7,175.6,127.5,95.5,102.8,152.2,130.3,134.0,113.4,99.4,138.9,101.6,116.7,107.2,94.9,136.8,97.2,177.0,149.8,94.0,151.6,146.8,121.8,136.9,134.9,86.7,134.0,149.1,111.6,152.0,137.8,139.2,62.6,123.1,189.4,108.2,96.6,136.9,144.0,100.3,116.9,137.1,121.4,92.8,141.8,121.4,122.1,108.7,64.0,126.3,124.9,118.9,159.2,152.1,103.5,165.6,157.5,93.2,106.3,70.2,117.7,122.2,140.6,135.0,110.9,144.2,129.3,120.8,110.0,100.0,146.2,147.0,108.5,155.0,143.2,140.3,130.0,79.9,103.4,129.9,57.3,160.8,125.4,120.9,86.1,91.0,150.8,127.5,86.8,76.6,127.8,135.4,134.1,206.4
MRS2,67.1,62.05,60.150000000000006,41.95,76.35,74.45,59.65,51.0,67.6,68.55,62.5,85.05000000000001,41.9,59.849999999999994,52.550000000000004,66.15,56.35,38.3,56.2,53.25,62.85,76.30000000000001,55.349999999999994,79.1,67.1,59.45,62.099999999999994,74.95,45.300000000000004,52.5,52.65,49.05,50.75,71.2,58.3,47.05,40.35,49.25,53.099999999999994,64.7,64.65,47.15,38.75,54.25,70.95,51.95,45.9,90.45,48.099999999999994,65.65,38.550000000000004,53.75,63.95,71.4,65.7,46.95,51.0,60.3,50.05,48.099999999999994,47.95,60.300000000000004,60.45,55.2,53.75,86.35000000000001,47.65,63.45,58.95,49.75,104.9,56.3,25.2,51.0,45.65,55.650000000000006,51.0,54.75,51.4,59.9,64.3,70.2,76.89999999999999,24.4,51.400000000000006,44.2,39.3,37.25,49.6,67.05,73.5,44.8,54.9,54.349999999999994,66.25,43.15,66.05,27.6,56.550000000000004,29.799999999999997,37.6,49.2,50.8,31.0,65.95
MSRA,377.6,258.5,259.5,257.9,250.8,221.5,274.5,238.6,195.7,368.7,191.5,168.6,238.5,219.4,257.8,266.0,268.3,209.0,284.0,177.3,184.1,195.9,170.7,232.1,192.3,196.6,242.6,289.0,208.3,177.4,253.1,177.0,174.7,193.6,227.4,161.0,271.3,210.6,272.7,225.6,230.1,195.8,163.3,240.8,276.4,145.8,291.5,214.8,221.7,214.1,342.4,139.9,152.8,154.5,150.7,135.9,152.4,276.2,181.8,210.8,155.6,229.8,244.6,241.1,167.8,201.1,174.3,156.8,226.2,147.4,248.8,196.0,169.8,118.0,171.1,122.3,183.9,117.8,133.9,227.9,141.6,165.3,196.7,274.9,136.0,258.5,175.0,219.4,189.6,194.6,248.0,276.1,184.6,160.7,278.4,206.2,225.2,362.8,293.2,289.3,183.2,149.2,186.9,261.8,171.7
MSRB2,187.64999999999998,180.25,180.55,228.04999999999998,223.85,160.05,156.15,179.0,92.25,189.2,128.25,125.65,254.05,167.15,237.3,161.3,294.9,171.79999999999998,222.04999999999998,198.04999999999998,151.25,215.05,239.3,199.4,227.85,153.85,201.65,160.5,218.10000000000002,167.6,176.39999999999998,239.85,184.4,166.5,187.7,193.45000000000002,184.10000000000002,227.5,178.20000000000002,196.75,227.6,196.8,185.8,110.5,150.25,88.3,198.5,166.15,140.4,211.65,142.35000000000002,125.7,164.8,223.35,193.4,219.64999999999998,119.35,211.2,239.5,179.4,293.15,165.10000000000002,183.54999999999998,163.64999999999998,199.65,209.25,141.45,147.05,210.14999999999998,174.3,203.25,176.0,227.8,178.75,260.05,173.64999999999998,258.2,156.35,243.5,260.3,133.6,138.6,156.85,104.95,221.15,177.89999999999998,211.79999999999998,192.25,197.70000000000002,120.10000000000001,145.15,171.75,219.45,220.3,133.4,106.65,127.7,283.55,164.5,139.65,160.0,251.0,145.4,299.05,173.05
MTCH1,904.7,880.7,842.4,1038.3,673.0,907.6,850.4,612.9,912.0,881.9,1165.8,679.3,935.6,579.5,916.5,635.2,650.0,584.9,823.5,804.7,946.8,649.0,1193.8,642.5,783.3,800.2,708.6,848.9,881.4,758.8,1037.5,922.4,796.2,801.9,934.9,829.7,1110.2,1041.2,641.9,783.8,934.3,848.8,842.6,661.7,625.5,616.5,937.3,794.3,998.3,758.4,438.5,926.5,966.2,847.9,978.1,1312.5,902.3,1160.9,979.5,812.3,776.6,874.0,574.0,830.2,790.1,1083.2,840.5,696.1,780.2,651.7,886.6,927.7,956.9,1035.3,939.2,712.1,941.6,846.3,834.1,980.7,597.0,634.1,848.5,799.0,779.1,820.6,510.9,668.0,698.3,541.9,798.7,571.5,622.1,1011.5,597.9,778.7,577.4,762.1,615.0,528.7,709.5,573.8,762.9,711.4,700.5
MTCH2,125.5,169.5,175.6,103.6,162.3,114.5,184.4,165.5,177.5,166.3,145.9,152.4,172.3,170.1,149.1,169.8,177.6,204.3,156.2,196.5,170.8,212.7,82.4,205.3,155.5,148.7,165.8,132.9,136.8,121.6,109.9,127.4,186.8,145.6,168.4,163.6,165.7,99.8,83.6,60.5,156.8,93.3,119.9,130.0,202.0,98.9,114.1,122.2,201.5,172.7,169.8,131.3,132.5,116.6,118.0,126.0,170.8,178.2,91.9,108.3,126.5,132.8,169.2,30.3,140.0,140.8,144.3,194.8,136.6,203.0,126.0,200.7,176.0,169.6,129.3,147.8,128.8,176.8,93.8,95.9,129.7,85.1,164.0,143.6,164.3,124.8,142.6,195.0,89.5,143.5,136.0,145.2,174.0,93.6,148.0,167.2,131.8,84.6,217.5,93.0,197.2,74.5,192.6,130.2,41.1
MTERF1,7.1,4.9,18.0,8.2,50.7,3.4,31.1,40.0,4.4,9.1,77.5,9.1,14.9,17.9,19.1,19.1,10.7,17.1,8.4,39.6,25.2,12.4,3.8,32.1,11.4,24.8,30.1,26.6,40.3,4.7,11.8,33.7,21.5,35.6,38.5,1.9,24.5,9.0,40.8,4.2,17.4,16.5,34.5,19.4,28.3,10.3,30.8,18.1,19.5,23.5,29.2,61.8,41.2,17.6,26.7,4.9,12.1,22.6,49.6,10.9,42.1,3.2,36.9,26.1,8.8,5.5,49.1,16.9,3.0,4.0,35.9,2.5,24.6,24.3,5.1,9.6,5.0,9.4,78.7,6.2,28.0,32.1,15.4,53.2,19.2,13.0,67.5,9.5,66.0,13.8,41.4,12.2,10.0,36.1,67.0,4.1,27.4,46.3,59.4,44.7,47.2,6.1,55.5,3.8,41.1
MTERF3,42.8,43.3,33.4,21.2,42.9,49.8,34.0,25.6,53.6,31.5,34.0,45.1,46.4,35.6,48.8,39.6,18.3,13.8,48.4,42.6,5.1,50.2,12.7,48.3,51.5,28.9,3.7,36.1,20.1,63.5,36.6,45.1,28.8,36.0,13.6,28.6,6.4,11.1,22.4,35.2,21.1,64.2,42.8,20.5,40.2,101.2,36.1,38.8,20.5,31.6,21.7,60.0,69.9,41.6,44.2,30.5,35.9,5.8,47.4,35.1,47.4,30.2,45.7,47.8,61.1,44.5,39.3,60.4,45.8,36.1,50.9,18.5,37.7,26.9,32.7,61.0,54.2,39.2,7.9,30.2,57.9,61.2,55.7,50.0,33.0,65.5,51.4,21.6,65.1,13.0,42.1,34.3,46.2,39.7,25.2,61.6,26.3,47.1,59.4,80.7,17.2,39.3,26.7,37.5,45.6
MTERF4,35.2,46.2,72.3,72.6,16.8,47.3,68.8,75.3,14.3,17.4,27.0,26.6,60.4,63.3,68.2,79.8,27.4,67.4,40.8,56.3,73.9,79.2,47.2,28.5,50.6,31.8,85.2,97.2,61.0,75.0,33.4,55.1,50.5,53.2,71.3,80.2,44.3,64.7,88.8,31.9,71.6,51.6,67.1,97.3,79.1,45.4,34.4,34.2,58.3,106.9,31.1,8.7,57.7,59.8,54.2,64.9,56.6,79.5,63.7,66.4,43.9,80.5,100.2,24.6,51.8,64.2,53.0,62.1,19.4,24.1,54.1,63.7,42.5,67.8,40.6,85.9,67.8,33.4,49.3,106.8,47.7,57.0,47.9,56.1,41.4,4.5,86.3,124.9,63.2,103.4,97.4,17.1,65.7,66.8,16.0,72.1,86.3,81.4,59.2,50.1,124.3,134.8,28.0,34.1,34.4
MTFR1,35.349999999999994,30.150000000000002,35.95,24.35,27.65,23.9,35.2,20.15,24.2,32.7,46.05,51.55,18.35,47.4,33.95,30.8,22.599999999999998,20.3,32.9,19.15,33.25,41.75,36.05,31.1,30.15,21.65,31.6,12.65,27.95,26.6,14.0,15.049999999999999,23.75,32.35,47.3,22.4,44.55,27.5,21.1,36.05,33.8,15.95,42.55,45.599999999999994,26.6,16.049999999999997,22.45,16.55,30.6,28.1,31.1,34.15,29.65,25.45,34.05,30.7,24.55,22.200000000000003,38.55,43.65,24.450000000000003,28.25,20.95,15.25,21.75,36.45,21.7,18.549999999999997,8.3,8.35,31.5,20.950000000000003,25.6,40.8,20.7,39.650000000000006,23.95,18.65,17.05,30.35,13.75,48.900000000000006,16.55,35.5,10.05,37.95,39.95,7.6000000000000005,12.8,41.3,25.35,6.05,30.5,30.2,46.7,62.05,57.2,27.7,32.849999999999994,21.799999999999997,19.5,34.150000000000006,21.25,25.450000000000003,45.8
MTG1,35.4,67.7,40.4,17.2,17.2,63.2,17.9,27.3,14.9,17.7,18.3,49.8,63.3,45.8,17.1,56.1,86.9,26.2,39.9,10.1,21.3,25.3,15.5,63.0,19.3,16.9,71.6,62.2,20.6,28.6,10.5,68.4,17.3,16.6,25.9,52.5,42.1,61.3,26.1,9.4,45.5,52.8,45.8,22.5,14.6,7.1,60.7,13.1,70.7,34.6,90.9,59.6,12.9,28.2,14.1,51.2,15.1,16.7,60.5,22.1,51.5,35.8,18.5,14.5,55.8,15.8,11.8,16.8,18.9,33.8,17.8,87.9,17.4,17.3,84.0,17.4,45.9,39.8,10.1,26.4,99.9,64.2,46.1,16.2,43.4,81.8,49.7,60.7,19.6,114.3,89.9,13.8,14.4,61.2,69.7,77.4,20.6,25.2,9.7,16.0,21.9,49.3,47.5,31.1,35.3
MTHFD2,74.0,111.5,83.7,38.9,136.7,68.1,79.6,115.2,164.3,60.1,60.4,45.9,91.3,63.4,81.3,39.0,16.1,22.0,66.9,61.5,90.0,73.5,169.4,39.8,157.9,83.1,70.5,81.2,82.1,80.2,71.7,67.9,100.7,105.1,92.4,59.7,91.1,48.5,27.5,115.0,94.5,79.8,105.4,146.0,64.1,131.0,114.8,169.0,111.1,45.2,113.6,108.9,178.1,148.0,136.0,120.3,129.8,22.4,49.8,6.0,61.5,95.7,81.5,175.3,108.4,183.4,79.7,93.1,8.4,61.3,119.3,71.0,101.4,121.8,53.5,131.7,96.2,119.8,80.0,94.0,118.5,123.6,75.5,36.7,122.7,98.8,50.2,110.7,16.7,35.3,80.8,11.1,40.3,85.7,144.9,18.9,12.4,33.6,104.2,90.1,19.2,42.7,98.3,59.2,33.6
MTHFD2L,2.1,3.5,3.6,2.3,0.8,15.0,5.6,2.8,15.2,1.1,3.8,1.3,0.9,1.0,6.0,1.2,1.7,2.0,1.1,0.8,5.2,3.0,29.6,4.2,2.3,2.3,17.9,32.3,3.1,20.9,1.8,1.9,2.5,3.6,3.0,20.7,3.1,8.6,3.4,18.3,7.4,16.4,0.8,12.0,1.2,2.7,16.1,1.9,29.5,11.8,1.6,4.1,2.3,26.1,7.9,1.2,24.8,4.9,0.7,3.5,2.9,9.5,2.9,1.5,6.9,1.3,8.3,16.9,26.4,37.1,24.7,10.1,5.4,5.1,31.3,10.5,4.5,17.3,21.8,20.9,9.2,26.2,24.9,3.9,2.0,28.6,34.9,3.1,9.8,2.2,3.5,1.4,9.6,11.2,4.9,19.8,3.0,16.1,2.1,1.5,9.5,30.9,1.9,11.4,5.3
MTIF2,45.1,26.0,71.3,11.0,35.2,53.0,48.8,25.0,38.9,63.7,47.7,85.1,39.2,11.8,38.0,41.1,35.6,33.1,30.6,63.8,34.2,50.7,40.7,50.2,4.2,44.5,11.5,43.7,25.3,26.1,91.2,53.6,46.9,79.6,46.9,30.3,11.5,9.3,36.3,62.7,74.5,28.7,66.6,27.6,70.7,53.4,61.7,70.6,48.5,25.0,45.7,73.1,56.6,49.1,49.2,43.1,78.3,29.7,26.1,38.7,9.7,64.6,67.6,72.2,45.5,75.4,61.4,86.5,69.7,69.5,28.0,98.4,26.9,90.8,31.4,52.3,92.5,39.0,36.1,52.1,14.8,27.8,35.4,55.2,69.2,49.9,44.7,52.5,1.9,65.7,82.0,14.2,46.0,72.1,29.2,27.7,6.4,41.9,37.1,34.9,83.4,17.2,73.5,17.7,132.2
MTO1,85.65,90.1,137.95,76.2,77.55,137.3,109.30000000000001,72.95,71.3,79.1,75.95,71.5,95.3,43.8,94.6,73.3,52.5,68.05,81.14999999999999,75.75,69.0,71.75,96.5,94.15,78.9,85.4,36.3,93.05,60.75,79.15,50.650000000000006,75.1,83.85,101.35,102.05000000000001,101.8,85.25,106.35,96.45,84.9,70.7,82.25,136.7,109.2,70.95,73.9,69.85,115.25,73.95,76.25,37.0,77.7,107.7,88.80000000000001,113.3,108.10000000000001,71.4,113.55000000000001,100.3,36.65,84.8,78.2,136.8,62.35,76.8,90.9,105.9,123.85,66.6,50.650000000000006,81.9,102.5,70.3,102.35000000000001,76.05,78.6,99.2,106.55000000000001,75.2,66.9,94.0,95.30000000000001,94.3,78.45,91.6,123.45,71.35,140.7,91.30000000000001,23.85,90.25,59.2,77.05,96.25,76.9,87.3,63.9,62.95,87.75,92.3,68.95,81.3,82.15,65.7,63.550000000000004
MTPAP,94.8,50.3,80.2,64.8,61.5,55.2,83.3,30.3,84.9,75.5,68.4,86.2,37.1,45.7,73.4,76.9,49.7,50.8,78.7,65.2,75.3,54.6,79.3,68.9,55.7,79.3,63.7,80.1,37.4,62.6,63.3,81.7,79.8,94.3,66.7,56.0,79.3,77.5,54.0,68.2,90.5,63.4,81.9,64.6,70.1,91.5,92.8,56.0,75.0,51.0,87.0,68.2,77.3,55.8,82.1,81.7,66.6,64.4,42.1,85.4,65.7,73.7,73.4,44.7,62.9,60.3,71.4,87.7,61.2,54.1,65.8,114.6,56.2,56.9,53.8,59.4,80.2,57.6,50.7,74.2,85.8,75.7,82.4,33.4,99.1,86.2,21.2,60.0,23.0,16.3,55.8,50.9,80.4,96.5,83.8,78.2,24.9,30.2,38.2,23.0,79.3,12.4,59.2,71.7,67.0
MTRF1,4.0,5.4,19.5,2.2,7.8,2.8,19.2,5.0,25.3,3.3,6.0,6.4,16.6,5.1,4.8,2.2,3.2,6.5,6.9,19.3,3.2,2.3,6.3,19.0,33.5,4.4,3.5,4.3,15.0,10.3,9.2,36.2,4.0,25.1,27.3,6.6,2.6,3.8,24.7,9.3,3.7,9.1,16.8,3.6,6.4,9.9,39.8,27.0,8.3,4.6,3.9,28.9,31.3,8.7,7.5,7.3,6.3,5.2,11.0,2.7,18.6,14.5,38.8,16.3,3.6,7.7,54.7,8.0,4.4,9.2,6.7,9.2,5.0,22.4,4.9,43.8,28.4,4.1,20.2,37.7,3.6,8.5,38.0,6.4,9.5,9.9,3.8,3.2,8.7,8.0,25.0,4.6,4.6,36.1,6.4,5.9,12.0,4.1,6.1,13.2,5.1,3.8,3.4,12.9,10.7
MTRF1L,42.650000000000006,31.9,35.7,11.649999999999999,47.95,42.45,30.45,10.149999999999999,63.949999999999996,13.55,38.95,28.25,24.8,39.1,61.85,46.75,22.5,41.199999999999996,53.15,30.7,5.199999999999999,30.75,34.05,39.4,28.9,56.9,40.65,33.1,29.650000000000002,42.35,20.85,32.95,10.200000000000001,37.2,10.85,51.85,27.599999999999998,38.45,43.75,45.150000000000006,45.2,56.55,32.65,49.25,32.5,14.6,23.45,38.85,51.0,51.35,56.65,39.5,22.25,27.3,5.4,45.5,42.0,45.1,54.199999999999996,15.4,22.25,18.25,21.549999999999997,29.3,33.55,34.449999999999996,23.150000000000002,71.2,57.349999999999994,54.8,83.75,36.8,37.75,53.3,37.95,49.849999999999994,34.0,18.45,19.0,52.75,46.75,33.75,32.75,11.05,54.150000000000006,47.9,8.0,57.55,44.45,18.9,35.05,34.25,39.4,44.2,54.15,22.849999999999998,47.650000000000006,72.2,37.45,51.15,31.450000000000003,41.650000000000006,30.45,54.95,9.4
MTX1,132.8,207.1,183.1,256.4,145.5,178.0,141.4,261.1,148.2,178.4,171.8,139.1,217.0,325.3,223.5,144.7,325.0,252.0,304.4,218.9,172.3,215.6,218.6,165.1,166.6,173.8,165.2,115.4,174.3,125.4,147.9,119.2,138.0,162.5,118.7,153.7,143.2,164.1,152.4,161.6,194.8,130.7,196.4,115.0,108.6,122.3,186.1,142.4,176.1,184.1,169.9,124.2,161.1,194.2,127.0,199.8,142.8,179.5,132.8,117.3,144.5,131.5,116.9,200.6,159.4,157.0,126.4,148.9,204.1,166.5,140.6,181.9,163.4,153.9,228.4,148.7,132.0,117.3,175.9,107.6,158.9,208.3,91.9,118.2,149.2,139.1,151.3,139.1,200.8,143.5,172.7,91.5,158.9,126.1,137.8,115.1,134.9,154.5,126.6,195.9,195.0,171.5,170.8,151.4,83.6
MTX2,25.2,36.5,41.8,25.9,49.3,32.1,20.2,8.7,19.0,47.3,20.1,26.3,35.3,31.1,20.6,33.9,43.9,15.7,14.4,40.9,29.6,39.4,39.0,31.1,14.3,23.1,6.8,52.6,34.1,53.0,45.5,43.2,33.4,26.1,27.2,44.7,23.0,22.0,6.4,43.0,36.2,29.0,22.2,31.3,22.5,54.0,24.8,27.1,42.7,39.0,100.8,44.0,35.3,35.4,23.7,29.3,35.4,14.4,50.1,26.0,23.2,50.8,26.3,37.1,30.3,65.4,30.6,32.9,11.0,50.9,33.6,26.8,31.3,41.2,62.0,46.7,36.6,37.2,57.0,44.4,45.9,34.4,28.3,25.6,43.9,20.1,63.3,47.4,15.8,9.4,46.0,35.6,34.3,53.7,70.1,33.1,23.4,51.4,24.6,10.5,55.7,22.4,34.5,49.2,62.8
MUL1,59.3,54.2,68.3,89.9,59.3,81.5,86.0,83.4,87.7,73.7,53.7,97.6,73.2,95.8,103.0,84.5,87.9,127.1,57.8,75.3,110.5,116.7,20.6,123.5,69.1,88.3,87.4,159.1,124.9,123.7,33.1,48.8,48.5,67.6,71.8,81.9,97.8,76.5,71.0,73.5,169.9,85.2,86.5,128.8,81.5,116.8,64.7,89.3,34.7,167.4,40.6,172.1,81.5,86.1,48.6,100.7,97.0,54.2,94.6,94.4,50.9,95.4,49.7,81.2,25.0,127.5,83.2,112.8,118.4,92.3,33.2,82.5,85.0,95.8,101.0,97.4,65.6,87.1,54.4,22.7,134.1,60.6,56.4,111.5,58.6,97.1,92.4,72.6,62.6,22.4,84.1,88.9,113.0,80.6,76.5,99.7,124.6,59.2,148.5,27.6,38.1,75.2,95.9,101.0,86.6
MUTYH,112.7,94.7,116.5,122.2,117.3,88.1,114.8,166.1,91.4,102.7,80.1,112.3,126.5,210.5,104.6,133.4,144.1,160.8,164.0,121.8,141.2,146.9,75.4,121.4,95.9,102.3,121.5,117.8,118.8,97.6,110.7,130.0,91.1,98.3,93.7,140.9,99.3,69.4,89.8,87.0,149.8,126.3,101.6,137.6,106.6,143.1,89.9,75.1,133.4,150.1,134.1,128.4,74.5,85.2,86.6,99.1,65.1,81.9,61.9,117.8,79.2,79.9,119.7,100.6,135.3,70.5,110.2,110.8,51.4,119.2,150.0,102.1,107.9,118.4,117.7,123.1,113.6,67.3,86.9,108.8,185.0,103.1,100.1,163.5,140.1,85.2,74.7,221.2,107.0,86.2,135.1,149.7,124.2,111.2,57.2,96.8,188.1,149.8,134.0,165.6,146.5,131.6,132.2,94.0,122.2
MYO19,62.5,77.4,89.2,22.7,52.2,47.0,44.0,123.7,15.6,65.6,21.0,88.2,39.1,104.5,75.7,65.4,54.3,117.7,60.7,49.7,75.3,92.1,60.7,39.6,64.5,49.7,29.9,70.5,50.4,41.1,88.6,32.7,122.0,46.6,56.2,67.8,27.2,69.8,78.2,80.3,16.4,50.0,9.6,77.4,28.0,118.9,62.6,30.2,51.8,39.9,43.3,55.9,27.8,40.6,28.7,17.9,26.6,69.7,26.0,75.7,40.2,31.5,61.9,42.8,23.9,91.8,66.1,38.7,20.8,23.5,24.5,138.7,35.0,46.8,27.1,100.3,75.0,58.3,33.6,14.8,79.4,17.5,19.2,56.4,73.9,100.5,87.3,28.3,21.0,99.0,66.1,93.7,37.9,23.6,44.8,59.5,47.0,85.5,99.4,24.8,44.9,10.4,39.6,22.0,21.1
NARS2,79.2,63.4,76.4,81.3,87.4,103.8,67.4,75.4,50.6,84.7,67.0,59.8,77.4,92.2,54.4,81.5,61.1,73.2,31.8,92.8,95.9,76.7,61.2,72.7,69.2,61.5,66.0,120.2,55.5,79.7,41.8,69.3,77.3,75.4,106.3,66.5,52.6,53.3,64.7,60.1,81.6,75.9,114.7,80.0,87.6,100.2,92.0,88.7,81.5,87.9,56.2,41.1,91.2,62.7,72.2,84.8,77.3,104.5,80.4,75.4,65.8,70.0,58.4,87.9,118.0,71.6,72.2,98.4,56.1,136.1,181.7,95.8,48.9,67.7,77.8,132.0,72.3,58.7,56.3,64.2,73.2,53.8,115.6,99.9,77.1,80.2,68.4,67.4,57.6,72.3,102.7,73.8,51.6,79.3,92.0,80.7,101.8,116.4,48.1,125.1,131.7,102.9,51.4,120.7,78.8
NBR1,138.8,165.95,124.75,85.85,99.55,143.3,135.25,54.050000000000004,144.05,149.55,132.75,103.45,172.0,67.55,100.05,117.05,92.3,79.65,112.75,179.1,129.4,68.35,157.45,116.35,136.85,99.15,88.19999999999999,106.19999999999999,116.35000000000001,84.14999999999999,91.75,188.35,98.9,135.5,170.05,141.75,135.45,101.94999999999999,175.5,168.8,153.1,174.10000000000002,168.3,73.45,140.75,138.3,158.8,193.1,130.6,62.75,60.25,132.6,138.75,137.0,109.9,162.05,144.2,129.2,162.5,79.5,195.89999999999998,157.6,118.95,136.25,127.75,145.45,165.8,141.35,159.85,123.95,94.95,130.5,167.45,119.45,108.3,91.25,127.80000000000001,146.14999999999998,132.39999999999998,133.35000000000002,171.95,90.89999999999999,146.95,192.15,136.25,133.3,79.95,151.0,177.35,116.55,170.14999999999998,104.25,164.5,168.7,194.1,217.65,135.8,141.35,90.5,121.80000000000001,126.75,149.9,175.75,135.5,138.85
NDUFA1,158.1,158.5,190.3,199.2,206.7,289.9,125.8,242.5,147.3,170.0,182.3,196.6,155.6,269.1,213.5,102.0,303.6,290.5,228.2,215.7,227.4,140.9,182.8,84.9,145.7,188.3,229.4,196.2,249.6,208.5,266.3,226.7,229.5,227.5,188.3,166.2,195.3,206.6,248.4,276.9,223.5,250.3,229.4,225.0,233.3,250.0,223.9,290.0,216.1,246.3,249.0,206.2,296.3,218.4,229.1,222.7,208.0,193.7,254.8,174.8,376.7,228.2,228.8,266.3,211.4,199.6,187.6,176.3,167.2,196.7,272.0,223.5,184.3,279.4,238.2,253.4,259.1,303.9,269.1,238.6,257.5,236.2,311.2,269.1,248.5,254.2,280.6,259.9,201.3,197.1,216.7,257.2,208.7,385.3,238.0,166.2,164.6,222.1,259.6,357.3,166.0,253.2,364.6,309.6,292.9
NDUFA10,383.9,282.0,267.2,309.4,286.8,368.9,311.1,147.1,270.3,213.5,273.5,159.8,304.1,178.0,332.1,221.0,261.5,300.1,141.8,358.8,276.3,277.4,263.3,318.7,310.9,340.5,260.7,262.4,454.0,393.6,291.5,420.4,368.3,325.1,414.0,371.6,317.3,330.4,293.6,319.8,488.6,320.0,292.2,271.0,462.4,307.1,337.9,397.0,282.3,273.5,211.8,342.9,419.7,437.3,316.3,401.9,361.1,326.9,396.8,292.8,284.2,336.7,366.2,358.0,252.2,339.2,364.1,382.8,317.6,330.6,205.3,323.3,240.6,430.7,206.5,309.7,288.6,349.7,212.6,333.8,296.9,259.5,523.8,253.1,252.8,198.9,300.7,215.9,210.9,182.3,382.3,235.2,291.9,469.4,226.4,321.0,294.4,259.6,289.9,305.7,158.7,190.6,337.3,351.1,242.8
NDUFA13,143.4,150.7,255.0,143.6,300.3,318.5,212.1,146.2,128.4,165.4,256.6,114.0,188.4,135.2,258.1,127.3,290.7,208.8,228.1,317.3,211.5,100.1,266.2,191.4,244.7,182.0,269.8,309.9,307.2,379.6,384.0,316.7,230.3,218.5,210.4,345.1,130.8,124.4,218.8,239.9,259.4,169.4,197.7,249.1,234.9,351.4,265.9,310.7,250.0,134.7,197.6,185.5,380.6,286.8,278.5,240.1,266.9,301.7,338.2,130.4,312.6,371.1,376.5,223.1,191.0,169.9,366.4,276.4,219.4,186.7,181.0,114.9,222.4,416.1,137.3,191.5,250.1,259.6,352.9,303.7,184.5,213.3,281.3,262.1,158.2,198.2,190.5,160.6,115.9,53.2,225.0,126.1,115.6,282.4,157.5,201.6,66.3,86.1,58.4,198.5,93.1,186.4,364.2,342.0,124.3
NDUFA2,113.25,87.45,134.55,116.05,94.75,170.5,118.14999999999999,150.45,114.95,96.8,146.85,63.7,156.9,185.6,124.7,62.95,208.75,138.25,139.95000000000002,164.70000000000002,138.70000000000002,104.75,112.05,119.85,127.25,141.25,150.4,190.6,176.2,197.35,229.1,131.95,115.10000000000001,128.7,124.25,186.25,162.5,132.75,105.8,175.6,179.75,162.2,118.6,116.55,134.5,110.85,151.8,153.04999999999998,147.45000000000002,115.5,123.44999999999999,142.0,193.04999999999998,212.45,143.1,192.7,111.45,170.04999999999998,215.95,129.7,146.1,118.85,142.65,129.7,110.0,168.8,168.8,151.8,131.15,153.9,86.1,97.25,106.7,119.94999999999999,130.9,133.25,131.2,200.45,123.95,166.29999999999998,138.35,149.55,131.1,122.85,113.05,91.39999999999999,143.05,120.0,95.45,161.8,145.05,114.0,158.45000000000002,173.29999999999998,159.45,145.4,117.95,110.19999999999999,137.5,119.3,67.75,88.95,143.55,106.6,97.69999999999999
NDUFA3,254.7,284.3,238.9,394.0,212.3,341.3,255.4,392.7,194.4,177.8,279.6,91.4,307.2,365.5,207.8,164.6,412.1,731.4,409.3,367.4,567.4,466.3,193.1,393.2,316.0,517.9,346.0,318.7,369.2,489.1,286.3,325.9,508.3,279.0,451.5,228.7,278.5,479.5,434.7,215.9,334.0,281.9,243.3,289.1,363.4,214.3,408.7,307.8,295.3,269.0,373.1,406.9,369.1,382.6,417.5,386.8,492.8,281.0,240.6,355.0,237.1,268.2,281.6,321.8,202.6,304.8,296.4,304.2,320.0,371.8,197.3,380.1,194.7,329.6,302.5,308.8,237.4,236.6,299.2,169.3,190.8,310.7,411.5,346.6,151.2,515.3,400.8,404.4,313.7,202.7,261.7,271.8,459.0,329.9,225.4,208.9,134.3,234.0,223.1,305.6,158.6,152.7,266.6,530.8,309.7
NDUFA4,182.6,209.7,381.9,85.2,322.6,334.3,199.0,433.2,266.2,195.6,272.1,233.6,213.8,401.7,369.0,261.8,262.2,214.3,123.0,228.9,388.9,365.0,309.8,179.2,308.8,242.9,228.0,165.9,146.7,174.5,258.9,132.3,380.8,271.0,155.4,161.9,83.4,226.2,117.8,236.1,176.8,152.1,159.9,217.0,145.4,80.1,210.0,219.2,158.7,189.8,315.3,183.7,346.2,355.8,316.6,241.3,208.3,166.7,217.6,104.8,299.8,186.8,217.5,206.4,195.0,109.9,205.3,238.9,119.0,211.7,261.8,155.8,200.6,334.1,93.7,196.5,175.6,222.3,181.4,120.5,170.3,149.8,313.6,154.4,190.2,85.2,152.3,156.7,119.0,82.5,120.2,100.2,156.9,181.0,214.8,212.1,111.6,130.2,123.6,207.9,55.0,172.2,279.8,130.9,282.2
NDUFA5,28.8,19.3,28.8,28.4,31.450000000000003,26.2,23.450000000000003,22.4,26.35,17.55,43.6,54.2,25.75,41.5,26.4,27.150000000000002,26.65,13.7,21.349999999999998,17.35,44.7,25.55,48.2,20.9,34.25,37.6,57.25,25.4,8.55,23.5,39.45,27.049999999999997,30.200000000000003,40.15,24.85,27.9,33.75,27.700000000000003,27.55,20.55,21.05,34.1,19.2,25.349999999999998,35.85,23.85,25.0,36.4,24.65,21.45,22.6,30.65,47.349999999999994,38.35,44.05,33.0,27.1,23.3,29.7,14.399999999999999,29.6,39.95,12.850000000000001,25.9,19.25,14.15,53.0,44.6,9.7,27.950000000000003,5.449999999999999,30.049999999999997,29.85,41.9,14.0,21.5,25.75,39.75,28.4,29.549999999999997,12.350000000000001,38.9,60.599999999999994,22.200000000000003,30.35,24.9,27.05,26.400000000000002,20.6,41.15,22.35,29.4,29.5,35.550000000000004,32.65,34.3,20.950000000000003,16.8,39.55,45.45,42.449999999999996,42.95,25.15,15.75,28.75
NDUFA6,86.6,85.94999999999999,110.1,110.55,112.0,117.9,108.65,144.3,87.0,81.8,142.45,82.0,130.64999999999998,113.1,111.05,89.0,135.25,145.25,124.4,106.6,128.14999999999998,149.65,137.35000000000002,90.6,120.69999999999999,84.3,131.8,130.6,110.3,90.4,132.60000000000002,102.9,115.19999999999999,146.9,92.35,84.85,112.6,90.0,94.94999999999999,115.80000000000001,113.15,96.2,94.85,81.8,101.05,135.0,127.05,147.7,116.19999999999999,126.95,85.9,94.44999999999999,126.94999999999999,153.14999999999998,130.5,122.5,126.55000000000001,97.65,118.55,86.75,122.5,98.0,88.0,85.55000000000001,93.65,88.35,93.30000000000001,146.35,110.15,93.25,92.55,117.35,61.65,153.15,86.6,116.1,84.75,129.5,95.55,72.65,117.55000000000001,127.69999999999999,120.7,121.55000000000001,125.9,139.35,142.15,133.05,140.45,88.25,98.35,96.64999999999999,114.0,106.19999999999999,119.15,118.15,62.300000000000004,61.3,115.94999999999999,84.9,119.14999999999999,135.15,123.8,122.9,97.9
NDUFA7,4.9,6.0,23.6,45.5,46.5,126.7,10.2,7.7,10.8,7.0,7.5,7.9,6.0,14.4,5.9,13.2,8.2,15.4,12.1,15.8,50.5,8.1,48.9,16.0,12.7,29.0,15.3,50.8,55.8,18.1,35.7,20.4,15.7,63.6,15.8,59.6,9.0,12.7,57.8,18.9,18.2,90.5,17.6,17.6,13.4,87.0,12.0,11.5,5.6,12.6,13.9,41.4,93.8,67.6,15.4,53.1,13.3,70.8,14.5,16.0,61.4,16.7,8.0,42.0,7.0,63.1,27.4,16.0,13.5,11.8,19.6,11.1,7.1,36.2,16.2,18.7,69.7,11.4,25.4,102.0,17.2,8.0,8.5,12.9,5.5,50.3,20.8,17.4,15.9,9.9,7.5,23.6,10.5,67.9,6.2,41.5,10.5,21.2,6.0,18.4,16.3,11.5,86.2,50.5,24.3
NDUFA8,116.1,138.7,189.4,136.5,148.7,268.0,127.4,176.9,199.0,134.4,173.1,123.7,131.4,204.1,169.0,153.8,192.9,192.2,188.3,205.8,134.9,223.6,152.8,226.1,137.1,138.0,136.4,171.0,212.9,181.6,172.3,182.5,132.5,182.7,184.0,138.0,140.5,149.5,185.8,111.1,151.3,206.8,102.2,137.7,150.5,145.2,203.0,169.2,140.8,174.9,146.9,133.8,182.9,198.0,166.3,203.4,172.7,179.7,159.6,83.8,144.7,135.7,156.7,160.4,215.4,147.3,202.7,171.0,194.6,144.3,164.0,159.0,189.7,299.8,82.2,202.5,200.9,138.9,194.9,147.2,151.4,145.7,189.5,175.0,157.3,162.1,194.5,191.9,134.6,113.8,204.8,192.1,147.4,207.6,204.1,166.4,108.3,153.8,207.7,86.9,211.3,167.6,252.0,204.8,166.5
NDUFA9,137.0,130.8,173.5,133.8,202.9,258.0,148.1,93.1,161.7,140.8,159.4,183.7,159.4,122.3,144.3,109.2,185.7,199.1,173.6,128.8,133.6,139.2,172.6,180.0,117.4,141.3,121.0,196.7,155.1,105.1,96.8,151.5,125.3,139.2,123.3,137.4,160.5,140.7,166.3,112.1,147.2,152.6,136.3,137.3,126.2,129.3,103.9,121.0,95.1,124.3,106.2,151.9,142.5,125.6,124.4,291.1,145.6,152.6,143.4,133.6,176.3,194.4,149.0,128.9,114.5,165.8,142.8,153.0,21.2,136.2,140.3,135.9,118.5,183.2,101.4,113.8,182.2,151.4,170.7,192.2,150.9,83.7,158.5,149.5,124.6,130.7,88.1,129.8,91.4,199.4,97.6,148.5,80.2,127.2,96.3,184.4,47.4,34.1,93.3,162.1,148.8,124.7,189.6,177.6,207.0
NDUFAB1,303.1,306.5,382.7,268.2,393.6,461.5,329.7,425.4,316.2,325.6,261.2,340.9,277.8,298.6,317.8,292.5,329.4,359.6,271.1,425.8,321.4,419.1,329.2,277.3,359.5,344.2,285.7,355.8,373.3,313.8,403.8,303.4,376.9,323.1,351.4,285.4,343.4,280.2,376.5,370.3,311.8,250.5,337.1,308.0,340.1,376.3,369.1,443.5,396.2,246.6,332.9,339.9,505.7,369.5,457.9,443.9,369.9,260.6,354.5,180.4,294.9,258.9,367.5,323.4,261.1,269.4,292.6,441.6,268.5,252.3,260.9,362.0,278.9,438.4,211.7,340.2,343.3,400.6,255.8,284.0,303.3,261.9,320.9,261.2,271.6,320.8,305.2,293.3,222.8,237.4,231.0,301.3,269.3,414.4,262.9,308.6,283.7,241.3,264.3,260.5,179.4,183.8,416.2,272.2,268.2
NDUFAF1,89.5,115.4,103.4,83.7,111.7,102.7,113.2,83.9,85.3,103.6,111.0,68.5,136.4,106.6,131.6,90.0,102.5,117.6,87.5,121.8,90.4,139.8,73.9,108.1,76.8,60.7,106.0,123.1,125.0,137.7,111.3,144.2,120.2,92.1,92.0,123.2,120.6,141.2,112.5,112.5,119.8,112.5,93.3,129.3,151.4,191.3,107.9,121.5,122.4,57.5,147.8,105.1,124.9,131.4,116.8,145.1,164.0,127.6,132.4,101.4,126.1,94.1,156.0,149.3,94.9,112.8,92.5,106.8,84.5,116.1,106.3,103.5,98.8,129.7,111.3,126.7,122.0,111.3,98.2,110.2,138.2,139.8,84.6,128.7,106.3,146.0,98.7,124.2,160.6,106.6,170.4,80.0,113.8,141.2,137.0,150.5,107.5,62.0,93.0,117.2,30.5,133.5,90.3,173.6,105.4
NDUFAF3,85.8,104.4,122.9,73.1,132.1,154.1,120.0,101.3,114.5,94.0,101.0,92.7,135.1,125.4,98.9,83.6,176.0,162.9,103.1,136.3,79.0,132.9,72.9,111.8,140.2,103.9,65.3,125.7,155.8,167.4,123.7,143.4,97.6,102.8,99.9,150.8,140.9,124.2,87.6,113.2,101.4,94.6,125.3,89.7,144.9,109.7,169.7,189.7,86.3,78.7,138.3,105.9,123.6,135.0,142.6,110.0,165.0,82.4,143.9,94.4,88.7,130.8,161.2,123.0,99.2,108.1,147.8,118.1,136.8,116.8,67.8,142.1,117.4,183.3,65.6,95.2,131.2,117.2,119.8,139.0,108.2,101.2,120.0,108.9,97.9,119.1,137.0,114.6,90.5,84.2,92.1,127.4,109.1,169.7,129.7,122.8,108.5,66.0,99.0,137.4,77.1,100.3,137.4,171.7,201.5
NDUFAF4,40.0,65.1,66.9,39.7,73.1,63.3,49.3,110.1,9.5,10.5,39.9,11.2,62.3,69.2,38.0,56.3,45.2,48.0,87.5,45.7,50.6,55.7,54.2,61.6,51.1,14.1,53.5,68.8,73.5,75.9,33.6,41.7,30.6,42.7,67.6,67.5,52.9,33.1,57.1,15.9,68.9,55.5,53.0,35.0,59.5,70.1,44.9,40.2,47.9,56.3,56.1,49.5,40.2,62.9,76.7,50.7,52.4,58.4,29.0,57.2,49.4,21.1,42.2,37.9,28.5,30.8,52.3,52.9,41.4,87.2,66.2,62.5,58.6,51.9,75.7,65.3,37.7,64.2,27.6,58.2,48.7,11.3,51.6,30.2,96.2,32.7,29.9,72.4,93.7,80.5,95.0,64.9,20.1,46.8,72.2,39.9,5.2,71.4,53.2,64.7,48.7,42.7,69.9,66.8,59.4
NDUFAF5,39.4,24.7,71.5,16.4,29.5,9.1,19.8,21.6,38.1,52.3,5.7,11.4,5.4,54.1,29.6,7.8,39.3,26.7,13.0,26.3,7.0,11.1,6.2,5.1,5.2,41.4,8.6,21.9,16.5,11.7,10.8,5.1,14.7,19.5,13.3,30.6,17.8,18.2,5.7,7.3,12.6,8.6,37.9,7.7,48.1,4.8,10.1,5.8,29.9,16.4,18.9,7.0,18.5,6.8,12.3,9.8,16.1,27.9,8.0,10.3,21.5,85.3,52.7,6.3,4.6,2.5,40.9,12.7,5.9,38.6,45.0,8.0,6.3,6.9,51.3,4.5,5.8,3.9,47.2,23.7,34.0,61.2,12.7,9.3,45.9,20.6,4.4,22.8,8.9,8.2,37.8,18.2,67.9,28.9,37.5,7.4,29.2,16.1,69.7,47.9,52.8,5.1,59.4,62.1,14.0
NDUFAF7,5.5,2.3,4.7,4.1,2.4,21.5,5.7,3.0,4.3,2.7,4.6,1.6,8.1,4.5,1.0,7.0,2.5,1.2,1.0,16.3,5.8,1.7,9.4,5.2,5.1,17.4,9.7,4.0,8.0,26.1,21.9,15.6,13.0,5.5,14.1,6.4,5.4,2.1,2.6,18.4,10.4,13.6,3.7,6.7,13.1,13.1,17.0,4.0,2.2,9.1,18.2,1.6,3.9,15.1,4.0,12.4,1.0,18.9,9.0,7.8,25.1,2.8,22.6,23.1,3.4,3.0,2.7,3.4,1.8,8.4,10.9,3.2,2.0,25.1,14.1,3.2,18.9,33.0,8.4,6.2,25.6,6.4,26.9,54.4,31.4,8.7,3.2,18.3,2.1,43.5,27.9,25.9,15.5,3.3,7.6,23.8,7.3,6.6,8.6,35.9,7.5,26.7,6.0,4.2,23.0
NDUFB1,165.7,148.8,222.6,149.1,204.8,333.5,199.4,300.3,204.2,197.2,369.2,169.3,210.9,305.6,254.5,183.0,192.5,266.3,249.4,207.1,250.4,159.6,269.1,156.2,186.5,146.3,245.9,182.1,226.2,237.0,251.7,219.1,217.9,191.8,152.3,134.2,122.5,114.8,144.2,175.3,116.0,176.9,189.5,175.6,191.3,174.5,170.7,211.0,250.5,220.9,207.7,200.3,287.5,257.1,198.3,181.2,231.4,122.5,271.3,245.3,328.2,171.7,177.7,159.4,113.3,240.1,167.0,212.7,177.7,99.9,295.9,163.7,116.7,140.8,204.6,180.0,138.5,155.2,176.3,138.5,163.3,193.1,230.1,238.9,154.0,165.4,136.8,138.8,153.1,69.0,198.4,116.7,156.5,114.8,201.5,151.6,169.2,141.9,172.6,124.5,124.4,124.1,204.3,196.3,124.3
NDUFB11,239.9,214.3,340.8,349.4,286.1,357.8,326.4,310.1,260.8,261.2,359.5,353.8,392.0,345.9,336.6,271.1,540.6,490.5,393.2,342.1,301.7,290.0,352.4,379.6,262.3,226.5,280.7,276.8,422.6,311.1,274.0,252.6,283.3,237.7,272.1,267.1,301.9,308.1,326.9,355.0,348.4,205.2,277.6,198.5,300.8,392.5,310.5,290.1,216.0,148.7,268.7,299.0,258.3,285.4,322.3,396.1,350.3,346.8,309.7,224.9,281.8,258.2,374.2,284.5,275.7,309.8,412.5,389.2,299.3,332.7,321.6,289.2,285.0,344.4,216.1,221.2,328.0,305.5,291.3,286.3,253.7,280.0,344.9,305.3,182.4,328.1,334.9,290.1,211.8,400.9,245.9,367.6,208.8,289.1,214.5,298.2,247.4,308.1,228.6,244.7,354.5,301.3,337.4,336.6,336.9
NDUFB2,138.95,178.95,183.25,180.05,241.4,333.75,168.4,365.35,208.95,181.89999999999998,215.95,240.65,223.85,230.0,211.55,190.55,287.7,227.75,266.5,243.45,236.6,229.2,261.1,162.45,265.70000000000005,225.0,228.35000000000002,222.95,218.25,291.9,276.6,242.45,220.5,227.9,247.2,158.95,199.2,236.05,207.39999999999998,204.29999999999998,245.65,195.9,233.4,245.5,220.85000000000002,244.7,227.55,265.7,191.1,263.15,222.35000000000002,254.1,294.25,230.05,314.2,230.6,236.64999999999998,200.0,171.5,213.55,228.9,191.89999999999998,219.2,178.45,214.15,224.29999999999998,192.79999999999998,275.9,216.0,258.5,198.45,283.0,165.05,359.5,170.05,299.7,230.20000000000002,235.35,229.3,195.05,219.8,225.0,315.45,208.55,294.25,183.39999999999998,215.1,218.5,218.95,232.2,189.5,231.64999999999998,252.60000000000002,253.85000000000002,224.54999999999998,214.5,219.8,174.05,202.0,189.85000000000002,199.5,217.1,362.35,271.05,255.64999999999998
NDUFB3,69.1,176.1,131.1,102.9,117.9,164.5,125.1,209.6,174.9,88.2,201.1,108.8,115.9,161.5,191.1,87.3,202.9,178.5,198.1,156.0,148.7,103.5,201.3,113.9,147.1,105.1,146.4,97.6,171.4,139.8,99.7,147.3,71.1,133.9,61.0,87.9,104.3,155.2,176.8,193.8,141.7,105.6,104.9,115.9,136.4,63.5,127.6,214.9,144.0,128.3,255.2,99.3,159.7,135.6,156.9,174.3,174.3,53.4,172.9,146.5,166.9,114.6,147.7,158.5,127.3,94.4,90.7,120.5,136.2,59.2,119.3,96.8,114.2,140.8,143.9,183.9,136.4,170.5,126.6,143.4,77.3,245.1,209.0,233.1,234.0,141.5,120.7,165.2,206.3,101.6,203.8,203.4,87.0,222.5,250.9,146.1,69.8,218.0,127.8,169.4,254.1,178.2,262.1,212.3,141.5
NDUFB4,489.0,488.7,545.7,722.4,477.6,812.9,549.4,637.0,492.5,411.4,572.3,270.3,592.5,597.4,580.6,394.6,804.5,715.7,475.9,751.6,726.3,796.0,621.0,604.6,560.6,729.2,475.7,618.8,749.7,686.0,810.6,576.2,698.1,746.8,715.8,669.1,523.8,812.5,679.1,692.3,652.4,656.5,808.9,498.9,720.0,641.4,639.1,731.6,651.8,522.8,428.3,679.1,874.6,764.4,751.5,657.0,650.0,534.8,606.6,358.6,557.9,571.5,871.6,813.4,765.5,720.7,539.1,696.4,571.0,468.3,322.9,617.2,484.8,711.8,522.0,667.9,714.5,637.4,583.9,583.0,567.8,569.7,732.0,520.4,538.4,615.9,629.8,638.8,667.3,429.1,511.5,442.1,472.8,788.5,500.2,445.7,385.1,282.0,532.8,419.1,407.4,245.8,702.3,404.9,368.3
NDUFB5,209.8,260.8,253.2,179.8,161.0,400.5,229.9,224.2,236.4,235.4,243.2,239.4,196.3,189.6,265.8,180.7,259.9,195.9,233.1,254.2,264.7,337.9,336.7,209.3,323.0,248.8,187.4,356.1,248.5,228.7,253.3,294.8,180.7,277.9,284.5,237.0,262.2,273.2,265.8,242.0,222.9,237.1,302.1,342.5,221.2,245.0,203.0,407.0,239.5,215.8,204.5,267.5,390.7,350.6,333.8,308.0,301.6,312.2,266.1,255.8,268.4,236.2,216.4,247.0,231.1,235.9,287.6,199.8,121.4,212.0,154.8,181.3,249.1,255.1,182.0,213.4,243.9,345.2,277.6,280.9,267.0,226.5,219.0,252.4,223.1,313.7,211.5,311.0,190.3,225.0,354.8,245.1,290.2,328.5,270.6,198.2,212.3,287.9,252.1,327.7,187.3,305.8,284.0,198.2,328.8
NDUFB6,300.4,288.7,431.4,357.0,322.0,387.7,219.9,335.5,200.7,235.2,365.1,152.5,386.5,394.1,365.1,313.0,361.0,290.6,216.1,380.4,256.6,334.5,332.8,240.3,400.0,412.9,336.1,317.6,431.3,393.6,459.7,400.0,314.4,326.2,337.8,321.1,354.9,478.0,280.7,331.3,297.0,329.2,390.7,233.4,230.8,227.0,393.7,442.3,359.1,332.0,353.8,439.3,375.5,392.0,355.6,414.4,390.9,280.1,352.3,271.0,415.8,272.3,373.5,317.8,353.1,334.3,312.2,293.0,284.6,211.4,181.5,247.5,320.0,280.5,318.2,341.2,386.5,401.0,318.4,358.7,329.5,526.4,374.3,303.4,353.7,156.7,251.4,330.6,369.1,212.2,310.6,267.3,278.7,308.6,251.3,346.8,203.3,243.2,261.4,309.2,222.0,268.1,320.1,391.1,375.0
NDUFB7,32.4,51.45,72.4,64.9,69.25,44.05,53.099999999999994,57.9,50.55,43.6,20.349999999999998,32.75,22.25,64.4,51.2,34.65,54.1,91.05,59.95,27.4,50.849999999999994,51.0,38.099999999999994,46.900000000000006,39.3,49.15,62.25,41.3,54.900000000000006,61.65,37.05,50.5,58.45,59.0,56.05,34.650000000000006,25.950000000000003,67.85,33.95,25.549999999999997,45.849999999999994,49.45,71.25,37.15,83.7,38.35,57.25,43.95,38.7,65.0,53.1,41.5,55.95,47.800000000000004,46.800000000000004,50.15,49.05,36.1,49.75,49.6,36.15,44.05,63.25,59.75,50.0,64.8,44.4,87.1,54.9,35.5,83.55000000000001,67.55,49.3,100.25,40.45,45.3,55.65,39.25,63.45,26.3,41.099999999999994,39.849999999999994,34.55,52.4,43.05,56.8,23.1,53.45,16.95,56.3,44.95,32.949999999999996,53.05,42.150000000000006,37.95,36.8,80.19999999999999,40.35,24.15,33.9,46.45,29.150000000000002,50.0,49.4,53.349999999999994
NDUFB8,266.56666666666666,245.36666666666665,428.1666666666667,465.06666666666666,310.8333333333333,474.8666666666666,310.16666666666663,286.6666666666667,288.43333333333334,329.0,304.56666666666666,217.46666666666667,424.09999999999997,331.93333333333334,376.56666666666666,278.6666666666667,389.93333333333334,319.90000000000003,309.1666666666667,446.76666666666665,344.40000000000003,331.5,323.3666666666667,366.1666666666667,375.1333333333334,377.1666666666667,382.59999999999997,404.56666666666666,400.40000000000003,402.5,474.6333333333334,365.8333333333333,377.3666666666666,410.23333333333335,337.8,443.56666666666666,316.76666666666665,338.6666666666667,398.0,386.20000000000005,369.23333333333335,352.96666666666664,396.90000000000003,325.2333333333333,382.56666666666666,409.0666666666666,345.5333333333333,384.1000000000001,366.23333333333335,352.56666666666666,263.6666666666667,342.40000000000003,457.0333333333333,361.0,391.93333333333334,437.5,362.1666666666667,346.8999999999999,390.3333333333333,275.73333333333335,332.96666666666664,327.0,374.8666666666666,341.6666666666667,323.3333333333333,352.6666666666667,328.53333333333336,409.20000000000005,282.5,281.23333333333335,312.8333333333333,369.2,364.79999999999995,477.1666666666667,326.7666666666667,445.5,386.06666666666666,356.1666666666667,327.2,272.1666666666667,287.1666666666667,300.9666666666667,384.8666666666666,383.4666666666667,355.4333333333334,434.40000000000003,354.1666666666667,297.3333333333333,311.53333333333336,204.86666666666667,299.43333333333334,281.3666666666667,305.4,336.96666666666664,306.23333333333335,347.8333333333333,276.6666666666667,300.03333333333336,377.8333333333333,334.0,310.93333333333334,235.9333333333333,470.90000000000003,399.86666666666673,348.4666666666667
NDUFC1,42.0,25.1,81.1,104.0,84.8,152.5,65.3,96.9,66.5,25.2,56.8,96.9,92.4,128.0,101.2,53.0,153.8,196.8,152.5,184.6,101.2,112.5,109.3,61.1,85.4,147.6,31.5,122.4,86.9,56.8,119.9,135.2,103.8,86.5,141.8,137.7,89.7,172.5,169.8,179.0,140.6,117.6,141.9,107.1,93.8,44.1,47.9,68.4,106.6,102.7,76.7,123.5,173.6,148.6,110.2,174.3,116.1,143.2,127.2,75.8,63.0,123.2,97.7,98.7,74.1,157.3,162.3,103.4,42.4,107.6,123.4,124.8,93.4,149.1,86.2,83.3,96.1,97.6,129.1,96.9,112.6,89.2,79.7,140.7,87.2,95.2,122.0,94.3,71.1,16.3,85.0,69.0,78.8,166.7,92.1,92.0,38.1,28.9,67.4,78.8,86.9,28.1,101.4,105.4,113.4
NDUFS1,83.2,70.6,62.7,50.3,83.4,47.9,77.9,81.7,77.8,48.4,52.9,73.5,42.9,48.3,56.2,43.2,39.4,54.1,65.2,58.1,78.6,64.2,41.8,74.8,64.1,68.6,41.4,60.9,53.5,44.7,88.1,72.7,62.6,74.1,60.5,48.6,38.7,27.9,36.9,94.6,23.7,33.0,70.7,31.6,56.7,59.2,54.5,64.6,61.5,44.3,44.3,5.0,61.8,66.1,43.2,55.1,64.3,74.1,51.1,24.9,55.4,47.8,69.4,54.8,48.9,39.2,51.5,38.9,87.4,65.9,60.3,30.1,54.1,72.8,16.5,83.6,44.9,51.6,47.4,56.6,53.3,63.1,42.3,53.0,62.2,42.8,44.5,57.5,65.0,25.6,46.6,47.9,67.0,88.0,50.6,26.8,14.9,27.4,67.2,98.5,61.5,52.7,36.1,50.5,34.5
NDUFS2,342.7,296.6,303.9,312.0,285.7,243.5,368.0,274.4,300.7,365.3,345.0,241.5,315.3,303.5,309.1,350.6,282.6,336.8,374.6,389.2,217.4,320.9,279.7,278.0,285.6,259.0,369.0,432.7,275.9,211.3,260.5,229.9,343.2,289.0,311.6,283.6,448.1,180.3,227.9,279.9,289.0,228.2,321.8,153.8,209.7,217.5,287.1,355.0,277.7,242.4,133.1,237.6,300.4,316.0,224.6,333.5,269.1,433.2,296.6,192.4,278.6,221.5,354.8,242.4,205.4,246.8,251.1,254.5,279.3,272.9,214.4,190.4,333.8,264.1,210.5,208.7,302.3,264.7,250.1,211.8,276.6,295.1,297.1,285.5,236.6,324.5,212.5,172.4,212.0,301.5,318.4,210.0,251.8,355.2,373.4,350.4,206.7,218.4,261.9,245.3,225.8,246.9,243.5,321.9,126.9
NDUFS3,144.8,105.9,178.6,188.5,161.1,322.0,147.8,202.5,149.4,190.1,133.9,190.0,233.1,157.9,141.3,108.7,183.6,195.2,205.9,254.6,183.1,246.6,212.5,147.3,177.4,158.2,205.2,194.2,147.3,247.8,249.6,227.0,242.6,244.7,122.6,119.9,118.3,200.4,251.3,197.7,316.8,186.5,218.6,202.3,173.1,148.1,201.3,227.4,195.3,169.9,58.8,247.9,252.9,262.4,310.2,223.3,213.4,205.1,158.8,111.1,202.7,172.5,219.4,132.6,157.2,200.4,156.2,180.9,137.6,92.2,108.9,164.0,237.0,211.0,169.6,184.7,294.7,228.2,231.9,173.2,214.4,171.7,198.4,248.4,120.7,193.1,176.7,218.7,129.4,87.9,220.3,211.8,165.9,203.6,164.9,193.5,138.5,118.1,109.8,73.2,133.2,100.3,222.5,184.2,121.3
NDUFS4,82.5,97.8,79.5,96.5,120.3,119.9,79.6,146.3,77.0,98.0,100.1,51.8,94.9,108.0,84.8,79.1,97.3,155.5,87.7,94.0,106.4,111.5,100.5,86.1,121.7,81.0,98.2,105.5,89.8,118.9,78.0,76.7,92.4,83.5,83.1,72.2,60.3,77.0,104.6,110.6,87.0,72.2,57.7,124.6,110.7,71.6,60.3,69.6,84.4,52.0,91.3,82.7,123.4,90.4,112.6,85.7,106.2,108.2,118.4,110.1,62.9,96.3,67.2,92.8,52.1,61.1,57.0,87.7,77.4,81.8,119.5,65.2,65.7,75.7,42.4,69.2,59.3,125.5,82.8,109.4,85.1,104.3,154.6,104.3,112.4,139.2,175.9,130.2,102.4,152.5,134.9,82.6,118.3,104.2,127.9,70.5,113.3,132.9,168.0,109.1,123.3,141.0,135.4,98.4,89.7
NDUFS6,207.0,190.3,275.1,216.5,270.2,363.7,215.2,367.9,209.5,243.6,334.4,176.4,343.4,167.4,309.9,198.4,276.9,320.3,289.8,255.8,149.5,247.6,250.2,257.6,257.0,219.5,248.1,304.7,332.2,377.8,324.6,249.3,235.7,235.1,271.8,231.1,244.7,265.0,345.0,146.3,282.0,248.7,198.2,198.0,223.1,369.7,282.0,338.0,253.1,275.7,290.6,322.9,242.1,151.3,268.3,306.4,240.9,218.4,268.5,202.7,325.6,251.8,308.6,245.9,287.4,248.7,360.2,343.8,233.6,315.0,388.3,294.9,364.1,343.0,229.6,238.2,364.9,303.8,274.8,300.0,278.0,245.2,320.8,338.3,135.7,282.1,229.4,203.5,260.5,304.3,279.8,220.9,239.6,307.7,253.6,345.0,318.9,128.8,279.6,392.5,249.6,295.4,285.1,316.7,426.5
NDUFS7,114.3,134.0,164.4,90.7,122.8,210.3,143.9,44.4,112.3,98.1,111.6,89.2,128.5,168.5,137.7,137.0,234.6,177.3,229.2,151.6,173.4,155.5,125.5,147.5,145.3,140.8,172.7,130.4,168.2,169.0,144.2,136.7,151.6,176.8,134.8,121.3,144.6,175.6,206.4,138.5,150.3,151.1,151.0,193.1,153.2,241.6,154.3,161.2,158.9,106.1,158.3,185.0,150.5,140.1,135.6,149.4,161.8,158.2,134.1,195.1,81.8,216.7,219.4,158.3,156.1,123.6,224.2,184.9,151.1,218.5,146.1,155.8,189.7,194.6,33.7,184.2,159.3,107.4,205.7,162.8,167.0,150.3,191.8,209.8,149.2,170.1,270.3,170.0,96.3,75.9,164.3,146.4,188.8,202.4,131.0,184.5,198.6,134.6,119.2,138.8,171.6,189.5,164.6,265.5,245.9
NDUFV1,234.7,244.0,324.3,322.6,323.8,274.4,269.0,231.3,222.3,296.8,231.7,199.8,435.1,245.8,296.5,210.4,278.8,290.6,295.9,342.4,279.4,213.1,255.1,284.0,270.4,333.9,297.1,450.1,366.9,245.2,309.6,278.0,298.4,240.2,342.5,264.8,333.3,297.9,340.0,305.7,283.0,235.0,313.8,280.5,340.7,278.8,302.4,278.2,295.1,360.8,254.6,311.4,243.6,270.6,257.9,265.0,220.6,276.3,424.3,314.0,202.1,273.9,391.7,297.0,174.9,278.0,454.7,254.3,356.8,374.5,430.6,374.2,245.4,444.0,312.9,188.2,305.9,307.2,258.0,212.1,292.0,301.4,279.9,389.5,311.4,336.4,344.9,316.9,305.9,191.9,306.0,199.5,191.2,287.9,407.5,264.9,388.4,214.6,340.1,228.5,238.6,223.0,263.5,395.1,263.3
NDUFV2,120.3,126.6,198.1,139.2,168.9,168.1,146.3,198.9,177.9,209.4,162.5,156.9,223.3,146.4,207.0,106.3,220.8,212.4,159.6,179.6,190.9,157.4,172.3,156.7,158.1,118.2,202.1,102.9,176.6,170.4,155.2,143.5,203.9,162.9,207.7,189.9,139.8,170.8,95.0,172.8,197.2,181.7,159.0,121.6,189.5,122.4,144.9,135.0,158.8,127.3,47.6,140.4,171.5,153.2,130.2,229.4,175.9,100.0,212.2,129.1,213.8,167.3,190.4,114.7,150.0,137.6,178.1,223.6,108.0,159.5,142.2,127.3,141.7,190.1,107.5,188.9,158.7,169.2,132.7,151.9,146.6,146.5,228.0,155.8,141.8,165.2,161.7,134.1,204.4,128.4,156.7,167.0,174.6,159.8,112.8,124.7,128.7,137.2,147.4,128.2,123.6,144.0,185.6,189.4,245.8
NFS1,107.1,133.1,123.4,169.7,141.0,111.9,119.6,122.4,106.2,141.5,102.9,145.1,86.8,82.8,95.4,132.3,169.6,138.0,126.5,108.0,113.9,108.6,121.0,143.4,108.9,121.7,122.9,106.6,89.1,122.4,95.7,82.4,105.8,114.4,107.2,129.0,110.2,81.0,91.5,109.0,101.9,111.1,109.4,140.3,101.8,60.4,91.2,97.2,98.2,93.8,124.2,98.5,103.1,95.3,96.1,109.2,89.1,166.7,93.7,134.4,61.0,159.9,124.1,93.4,94.5,105.2,134.5,97.4,120.6,103.6,111.7,93.4,100.8,101.3,70.1,77.7,70.5,86.5,124.2,102.9,111.1,93.8,100.2,75.2,111.2,149.1,136.6,117.0,160.2,148.6,127.1,107.4,120.0,118.4,101.0,96.0,78.3,202.6,116.3,102.0,130.4,124.7,126.4,98.9,82.9
NFU1,42.2,44.6,58.8,58.2,55.1,36.9,54.8,74.1,48.5,55.1,57.2,62.8,62.4,74.6,45.8,37.8,41.1,54.4,61.8,71.1,45.1,54.9,69.7,42.3,42.0,66.3,41.7,40.6,44.0,48.5,59.8,52.7,80.4,52.1,55.7,50.6,56.0,61.2,23.8,55.6,35.8,54.3,59.2,64.0,45.4,73.4,37.8,62.1,36.8,32.7,39.3,28.1,70.4,57.3,70.2,56.5,51.0,62.7,55.5,44.4,56.8,37.8,41.2,66.6,59.9,69.2,65.7,64.6,53.9,44.1,45.3,52.7,36.2,63.7,34.2,59.0,59.2,65.2,30.1,57.0,66.5,112.1,60.6,60.3,64.6,64.6,41.0,60.5,44.8,54.0,67.1,56.6,66.0,68.9,43.2,30.4,27.0,53.8,66.9,45.7,73.4,31.8,68.6,79.2,147.2
NGRN,147.9,149.8,190.0,152.0,194.5,195.8,185.0,185.6,133.8,86.6,93.3,108.4,157.1,183.8,165.9,165.4,165.8,188.2,176.8,184.5,219.3,261.2,159.8,145.6,165.3,162.4,165.2,192.4,110.6,211.2,117.0,172.1,155.1,193.0,227.3,147.0,130.4,129.9,224.2,151.5,163.5,182.9,154.4,231.8,143.8,258.0,220.2,195.6,156.4,158.5,165.3,239.9,235.4,166.4,144.4,153.1,134.7,123.2,229.2,135.4,133.9,187.0,211.9,109.3,96.9,175.2,179.3,275.4,120.3,146.0,179.8,200.3,213.4,246.5,150.9,166.0,137.3,116.0,237.7,232.8,226.2,175.5,215.6,198.9,123.8,125.6,170.4,182.1,147.0,140.2,164.1,181.6,177.7,206.0,147.8,204.2,193.0,147.5,196.4,135.9,131.2,147.3,213.4,170.3,196.9
NIF3L1,54.8,85.8,113.0,85.3,73.6,191.5,187.7,29.5,65.2,47.1,54.3,17.9,147.7,36.4,25.5,90.1,81.5,59.8,49.4,118.4,130.2,112.8,40.9,42.2,87.8,111.4,96.9,80.0,90.7,37.1,168.4,95.0,107.2,99.9,86.5,107.2,25.1,57.4,102.0,106.6,129.2,113.7,120.3,57.0,117.5,60.7,104.2,159.6,118.8,131.1,25.6,178.0,155.1,142.5,140.4,121.4,129.1,111.7,128.8,19.4,91.1,61.8,106.1,76.2,56.6,152.5,20.0,135.1,20.0,16.3,13.6,23.6,56.7,136.2,75.4,82.5,149.7,110.1,80.1,148.5,50.2,63.5,98.6,169.4,91.5,81.1,16.7,156.8,128.9,113.4,180.2,24.0,16.0,158.9,133.1,90.1,103.1,21.8,20.0,99.7,26.2,12.4,83.7,20.2,16.2
NIPSNAP1,108.65,118.35,108.14999999999999,132.75,127.35000000000001,106.4,178.8,179.60000000000002,123.5,136.45,115.35,165.3,144.3,158.05,131.25,53.55,168.35,189.60000000000002,203.1,99.55,100.9,177.55,115.35,137.6,101.35,108.75,112.89999999999999,89.9,139.7,152.65,116.25,114.55,115.85,133.4,97.80000000000001,106.6,111.80000000000001,109.35,136.4,174.85,90.5,113.2,119.25,125.0,116.7,146.9,115.15,78.85,109.9,107.35,114.10000000000001,158.3,127.0,102.6,105.30000000000001,100.6,70.75,119.1,120.1,134.7,95.3,157.2,108.35,111.1,134.45,124.4,95.0,150.0,164.10000000000002,126.55000000000001,96.35,145.6,124.2,131.6,122.6,144.15,100.19999999999999,148.8,118.75,75.6,130.6,164.95,115.0,143.5,156.3,162.55,194.6,133.2,103.3,134.4,155.9,71.5,116.9,153.9,132.35,117.5,237.89999999999998,150.9,112.4,100.30000000000001,72.4,188.65,89.55000000000001,180.55,87.60000000000001
NIPSNAP3B,60.4,135.3,62.8,62.8,89.2,84.0,56.5,65.7,50.7,75.9,105.9,97.8,66.6,69.4,54.9,52.7,59.9,56.8,55.9,55.9,36.7,53.2,41.6,54.1,51.1,80.7,75.8,83.3,39.2,51.4,68.8,78.7,50.9,33.1,33.9,60.0,59.1,54.6,64.0,84.1,49.3,77.2,43.7,72.3,46.8,73.9,62.5,40.0,93.6,49.3,74.7,33.0,40.2,35.1,99.6,43.8,41.2,53.7,41.9,75.5,40.7,62.1,46.6,35.1,60.6,50.6,59.0,73.4,45.7,61.4,6.7,38.2,58.3,42.4,52.4,37.4,25.7,45.9,76.1,44.5,64.1,52.9,60.8,30.1,44.1,53.3,68.2,53.1,90.9,53.7,127.3,84.9,51.7,33.1,45.8,51.8,108.8,139.9,74.8,56.9,88.0,69.4,55.3,68.8,4.1
NIT1,224.4,226.0,177.8,201.6,126.9,210.5,167.7,188.5,150.6,179.2,174.8,138.8,184.9,289.2,160.9,237.8,285.7,320.2,184.9,231.5,255.8,225.6,256.6,164.5,224.0,172.3,236.1,379.7,163.6,150.9,163.5,171.7,222.9,204.6,199.3,92.5,237.7,249.9,216.0,174.8,310.0,139.3,234.1,206.7,227.3,186.2,274.8,202.4,261.9,217.6,142.8,207.7,211.3,203.2,182.2,202.3,257.6,273.2,208.3,329.8,109.2,199.7,164.8,259.0,179.0,221.5,280.0,172.9,301.2,226.5,150.8,261.5,306.6,209.0,273.4,150.3,187.8,152.0,211.0,254.3,202.1,216.0,174.8,233.6,294.1,213.3,188.9,263.1,244.1,231.2,202.6,226.1,218.4,224.3,208.8,196.3,257.0,184.1,246.9,243.3,252.7,148.7,176.2,245.1,197.4
NIT2,66.3,79.9,86.8,64.0,69.2,139.2,58.1,66.0,68.6,52.8,92.2,47.7,72.0,57.6,78.2,46.5,103.5,127.2,103.0,92.8,71.1,97.9,98.3,82.7,77.7,96.0,98.2,66.6,76.2,58.7,95.1,78.9,66.7,76.9,80.5,82.4,91.5,59.0,60.5,94.9,83.8,52.8,44.8,66.3,90.2,92.3,87.5,78.2,68.8,68.6,70.9,108.8,72.3,84.6,85.4,101.9,103.7,96.8,98.6,78.6,66.3,82.3,82.3,82.2,58.1,42.4,85.6,89.4,89.9,48.6,82.5,44.0,46.0,153.9,80.0,76.1,112.8,105.9,98.8,92.7,73.5,68.5,88.0,107.8,61.9,72.6,132.8,84.7,65.9,106.1,78.1,99.3,74.5,96.8,68.8,78.0,103.9,82.6,75.3,64.8,55.4,7.8,69.9,29.1,66.2
NLRX1,149.4,180.5,191.2,242.0,181.7,173.0,159.5,201.7,175.0,196.8,225.2,158.3,223.6,200.8,147.6,190.9,264.4,169.0,228.4,227.8,177.1,215.5,249.7,167.5,181.6,172.4,226.7,146.6,214.5,179.8,215.8,124.9,126.0,154.0,171.3,263.4,208.5,186.4,184.8,143.7,245.3,155.2,186.0,118.3,115.3,253.1,224.7,210.1,242.6,230.3,295.5,191.9,159.3,163.1,161.6,197.3,138.2,260.0,214.1,305.6,150.4,173.9,204.6,175.1,157.6,192.3,211.0,56.8,231.2,209.3,117.5,190.2,212.2,179.8,222.9,168.4,186.3,135.0,144.2,223.3,152.7,183.4,183.5,212.9,229.8,258.5,193.2,183.4,195.1,203.1,320.5,204.0,209.2,204.0,193.9,156.5,326.6,186.5,215.5,285.5,174.3,262.8,197.9,249.5,204.0
NME3,22.4,28.9,24.6,28.3,20.4,29.2,72.7,35.0,23.8,39.8,22.1,27.2,77.8,22.0,23.3,27.5,20.5,17.6,21.2,27.9,34.4,48.1,17.7,25.9,16.5,10.5,23.4,13.8,33.8,24.1,15.8,22.9,25.7,20.9,30.5,21.2,26.2,70.1,30.4,19.3,41.4,14.2,24.0,13.9,25.0,16.8,23.4,77.6,24.1,20.2,15.0,22.1,91.8,74.8,98.0,75.8,24.8,16.9,25.1,19.9,23.5,14.6,26.7,17.0,13.6,16.0,17.2,87.2,10.4,16.3,21.7,25.8,20.0,102.6,21.9,13.8,33.0,59.2,12.9,15.4,32.8,21.8,11.9,19.6,20.8,24.1,40.7,20.8,17.4,15.4,39.8,23.0,19.7,76.8,17.6,13.4,23.2,14.5,14.0,16.3,19.0,13.8,12.2,17.8,19.0
NME4,60.2,63.6,124.8,90.9,52.4,71.9,75.3,192.8,72.8,44.5,50.0,79.1,71.0,233.8,60.0,52.7,83.1,162.9,71.2,83.6,63.6,130.1,108.0,117.9,92.3,75.7,111.4,185.5,81.0,76.1,50.9,30.5,66.8,60.8,54.6,83.3,91.1,80.4,109.2,56.7,121.3,83.8,87.0,187.8,139.8,72.9,91.3,84.9,127.2,106.8,133.8,81.3,87.4,59.0,72.6,135.5,66.9,78.3,69.3,69.7,44.9,89.4,108.3,51.6,87.0,117.4,140.5,67.4,93.2,106.2,70.1,73.2,86.6,108.9,116.5,68.4,57.5,46.7,145.8,33.6,52.8,90.6,90.3,81.8,112.8,95.4,95.0,215.4,248.1,101.4,113.4,104.6,95.3,75.0,21.6,69.4,194.9,136.2,133.8,222.9,150.8,131.4,91.8,108.3,105.3
NME6,100.7,135.2,116.9,209.3,133.6,162.6,149.4,116.8,126.7,162.6,154.3,120.7,119.4,129.6,114.8,111.4,138.0,134.6,166.3,117.5,147.8,128.4,168.9,168.6,164.3,122.1,143.7,190.4,188.9,133.9,136.2,100.8,108.6,110.9,132.5,143.8,172.8,129.3,181.5,132.8,140.4,121.8,106.2,187.3,142.9,120.5,101.3,127.1,132.7,126.8,126.4,133.0,91.3,90.5,101.7,128.0,111.9,112.9,125.9,212.8,71.5,153.4,170.7,106.1,138.6,189.7,95.0,122.0,145.6,110.6,120.9,90.2,110.3,146.2,108.3,117.8,97.0,126.8,120.8,118.0,131.3,104.9,113.7,132.5,97.6,123.5,99.7,117.3,103.2,76.8,204.9,127.7,90.4,79.1,122.1,143.8,195.3,135.4,119.6,117.3,115.6,133.0,135.4,135.8,103.7
NNT,36.75,36.45,47.2,23.95,44.2,23.95,55.699999999999996,33.75,33.45,17.950000000000003,33.2,30.4,46.25,15.95,32.85,49.75,12.649999999999999,18.6,13.149999999999999,37.15,32.8,45.349999999999994,23.1,34.8,35.7,35.6,25.799999999999997,17.55,37.0,18.8,28.45,38.6,32.65,36.0,55.05,17.95,26.799999999999997,10.95,19.95,33.25,46.2,38.75,38.7,38.65,25.9,26.55,38.099999999999994,42.75,36.85,44.900000000000006,18.35,23.25,51.7,40.85,32.35,38.6,39.0,35.849999999999994,44.2,37.75,37.5,37.45,31.049999999999997,26.8,36.2,18.75,48.65,22.7,14.9,27.9,66.35,37.8,18.6,40.55,24.5,22.200000000000003,23.1,19.8,31.05,37.8,46.5,52.35,37.650000000000006,42.8,16.45,34.150000000000006,31.35,25.15,12.85,49.5,22.9,18.25,17.45,48.25,14.05,50.0,34.449999999999996,37.25,41.5,37.95,19.8,55.4,40.6,19.15,9.0
NSUN3,74.8,61.1,79.9,95.3,49.6,64.4,41.4,83.4,80.2,29.1,104.4,97.9,70.5,97.2,78.9,65.9,104.2,105.8,120.4,96.6,94.3,65.9,89.0,102.3,86.5,101.5,123.6,153.6,88.2,124.4,58.3,13.7,91.3,95.9,76.7,53.8,109.2,60.5,145.1,126.0,88.5,32.9,100.3,93.6,57.9,97.1,90.1,73.7,107.9,137.5,81.5,82.1,119.8,76.7,133.4,78.1,43.4,107.6,74.4,151.8,64.2,99.8,82.2,46.7,65.4,96.3,72.7,75.8,34.1,21.5,81.0,72.3,81.5,96.4,138.9,131.2,58.8,53.3,76.3,86.0,95.7,111.0,100.0,121.4,96.0,118.6,102.2,143.1,125.1,102.0,93.9,155.5,51.2,99.7,59.5,96.4,122.9,110.6,160.3,141.4,149.2,254.9,54.7,92.3,38.2
NT5DC2,4.4,4.0,15.5,2.3,5.8,3.9,11.9,8.2,6.4,21.0,2.5,22.9,3.0,9.3,6.8,4.4,7.6,5.9,6.7,3.8,4.3,8.8,2.9,12.6,3.3,4.6,1.7,34.6,3.8,6.0,27.0,3.8,3.8,4.2,3.2,5.4,4.7,5.8,12.3,4.7,5.1,5.7,36.8,10.2,21.0,9.1,3.2,3.2,2.8,4.0,7.5,5.4,2.8,4.8,2.1,27.7,2.2,6.5,3.0,25.5,8.1,12.0,6.6,28.2,6.3,2.6,7.8,6.0,4.9,11.4,9.6,10.1,13.9,14.6,5.0,9.8,10.8,4.1,7.0,35.9,5.0,4.4,12.2,18.6,5.7,5.6,5.3,5.2,6.3,54.0,7.5,5.2,3.4,3.5,51.8,48.2,13.9,34.5,9.1,38.7,4.8,81.6,5.0,7.1,91.1
NT5DC3,176.6,134.8,82.7,109.7,128.0,112.2,103.9,169.3,67.0,86.6,42.9,119.6,77.7,98.0,121.0,120.5,147.7,139.6,58.3,96.9,64.3,177.9,41.6,102.3,70.8,97.9,73.2,77.8,106.9,93.5,22.5,59.3,127.9,49.5,92.3,54.1,85.4,90.3,71.4,60.8,116.2,53.1,70.9,90.2,76.2,87.6,51.8,121.5,99.3,53.7,22.8,101.4,66.3,58.3,43.8,109.6,86.9,159.0,43.5,89.5,41.1,106.0,89.6,106.2,71.3,120.7,105.1,118.5,105.2,32.5,77.3,72.4,115.2,21.1,74.9,61.5,78.0,88.7,98.1,90.9,80.5,13.9,99.5,80.7,124.5,68.7,117.2,58.6,82.6,117.3,61.9,31.7,81.7,106.0,72.7,144.6,54.7,64.4,67.4,105.9,56.4,85.4,8.1,55.9,80.7
NT5M,26.7,5.1,31.8,11.3,34.7,2.5,23.6,5.9,37.2,38.7,38.2,36.0,17.2,43.0,20.2,25.5,23.9,71.2,17.7,13.7,17.8,15.5,11.5,22.2,13.0,26.9,46.9,2.3,12.8,24.3,58.0,40.6,12.8,24.3,61.5,45.5,43.2,41.4,30.1,67.0,21.0,10.8,14.6,11.7,28.3,42.0,49.9,27.2,24.0,28.5,78.5,40.1,18.3,29.5,35.2,23.5,37.2,56.1,40.3,15.2,25.1,26.4,10.7,37.0,62.4,39.3,25.9,57.8,52.6,91.4,38.0,5.9,39.0,4.1,3.4,7.8,34.6,67.8,27.8,10.8,61.7,47.6,29.3,86.4,3.7,29.2,100.6,14.8,44.1,87.6,46.8,11.5,41.0,50.2,80.7,18.2,21.4,100.9,22.5,38.7,49.4,76.3,7.1,6.1,12.4
NTHL1,2.5,15.7,11.0,40.0,16.1,31.0,4.6,12.0,21.8,5.0,3.2,14.6,4.2,27.8,27.3,6.4,11.2,4.8,12.1,31.8,35.3,10.1,25.0,6.1,24.6,15.5,3.6,54.3,35.5,25.7,3.8,8.0,2.7,7.0,26.8,33.8,8.7,24.7,27.9,1.9,27.3,24.7,8.4,5.4,18.8,36.4,2.3,14.8,4.1,7.6,40.2,10.9,5.0,9.6,8.2,20.7,7.6,57.8,30.3,64.2,1.2,54.9,7.3,46.1,2.5,6.0,27.6,28.6,33.7,48.8,44.5,16.4,22.4,34.1,18.1,20.7,33.2,30.2,29.3,22.1,6.9,9.2,6.9,55.0,6.2,8.1,29.0,8.8,8.6,6.7,23.7,50.8,10.5,24.8,86.7,40.5,13.6,65.8,36.5,17.7,6.6,8.5,67.7,10.2,55.4
NUBPL,11.0,6.6,9.1,10.3,14.4,17.6,1.8,6.4,19.4,5.2,3.5,1.7,10.6,4.1,13.2,6.4,4.6,5.9,4.2,4.2,11.9,3.5,2.9,23.5,10.5,29.7,17.8,5.5,3.8,23.2,15.6,3.1,5.1,22.8,12.1,7.0,4.2,4.6,14.1,12.9,11.8,10.7,5.5,5.7,16.8,1.8,1.6,16.3,4.0,25.1,8.5,8.1,3.3,4.1,10.6,2.9,5.6,5.1,3.2,13.9,2.4,6.7,33.6,17.5,4.4,8.8,9.6,36.5,37.4,4.0,6.3,5.9,21.9,5.5,22.6,4.5,15.2,6.8,1.3,20.5,38.3,16.5,4.6,41.5,27.0,1.7,33.3,4.4,3.0,7.6,16.3,35.2,6.2,2.6,5.6,3.6,4.1,14.1,35.2,5.5,30.3,22.0,19.6,11.3,10.5
NUDT13,53.4,17.7,29.1,53.6,57.6,37.5,34.1,25.4,44.1,34.8,18.9,34.8,15.3,36.4,39.7,35.7,40.6,41.5,19.1,24.3,33.0,20.9,63.6,41.3,36.5,35.2,49.1,60.2,44.1,53.0,42.2,42.1,30.6,36.9,34.3,43.0,41.7,50.2,56.8,24.5,31.6,18.9,44.2,60.1,34.2,32.0,35.0,57.1,26.4,52.4,27.3,22.6,24.5,27.2,34.8,40.5,53.1,74.7,24.8,53.4,34.9,47.7,51.6,49.7,34.7,45.2,56.2,21.1,5.7,18.0,76.5,23.3,46.4,42.9,38.0,21.1,35.3,4.7,49.3,70.2,41.2,27.1,36.1,43.2,25.7,50.4,49.6,29.2,14.7,4.8,6.1,4.7,38.9,62.4,59.6,3.6,11.7,53.0,31.2,9.8,13.7,51.4,21.4,48.9,2.3
NUDT2,8.9,10.3,12.1,7.3,9.8,14.4,6.1,19.7,8.1,9.5,9.0,11.6,7.2,18.0,9.8,10.6,11.4,16.5,7.9,8.7,7.6,12.2,6.8,6.8,5.6,7.7,8.9,9.7,7.6,7.4,12.2,9.2,11.5,8.9,11.6,10.4,9.2,6.0,11.8,9.4,5.3,9.5,5.3,16.8,10.9,11.7,8.4,7.1,8.4,7.7,8.3,9.9,5.3,20.2,6.8,9.6,7.3,8.6,9.0,13.5,9.2,5.8,8.4,5.6,12.4,7.1,11.7,7.6,14.1,12.2,8.4,9.9,7.7,6.7,10.9,8.7,36.1,9.0,7.2,10.7,8.7,14.1,10.4,16.8,7.3,79.4,14.8,14.0,14.4,19.9,14.1,20.7,11.9,7.7,15.7,6.4,21.7,8.4,10.0,13.5,13.4,16.0,28.4,13.1,31.8
NUDT6,3.4,2.9,3.1,7.4,4.0,5.3,7.7,8.0,5.2,5.3,4.1,3.2,2.7,11.9,6.9,14.1,1.9,2.1,6.1,5.8,7.8,6.5,7.1,3.2,18.4,19.4,11.2,5.6,6.5,3.9,2.6,2.0,14.9,4.6,5.1,2.4,8.8,3.6,4.2,3.6,3.0,3.0,4.3,4.0,9.3,5.4,1.2,3.3,6.7,15.4,9.2,3.6,5.1,3.1,2.1,19.6,3.1,4.8,13.2,16.8,2.4,4.8,1.8,11.4,21.1,2.5,3.7,8.9,12.9,6.6,4.4,6.0,4.4,4.0,3.8,2.8,7.9,11.2,2.3,2.9,10.8,6.4,14.6,6.1,3.2,2.5,24.0,3.4,3.3,7.7,8.1,30.2,6.7,1.9,5.0,8.5,3.8,5.6,28.8,5.7,14.6,11.3,1.7,30.6,7.8
NUDT9,108.5,123.1,109.5,58.5,113.6,99.1,98.7,123.1,106.0,108.2,71.3,148.5,79.9,103.1,76.9,108.0,95.7,102.4,101.4,93.1,79.2,116.1,71.4,30.2,65.8,104.0,112.3,105.6,105.1,65.2,19.6,81.3,115.5,64.5,86.0,85.8,116.4,89.3,174.4,51.2,105.4,126.6,66.0,117.0,88.1,118.8,85.9,77.7,138.1,57.9,113.8,102.4,110.1,45.6,117.8,118.3,95.7,57.6,109.4,78.1,88.8,67.7,101.8,83.9,95.5,94.5,154.6,108.9,109.7,92.5,84.9,101.7,99.4,87.0,87.3,69.6,97.2,67.2,39.2,104.6,93.9,86.2,82.8,72.7,136.5,95.3,20.6,68.0,17.7,40.0,80.9,131.1,74.7,115.8,115.3,152.5,135.4,114.7,127.3,111.5,64.2,96.2,137.0,89.0,106.6
OAT,125.3,102.7,160.0,77.7,109.1,123.8,114.6,96.0,112.0,114.4,104.9,144.2,132.9,94.3,105.1,83.7,65.2,68.8,108.9,117.3,69.2,78.6,122.6,104.2,126.4,99.8,86.2,68.9,136.3,70.2,78.9,150.9,70.1,143.7,127.4,135.1,79.5,63.4,132.7,166.1,98.9,205.3,127.2,93.1,108.1,96.8,90.1,148.4,151.5,79.7,112.8,62.7,158.5,288.6,133.4,93.5,116.2,105.9,167.0,56.5,171.7,89.6,149.0,159.8,206.1,117.1,84.8,147.4,135.2,149.4,97.8,117.0,160.1,166.0,119.6,144.9,131.7,105.7,123.1,133.3,114.0,119.5,136.8,96.9,113.6,125.8,75.6,89.3,83.6,122.6,187.0,131.6,106.4,123.1,136.9,159.4,85.1,183.0,123.2,88.7,175.9,91.6,114.1,56.7,131.4
OGDH,44.8,42.5,104.9,20.8,76.1,14.2,75.8,54.4,72.1,125.6,7.5,76.9,35.1,65.9,102.5,87.7,33.6,52.9,83.2,35.1,13.3,32.7,50.1,21.8,10.6,60.1,62.7,51.6,96.5,59.3,18.3,60.6,22.9,70.4,31.7,103.5,121.3,66.8,60.4,32.3,45.1,65.0,117.2,20.1,31.9,18.8,60.3,62.5,34.8,122.6,12.4,62.3,26.3,78.4,41.3,31.1,22.9,42.6,42.1,134.2,53.5,74.2,17.5,61.7,56.1,98.7,51.8,53.1,78.0,79.7,17.6,66.8,17.5,33.8,50.9,57.1,107.7,84.2,147.2,167.5,67.1,71.9,104.7,86.0,38.8,16.4,30.1,19.6,25.5,8.4,93.0,30.4,23.6,31.0,43.0,88.5,9.1,49.8,24.3,5.9,24.1,125.0,67.3,66.6,30.4
OGDHL,8.2,9.1,43.8,4.0,8.9,11.3,6.9,14.7,13.6,9.6,8.4,4.5,23.9,5.7,12.1,10.0,4.6,7.6,6.0,6.1,11.6,12.2,10.7,7.0,8.6,8.5,11.3,5.1,6.1,13.2,4.6,8.4,7.7,7.9,12.9,5.8,9.1,5.6,6.6,6.6,4.5,5.4,5.2,41.3,6.7,9.0,6.4,8.0,8.6,12.6,13.9,27.3,3.8,4.2,7.4,4.6,8.9,9.2,7.0,19.1,7.0,10.9,9.8,16.0,11.2,4.2,4.1,4.8,13.9,10.0,10.0,6.5,5.8,9.0,9.2,5.9,28.4,7.7,14.4,32.4,9.1,12.8,6.4,13.7,8.8,23.7,11.9,11.8,8.7,13.2,8.4,12.5,7.8,4.8,12.4,15.8,73.3,15.9,7.5,5.8,5.8,19.2,4.2,13.6,5.6
OGG1,49.53333333333333,56.13333333333333,47.699999999999996,55.23333333333333,69.93333333333332,68.86666666666666,63.300000000000004,69.33333333333333,56.76666666666667,50.333333333333336,60.6,20.96666666666667,46.06666666666667,63.06666666666666,51.13333333333333,48.46666666666667,71.1,64.66666666666667,56.699999999999996,32.4,32.26666666666667,65.80000000000001,55.53333333333333,75.39999999999999,51.166666666666664,63.26666666666667,46.6,67.73333333333333,51.93333333333334,62.56666666666666,52.666666666666664,60.199999999999996,55.86666666666667,61.76666666666667,71.63333333333333,65.43333333333334,55.20000000000001,47.0,42.333333333333336,34.73333333333333,68.46666666666665,55.43333333333334,48.5,76.43333333333332,38.13333333333333,73.0,82.4,68.83333333333333,50.36666666666667,74.93333333333334,46.86666666666667,64.43333333333334,64.83333333333333,53.833333333333336,63.76666666666666,39.1,52.166666666666664,55.76666666666667,54.06666666666666,77.06666666666666,44.400000000000006,100.63333333333334,84.33333333333334,72.96666666666667,62.56666666666667,57.13333333333333,65.33333333333333,63.03333333333333,47.23333333333333,58.4,28.400000000000002,67.36666666666666,46.833333333333336,72.63333333333334,57.23333333333333,73.3,45.53333333333333,55.26666666666667,58.333333333333336,51.5,52.43333333333333,60.93333333333334,67.3,31.96666666666667,45.133333333333326,21.766666666666666,92.0,79.33333333333333,56.6,55.76666666666667,67.0,49.29999999999999,38.1,69.80000000000001,66.56666666666666,55.0,33.2,53.0,85.56666666666666,51.833333333333336,84.26666666666667,54.76666666666667,29.566666666666666,84.13333333333333,40.4
OPA1,111.06666666666666,88.63333333333333,76.5,57.96666666666667,99.03333333333335,109.2,94.03333333333335,83.16666666666667,76.7,87.33333333333333,91.0,95.36666666666667,60.13333333333333,75.8,87.8,90.10000000000001,46.833333333333336,77.53333333333333,67.3,83.23333333333333,84.43333333333334,113.7,108.8,73.86666666666666,91.39999999999999,84.53333333333333,94.63333333333333,91.5,65.23333333333333,103.7,89.26666666666667,79.56666666666668,110.26666666666667,113.43333333333334,87.7,47.800000000000004,103.66666666666667,93.43333333333334,75.26666666666667,70.0,87.26666666666667,77.86666666666667,99.63333333333333,108.46666666666665,74.53333333333333,99.76666666666667,65.33333333333333,102.86666666666667,115.53333333333335,73.1,66.16666666666667,71.3,126.93333333333334,102.96666666666665,98.39999999999999,84.89999999999999,101.86666666666667,78.23333333333333,79.06666666666666,133.6,54.699999999999996,68.43333333333334,72.96666666666667,66.8,89.26666666666667,79.46666666666667,82.33333333333333,76.06666666666668,67.06666666666666,70.63333333333334,87.7,74.7,76.73333333333333,87.0,73.06666666666666,65.3,78.89999999999999,89.3,82.06666666666666,85.06666666666666,87.83333333333333,66.56666666666666,99.36666666666667,30.833333333333332,76.96666666666665,69.93333333333334,63.23333333333333,80.93333333333334,68.93333333333334,91.2,78.86666666666667,83.5,87.2,96.60000000000001,82.3,87.96666666666665,98.36666666666667,96.2,74.60000000000001,88.46666666666668,68.36666666666667,60.13333333333333,48.699999999999996,64.23333333333333,70.03333333333333
OPA3,17.7,21.7,27.4,5.4,19.3,1.9,17.3,6.0,18.0,5.7,3.8,8.5,7.9,8.1,15.6,32.7,5.5,4.6,27.9,5.3,34.1,3.0,1.7,26.9,3.3,23.5,19.7,27.4,2.6,35.7,7.3,6.3,5.5,3.3,5.8,7.7,13.1,3.4,2.6,2.2,6.7,24.8,1.9,12.3,14.5,4.5,1.5,18.7,21.9,2.8,43.4,45.4,10.9,4.8,9.1,23.5,20.5,5.3,5.7,12.2,2.3,37.2,3.2,4.5,2.4,3.9,4.8,7.4,8.7,6.9,7.2,3.3,7.0,23.8,6.5,4.6,9.6,4.3,4.8,3.5,24.9,31.2,48.5,39.9,2.9,6.5,2.0,23.3,17.9,37.2,49.9,5.6,29.3,2.9,25.8,5.0,80.0,2.8,36.7,4.7,5.3,34.0,20.4,4.8,6.0
OSBPL1A,58.699999999999996,23.65,58.8,37.65,41.45,29.8,65.6,57.25,58.8,67.55,50.15,36.650000000000006,52.8,26.450000000000003,49.85,42.25,39.5,42.4,27.15,55.7,38.45,46.75,61.4,33.25,51.85,51.949999999999996,74.15,44.099999999999994,35.1,72.3,58.949999999999996,69.4,52.85,30.1,60.6,26.3,67.35,28.25,72.7,49.300000000000004,48.150000000000006,43.7,44.5,51.199999999999996,31.7,30.95,42.95,70.6,54.900000000000006,55.65,13.45,34.25,30.8,39.699999999999996,40.949999999999996,44.8,56.45,26.9,58.3,69.05,38.8,34.25,41.65,56.15,67.64999999999999,41.9,44.05,44.85,38.45,86.05,94.9,61.7,64.7,49.75,53.599999999999994,67.5,79.9,51.8,48.0,47.15,44.900000000000006,39.35,37.599999999999994,40.0,53.3,60.5,25.299999999999997,44.0,58.7,56.150000000000006,49.7,38.75,55.05,57.15,34.85,74.25,47.2,64.65,55.1,88.0,74.1,74.45,55.5,53.5,95.65
OSGEPL1,8.2,11.1,25.4,23.1,31.3,22.9,13.1,8.8,17.2,17.6,13.8,57.2,10.4,14.2,59.1,14.9,7.4,19.6,10.4,48.4,33.0,14.5,19.9,9.4,18.1,12.6,34.2,35.8,3.9,16.5,54.1,26.7,13.7,32.8,12.3,12.7,15.1,9.2,11.8,30.3,19.5,9.3,60.2,61.2,52.4,47.4,24.8,16.7,41.7,14.0,35.7,53.5,23.8,20.5,38.0,26.9,33.0,19.2,34.4,71.1,26.2,43.2,18.4,66.6,68.5,35.2,11.7,13.7,53.0,21.5,44.2,46.9,20.2,18.3,21.3,42.6,39.3,11.5,23.0,65.1,13.8,43.9,51.6,16.6,39.1,14.9,13.7,10.1,9.9,12.5,56.5,72.3,55.1,32.0,7.8,32.6,35.0,12.9,35.8,6.7,7.1,14.2,59.3,15.5,10.9
OTC,14.9,11.2,16.0,20.1,5.7,8.7,11.3,19.1,10.7,13.2,13.7,16.9,4.6,10.7,27.1,17.1,8.4,9.0,44.0,5.8,14.6,7.2,19.2,10.8,8.4,2.8,10.1,10.4,3.1,5.2,13.1,12.7,17.3,9.9,10.4,27.5,16.2,11.8,13.3,10.5,3.3,12.3,7.9,14.9,31.6,78.0,4.3,9.4,13.5,5.7,46.2,4.1,2.1,3.2,10.1,10.3,10.6,7.3,2.2,21.6,2.3,11.6,4.8,9.7,8.1,10.1,24.3,14.3,15.1,8.5,36.8,2.6,21.7,2.4,3.9,5.3,8.8,14.1,5.8,28.0,14.4,9.8,14.5,45.9,6.0,13.4,11.3,22.2,16.4,37.1,41.8,14.5,4.6,10.3,4.5,22.2,19.6,8.0,7.8,4.2,14.3,12.0,13.9,32.0,9.3
OXA1L,235.0,251.1,332.4,283.9,295.3,235.2,291.9,328.5,273.5,280.3,180.5,306.6,249.4,250.2,260.3,249.3,262.5,240.9,329.0,241.8,249.5,373.6,237.3,249.2,293.1,242.0,258.8,232.4,322.4,188.7,243.3,235.8,265.8,276.1,272.2,205.4,256.8,171.8,245.2,206.0,304.5,240.5,273.8,205.5,233.0,333.1,314.7,234.1,329.5,206.1,157.8,289.3,248.3,315.8,360.5,357.2,336.0,230.6,173.8,224.0,185.7,262.0,231.2,178.1,226.9,171.6,185.9,171.9,199.9,182.0,149.2,239.3,274.3,198.2,152.1,221.1,335.6,311.3,180.8,269.1,281.1,231.7,291.7,223.4,329.2,284.5,258.7,302.1,259.8,275.6,288.5,211.3,240.9,279.1,301.3,303.7,262.5,261.0,239.2,243.8,153.8,203.7,258.1,265.6,130.1
OXCT1,78.3,90.3,85.1,15.1,40.3,134.5,81.6,144.0,79.3,74.9,23.1,62.8,17.4,76.7,14.4,71.2,89.0,69.9,19.4,11.1,63.4,171.9,52.0,69.4,102.1,69.6,55.1,85.3,83.8,80.2,12.8,85.6,83.2,105.9,110.1,91.0,118.1,44.4,146.5,119.2,17.7,84.5,76.0,24.3,74.0,22.5,59.9,69.9,106.5,54.6,148.5,94.8,124.8,124.1,110.4,97.2,59.5,98.9,80.7,58.3,77.0,92.1,123.9,44.7,18.1,18.3,92.5,101.4,123.1,115.2,16.6,10.5,29.4,136.7,12.4,53.6,106.3,54.6,69.2,114.7,127.6,81.5,134.4,58.1,94.8,115.4,61.7,69.7,13.7,74.1,66.5,46.3,110.0,111.0,71.4,68.1,167.1,89.8,81.5,77.9,15.5,139.7,132.0,105.5,99.8
OXCT2,8.9,20.7,7.7,10.6,8.1,14.0,16.1,22.2,8.5,16.5,9.5,11.3,27.1,29.1,10.3,14.0,11.3,22.6,32.8,10.0,20.2,15.0,11.1,12.0,21.8,11.2,7.7,9.2,10.9,19.3,19.3,9.1,11.6,12.9,10.9,8.6,13.0,11.1,15.7,26.9,12.1,8.1,6.3,20.2,12.6,12.3,10.5,10.8,9.7,16.1,19.8,16.1,6.0,5.9,6.5,8.0,7.2,10.5,10.3,18.9,9.4,8.5,19.0,7.8,6.5,16.0,8.8,50.6,7.7,17.1,73.8,14.8,67.1,14.5,11.9,9.1,19.7,12.5,10.6,15.5,13.6,12.6,16.8,22.3,9.3,16.0,24.4,19.0,9.2,15.7,12.7,65.2,15.8,7.7,11.5,13.6,29.5,18.1,18.2,105.0,13.1,76.8,7.8,33.5,21.7
OXLD1,50.0,45.2,66.4,42.9,70.3,73.8,50.3,94.35,39.25,74.35000000000001,41.9,96.85,71.55,97.55,66.6,64.05,106.55,87.65,79.05,62.75,67.75,75.05,69.25,47.5,55.45,65.95,44.25,80.95,72.05,64.7,75.75,60.650000000000006,86.55,88.6,62.0,80.35,74.55000000000001,54.949999999999996,101.55000000000001,71.55,65.85,56.3,52.55,65.0,85.0,59.1,67.1,72.2,61.9,92.5,104.75,88.25,92.9,81.15,88.65,54.05,39.85,79.5,63.75,58.25,69.25,58.199999999999996,63.800000000000004,70.6,42.650000000000006,79.4,52.85,86.5,86.2,50.650000000000006,92.94999999999999,57.5,80.95,92.39999999999999,93.15,74.05,49.800000000000004,66.3,53.75,99.80000000000001,67.15,60.35,73.15,94.3,83.0,55.45,94.25,70.8,55.0,98.0,69.1,73.10000000000001,89.05,82.25,70.15,81.7,109.7,92.75,51.949999999999996,128.05,97.3,81.6,131.25,85.95,125.5
OXR1,45.2,51.2,29.7,13.3,44.0,41.3,44.6,14.0,75.3,50.8,15.8,55.0,25.9,5.3,42.0,46.5,4.1,0.8,2.6,20.9,21.7,16.7,41.2,21.1,24.9,47.7,70.3,10.4,22.5,64.4,51.7,49.5,41.8,46.3,52.2,26.7,37.4,55.2,60.1,29.0,21.5,47.6,18.5,12.0,36.5,29.2,15.1,12.6,25.3,53.3,78.1,10.3,28.2,36.7,37.5,39.1,48.0,1.1,35.7,8.5,36.6,26.8,41.3,42.5,62.4,32.1,56.5,75.6,24.1,54.4,2.5,27.3,45.5,30.4,22.1,35.4,62.6,56.8,35.7,32.6,33.6,30.9,78.5,16.2,65.4,34.4,9.9,34.8,13.0,39.7,1.6,13.6,38.3,19.9,62.6,90.8,47.3,45.5,82.3,13.0,68.7,48.7,48.0,61.9,10.2
OXSM,78.6,52.8,101.4,57.8,112.2,54.4,101.5,108.2,75.9,76.7,88.3,79.8,68.3,113.6,96.0,97.0,52.1,98.9,99.5,37.2,61.1,63.8,77.8,72.4,63.7,84.9,77.8,83.7,73.5,111.5,84.8,81.1,54.0,44.2,44.5,73.5,68.4,75.7,66.6,69.7,67.3,60.2,62.4,51.3,45.6,13.5,55.9,76.3,37.1,116.3,52.6,41.2,59.1,51.1,61.7,61.7,51.1,66.0,82.0,69.4,52.5,58.6,72.5,44.8,57.2,88.0,75.2,60.2,39.6,69.7,105.4,59.2,49.1,78.7,53.3,68.1,73.9,68.1,77.7,57.4,26.2,75.6,58.2,101.4,75.0,62.1,108.8,48.8,22.7,100.8,87.5,71.9,92.0,72.6,86.6,71.1,60.2,72.4,110.4,39.0,43.0,45.9,76.0,80.7,110.8
PAICS,49.6,51.76666666666667,63.199999999999996,59.73333333333333,62.166666666666664,57.1,52.800000000000004,34.86666666666667,41.300000000000004,50.43333333333334,52.03333333333333,41.4,32.36666666666667,53.1,50.03333333333333,63.03333333333333,38.199999999999996,50.36666666666667,37.36666666666667,58.0,66.53333333333333,66.63333333333333,38.86666666666667,65.73333333333333,50.166666666666664,46.833333333333336,53.96666666666667,46.666666666666664,42.233333333333334,52.5,53.20000000000001,55.23333333333333,43.166666666666664,46.800000000000004,70.3,65.03333333333335,39.46666666666666,42.06666666666667,51.199999999999996,40.333333333333336,48.300000000000004,47.73333333333333,52.96666666666667,58.333333333333336,59.099999999999994,57.13333333333333,62.133333333333326,47.86666666666667,68.66666666666667,36.93333333333333,60.633333333333326,46.36666666666667,38.6,49.73333333333333,68.36666666666666,54.53333333333334,62.0,59.199999999999996,53.800000000000004,69.53333333333333,34.96666666666667,38.5,50.4,47.300000000000004,71.2,35.6,56.96666666666667,49.36666666666667,48.56666666666666,51.800000000000004,60.13333333333333,52.73333333333333,38.96666666666667,35.9,34.86666666666667,63.43333333333334,46.4,31.0,49.23333333333333,55.800000000000004,64.0,45.06666666666666,75.73333333333333,43.199999999999996,58.4,41.833333333333336,59.03333333333333,60.6,39.86666666666667,35.5,68.0,95.46666666666665,56.23333333333333,49.86666666666667,35.4,38.13333333333333,50.333333333333336,80.83333333333333,72.2,41.86666666666667,54.5,30.36666666666667,49.53333333333333,25.700000000000003,41.86666666666667
PAM16,210.2,244.3,178.4,130.3,163.6,141.0,160.8,256.4,158.8,158.2,66.7,190.0,143.0,270.3,164.8,188.8,228.4,207.9,237.1,166.4,213.9,207.3,194.8,168.2,213.9,180.9,276.0,205.7,185.0,208.2,217.9,203.9,148.2,125.4,207.1,148.0,191.7,116.4,188.3,165.8,109.0,166.0,122.1,261.9,188.5,165.2,93.5,132.6,162.1,220.4,310.9,184.0,114.5,137.1,204.6,162.9,126.8,130.5,218.6,170.9,126.2,203.5,175.7,188.6,98.3,131.7,186.5,287.0,119.9,137.4,274.5,202.8,110.3,125.7,155.6,221.1,35.2,177.3,209.5,122.9,123.7,151.8,143.7,173.5,158.9,151.9,232.5,158.4,145.8,136.2,179.9,161.6,122.0,132.0,103.2,157.5,76.7,238.4,105.2,217.7,141.4,209.7,156.3,231.2,180.2
PANK2,335.5,335.2,356.7,462.8,354.5,339.9,362.8,273.2,430.4,471.7,340.6,365.9,409.1,218.0,319.4,293.1,282.2,253.9,296.9,433.7,397.2,257.1,452.2,368.7,463.6,401.7,373.2,349.2,374.2,331.4,457.2,412.6,358.8,353.4,407.7,392.2,439.7,356.6,433.9,418.2,402.9,571.7,413.9,466.9,366.6,390.4,490.5,428.4,390.7,374.7,353.8,373.1,403.2,414.1,329.5,382.0,437.0,486.6,433.3,351.1,418.0,372.7,310.2,326.7,376.5,400.4,407.1,332.8,363.1,439.8,337.1,399.2,524.7,379.9,447.5,443.8,389.7,412.5,393.5,415.9,432.7,450.8,395.3,530.8,464.5,467.7,290.2,420.9,434.1,335.3,347.0,359.8,421.7,402.8,532.7,430.2,426.7,467.4,365.2,441.7,459.3,369.3,356.0,403.2,289.6
PARK7,904.2,862.1,1069.5,1116.1,1167.7,1334.1,1061.3,1068.9,916.4,904.7,963.3,675.7,1088.2,962.2,1142.1,915.9,1538.2,1257.2,1050.0,1449.6,1104.7,1129.4,942.5,1098.2,966.8,1068.7,1169.8,1110.1,1310.0,1084.9,968.9,1056.1,1088.8,1189.3,1148.3,1146.5,982.3,811.3,1139.7,1164.0,1187.5,1025.1,1287.8,917.6,1241.8,1256.9,1359.7,1322.8,1132.5,923.7,821.1,932.3,1338.9,1329.6,1169.1,1231.5,1196.9,915.8,1184.4,796.9,1045.6,1030.1,1212.8,1106.9,923.9,866.5,943.7,1029.0,902.3,820.3,481.6,1067.6,1056.6,1246.6,984.7,1222.1,1170.0,1050.7,937.1,839.9,1129.0,820.3,1043.2,905.9,948.4,1053.5,1233.6,874.0,1018.6,543.9,886.8,987.2,976.8,1238.7,924.8,866.1,818.4,716.2,864.6,912.7,569.8,746.5,1184.6,1207.0,878.8
PARL,181.1,201.2,246.8,252.4,219.2,233.4,212.2,276.5,151.7,184.3,167.2,213.7,213.6,283.2,216.4,250.5,257.9,222.4,228.5,228.9,261.4,284.9,179.8,202.3,263.8,211.2,217.1,247.4,257.0,249.1,219.5,208.5,264.5,212.1,253.9,204.7,219.8,233.8,216.2,189.8,279.3,161.0,224.9,269.1,222.1,275.7,223.7,206.5,239.0,251.7,302.6,271.6,237.0,249.4,279.2,218.1,295.4,230.9,194.0,309.7,209.6,219.7,213.9,274.9,196.2,191.4,179.5,254.5,235.0,238.6,232.5,257.8,181.5,268.9,204.1,293.3,218.8,277.3,229.0,217.7,244.9,211.6,242.1,233.8,213.6,178.2,182.5,258.7,128.2,235.0,203.5,223.6,215.2,235.0,139.0,245.7,253.2,205.6,264.0,174.6,290.5,251.8,231.6,188.0,165.0
PC,11.6,13.9,14.6,27.6,12.4,11.2,13.5,32.1,8.1,13.6,14.1,12.9,13.3,20.2,10.4,15.6,18.3,35.1,19.6,10.3,12.8,17.1,14.0,19.0,16.1,7.7,19.4,13.6,6.6,12.4,9.3,40.0,17.0,12.2,9.6,13.5,12.1,8.2,12.5,9.9,10.1,11.7,11.7,21.5,13.7,6.8,9.2,7.3,13.6,22.6,10.1,11.8,5.1,12.8,10.8,7.9,8.1,9.2,5.5,24.1,7.7,9.7,18.9,16.4,12.2,12.6,7.3,10.7,26.8,18.5,15.6,8.9,8.8,7.1,29.2,14.9,13.3,6.1,9.2,16.4,10.4,17.4,11.8,8.5,10.0,9.1,12.4,12.7,18.5,22.3,21.3,13.7,7.2,9.1,40.5,22.6,12.4,13.1,11.2,9.4,17.5,25.0,7.8,47.1,9.8
PCCA,21.3,26.349999999999998,15.15,20.4,25.45,24.05,16.25,6.8999999999999995,18.049999999999997,18.15,9.1,22.55,21.150000000000002,9.9,22.7,4.7,12.8,5.45,13.049999999999999,22.1,30.150000000000002,21.7,19.5,17.9,16.1,15.75,5.25,13.3,23.05,20.450000000000003,17.2,16.6,4.3999999999999995,4.35,19.700000000000003,20.650000000000002,3.35,15.0,26.4,15.7,27.349999999999998,10.0,10.100000000000001,28.65,18.9,11.049999999999999,7.8,15.950000000000001,8.1,37.95,15.2,3.1,18.75,9.7,10.65,19.049999999999997,20.4,30.3,11.799999999999999,11.6,18.3,10.9,17.650000000000002,9.2,3.45,11.1,30.75,24.8,33.85,4.75,68.75,3.9,14.700000000000001,16.25,13.0,19.35,16.95,20.35,3.8,24.5,15.7,19.95,16.7,14.45,18.95,5.9,7.75,16.3,19.05,4.449999999999999,28.95,8.55,12.65,29.7,27.0,1.9500000000000002,32.65,13.1,6.949999999999999,26.45,37.85,27.65,9.4,9.75,31.5
PCCB,60.4,64.0,53.0,89.1,61.4,65.9,70.9,19.3,43.4,52.0,14.6,65.8,84.1,44.5,71.7,63.3,60.4,69.3,40.0,54.0,47.9,88.1,52.7,57.4,66.5,55.1,54.4,42.6,49.4,69.9,91.9,63.9,75.2,69.1,68.7,38.5,138.2,60.7,82.2,50.8,57.3,45.8,70.0,93.4,83.3,91.1,69.4,61.0,120.5,56.2,124.9,79.2,64.1,66.8,78.1,77.7,95.5,97.6,61.4,108.2,84.2,57.8,49.8,50.2,50.4,73.6,42.0,29.8,47.8,92.0,88.5,70.3,67.2,99.8,74.4,49.6,58.7,85.1,16.4,52.8,63.9,41.6,108.9,56.6,79.0,65.2,81.1,47.5,67.4,37.6,106.1,14.9,48.3,71.6,40.0,94.2,127.3,69.9,76.9,61.9,11.4,27.4,83.6,59.6,19.8
PCK2,88.0,76.5,124.8,50.3,100.6,72.0,116.6,56.0,64.3,35.1,77.7,61.1,112.9,63.7,144.9,55.9,63.7,70.5,117.0,114.0,100.2,13.8,72.8,98.5,104.0,77.8,84.9,102.7,94.3,151.1,124.8,106.6,52.7,86.8,128.3,34.3,126.5,127.8,38.3,100.6,95.2,66.8,35.3,111.9,70.3,88.0,84.4,79.3,96.3,68.7,15.7,101.3,116.8,55.8,68.1,88.0,112.0,110.1,86.5,84.9,109.5,78.3,92.9,30.9,59.0,71.1,127.8,107.1,9.7,116.0,82.5,130.7,86.2,78.9,34.7,70.7,113.6,46.2,35.3,109.0,112.2,34.5,50.7,57.7,78.0,67.6,128.0,33.7,10.9,32.8,88.8,24.2,74.9,133.5,139.9,137.8,42.4,147.7,20.6,38.7,82.6,49.3,75.1,80.2,136.4
PDE12,28.1,3.9,27.4,17.3,35.1,8.0,29.2,48.2,33.2,46.1,23.5,30.1,31.8,9.7,17.0,47.6,45.9,10.7,7.0,25.3,49.0,46.2,10.5,32.4,21.0,12.0,27.3,37.0,17.1,53.4,10.5,18.6,29.6,14.9,30.3,4.8,12.9,10.3,10.9,19.5,6.2,4.9,8.4,17.4,28.7,52.4,4.8,22.8,29.2,4.5,76.3,22.5,19.4,5.6,66.7,38.6,12.3,5.8,16.7,1.7,16.4,39.1,48.0,15.1,55.1,32.4,37.5,13.6,56.5,9.5,63.9,35.0,54.4,9.5,7.4,26.0,17.1,41.9,10.7,45.9,22.4,21.4,10.4,53.4,42.5,48.7,3.9,32.7,7.7,38.6,1.7,36.2,11.3,40.3,13.1,2.2,11.2,6.6,26.3,14.8,64.1,57.0,5.9,43.3,32.9
PDE2A,8.4,18.5,15.3,13.9,10.4,15.5,15.8,27.8,17.5,23.0,52.4,40.4,9.6,14.3,22.7,43.4,21.6,29.5,27.4,27.7,32.5,17.0,10.9,36.0,12.9,15.6,11.7,8.9,14.5,8.3,59.3,9.2,32.8,18.2,9.6,16.4,20.8,56.5,18.3,15.7,16.3,25.5,32.0,55.1,11.8,7.0,11.3,11.3,45.7,18.4,16.0,11.2,13.2,13.6,4.1,14.8,17.1,44.2,17.6,17.2,32.4,39.0,18.1,7.1,39.3,37.9,19.2,16.1,18.4,8.0,19.9,17.5,8.7,9.1,6.6,15.5,47.9,10.0,32.0,34.9,10.6,7.1,26.6,8.8,18.3,10.1,13.9,9.7,87.4,16.8,42.0,24.2,16.1,13.7,8.8,20.2,77.8,11.9,11.6,12.7,19.3,25.5,41.1,36.5,5.7
PDHA1,114.95,141.8,161.95,132.5,127.8,163.15,160.1,172.85,128.45,133.35000000000002,140.2,172.14999999999998,132.85,133.6,127.5,112.95,186.0,162.7,178.85000000000002,134.9,127.39999999999999,122.85,130.95,152.55,124.5,109.3,129.85,123.5,144.65,147.89999999999998,150.25,122.35000000000001,116.35,115.25,167.95,127.6,140.35,129.4,175.8,143.4,163.75,132.45,139.45,163.65,134.0,186.3,155.0,162.8,132.45,128.55,121.8,160.7,122.60000000000001,113.3,165.75,148.45,122.7,137.95,151.05,110.19999999999999,97.5,117.65,157.0,137.6,123.1,149.45,155.89999999999998,129.7,88.85,146.05,76.65,158.15,156.9,161.25,158.0,130.55,156.9,174.75,135.3,126.35,129.10000000000002,129.5,125.6,109.7,135.89999999999998,137.1,168.04999999999998,143.35,153.75,121.15,128.75,107.9,140.05,178.7,160.0,135.9,177.0,117.55,177.3,129.60000000000002,151.65,138.2,152.0,142.75,91.3
PDHA2,47.6,137.1,77.5,60.8,103.6,87.9,102.3,93.3,90.8,71.5,55.4,85.6,31.5,136.6,71.5,129.4,57.5,114.1,107.7,53.2,89.7,174.0,63.6,69.9,54.2,56.3,90.2,104.9,62.8,103.3,52.2,54.5,60.5,64.2,104.7,56.0,34.2,77.0,81.4,53.2,90.7,69.2,61.6,100.5,96.0,74.2,45.9,74.3,50.8,85.6,72.8,58.1,57.8,28.2,69.8,14.6,42.8,61.6,69.2,60.9,39.3,63.4,111.8,73.2,8.9,66.8,43.4,78.2,72.7,112.6,125.7,59.6,85.6,93.9,81.1,65.3,8.7,75.1,94.6,47.1,101.1,46.9,101.6,90.3,68.3,73.5,86.4,131.4,129.2,13.4,81.4,133.8,63.9,58.7,94.7,70.1,133.7,72.1,78.1,94.8,69.7,130.5,78.9,115.9,46.7
PDHB,124.44999999999999,112.55,118.1,89.0,122.45,136.5,174.15,62.8,150.05,174.6,114.4,161.3,160.2,101.85,173.5,152.25,124.44999999999999,110.25,73.65,92.7,119.75,99.10000000000001,80.65,132.7,80.15,113.65,92.6,114.9,139.89999999999998,86.80000000000001,106.4,115.95,83.4,119.7,108.75,104.9,126.19999999999999,149.65,154.2,115.45,147.25,172.3,153.55,118.15,119.94999999999999,101.3,129.5,131.05,124.95,131.45,69.25,140.55,166.25,208.3,78.4,129.55,120.35000000000001,121.10000000000001,106.55000000000001,45.599999999999994,75.35,91.65,171.8,128.0,141.6,141.9,103.65,135.9,59.400000000000006,39.6,87.45,132.1,89.25,156.45,64.05,151.65,135.45,164.0,127.9,113.25,150.95,75.55000000000001,129.2,113.85,87.45,104.05,72.1,139.9,109.80000000000001,127.0,56.75,102.45,79.85,180.2,138.2,170.9,169.25,133.10000000000002,48.45,91.4,160.3,111.35,156.7,64.7,191.95
PDHX,64.0,58.8,79.7,39.9,56.9,80.8,36.8,34.8,61.6,75.3,78.5,44.2,54.4,62.7,69.3,61.7,36.6,62.8,36.7,43.3,77.9,52.2,53.3,68.9,89.6,33.7,56.3,95.3,64.3,100.5,57.3,63.1,55.2,66.0,80.1,78.5,59.5,62.9,52.2,94.8,47.9,52.5,54.6,67.5,52.6,71.1,55.9,69.3,64.0,103.1,60.3,72.7,84.9,58.5,92.0,70.7,61.2,51.5,31.7,66.0,82.9,46.3,52.2,44.7,78.1,70.5,78.1,79.8,15.8,29.4,95.0,40.6,65.4,42.5,65.0,51.4,66.6,82.4,47.7,51.4,69.9,44.9,50.7,58.8,19.6,29.7,24.8,7.6,91.6,15.6,52.3,66.3,95.2,42.5,26.7,75.3,80.4,76.6,42.9,53.9,38.9,11.4,75.9,36.7,97.4
PDK1,5.2,8.9,4.8,12.0,6.3,20.1,7.1,14.6,4.5,6.1,12.5,6.0,7.4,10.1,5.7,12.4,5.8,9.4,12.9,6.0,9.7,10.1,5.3,11.8,11.9,7.3,5.6,8.9,4.8,7.6,13.0,11.2,15.5,4.6,3.9,7.3,7.4,5.3,13.9,6.8,10.5,3.5,5.8,9.3,10.2,12.3,4.3,9.7,36.7,8.4,16.1,8.1,8.8,8.6,4.0,10.0,8.0,7.8,12.2,12.5,23.6,3.3,19.4,13.0,10.4,6.3,4.8,5.0,11.7,8.4,20.0,7.3,4.3,7.4,7.0,11.7,21.8,11.4,34.0,5.8,8.1,31.1,26.3,10.1,6.2,13.2,80.4,9.2,14.9,34.6,9.3,11.5,15.5,7.5,6.3,8.4,63.6,19.2,10.2,12.2,17.8,15.7,5.1,6.9,6.3
PDK2,84.4,51.9,68.75,39.45,74.5,61.25,59.5,67.45,70.6,31.65,63.7,30.9,40.9,75.14999999999999,45.55,77.55,48.65,68.60000000000001,88.2,43.25,56.85,82.15,39.599999999999994,53.75,35.2,70.85,40.099999999999994,69.0,52.050000000000004,73.35000000000001,63.25,24.1,12.799999999999999,45.75,31.05,64.0,88.39999999999999,86.95,71.4,47.400000000000006,44.900000000000006,24.5,42.65,84.55,60.75,68.7,24.75,57.5,32.1,115.45,114.65,14.5,40.5,51.0,40.4,14.350000000000001,52.05,49.449999999999996,29.55,52.1,47.0,43.75,101.65,68.25,88.95,41.25,59.2,28.2,63.2,62.75,33.0,52.7,65.9,59.55,52.349999999999994,49.550000000000004,51.2,45.15,48.85,23.4,66.0,58.0,50.0,42.9,50.349999999999994,54.349999999999994,73.5,69.0,33.65,108.85,59.7,64.95,87.05,55.15,65.3,38.95,119.3,90.15,67.15,72.2,52.5,80.65,52.2,50.85,78.0
PDK3,88.76666666666665,81.13333333333334,69.06666666666666,86.96666666666665,85.89999999999999,70.46666666666665,85.16666666666667,55.833333333333336,88.66666666666667,105.60000000000001,87.73333333333335,84.56666666666666,73.03333333333333,72.8,83.76666666666667,84.39999999999999,79.83333333333333,79.06666666666666,99.36666666666667,65.76666666666667,79.39999999999999,92.43333333333334,86.56666666666666,94.8,71.06666666666666,71.03333333333335,82.16666666666667,77.33333333333333,70.83333333333333,80.5,67.76666666666667,81.7,94.36666666666667,86.83333333333333,68.53333333333333,77.83333333333333,126.16666666666667,81.10000000000001,83.89999999999999,64.03333333333335,75.66666666666667,74.4,89.89999999999999,78.0,54.13333333333333,70.7,87.7,77.13333333333333,65.83333333333333,79.66666666666667,65.46666666666667,86.56666666666666,57.5,85.90000000000002,70.63333333333334,65.43333333333334,66.2,95.86666666666667,74.16666666666667,110.0,66.60000000000001,83.66666666666667,77.13333333333333,74.23333333333333,89.5,92.16666666666667,67.16666666666667,48.699999999999996,69.5,71.96666666666667,98.76666666666667,64.33333333333333,105.09999999999998,60.9,85.56666666666668,67.10000000000001,105.90000000000002,87.53333333333335,72.96666666666667,76.03333333333333,82.56666666666666,59.53333333333333,60.23333333333333,85.83333333333333,97.83333333333333,100.60000000000001,67.03333333333333,64.60000000000001,68.3,81.53333333333335,93.16666666666667,106.76666666666667,101.06666666666666,75.96666666666667,90.7,88.39999999999999,81.0,93.06666666666666,83.2,59.4,82.13333333333334,97.13333333333333,44.400000000000006,93.96666666666668,68.86666666666666
PDK4,4.5,44.1,22.6,41.2,5.8,41.8,12.9,12.4,2.1,7.1,7.6,45.6,7.3,58.3,14.4,16.6,6.4,51.3,9.3,23.6,35.9,26.7,23.8,25.8,16.6,76.4,61.3,40.8,39.2,39.5,49.3,32.5,60.2,45.6,46.9,21.8,44.0,30.2,47.1,11.3,47.3,32.6,35.0,10.7,32.4,38.8,48.4,4.9,49.6,24.3,16.5,6.4,5.0,22.5,15.2,33.2,39.5,26.6,45.7,93.6,11.1,53.8,36.6,39.3,8.4,18.4,8.3,55.6,44.5,6.3,92.1,49.9,15.4,71.5,8.9,31.7,4.6,6.8,31.6,4.9,36.1,45.7,40.1,76.2,66.7,57.8,8.5,74.6,25.3,77.6,46.8,66.7,66.8,12.9,56.4,72.5,65.2,4.4,63.3,6.1,93.0,27.4,3.7,40.4,3.7
PDP1,111.6,83.5,71.7,55.8,100.7,28.9,78.0,71.0,91.7,99.1,47.2,107.5,59.0,29.0,72.9,73.0,38.7,51.5,37.0,33.7,57.1,96.4,54.0,53.4,44.3,63.8,33.0,31.1,56.4,47.5,84.7,34.7,23.8,30.1,70.4,72.1,56.0,57.8,41.1,60.4,45.3,34.4,62.8,59.6,34.3,98.1,31.5,31.4,22.5,58.7,41.3,55.3,8.0,28.2,56.6,47.0,44.2,57.6,57.4,94.8,35.8,38.1,53.4,75.8,79.4,85.8,52.9,109.7,38.9,38.8,100.2,36.6,63.3,64.4,46.2,49.7,67.0,65.8,72.2,65.7,64.0,48.5,63.5,45.5,85.7,49.2,68.0,26.7,43.0,79.0,9.0,75.9,55.4,44.5,98.4,53.7,2.5,76.2,83.1,42.1,87.6,10.3,39.3,11.4,9.2
PDPR,94.5,121.9,78.0,56.5,86.5,85.8,86.8,154.2,107.5,111.2,112.8,73.8,54.4,134.9,125.3,101.2,142.9,81.8,166.0,63.5,74.2,98.6,93.8,81.4,61.9,42.4,63.4,116.7,57.4,58.6,81.6,61.3,85.1,49.8,59.8,85.0,103.0,53.7,72.7,54.3,63.8,69.6,70.9,120.5,79.3,47.0,81.4,65.7,84.7,43.0,101.0,45.8,45.6,36.7,73.5,79.4,47.8,63.5,59.5,79.3,35.9,70.4,55.6,49.1,56.0,78.0,72.5,70.7,96.7,45.4,119.0,67.3,64.1,50.3,90.3,53.2,58.0,55.2,92.9,72.3,72.4,39.6,88.1,58.8,63.9,34.5,103.1,113.0,104.5,88.7,69.0,85.9,42.8,54.3,69.6,103.9,128.5,85.7,133.5,127.4,88.7,117.6,65.3,40.2,94.3
PDSS1,90.9,107.7,90.7,84.1,106.3,64.5,60.4,104.9,98.0,103.4,84.4,98.2,73.8,75.2,134.3,104.3,76.8,93.1,65.1,84.5,62.4,67.7,79.5,70.4,62.1,120.2,81.9,71.9,73.8,108.0,74.2,111.1,92.1,68.2,74.2,88.4,76.8,32.0,47.5,93.5,57.5,82.6,80.4,64.3,56.0,80.9,57.5,75.1,63.4,40.1,80.9,54.9,57.6,53.8,63.9,100.3,87.9,60.9,84.4,95.2,69.0,110.1,78.5,70.5,68.6,82.0,124.7,73.6,59.6,33.0,89.6,81.9,86.5,97.3,66.0,75.1,63.0,111.6,49.6,95.8,81.1,79.7,70.0,71.7,72.2,107.4,51.7,84.6,40.9,43.2,57.2,31.8,66.1,104.0,109.9,146.3,80.9,116.7,64.1,68.5,113.1,102.4,82.9,61.8,112.0
PDSS2,11.3,13.5,34.1,36.9,8.3,51.4,25.5,32.9,35.8,29.6,10.9,18.0,31.8,14.4,32.8,17.4,6.1,11.1,23.4,58.9,45.4,53.3,83.2,45.5,74.7,24.3,66.8,50.2,42.5,23.4,31.9,44.2,30.3,40.8,58.4,31.4,41.5,6.4,36.1,34.2,25.6,60.0,16.8,67.3,71.2,40.9,41.1,53.9,46.1,44.4,37.3,63.1,75.1,85.1,55.5,44.9,36.0,41.6,5.7,28.2,5.4,50.7,32.7,40.8,26.4,37.3,32.0,64.9,42.3,57.9,63.3,14.6,54.0,47.0,34.0,32.7,54.8,5.6,76.0,23.4,66.9,31.6,28.0,56.4,57.1,11.3,35.0,25.5,28.3,7.1,65.5,45.4,78.1,47.6,64.4,55.7,7.1,46.0,13.9,60.7,24.6,7.5,39.0,5.6,45.8
PEX11B,160.4,154.4,196.9,228.0,208.7,295.0,159.4,132.4,161.7,161.8,197.1,134.7,178.5,162.2,174.6,181.8,141.4,167.9,188.7,169.0,196.4,195.2,186.3,190.9,171.6,164.0,192.4,120.1,155.3,171.3,240.5,190.2,235.8,173.2,199.5,159.4,208.7,175.8,158.7,183.9,195.5,144.8,200.8,177.1,172.1,202.8,187.0,180.1,211.1,133.1,167.4,160.1,225.4,189.9,205.9,188.7,176.8,186.1,145.5,165.2,160.3,114.4,181.9,191.3,166.6,121.4,172.4,177.3,145.2,127.6,68.4,181.1,232.3,194.7,172.3,145.8,230.2,135.2,171.9,181.8,187.7,170.3,156.0,182.0,174.8,146.8,134.0,139.1,181.2,157.4,184.7,129.5,206.8,158.2,152.2,174.1,171.0,106.0,191.9,150.0,128.6,125.1,116.9,177.0,144.6
PGS1,130.6,124.9,161.4,267.5,187.2,211.6,151.3,133.7,178.0,165.8,180.1,156.0,302.6,124.4,217.9,113.2,213.1,207.7,173.7,138.8,137.8,57.2,211.1,164.3,134.9,156.0,106.8,78.2,220.4,126.8,283.3,218.0,108.9,151.0,127.3,165.5,141.8,229.8,114.5,249.4,196.1,208.5,113.4,103.4,132.7,121.6,169.7,97.8,148.0,97.5,285.2,132.3,130.7,212.9,85.7,124.9,172.3,192.8,210.6,133.9,190.1,160.0,110.5,181.2,255.3,95.3,148.9,157.8,270.2,110.7,269.2,150.4,198.3,122.7,304.4,229.3,162.3,222.6,189.0,197.6,155.0,74.2,138.4,180.5,124.0,121.2,100.5,114.6,217.0,171.4,121.4,70.4,91.9,89.5,137.1,126.4,49.1,153.6,90.9,156.7,128.3,96.1,202.3,123.1,206.1
PHB,97.1,97.1,76.25,128.8,110.25,137.25,105.5,139.89999999999998,107.3,89.05,123.7,73.15,113.6,115.75,120.15,141.0,86.45,96.95,138.10000000000002,109.4,138.6,131.95,105.69999999999999,95.80000000000001,116.35000000000001,132.8,136.65,144.4,138.8,117.05,133.2,76.9,73.94999999999999,127.3,97.7,81.25,133.1,116.1,108.89999999999999,66.1,110.6,36.150000000000006,89.35,106.75,90.55,147.75,109.0,108.1,119.4,149.35,169.4,62.85,97.4,91.6,116.25,119.3,122.1,96.5,155.8,156.6,68.95,84.6,95.0,106.5,91.75,110.15,82.9,69.2,73.3,107.85,145.4,105.4,135.65,149.8,103.9,112.80000000000001,105.6,93.05,88.0,76.65,93.35,86.65,124.65,130.25,129.25,166.85,116.35,130.8,120.14999999999999,96.85,100.35,82.35,87.9,95.69999999999999,79.15,64.4,105.55,118.0,139.9,137.85,167.95,71.2,116.0,146.2,113.15
PHB2,438.8,679.3,612.0,762.5,552.8,733.2,423.3,862.7,410.6,379.4,504.1,479.2,658.0,852.4,662.4,557.6,968.9,858.6,749.6,797.8,792.9,660.3,617.5,718.7,857.8,583.5,606.2,728.2,685.1,631.8,715.0,509.9,732.8,642.0,605.9,474.8,592.2,603.2,945.8,572.8,781.7,641.9,580.3,574.1,563.8,599.7,550.3,604.6,591.4,499.8,627.5,638.8,813.4,674.3,716.6,737.8,716.7,606.3,504.9,758.4,445.7,426.0,528.4,515.8,460.3,470.6,670.7,497.6,469.4,532.0,463.5,645.1,501.4,753.5,471.5,605.9,559.2,828.6,455.1,611.8,702.3,554.3,770.2,571.1,576.9,588.2,909.6,506.3,618.7,367.2,415.6,532.5,581.2,646.1,548.7,463.8,466.4,428.5,625.6,403.8,402.1,516.1,709.0,659.6,785.7
PHYH,58.6,44.6,67.4,40.5,62.6,57.1,50.2,51.2,47.9,35.7,75.7,88.4,44.5,54.3,63.7,43.1,51.0,68.0,68.3,46.6,51.8,55.1,44.8,59.6,67.5,52.3,50.8,61.0,42.3,52.2,33.4,55.4,47.6,40.5,42.7,40.6,37.3,54.2,52.9,38.8,42.2,45.7,51.3,60.3,52.0,58.6,56.2,50.9,43.0,55.5,40.8,43.3,50.6,31.3,44.2,47.9,55.6,42.6,44.6,41.3,28.5,36.4,47.8,50.9,44.7,39.4,47.4,69.9,52.5,35.7,3.8,26.2,43.2,53.5,66.2,41.6,26.2,44.1,83.9,58.6,42.5,101.0,50.7,40.8,56.1,47.8,35.0,59.1,48.7,29.6,61.6,60.2,61.2,39.0,54.0,33.7,14.9,53.5,50.6,48.3,40.2,80.3,52.2,52.7,120.2
PICK1,40.4,12.2,16.4,77.2,65.1,49.9,24.4,75.7,19.1,51.3,64.5,25.0,39.9,22.0,36.2,16.6,21.8,29.6,73.2,12.9,39.8,84.3,28.1,26.9,79.3,60.2,71.1,51.9,8.1,79.0,35.9,82.0,8.8,14.0,19.7,44.8,64.1,73.9,104.6,21.7,63.2,50.4,52.5,65.9,49.0,101.2,17.1,30.8,64.3,24.5,61.3,114.5,38.1,22.9,5.4,48.9,59.1,56.2,43.7,74.1,27.7,81.3,93.8,26.3,60.4,31.7,9.4,56.6,21.1,55.5,92.4,17.0,55.7,69.0,95.6,19.3,48.7,72.7,100.0,27.8,97.4,69.5,20.1,26.8,82.8,76.2,99.5,107.4,42.9,76.3,12.4,104.1,27.3,61.7,81.9,42.5,51.8,48.2,109.6,11.0,16.2,92.7,48.0,93.2,45.1
PINK1,207.85,301.1,253.75,291.4,209.45,210.4,189.45,302.2,196.85,249.55,260.0,201.15,244.65,301.0,237.29999999999998,261.8,269.75,274.75,249.70000000000002,255.0,240.95000000000002,309.95,183.2,201.8,245.9,245.25,199.95,193.85000000000002,209.7,308.65,305.65,231.5,310.85,242.29999999999998,212.5,284.65,297.2,226.35000000000002,247.85,290.35,248.20000000000002,246.45,203.6,301.25,230.55,300.6,337.35,233.55,320.25,290.85,442.29999999999995,292.3,192.25,219.75,214.45,258.3,243.85,236.05,230.25,346.35,227.25,226.05,315.5,237.10000000000002,255.8,200.85,217.60000000000002,202.5,272.65,290.79999999999995,261.6,269.85,255.85000000000002,178.35,263.4,289.45,189.05,252.05,195.75,266.25,221.4,240.55,237.25,245.65,209.3,239.55,300.55,236.0,270.65,322.8,240.35,341.1,285.6,207.3,307.6,193.6,258.5,440.25,345.65,399.45,225.55,233.1,210.45000000000002,236.25,324.5
PITRM1,65.4,109.8,152.4,169.5,142.3,142.5,136.0,37.2,86.7,142.6,92.8,81.9,125.2,99.8,113.0,126.5,131.1,31.9,18.2,164.2,112.0,93.7,120.5,95.8,72.2,123.0,98.8,200.8,136.6,108.7,100.1,154.0,105.9,131.0,129.7,123.6,91.2,81.0,155.1,124.3,158.2,94.8,174.9,123.3,98.6,144.5,118.2,169.3,113.6,109.3,119.6,130.1,166.5,97.1,79.9,198.9,120.6,194.3,164.3,28.2,72.0,107.8,164.5,74.3,58.4,86.7,136.9,98.2,69.9,87.2,79.6,94.7,70.5,102.3,52.2,107.2,136.2,85.1,132.9,132.3,126.6,48.8,108.1,73.2,115.7,127.1,155.6,115.4,95.9,111.2,153.6,88.9,45.9,153.5,73.8,102.1,44.1,35.6,56.4,79.8,69.2,70.7,136.0,115.5,54.4
PLGRKT,14.8,40.4,49.4,88.7,44.2,137.5,78.3,27.8,36.2,8.8,129.5,32.5,71.4,48.4,106.0,62.1,67.8,50.0,38.1,50.3,124.3,88.9,99.7,117.5,115.6,93.1,101.5,120.0,88.1,100.7,83.9,78.1,104.0,105.6,95.1,87.8,110.1,106.9,80.6,125.1,126.1,113.9,92.8,84.0,98.6,149.6,104.6,123.8,55.7,55.8,16.1,78.2,114.7,103.0,98.8,102.4,139.8,71.2,78.2,62.3,93.2,123.0,108.1,94.6,72.9,63.4,54.6,105.4,87.0,69.9,21.5,80.2,79.1,130.3,116.5,95.2,101.4,84.0,141.0,113.4,74.1,96.5,73.1,63.8,131.1,12.8,22.5,80.4,96.6,13.0,107.8,15.3,49.0,107.1,101.2,131.3,59.1,47.0,83.2,55.2,115.5,125.1,102.4,127.5,41.4
PMAIP1,3.75,11.35,4.0,9.2,6.6499999999999995,4.45,15.350000000000001,20.35,25.7,4.65,8.05,23.65,25.3,7.1,14.5,14.75,4.8,1.9,2.25,17.7,6.35,16.4,20.5,3.3499999999999996,17.0,24.05,4.75,2.0999999999999996,6.1,5.449999999999999,8.450000000000001,34.1,24.1,29.950000000000003,35.650000000000006,3.8499999999999996,2.1,11.8,8.25,35.45,4.5,20.950000000000003,21.5,24.75,1.95,8.45,9.35,21.6,8.049999999999999,5.3,2.45,23.25,23.5,24.7,20.35,17.3,4.4,4.35,7.75,17.5,25.150000000000002,2.7,8.450000000000001,20.5,19.8,33.1,14.3,21.15,24.45,14.05,6.3,7.3999999999999995,4.25,35.2,10.55,25.05,13.950000000000001,18.15,30.6,8.25,16.25,41.75,10.45,20.9,5.25,14.4,3.3000000000000003,4.45,6.95,12.95,15.0,13.399999999999999,4.5,6.800000000000001,28.6,16.15,25.200000000000003,38.05,11.6,14.6,29.8,3.5,17.3,24.7,23.65
PMPCA,66.0,69.0,77.3,78.7,38.0,44.8,41.9,33.9,58.9,42.9,45.2,32.5,66.1,78.4,62.4,15.5,116.3,99.1,63.1,89.2,51.5,32.7,110.4,68.6,63.4,87.0,47.9,109.2,70.6,37.0,23.0,53.7,40.8,56.5,66.5,65.3,86.0,26.0,83.7,39.9,80.6,65.4,61.2,13.8,62.1,70.0,69.4,67.9,85.8,14.6,27.0,40.2,44.7,75.4,62.3,87.5,61.8,102.7,92.4,65.2,78.4,122.5,69.7,19.4,6.2,52.0,65.8,49.2,129.3,23.5,60.6,59.0,33.2,71.1,10.7,88.3,68.1,28.0,70.5,61.7,88.2,37.3,90.5,67.4,34.8,79.7,35.9,75.3,49.7,43.6,49.9,18.6,87.4,71.0,79.8,46.1,19.2,26.1,41.9,70.1,51.3,75.1,89.3,73.1,103.3
PMPCB,134.9,165.2,240.9,166.6,140.9,251.8,209.5,21.7,153.8,183.1,201.8,189.9,189.4,18.9,191.7,86.7,96.4,89.1,93.8,172.1,135.9,221.9,184.1,206.0,95.7,191.6,145.1,122.5,145.2,86.2,8.4,186.2,67.4,248.4,112.1,158.7,161.2,153.4,126.1,177.0,177.5,175.2,212.3,35.6,147.5,158.5,166.3,183.1,173.3,145.1,40.3,123.7,250.3,305.0,193.8,214.4,184.6,111.0,197.7,13.5,160.0,160.5,177.6,164.9,163.8,161.8,267.8,180.3,107.4,140.8,56.0,206.7,203.2,253.3,100.2,200.0,263.6,217.3,139.8,94.9,172.6,148.9,234.3,169.8,155.8,186.7,127.8,116.8,75.1,97.2,22.7,127.8,41.3,214.6,239.3,253.6,241.6,198.2,170.7,163.0,136.5,31.1,84.7,48.5,241.3
PNPO,156.7,156.6,121.2,159.8,139.0,116.4,124.1,173.4,129.7,168.6,234.4,166.0,154.6,193.2,113.2,166.6,162.8,146.6,134.7,135.0,127.9,116.3,111.8,167.9,101.5,137.7,150.6,142.6,163.3,155.0,156.7,132.0,177.1,132.6,114.1,128.3,136.5,155.6,123.7,142.6,129.6,138.2,111.4,195.4,140.2,170.0,112.9,134.7,110.8,190.8,207.3,146.2,121.7,88.0,168.6,156.9,148.6,137.2,105.8,171.1,69.5,132.9,143.1,154.9,106.2,169.1,143.1,118.1,98.4,181.3,202.7,84.0,112.1,137.1,136.9,135.7,124.8,139.2,135.1,142.4,131.5,136.0,129.8,138.0,147.2,162.0,180.1,128.2,134.5,83.6,163.2,160.2,137.2,156.8,151.6,101.1,172.8,191.7,217.9,193.2,170.7,157.6,166.3,170.3,121.4
POLB,283.9,270.0,265.6,228.1,344.0,355.6,220.9,205.0,266.9,226.5,328.0,169.4,328.3,238.2,293.5,123.7,488.7,178.0,197.7,254.6,379.3,201.4,340.1,280.8,494.9,211.3,137.1,247.1,272.3,362.3,227.1,300.1,357.3,320.1,306.3,217.8,271.0,267.6,250.5,354.1,309.7,342.6,313.5,189.7,167.7,185.0,448.1,315.8,250.8,319.8,171.9,236.1,467.8,494.4,507.2,406.2,512.0,350.1,315.9,168.2,415.7,200.9,253.6,191.7,372.4,450.8,291.1,243.9,238.5,152.0,199.1,200.8,224.7,275.7,201.8,308.7,344.8,347.3,338.6,273.0,226.6,352.0,218.9,376.7,365.6,235.1,231.5,285.8,241.9,254.1,201.2,158.6,222.6,378.8,278.6,325.1,84.9,152.4,186.6,162.5,149.3,316.9,321.5,241.9,311.1
POLDIP2,186.8,199.9,196.7,182.2,175.2,135.4,149.5,154.4,206.8,205.3,158.3,198.9,161.5,157.1,185.9,170.4,171.8,172.1,208.1,176.6,128.8,143.4,159.5,203.7,84.9,194.2,124.1,186.9,145.0,202.4,144.3,143.5,149.0,174.0,135.2,134.1,109.4,151.7,136.4,118.0,156.0,131.6,129.3,107.1,123.3,137.5,118.7,164.0,100.7,164.1,148.5,121.5,127.0,116.6,110.6,139.9,158.3,132.5,160.2,127.4,106.2,134.5,138.4,128.4,153.8,161.6,102.7,115.5,189.2,118.9,121.6,149.3,136.6,145.4,129.4,132.9,106.2,122.1,193.4,178.7,143.4,108.5,133.4,135.8,182.1,144.2,173.8,140.7,177.5,93.6,208.7,125.8,146.5,94.2,124.0,95.0,180.5,179.4,145.2,102.8,170.4,8.9,111.1,248.3,51.2
POLG,40.833333333333336,57.0,61.0,62.86666666666667,64.33333333333333,39.43333333333334,45.833333333333336,41.86666666666667,44.56666666666666,47.1,42.1,65.16666666666667,52.46666666666667,35.766666666666666,48.03333333333333,56.46666666666667,44.46666666666667,83.2,67.66666666666667,54.199999999999996,61.46666666666667,53.93333333333334,36.96666666666667,40.733333333333334,52.199999999999996,37.9,37.0,49.1,79.33333333333334,72.36666666666666,58.800000000000004,47.166666666666664,56.4,39.06666666666666,42.63333333333333,73.1,42.266666666666666,67.83333333333333,71.89999999999999,70.3,51.666666666666664,36.96666666666667,55.76666666666667,71.23333333333333,39.8,52.833333333333336,41.86666666666667,54.73333333333334,37.733333333333334,41.166666666666664,68.2,115.89999999999999,30.233333333333334,40.26666666666667,25.400000000000002,37.53333333333334,56.26666666666667,54.96666666666667,41.233333333333334,33.800000000000004,50.099999999999994,62.36666666666667,74.76666666666667,58.43333333333334,52.73333333333333,78.06666666666666,49.666666666666664,43.36666666666667,60.166666666666664,99.23333333333333,41.233333333333334,73.60000000000001,52.86666666666667,76.26666666666667,72.43333333333334,60.73333333333333,40.766666666666666,46.1,64.2,36.300000000000004,75.16666666666667,60.76666666666666,61.86666666666667,28.900000000000002,54.96666666666667,49.56666666666666,59.333333333333336,57.1,34.733333333333334,52.46666666666667,55.333333333333336,48.800000000000004,53.9,44.73333333333333,61.300000000000004,60.699999999999996,63.599999999999994,28.099999999999998,61.53333333333333,30.033333333333335,69.16666666666667,53.70000000000001,71.7,87.46666666666665,69.10000000000001
POLG2,91.6,79.4,73.4,10.3,72.9,77.2,72.3,49.4,42.2,106.9,51.6,92.9,77.2,98.6,55.5,37.9,60.3,26.9,119.3,93.0,79.1,79.6,86.3,66.1,101.3,85.8,110.3,70.7,48.3,33.8,134.0,62.5,88.2,89.7,98.3,59.1,55.0,59.9,109.6,54.8,46.8,49.9,114.3,103.4,65.1,119.3,90.8,73.6,73.7,81.0,55.0,77.1,82.6,80.0,95.3,122.8,93.9,151.3,47.4,83.5,56.2,100.5,79.9,114.6,102.6,135.5,58.2,72.6,16.0,44.8,78.8,78.7,101.1,21.2,63.2,62.4,63.5,60.2,93.7,60.1,58.1,39.3,91.2,118.5,10.7,148.9,99.3,87.2,99.6,136.7,62.6,29.5,100.5,111.2,109.5,126.8,88.9,76.5,106.4,92.4,129.4,48.2,80.6,25.1,50.4
POLQ,34.05,31.85,41.5,35.45,82.85,48.900000000000006,72.95,90.0,27.85,27.549999999999997,28.700000000000003,60.35,34.5,33.4,68.15,52.1,55.6,62.35,100.55,77.45,67.2,60.400000000000006,69.3,65.0,34.75,36.65,50.55,109.25,19.200000000000003,67.05000000000001,72.8,32.7,36.75,54.3,17.9,83.75,75.85,72.3,51.05,63.85,29.700000000000003,36.5,41.9,73.5,38.3,28.65,58.25,42.1,30.75,83.25,97.95,27.0,37.3,16.9,27.950000000000003,37.45,64.0,98.85,54.150000000000006,72.55000000000001,26.65,80.25,36.05,66.35,76.69999999999999,36.8,38.95,52.7,57.75,59.0,101.85,23.5,31.15,41.05,42.9,61.599999999999994,20.299999999999997,40.55,71.94999999999999,64.0,57.050000000000004,31.849999999999998,24.799999999999997,29.45,60.800000000000004,53.9,82.65,45.15,85.1,65.85,38.15,35.65,58.65,43.7,23.75,39.400000000000006,35.45,91.1,72.9,53.3,103.95,85.0,57.25,76.2,43.65
POLRMT,40.75,37.55,59.849999999999994,62.5,42.1,50.0,34.15,35.5,41.35,32.7,45.75,43.55,24.5,99.4,75.65,74.6,76.05,97.30000000000001,94.35,38.95,62.900000000000006,60.7,26.6,59.65,12.9,19.0,48.2,70.05,60.5,29.549999999999997,20.85,34.05,50.35,46.8,50.3,47.300000000000004,29.05,40.95,24.299999999999997,39.35,68.4,24.85,27.45,53.55,59.25,13.3,38.949999999999996,33.6,52.75,49.25,88.0,67.6,41.2,44.2,56.2,56.25,52.05,53.25,20.6,26.549999999999997,36.300000000000004,64.6,46.95,10.55,46.8,42.400000000000006,56.400000000000006,49.2,27.799999999999997,57.0,58.050000000000004,85.1,38.25,67.55,16.5,58.650000000000006,24.5,24.35,26.3,32.849999999999994,61.8,52.9,14.55,27.2,50.150000000000006,17.3,50.6,57.099999999999994,47.45,49.3,41.85,67.55,52.900000000000006,64.45,28.05,29.8,62.05,36.6,75.95,16.65,43.7,37.55,80.25,55.349999999999994,83.3
PPA2,92.0,83.2,111.8,77.2,83.7,72.8,90.4,106.5,86.8,56.1,87.1,110.5,110.9,73.3,118.2,93.3,97.7,76.5,107.5,120.6,133.2,118.6,102.6,51.2,89.8,107.2,84.9,87.6,62.9,107.4,143.3,92.2,141.9,154.3,124.8,109.8,72.6,73.7,126.5,145.5,99.3,162.4,107.9,90.2,122.9,94.8,112.7,86.2,86.9,99.2,57.3,115.8,103.8,127.8,101.5,94.5,103.5,42.1,135.9,63.8,160.5,122.5,64.5,136.1,135.4,96.0,103.0,110.7,70.2,104.4,87.1,107.9,98.6,181.9,80.6,124.1,135.3,93.8,99.5,79.5,160.3,85.1,106.9,155.8,91.1,101.7,93.1,123.2,80.1,85.9,117.2,133.4,110.2,131.6,133.5,125.4,144.4,98.6,131.5,156.8,36.1,103.1,100.0,86.9,123.0
PPIF,123.4,227.5,177.75,204.79999999999998,108.85,114.1,131.5,88.6,195.7,249.45000000000002,176.4,119.25,207.5,104.75,120.7,125.0,173.25,54.4,115.6,272.7,129.95,125.05,155.85000000000002,169.2,184.55,139.05,188.39999999999998,150.2,206.60000000000002,113.75,195.05,161.25,251.7,247.4,149.85000000000002,183.89999999999998,153.05,232.6,175.6,180.89999999999998,169.35000000000002,296.7,184.14999999999998,151.05,164.05,105.0,198.25,141.75,194.39999999999998,239.2,107.6,221.3,208.7,207.45,208.45,148.10000000000002,203.2,180.25,152.5,113.44999999999999,196.95,115.8,147.45,251.9,239.9,206.6,150.55,236.7,213.45,166.0,184.15,185.4,196.45,87.19999999999999,289.3,234.25,203.60000000000002,154.7,225.0,143.0,157.15,208.3,170.05,254.55,206.14999999999998,135.8,98.15,95.35,263.1,187.05,186.3,163.95,194.89999999999998,211.05,168.0,240.75,79.94999999999999,186.4,167.9,178.05,237.65,135.55,166.2,155.2,165.5
PPOX,90.0,109.7,123.2,126.9,129.0,77.9,89.3,194.7,101.0,94.8,109.6,149.9,97.7,120.8,138.6,126.5,98.2,97.4,15.7,104.8,151.1,85.2,97.5,115.1,92.1,155.9,89.6,142.9,118.8,117.9,136.8,127.0,106.8,125.9,78.6,151.3,199.9,98.4,127.1,105.4,115.2,84.5,120.7,134.3,93.6,111.4,152.6,76.7,100.8,91.3,124.7,176.5,98.8,100.1,108.2,79.9,106.0,94.5,114.4,182.9,94.8,102.3,102.6,95.0,70.5,115.7,118.7,89.3,162.7,182.9,43.4,137.1,58.5,114.6,111.8,74.9,92.4,98.0,22.7,67.2,122.0,105.4,61.4,179.0,113.7,127.6,129.3,165.2,136.6,110.4,132.1,164.2,114.6,135.8,130.1,98.6,150.8,157.3,121.2,126.2,126.6,82.3,94.5,126.2,131.9
PRDX2,152.625,192.975,174.825,125.775,123.65,184.925,158.95,205.675,134.72500000000002,126.65,157.425,143.6,124.925,287.525,191.575,178.75,159.575,220.7,195.95000000000002,159.64999999999998,219.025,205.72500000000002,117.25,153.375,193.45,211.475,163.9,168.89999999999998,186.0,295.275,180.375,138.525,210.675,171.875,160.39999999999998,167.425,167.35000000000002,198.20000000000002,248.04999999999998,160.5,130.5,136.1,179.8,170.125,300.15,178.15,170.575,152.175,263.79999999999995,172.925,252.6,146.92499999999998,157.275,132.22500000000002,202.07500000000002,166.975,141.8,146.625,158.825,321.35,158.45,134.54999999999998,261.15,180.875,220.5,163.275,163.075,159.35,188.075,289.54999999999995,171.0,193.175,139.75,231.7,149.125,201.65,168.025,171.95,129.975,130.525,154.275,146.75,285.975,130.725,199.5,186.625,245.375,177.45000000000002,148.4,159.975,142.925,351.725,206.3,142.6,131.5,106.45,231.875,188.75,214.32500000000002,238.15,139.025,204.05,151.425,210.95,163.35
PRDX3,107.64999999999999,123.4,93.30000000000001,114.05000000000001,110.9,127.8,106.4,45.2,122.69999999999999,96.80000000000001,137.05,87.30000000000001,118.7,29.15,103.7,129.9,43.150000000000006,36.25,84.1,92.1,102.95,129.3,146.0,66.1,126.9,83.55000000000001,111.15,114.5,111.5,121.65,138.15,130.4,81.0,106.0,146.9,117.85,117.4,118.15,137.95,125.8,114.5,128.65,192.7,149.85000000000002,115.95,81.2,108.05,171.95,129.05,91.85,125.65,107.8,165.6,177.1,101.85,98.94999999999999,169.85,175.5,104.85000000000001,133.9,124.05000000000001,123.85,57.45,101.5,138.60000000000002,146.1,85.8,142.9,140.25,109.80000000000001,85.75,114.45,104.85,92.5,81.6,145.45,145.0,107.94999999999999,108.65,170.95,142.4,128.9,134.15,131.7,111.4,152.9,51.55,96.35,120.15,144.3,145.4,120.19999999999999,157.95,117.55,127.05,165.14999999999998,173.2,135.05,92.9,121.6,81.6,95.1,114.85,72.0,235.55
PRDX4,107.7,138.2,177.1,117.8,162.0,213.5,147.5,140.4,153.1,124.9,145.6,128.1,135.5,138.9,150.5,152.8,166.8,144.4,150.2,146.7,177.6,171.3,172.5,150.0,160.8,138.1,131.8,130.8,145.3,133.6,120.5,131.2,113.3,138.3,160.3,117.5,140.8,127.9,116.5,130.4,165.4,157.1,134.7,124.3,136.9,133.6,160.7,176.0,104.0,115.6,129.0,128.8,205.2,150.3,172.9,168.3,121.8,145.0,136.8,70.3,119.5,115.4,143.5,107.4,116.4,121.2,129.0,169.7,118.8,117.5,65.0,188.1,122.5,248.6,90.4,113.0,126.4,103.7,99.2,122.6,103.3,93.6,174.0,122.2,112.5,124.9,99.1,164.6,129.7,70.8,108.5,88.8,99.3,144.4,110.3,153.5,130.8,115.5,111.0,156.1,95.7,105.1,175.1,113.7,160.6
PRDX6,449.0,857.15,424.45000000000005,649.15,421.0,460.1,471.6,852.55,414.54999999999995,329.4,884.0,316.95,816.9000000000001,810.95,484.65,656.2,312.15,288.45000000000005,289.6,877.0500000000001,948.75,628.95,389.95000000000005,459.75,631.95,549.45,762.4,502.90000000000003,975.0500000000001,501.95000000000005,925.45,658.2,1153.4,885.95,1043.95,651.1999999999999,678.5,927.35,1125.25,709.8499999999999,564.05,401.0,586.5500000000001,1190.75,1788.8,797.5,844.9499999999999,921.8000000000001,1302.35,841.7,1236.35,1055.55,655.85,783.8,1147.95,446.4,601.15,514.1,619.7,2408.0,514.7,918.4,671.85,1291.5,823.8,606.6999999999999,345.65,617.85,596.35,739.9,798.85,411.9,579.45,444.0,1210.7,882.35,427.05,450.6,1081.05,565.55,544.2,751.0,633.05,474.55,946.05,793.15,868.9499999999999,1458.0,833.0,819.0500000000001,818.0,1649.8500000000001,1386.05,946.75,1039.55,581.5,1222.75,974.85,853.25,1401.75,747.2,773.4,687.75,1063.1,1049.5
PREPL,49.73333333333333,44.86666666666667,51.9,47.6,41.166666666666664,54.6,42.9,45.43333333333334,48.13333333333333,44.333333333333336,62.4,66.46666666666667,56.333333333333336,48.13333333333333,45.333333333333336,50.86666666666667,48.199999999999996,24.766666666666666,33.699999999999996,53.76666666666667,41.833333333333336,53.46666666666667,52.46666666666666,40.36666666666667,49.0,50.53333333333333,45.0,51.26666666666667,41.833333333333336,35.56666666666667,33.13333333333333,53.9,24.566666666666666,50.56666666666666,37.333333333333336,36.13333333333333,43.1,31.566666666666666,55.6,59.96666666666667,46.46666666666667,49.633333333333326,52.833333333333336,61.6,35.06666666666667,42.46666666666666,31.03333333333333,38.76666666666667,53.96666666666667,49.46666666666667,59.86666666666667,52.73333333333333,63.26666666666666,56.96666666666667,60.46666666666667,33.9,36.96666666666667,43.833333333333336,52.13333333333333,38.56666666666666,32.233333333333334,57.699999999999996,38.5,67.33333333333333,66.76666666666667,40.46666666666666,58.76666666666667,56.56666666666666,31.233333333333334,38.300000000000004,43.23333333333333,33.03333333333333,41.13333333333333,73.3,55.96666666666667,48.86666666666667,47.63333333333333,33.43333333333333,51.79999999999999,53.96666666666667,45.43333333333334,42.666666666666664,51.46666666666666,24.933333333333334,49.633333333333326,30.633333333333336,42.46666666666667,62.800000000000004,43.86666666666667,52.199999999999996,69.43333333333334,59.43333333333334,46.4,58.0,66.5,50.93333333333334,71.93333333333334,66.8,46.26666666666667,56.300000000000004,62.96666666666667,39.56666666666667,45.13333333333333,42.233333333333334,32.06666666666667
PRKACA,124.25,88.6,89.64999999999999,157.0,92.5,64.05,119.89999999999999,155.2,87.2,109.85000000000001,100.35000000000001,95.05,117.2,127.65,107.55,117.10000000000001,211.85000000000002,168.4,85.2,70.3,71.64999999999999,115.8,36.6,146.5,96.3,115.3,179.6,117.8,93.5,90.3,112.14999999999999,81.30000000000001,148.95,83.05000000000001,118.2,93.19999999999999,108.55,101.60000000000001,101.30000000000001,59.8,120.85000000000001,65.8,75.10000000000001,119.75,111.5,130.4,81.35,77.60000000000001,139.95,105.15,19.9,86.55,81.75,73.14999999999999,105.1,62.099999999999994,62.650000000000006,26.35,81.19999999999999,174.8,60.95,100.6,95.55,86.1,111.75,119.15,52.95,79.9,89.80000000000001,53.85,57.55,82.75,89.85000000000001,19.25,102.65,128.8,69.0,47.199999999999996,105.3,107.4,82.10000000000001,109.45,76.7,80.3,131.75,86.05000000000001,121.15,136.3,91.3,128.65,75.65,116.05,80.75,64.75,71.7,78.6,46.25,120.9,94.35,135.39999999999998,131.7,95.5,29.4,70.15,60.349999999999994
PRODH2,131.4,105.9,54.4,125.3,89.1,107.6,35.8,158.5,34.3,102.8,111.2,82.9,58.6,125.8,64.9,142.7,105.8,97.2,85.4,58.7,122.7,102.2,173.1,82.3,103.4,64.3,34.2,131.3,53.8,57.2,77.6,100.2,44.0,38.1,91.0,63.0,137.3,56.6,89.4,15.7,89.9,67.0,62.1,193.6,66.0,44.4,82.1,51.3,98.4,65.6,82.5,23.5,40.5,41.2,54.5,55.9,106.6,99.4,68.0,162.5,22.0,107.8,68.4,34.9,67.9,86.1,73.9,95.1,80.7,90.9,80.1,65.1,47.7,89.1,115.5,63.9,60.1,53.6,133.8,113.9,70.8,18.1,72.1,59.7,70.2,67.9,81.3,34.9,113.4,122.4,114.6,137.6,41.0,50.2,84.2,68.9,37.0,128.2,140.0,98.2,151.7,154.3,58.9,79.1,111.4
PTCD2,14.7,14.8,3.4,8.5,13.8,4.9,10.5,15.2,12.0,8.7,9.6,14.4,6.3,5.7,14.6,12.0,12.3,9.7,16.5,12.6,4.7,7.4,7.5,14.1,6.1,7.3,9.5,5.4,8.2,6.1,9.9,17.8,9.3,9.0,9.8,15.1,4.1,7.8,9.5,6.6,13.3,8.3,5.6,6.7,6.6,28.5,7.8,6.5,13.2,15.1,7.0,14.2,5.3,5.5,7.7,12.7,6.8,9.5,6.1,10.0,28.9,11.1,6.3,8.8,15.3,9.5,6.9,7.9,5.4,7.3,4.9,4.6,9.0,9.0,9.9,7.9,6.6,6.1,6.9,13.4,11.4,7.0,8.7,5.9,6.5,18.9,11.0,12.6,6.9,11.7,7.4,15.0,7.9,3.5,10.9,15.5,7.9,7.2,16.6,9.4,12.8,8.9,5.4,4.2,40.8
PTCD3,201.9,123.2,131.9,105.7,146.3,105.4,200.4,141.7,165.2,104.2,19.2,154.9,123.8,125.4,154.7,132.3,81.6,57.2,23.3,83.5,72.0,133.3,155.3,130.4,119.2,105.0,89.4,149.2,138.9,110.3,133.9,136.2,127.2,119.6,110.3,128.8,82.2,138.9,118.9,102.5,132.3,97.4,112.3,38.2,138.9,94.9,69.4,92.6,99.8,16.8,50.4,98.9,44.4,124.5,110.0,89.6,124.8,96.4,108.4,121.0,79.7,127.3,119.7,111.5,150.4,120.7,54.3,132.2,75.6,107.4,91.0,124.8,27.1,162.9,90.3,101.4,124.0,180.1,97.2,133.1,117.3,65.2,161.7,95.5,91.0,116.2,91.8,91.7,27.9,74.5,201.3,57.1,138.1,140.2,105.9,106.0,21.1,31.0,102.0,123.7,95.3,19.4,143.0,101.1,48.5
PTGES2,78.8,59.7,76.7,67.2,43.0,55.8,32.1,77.6,23.6,37.8,43.1,23.8,29.7,35.2,17.1,114.0,40.7,20.9,47.4,12.7,32.2,49.1,41.9,36.2,72.1,57.1,21.6,9.6,38.4,100.1,17.1,24.4,60.7,8.5,16.2,52.4,18.5,35.8,32.5,25.9,55.5,28.8,9.4,118.2,61.1,49.8,33.9,20.3,19.6,62.1,32.2,44.0,12.0,57.9,49.0,55.4,61.3,14.7,12.2,76.1,7.2,10.8,72.6,16.0,32.4,39.9,27.8,67.7,78.5,46.5,25.3,29.0,25.1,53.8,38.2,33.5,18.1,69.0,49.6,53.2,80.6,30.2,47.8,20.0,74.3,88.4,76.7,89.6,64.6,13.2,103.1,73.9,20.5,17.6,41.4,80.8,145.7,32.8,117.2,18.4,21.6,29.5,86.5,93.0,35.6
PTRH2,63.2,115.8,104.6,62.6,89.6,129.2,43.0,46.6,84.8,71.1,58.5,31.6,75.7,60.2,77.3,54.6,44.4,47.6,101.5,87.6,55.3,90.8,113.5,56.5,88.9,105.6,80.8,100.9,97.3,106.4,135.1,91.2,131.4,74.6,136.4,61.1,88.4,62.3,101.3,118.3,70.8,84.5,66.4,82.3,95.2,36.0,72.4,107.7,125.8,114.2,91.4,97.1,104.7,132.8,124.7,105.9,137.6,85.9,79.0,57.4,81.6,54.6,72.4,127.0,105.7,76.5,68.0,82.4,97.2,15.6,21.5,90.8,80.1,93.8,96.0,194.3,99.8,76.0,67.4,118.6,77.9,78.6,88.9,73.9,124.3,68.7,30.2,158.0,124.4,64.9,103.7,122.5,115.2,161.8,105.3,102.3,45.1,106.4,130.5,80.2,121.5,23.2,150.5,140.7,97.4
PUS1,41.2,20.6,68.6,28.3,31.8,24.4,53.4,23.0,54.1,28.1,33.6,9.3,14.1,75.2,64.2,38.8,52.0,62.2,5.6,51.0,73.2,29.3,5.5,73.4,4.5,33.9,49.5,71.6,53.3,19.3,32.0,41.8,60.9,39.0,40.4,24.4,23.1,32.0,62.6,20.4,37.7,14.8,55.3,24.7,50.8,68.8,31.6,42.7,60.9,32.9,19.8,42.0,40.4,35.5,66.8,30.5,41.3,6.0,4.5,27.0,25.4,12.8,68.7,55.1,6.9,3.0,45.2,10.0,47.6,115.2,53.7,84.8,20.9,87.3,3.3,55.6,59.5,43.7,28.7,22.7,33.8,27.7,37.4,89.7,2.9,79.9,107.5,55.0,30.0,11.8,44.9,25.0,66.4,44.3,51.0,41.6,41.8,6.5,29.5,41.5,47.9,76.4,55.4,35.5,69.0
PXMP2,14.9,30.2,45.0,17.8,14.3,16.9,47.0,26.9,11.8,24.0,18.5,24.2,30.3,84.2,17.6,40.5,27.0,47.3,22.6,43.7,23.3,19.9,14.5,25.5,20.4,10.2,9.4,96.3,51.5,14.8,46.9,29.7,69.7,59.5,18.1,56.5,28.2,14.4,68.4,14.4,75.8,44.6,28.8,15.7,9.0,25.6,10.3,13.2,19.0,39.3,15.2,14.7,7.6,7.5,36.8,7.1,46.0,36.7,65.6,53.0,12.0,17.1,48.2,25.1,9.9,9.4,42.1,10.0,57.3,24.2,12.4,7.5,12.0,81.5,27.0,18.6,12.2,47.6,13.5,12.8,15.6,19.0,22.6,19.8,30.4,16.7,9.8,59.8,8.5,18.5,20.6,16.7,14.5,21.9,7.1,14.6,10.5,16.8,12.6,29.3,37.7,58.0,23.9,21.3,73.1
PXMP4,141.9,179.2,169.6,165.3,227.5,150.9,191.6,209.3,183.2,197.8,197.7,224.0,163.8,220.5,183.2,230.8,155.7,269.9,178.7,139.2,153.1,144.5,223.0,170.9,91.9,141.6,169.0,188.0,127.4,193.8,161.5,197.5,184.1,186.1,149.0,176.0,225.6,187.2,171.8,165.0,185.0,112.5,157.9,188.2,139.6,259.7,171.2,163.0,170.0,183.7,127.0,128.9,147.5,142.7,186.8,164.1,139.1,208.0,77.2,201.0,94.1,165.7,147.8,132.3,126.3,165.2,186.9,179.1,174.1,153.5,115.4,153.1,176.6,157.9,148.2,146.3,189.0,178.8,241.6,115.5,239.4,89.1,173.8,89.5,165.2,166.0,179.0,156.3,221.2,184.3,162.6,167.7,169.7,145.0,132.5,104.7,109.4,230.9,173.6,199.2,220.4,197.5,119.2,116.0,77.7
PYCR1,83.1,46.9,102.5,148.5,63.1,47.2,70.6,81.8,50.8,110.5,80.6,116.9,87.6,117.4,92.1,59.1,70.5,96.6,159.1,92.2,180.0,120.8,89.4,137.6,53.1,63.2,140.6,25.3,101.7,57.6,88.3,73.0,129.5,84.9,80.2,116.3,101.2,115.2,65.8,62.7,60.0,76.3,108.0,137.8,114.8,62.4,46.9,56.7,113.4,120.4,185.8,112.6,88.3,37.1,67.5,112.2,106.4,21.5,30.9,161.2,64.5,42.0,110.1,90.0,63.2,112.7,60.6,117.3,162.5,46.9,92.4,126.4,115.6,152.5,99.9,42.2,57.8,110.0,118.4,71.3,68.1,80.0,120.3,33.7,68.8,125.6,163.6,150.7,99.0,167.5,34.8,147.6,124.9,60.3,130.2,46.8,339.7,147.4,184.4,127.2,243.9,186.1,34.0,13.8,20.1
QDPR,48.3,103.1,115.4,63.2,109.3,133.1,66.5,69.7,110.1,78.8,18.6,72.3,71.1,88.9,97.2,47.1,121.7,152.2,83.4,94.0,31.8,85.5,91.0,40.6,68.3,54.2,112.4,88.0,47.1,11.7,61.3,43.4,45.4,86.9,70.8,64.7,161.6,77.2,111.3,76.0,124.5,119.3,174.6,12.1,59.0,102.8,82.6,90.9,69.4,24.1,10.1,96.5,100.1,86.7,117.4,80.6,93.4,85.3,87.5,12.6,67.7,91.3,71.9,89.2,76.9,73.6,44.9,102.7,68.3,22.8,12.4,101.0,80.0,87.4,112.1,119.7,113.8,82.3,57.4,49.7,138.4,83.2,115.3,70.7,55.8,125.9,159.1,38.5,97.9,58.1,60.7,11.2,23.5,97.7,43.1,143.8,44.3,4.7,4.6,27.5,9.1,55.6,75.3,56.8,64.9
QRSL1,86.6,66.5,70.45,62.25,85.6,81.9,74.15,64.80000000000001,100.5,71.5,83.35,65.85,77.15,86.15,104.85,92.30000000000001,86.4,85.5,75.05,55.75,60.5,73.5,65.8,65.75,58.35,56.5,88.5,111.45,76.05,47.15,64.5,85.4,41.3,71.05,88.9,60.150000000000006,88.15,64.6,65.7,66.45,64.05000000000001,61.95,48.45,81.8,62.099999999999994,81.25,52.099999999999994,85.7,65.19999999999999,56.5,56.800000000000004,53.95,69.0,52.7,64.35,65.05,65.95,62.849999999999994,54.0,58.2,37.15,80.55,64.15,49.599999999999994,39.2,62.35,68.9,71.85,60.150000000000006,80.3,36.699999999999996,77.7,57.45,85.15,52.1,67.4,66.6,47.75,74.8,79.75,80.65,66.9,86.85,39.45,65.8,50.4,110.2,54.5,64.75,69.55,101.9,73.8,49.95,69.94999999999999,74.25,100.05,97.69999999999999,35.65,91.94999999999999,67.8,72.45,68.0,33.95,55.35,22.0
QTRT1,29.6,17.1,19.1,10.4,51.8,41.7,31.4,59.3,12.4,24.6,16.8,22.3,8.9,25.7,31.9,67.8,27.7,24.6,24.5,7.1,22.0,37.2,21.8,13.7,9.9,12.2,19.9,20.0,7.3,11.4,27.8,32.4,18.1,45.8,27.0,16.7,12.8,27.3,8.0,6.8,32.3,29.5,54.4,43.4,9.8,19.6,32.2,21.5,33.5,53.1,35.9,15.1,15.8,18.7,24.0,26.7,8.7,20.6,11.5,26.5,14.0,9.3,9.2,25.7,11.0,13.5,19.5,9.4,35.1,25.5,24.9,14.1,32.6,7.5,12.9,8.8,14.1,9.7,21.1,15.3,15.8,12.3,15.3,65.1,19.9,10.8,15.3,14.5,12.2,27.3,16.2,22.0,10.1,16.5,38.4,18.6,22.6,26.4,44.2,34.0,90.6,18.5,10.5,9.5,7.0
RARS2,1.8,2.7,2.3,1.2,2.6,2.6,2.1,5.0,1.2,2.9,4.2,5.7,1.7,2.3,2.1,1.9,2.4,6.1,4.0,1.6,2.1,2.6,5.1,4.7,1.8,2.4,6.9,1.2,3.3,3.5,1.5,4.8,1.6,19.4,4.4,15.1,3.0,10.0,5.2,2.3,0.9,1.8,1.0,1.6,2.3,2.4,0.6,19.3,0.7,3.4,8.8,1.2,2.7,1.6,1.8,7.1,1.8,2.2,1.4,1.7,6.5,23.4,4.2,1.8,3.9,1.0,21.1,3.9,4.3,30.6,30.2,23.9,1.0,3.5,1.7,1.7,12.5,28.4,4.2,4.3,4.0,2.6,1.2,2.3,3.1,2.4,3.3,3.6,41.3,1.8,5.9,21.0,5.1,1.0,1.9,11.7,1.8,32.7,2.4,2.6,9.6,3.3,0.9,1.2,2.6
RBFA,68.7,57.7,69.6,30.2,24.8,32.8,41.5,14.8,48.5,50.8,12.1,66.5,44.2,60.5,35.9,58.5,56.9,66.8,65.6,38.1,16.9,18.1,10.3,43.9,10.9,46.3,46.6,10.6,37.3,11.0,9.8,66.6,86.3,46.6,49.7,60.4,14.0,42.4,5.0,72.2,26.5,47.7,76.1,48.5,44.5,45.7,60.7,7.3,29.0,43.8,12.2,64.8,9.1,13.0,10.5,48.9,38.8,64.5,59.8,37.5,39.9,32.3,17.5,3.7,37.9,9.3,86.0,3.2,10.4,51.4,21.9,71.1,58.6,41.6,75.1,38.2,13.9,19.4,6.9,8.2,50.5,18.3,4.1,57.7,42.6,59.3,71.3,8.6,11.4,12.3,54.5,87.8,76.8,92.0,3.2,11.9,16.6,70.9,101.2,58.6,14.4,76.9,116.4,50.6,111.7
RECQL4,5.3,13.5,8.8,10.9,6.1,4.2,4.3,22.3,5.4,5.6,7.4,8.0,7.2,14.8,4.2,4.4,8.5,9.8,9.6,14.8,6.4,11.2,4.2,5.3,11.3,10.0,15.0,37.8,17.6,5.4,7.1,6.9,7.6,11.0,4.6,5.7,9.0,4.8,5.2,7.1,8.5,4.2,10.5,9.4,24.3,5.9,2.9,3.0,9.9,9.9,22.6,4.5,3.1,2.5,5.4,3.4,8.2,8.4,3.7,7.5,40.3,4.9,55.3,23.0,9.6,4.5,4.2,6.3,8.2,27.9,8.8,5.2,7.6,11.8,6.7,14.6,10.6,27.4,5.0,8.1,11.0,25.7,8.4,9.2,4.8,5.2,6.4,11.5,15.1,17.8,13.2,17.8,13.7,24.8,5.6,8.6,13.7,32.3,6.2,8.3,12.3,12.5,4.6,13.6,56.7
REXO2,146.2,146.1,192.8,149.3,167.1,217.5,113.7,209.1,167.4,114.6,149.2,82.4,128.3,177.7,157.2,121.5,119.1,168.4,152.0,181.1,246.2,156.8,163.3,152.6,209.0,220.3,157.6,153.6,159.3,199.1,147.3,165.0,205.0,207.4,173.9,159.2,122.6,143.9,188.6,196.4,225.4,131.6,155.2,199.0,170.0,208.9,151.6,181.1,200.9,122.4,172.9,130.0,220.6,226.6,226.2,234.8,162.6,160.4,153.7,145.3,153.1,151.7,215.3,237.4,180.1,104.7,178.5,185.5,184.4,160.3,140.4,165.2,133.8,207.7,127.1,157.7,174.3,126.3,193.3,179.2,167.7,130.2,207.3,91.3,148.4,174.3,125.6,176.5,108.2,112.4,148.8,146.7,187.7,212.3,138.6,105.9,168.6,186.0,176.1,187.6,172.4,133.1,273.0,101.6,158.4
RFK,65.1,48.300000000000004,44.3,46.1,46.6,45.1,64.0,51.35,52.5,48.25,32.55,89.9,38.4,32.45,59.650000000000006,26.45,15.1,31.5,23.05,39.55,40.4,45.3,46.0,43.5,61.55,67.15,17.15,58.3,18.349999999999998,28.95,27.85,25.25,27.299999999999997,51.150000000000006,40.9,42.25,36.7,48.5,50.5,36.15,17.1,54.75,54.55,46.050000000000004,37.55,41.6,35.3,64.25,39.05,29.05,44.650000000000006,40.849999999999994,67.9,48.2,52.25,63.65,44.15,66.35,53.2,47.849999999999994,56.95,28.35,26.8,59.75,41.150000000000006,59.599999999999994,53.85,52.55,39.05,49.55,46.1,44.95,22.9,49.349999999999994,18.25,30.6,44.400000000000006,38.4,43.5,35.1,36.1,8.55,21.900000000000002,15.4,9.350000000000001,30.0,34.35,39.550000000000004,3.2,14.6,51.65,16.35,42.45,52.75,43.45,17.2,43.0,33.65,56.35,31.3,47.55,42.95,44.95,11.0,18.9
RHOT1,175.55,184.39999999999998,163.05,109.0,147.15,183.8,148.4,191.75,248.8,167.9,220.55,195.55,199.3,107.0,153.25,137.3,98.14999999999999,84.15,82.4,138.2,191.1,133.85,277.4,111.2,201.35,180.7,207.60000000000002,116.15,155.55,163.9,158.85,235.25,190.95,201.85,214.55,143.45,170.05,190.2,166.85,198.55,105.8,242.2,189.45,138.9,170.7,132.5,136.05,159.9,200.2,178.5,200.7,175.5,258.35,213.4,237.39999999999998,176.95,242.85000000000002,91.3,149.2,161.65,397.4,150.75,125.1,241.8,204.5,249.85,181.14999999999998,228.39999999999998,182.75,145.65,189.95,147.89999999999998,199.95,152.8,192.89999999999998,248.95,198.5,156.60000000000002,197.45,168.85,140.6,156.8,153.35,156.85000000000002,155.85,141.45,80.05,237.75,129.1,147.1,159.3,147.65,171.35000000000002,160.0,202.45,222.4,161.9,119.25,91.85,173.2,170.05,153.9,219.25,103.85000000000001,195.45
RHOT2,117.39999999999999,136.66666666666666,85.36666666666667,85.16666666666667,97.23333333333333,76.53333333333335,88.86666666666667,120.33333333333333,124.16666666666667,66.06666666666666,51.43333333333334,72.56666666666666,35.13333333333333,110.8,64.76666666666667,118.33333333333333,85.46666666666665,86.33333333333333,101.83333333333333,66.83333333333333,78.3,74.56666666666666,44.9,71.13333333333334,113.86666666666667,53.800000000000004,75.3,61.333333333333336,71.03333333333333,76.36666666666666,83.36666666666666,35.266666666666666,94.43333333333334,68.3,70.06666666666666,40.9,115.90000000000002,52.03333333333333,87.7,86.83333333333333,75.56666666666666,108.76666666666667,75.43333333333334,85.2,71.7,39.73333333333333,93.76666666666667,75.56666666666666,100.7,63.93333333333334,107.0,122.73333333333333,85.73333333333333,60.46666666666667,58.06666666666666,51.36666666666667,72.10000000000001,45.5,118.46666666666665,49.699999999999996,70.96666666666667,34.9,96.73333333333333,53.333333333333336,59.23333333333333,79.4,89.7,32.46666666666666,106.53333333333335,80.46666666666667,104.89999999999999,140.33333333333334,58.73333333333333,46.06666666666666,89.53333333333335,83.83333333333333,97.8,64.13333333333334,76.16666666666667,108.66666666666667,72.93333333333334,80.39999999999999,60.26666666666667,35.666666666666664,115.10000000000001,109.43333333333334,72.76666666666667,97.39999999999999,62.93333333333334,131.3,48.13333333333333,72.39999999999999,95.33333333333333,70.76666666666667,106.76666666666667,89.90000000000002,157.16666666666666,72.0,71.03333333333333,131.73333333333332,75.53333333333335,62.36666666666667,111.93333333333334,57.76666666666667,116.93333333333334
RMDN1,34.8,28.6,57.5,36.6,52.7,52.0,37.1,41.2,51.1,47.9,46.6,46.7,49.4,19.2,42.8,42.7,27.0,13.0,31.8,30.3,63.2,25.9,25.3,39.4,47.8,65.7,57.5,66.0,45.3,36.8,48.5,69.2,56.1,46.4,28.5,44.1,46.6,47.7,34.9,38.3,44.3,36.7,47.5,40.1,39.6,37.4,39.0,50.4,41.2,63.8,36.1,39.2,48.1,54.7,47.6,35.3,35.9,57.6,51.7,54.1,60.5,39.2,57.2,52.4,54.6,58.2,75.2,59.1,37.2,38.0,74.4,54.1,55.1,51.0,43.6,65.2,57.5,42.9,28.3,46.6,52.4,48.2,35.8,47.9,46.7,34.8,38.3,53.5,25.4,52.2,53.5,15.8,35.0,52.4,51.9,49.2,71.6,55.9,48.7,29.4,28.0,38.0,69.1,34.3,98.0
RMDN3,95.7,151.2,115.4,136.2,173.2,149.2,146.6,318.8,139.6,141.1,168.6,116.5,170.6,269.6,136.2,169.0,252.6,156.1,286.2,145.7,172.7,152.8,169.6,95.2,187.6,105.6,190.3,245.9,100.9,186.5,132.2,145.2,107.0,131.9,117.5,136.1,187.2,140.2,162.6,104.5,170.5,112.2,123.5,179.5,185.1,194.0,159.1,162.1,157.4,184.1,154.9,185.7,173.2,140.7,90.4,115.5,169.3,189.0,142.1,78.0,130.9,216.9,151.0,137.3,153.8,97.2,166.9,164.4,141.7,144.9,213.6,144.8,153.1,119.1,201.1,136.6,144.1,195.8,204.1,167.6,199.6,154.4,205.3,157.0,147.6,186.6,300.3,103.1,67.0,136.3,205.1,177.3,185.0,138.7,179.0,254.0,242.2,186.2,191.9,195.1,226.5,163.7,130.0,73.3,162.9
RMND1,43.3,63.1,45.4,36.4,39.2,55.7,39.7,35.7,39.4,22.7,18.0,41.5,3.5,25.1,39.8,60.3,64.8,27.7,10.5,46.5,52.0,45.4,29.4,57.4,41.0,26.6,6.4,46.3,35.8,62.3,39.6,40.7,50.9,40.9,38.6,12.2,70.5,19.1,33.1,62.8,28.3,37.4,9.2,27.2,34.9,6.7,42.7,48.5,46.5,61.9,57.0,50.9,33.5,28.7,60.6,50.3,42.3,24.3,22.9,46.7,35.9,62.8,37.9,37.0,51.0,25.8,23.2,63.3,30.0,55.7,3.6,15.4,17.6,34.8,7.1,33.1,52.1,18.9,39.5,40.7,66.5,9.3,36.3,6.7,35.8,28.9,54.6,28.5,32.2,4.6,49.4,38.9,51.0,10.9,50.7,40.1,2.9,9.6,38.4,84.0,40.3,24.4,45.7,5.2,71.9
RNASEH1,156.95,111.65,157.7,150.85,129.95,196.15,196.95,118.65,157.10000000000002,146.0,148.8,89.25,135.05,152.85,167.35,166.2,97.9,151.9,131.4,168.15,134.60000000000002,89.6,146.25,185.5,144.65,149.5,170.39999999999998,169.75,174.45,153.35,123.15,144.95,174.75,198.45,159.6,175.05,140.0,198.85,135.8,153.05,168.35,150.5,178.75,170.7,167.2,245.85000000000002,115.5,148.3,151.85,183.05,117.9,209.25,175.25,151.10000000000002,173.4,177.1,137.4,140.15,151.2,147.15,116.95,189.60000000000002,257.45,140.45,174.65,128.9,242.8,148.35,131.89999999999998,142.95,75.75,146.89999999999998,146.6,215.60000000000002,94.1,160.64999999999998,144.95,173.5,147.65,158.85,188.25,174.95,139.25,120.44999999999999,173.55,153.3,187.25,209.8,166.9,72.75,138.4,101.25,187.39999999999998,142.4,183.25,96.1,137.7,136.05,216.55,66.9,149.10000000000002,80.65,147.25,211.39999999999998,108.2
RPIA,244.5,296.1,131.1,196.9,155.9,231.9,111.5,306.2,208.1,142.0,270.3,119.6,146.7,192.9,67.3,317.5,74.3,174.9,181.1,217.3,349.8,202.7,174.9,156.7,410.5,244.8,332.6,180.1,126.3,503.9,245.6,185.3,298.2,270.1,232.0,182.4,171.3,263.6,267.5,123.5,233.5,249.1,132.4,329.5,553.4,299.9,253.7,245.6,420.0,314.0,534.6,232.3,263.5,172.8,311.7,202.5,140.2,188.6,169.3,293.3,152.7,143.1,275.5,250.7,288.0,154.0,182.6,182.5,270.3,362.7,264.4,287.8,183.0,188.3,203.9,321.3,144.7,250.8,83.8,139.0,202.3,219.8,468.2,180.2,262.2,229.9,315.0,332.4,266.0,357.0,169.1,484.4,316.7,212.9,192.9,211.9,437.6,380.6,347.4,435.6,263.9,147.1,183.0,150.0,205.9
RSAD1,197.4,175.9,168.5,102.7,153.6,210.1,174.2,145.2,89.2,126.4,69.0,124.9,136.4,150.3,232.3,183.9,119.4,139.9,150.1,118.5,114.1,183.3,200.8,157.8,136.1,108.6,144.0,145.8,145.7,158.1,127.5,138.5,161.7,180.2,127.2,140.7,220.1,123.1,156.7,131.3,158.9,113.8,171.0,124.7,143.6,166.2,165.9,185.9,151.0,153.4,156.8,109.1,189.6,153.2,134.2,113.2,134.2,156.4,113.6,133.3,122.7,153.7,129.9,140.3,114.8,159.4,102.7,175.0,145.7,179.6,118.0,171.8,124.3,177.4,120.5,105.8,142.6,152.4,129.1,162.9,143.8,155.5,183.4,100.2,109.4,189.2,239.4,107.0,85.5,149.6,103.0,157.9,158.2,172.3,121.8,91.3,49.0,161.3,162.3,122.8,123.1,129.8,127.6,114.5,84.2
SAMM50,130.7,119.85,156.15,170.39999999999998,139.0,172.0,161.2,118.3,142.55,110.5,152.8,119.55,152.55,122.64999999999999,128.4,163.89999999999998,192.64999999999998,139.65,143.25,180.8,166.8,127.35000000000001,174.05,182.39999999999998,134.15,129.1,110.75,166.95,132.65,116.89999999999999,136.35,134.25,136.1,168.55,118.6,114.05,101.75,119.6,90.85,135.6,196.15,128.05,178.25,122.6,123.85000000000001,120.9,174.85,137.35,122.75,80.5,73.2,137.45,167.55,152.25,121.25,165.45,144.0,139.75,112.69999999999999,98.65,104.15,154.55,163.35,114.45,90.9,140.7,131.05,119.30000000000001,96.3,75.15,48.099999999999994,116.5,110.25,224.35,99.85,126.1,129.5,130.75,134.95,75.95,126.4,77.5,180.39999999999998,149.35,162.85000000000002,123.75,115.15,136.15,62.05,78.35,112.5,143.55,97.35,107.4,103.75,80.1,114.55000000000001,118.35,172.05,85.05,174.15,95.69999999999999,140.05,117.8,117.95
SARDH,15.975,33.35,36.3,14.775,34.95,17.1,28.325,38.25,20.4,35.825,17.125,34.15,9.775,29.55,26.85,22.4,33.475,21.8,33.675,24.0,25.75,44.25,12.9,9.625,28.6,20.05,38.825,23.1,25.025,12.75,24.424999999999997,20.95,24.85,14.850000000000001,13.125,22.325,20.900000000000002,25.675,22.8,20.775,24.25,23.425,38.175,22.175,24.1,32.15,18.75,21.325,25.400000000000002,32.55,35.95,21.5,14.625,12.774999999999999,9.45,24.6,20.525,15.45,13.925,24.6,23.75,22.375,16.975,29.4,30.975,23.225,12.925,36.3,39.625,29.099999999999998,53.55,24.85,16.25,30.5,47.075,28.725,20.825000000000003,20.299999999999997,28.150000000000002,23.9,18.625,41.150000000000006,29.174999999999997,35.55,21.425,24.174999999999997,25.375,20.65,29.975,39.1,36.2,24.15,44.175,23.200000000000003,27.575,26.475,33.675,52.55,16.575,22.225,35.575,79.675,20.95,25.799999999999997,33.8
SARS2,7.9,40.8,48.4,31.0,41.1,59.6,49.0,24.0,12.4,5.8,44.4,28.2,30.3,72.1,71.7,14.3,44.6,17.2,18.4,9.1,11.4,14.9,49.4,13.7,25.7,25.2,27.7,51.1,38.1,20.5,28.1,30.7,9.7,28.4,50.1,27.1,44.2,3.0,4.1,41.8,31.9,4.2,26.4,52.9,37.6,49.6,11.0,53.5,40.8,21.4,46.6,27.9,17.3,22.7,30.2,71.6,22.8,56.8,38.9,3.8,12.2,4.8,65.1,20.7,22.0,50.8,50.9,23.6,64.1,50.5,86.5,45.2,72.8,38.5,18.6,3.3,47.2,42.8,37.7,84.5,10.2,136.8,56.0,78.2,38.5,54.3,4.0,36.3,68.5,7.0,36.8,36.4,73.9,88.0,20.3,40.4,131.5,6.3,6.2,45.9,51.1,72.4,4.0,78.8,36.3
SCO2,177.9,162.9,243.9,157.8,213.2,156.4,165.5,236.6,535.0,204.6,145.7,290.6,197.2,173.1,330.7,176.3,238.0,247.0,154.5,183.0,141.2,88.3,222.0,204.0,192.6,193.4,117.3,156.0,239.8,164.1,157.4,187.8,148.6,111.5,182.0,107.1,246.1,172.7,96.5,155.4,158.4,216.6,180.2,198.9,177.9,184.5,148.3,194.3,120.8,156.2,87.5,203.9,191.3,149.4,218.8,195.0,224.1,198.8,168.1,162.6,321.0,37.5,115.2,114.2,139.1,286.0,153.9,140.5,162.7,145.6,151.6,315.3,168.2,201.3,108.4,203.6,210.2,138.1,212.6,179.8,115.2,190.2,93.2,165.5,269.4,148.4,122.8,206.4,150.0,188.5,94.1,89.6,122.2,179.8,187.0,190.1,173.2,171.2,187.7,64.9,104.9,137.2,121.9,126.0,244.1
SCP2,197.05,173.0,199.6,154.05,209.60000000000002,218.95,226.05,113.45,198.0,145.75,173.05,146.15,244.55,71.55000000000001,169.7,123.75,63.05,72.2,93.75,223.65,171.95,154.14999999999998,160.3,189.9,203.0,195.15,147.05,186.6,184.85000000000002,129.95,148.2,249.05,182.2,277.55,260.45,181.45,141.10000000000002,156.2,166.5,207.8,224.1,224.3,239.0,208.2,251.85,261.1,252.65,386.05,205.0,158.55,107.5,240.2,312.75,252.6,257.45,196.10000000000002,218.7,161.95,238.89999999999998,97.15,252.9,276.29999999999995,200.95,240.0,226.75,212.5,222.8,254.20000000000002,152.25,174.3,144.60000000000002,225.4,139.45,308.20000000000005,119.1,164.14999999999998,238.1,284.9,200.89999999999998,159.4,229.10000000000002,202.85000000000002,352.09999999999997,197.0,143.8,185.14999999999998,173.25,172.55,241.05,120.25,191.55,143.5,206.85000000000002,254.9,212.3,194.45,203.3,156.45,119.5,152.0,121.15,130.10000000000002,171.75,75.65,242.35000000000002
SDHA,227.7,238.8,183.0,339.5,308.5,520.6,286.7,368.5,166.3,228.7,223.8,147.8,176.1,384.8,117.1,239.3,339.9,372.9,317.1,315.2,238.9,280.4,257.4,339.5,359.6,299.5,237.2,166.1,253.2,301.9,275.3,189.3,234.8,357.5,527.2,303.7,275.6,291.4,284.5,237.9,280.3,322.2,303.4,329.8,213.1,318.0,351.5,469.6,355.5,285.6,161.4,395.8,262.5,388.5,411.4,436.0,458.4,301.8,314.2,359.5,226.6,287.2,353.4,293.8,237.4,274.9,283.0,334.6,51.5,274.7,416.7,295.2,192.2,379.1,303.1,379.4,183.9,399.9,314.2,344.3,406.9,402.4,246.6,218.0,347.9,316.6,356.9,238.8,282.3,321.2,186.6,307.1,253.6,329.0,337.6,228.3,524.1,416.0,316.8,383.5,261.8,338.4,398.4,257.9,394.2
SDHAF1,163.10000000000002,185.3,155.3,201.35000000000002,167.54999999999998,159.85000000000002,155.05,296.0,126.25,190.45,138.4,140.5,109.25,206.55,156.45,200.85,189.05,206.75,223.60000000000002,118.6,132.5,202.85,163.64999999999998,132.29999999999998,112.9,151.3,211.5,147.3,164.55,178.75,141.9,139.15,138.15,134.85000000000002,158.25,128.4,127.89999999999999,117.6,167.35000000000002,136.35,132.35,120.85,128.15,108.7,153.65,170.15,112.65,142.55,122.15,123.6,167.5,191.25,93.7,92.05,110.05000000000001,104.3,133.35,139.2,125.0,106.2,110.7,169.0,140.0,103.75,146.85,158.45,144.05,171.8,172.15,155.60000000000002,231.9,167.5,135.2,151.2,156.6,144.25,154.65,169.7,148.85,144.1,158.95,163.85,134.8,132.5,175.75,177.7,197.2,175.3,117.95,158.45,134.85,188.0,126.60000000000001,131.7,133.95,129.7,140.1,243.75,161.4,160.6,170.25,194.8,165.2,186.1,165.85000000000002
SDHB,69.0,73.64999999999999,70.9,77.35,66.9,84.5,70.35,91.45,78.4,68.55000000000001,66.8,74.65,81.9,96.5,82.1,82.25,121.85,75.9,101.94999999999999,109.3,124.25,98.4,87.4,67.45,81.89999999999999,47.949999999999996,77.65,92.5,111.45,89.5,121.6,79.25,72.2,91.44999999999999,90.85,72.7,64.5,114.0,75.35000000000001,105.89999999999999,106.15,120.44999999999999,105.0,51.4,66.8,72.05,88.25,86.8,70.9,92.19999999999999,74.9,74.3,91.05000000000001,91.95,82.05000000000001,123.25,81.4,112.2,103.30000000000001,86.3,63.95,76.8,111.3,85.25,78.44999999999999,92.25,83.6,75.55,64.65,86.6,115.4,96.64999999999999,104.39999999999999,69.75,104.55,111.0,75.45,60.5,102.7,88.15,64.75,74.2,90.15,54.5,76.4,42.699999999999996,81.15,73.3,54.15,86.3,68.9,65.0,68.6,87.35000000000001,67.35,62.599999999999994,86.80000000000001,85.6,74.35,61.7,43.400000000000006,125.0,70.0,67.8,138.25
SDHC,224.7,183.175,216.05,176.22500000000002,214.6,173.35,253.45,169.775,189.975,195.95000000000002,171.275,236.17499999999998,159.45,189.95000000000002,208.29999999999998,208.925,187.475,164.55,169.575,162.65,198.775,212.65,167.675,184.45000000000002,182.525,205.32500000000002,233.67499999999998,186.425,193.275,203.525,184.65,155.6,181.275,209.15,205.0,197.35,229.825,169.2,190.325,136.675,187.65,155.675,213.525,226.89999999999998,186.35,180.925,174.42499999999998,213.625,200.3,168.025,206.17499999999998,205.125,175.25,191.075,218.85,211.67499999999998,251.025,200.65,146.52499999999998,172.5,149.325,198.77499999999998,176.1,185.675,170.6,185.175,227.1,180.875,190.85000000000002,200.625,197.22500000000002,191.9,212.92499999999998,246.975,178.6,203.15,164.55,206.875,179.875,176.9,191.05,178.15,225.2,187.5,206.125,210.925,194.5,161.9,204.85000000000002,188.525,206.175,171.14999999999998,177.225,155.45,175.625,193.25,174.725,161.375,193.375,169.025,162.9,162.025,175.20000000000002,155.55,208.6
SDHD,191.35,161.35,119.0,122.25,101.5,129.7,153.15,97.39999999999999,118.3,146.55,147.9,132.15,143.2,114.05,123.30000000000001,140.9,147.75,84.7,113.0,162.6,151.75,213.35,148.55,148.35,154.45000000000002,186.9,80.8,132.55,113.35000000000001,110.85,126.35,172.85,146.75,226.25,177.20000000000002,206.5,134.3,172.85,105.2,154.3,119.8,191.20000000000002,196.85,99.9,144.0,104.6,138.7,224.55,159.45000000000002,132.8,145.65,115.5,239.25,193.65,196.9,189.2,153.95,107.7,94.05,121.65,157.15,159.95,140.4,181.1,201.3,190.54999999999998,138.85,138.5,113.55,93.25,81.39999999999999,112.8,152.3,101.69999999999999,163.6,131.45,131.5,163.7,140.95,158.45,153.5,134.05,139.0,120.75,100.85,105.3,92.8,149.8,133.6,189.8,162.20000000000002,94.80000000000001,152.35,149.60000000000002,168.6,127.85,127.1,161.2,150.79999999999998,162.7,111.35,101.55000000000001,119.25,111.55000000000001,173.2
SDR39U1,149.2,170.8,187.7,155.1,206.7,239.7,231.0,170.0,179.0,157.1,123.7,187.2,164.0,233.7,165.7,232.3,307.3,302.8,216.6,181.6,134.8,247.7,163.5,229.3,158.8,156.0,142.6,180.6,185.9,182.5,140.2,136.3,150.2,192.0,156.5,235.2,160.4,209.0,159.7,176.3,157.6,127.2,163.5,247.5,196.1,178.9,197.5,209.6,159.3,226.5,185.5,176.5,228.2,192.8,180.8,240.4,179.3,143.6,126.3,174.3,153.7,190.9,190.5,159.1,182.3,132.6,184.0,176.0,151.1,122.5,133.6,159.6,184.2,232.5,179.8,94.2,201.2,201.0,123.0,146.0,221.4,137.8,201.6,202.9,182.6,210.7,182.4,158.5,148.5,143.6,229.3,145.4,177.7,158.8,202.6,77.4,178.4,131.1,209.5,159.5,94.0,169.8,164.2,271.6,146.4
SERHL2,59.3,11.799999999999999,36.25,22.15,23.1,10.399999999999999,18.4,14.8,28.65,56.8,58.9,71.7,29.65,21.85,13.600000000000001,24.6,16.099999999999998,23.85,30.4,60.25,16.85,27.0,21.15,48.4,28.65,37.85,51.6,33.45,13.05,22.15,18.900000000000002,3.6500000000000004,4.55,46.05,29.3,21.1,14.700000000000001,18.4,29.6,58.0,25.950000000000003,9.700000000000001,19.65,53.900000000000006,11.100000000000001,25.6,27.9,21.55,29.8,58.849999999999994,61.4,22.0,6.35,30.0,10.65,26.25,7.3500000000000005,46.0,19.200000000000003,48.45,15.0,11.25,12.5,17.5,19.9,26.05,45.1,29.4,26.599999999999998,52.3,55.95,21.0,15.95,11.399999999999999,31.15,25.200000000000003,10.9,13.700000000000001,27.15,33.5,33.85,12.350000000000001,37.1,71.65,23.5,23.75,22.2,5.05,22.8,15.35,54.85,64.6,32.05,19.75,24.4,27.4,18.1,107.0,31.4,16.65,64.55,37.3,59.7,37.6,28.1
SFXN1,73.5,33.6,81.3,51.8,60.0,49.3,58.7,71.5,78.2,26.2,70.8,98.2,27.6,51.6,51.8,23.4,58.2,13.2,74.6,21.4,83.9,75.2,36.2,91.8,90.4,13.4,11.2,46.2,82.2,33.5,104.6,37.9,72.8,14.3,59.5,74.9,52.6,53.8,99.0,69.3,11.7,88.7,41.6,79.0,75.2,73.9,33.8,93.1,46.8,43.1,130.2,77.8,63.4,64.6,71.8,41.0,50.4,21.6,32.4,12.1,48.3,74.7,116.5,12.9,82.2,109.1,53.5,101.0,57.9,74.4,133.9,66.0,78.2,71.4,58.9,54.3,58.4,11.6,55.8,16.8,84.7,74.6,56.0,63.1,24.5,42.7,34.0,92.8,81.0,73.1,83.9,47.4,84.4,51.8,12.6,114.9,100.9,24.5,64.8,63.4,79.3,112.4,55.3,66.1,137.7
SFXN3,51.6,55.199999999999996,74.2,94.05,54.5,97.55000000000001,78.0,78.9,54.150000000000006,31.85,64.5,45.300000000000004,78.75,93.05000000000001,67.05,40.349999999999994,49.2,61.15,58.7,69.35,56.4,52.0,75.05,61.3,98.55,68.0,48.0,65.35,79.65,52.900000000000006,70.65,67.3,41.449999999999996,39.7,72.95,52.150000000000006,90.15,54.900000000000006,59.349999999999994,59.75,45.35,52.75,63.9,51.0,83.4,116.19999999999999,50.45,94.75,66.25,51.650000000000006,62.400000000000006,82.25,64.15,61.15,85.75,62.65,68.69999999999999,98.35,35.05,46.0,57.7,46.5,66.1,33.0,68.05,56.650000000000006,71.15,56.7,50.0,30.65,95.35,112.25,62.8,88.35,37.3,57.0,95.15,67.0,67.75,40.65,61.75,75.9,33.5,53.35,42.5,38.7,46.15,67.65,44.5,34.15,58.150000000000006,39.75,49.599999999999994,64.9,49.6,51.0,50.25,39.400000000000006,40.599999999999994,60.25,22.1,57.650000000000006,63.7,83.6,38.05
SHMT2,64.63333333333334,45.166666666666664,88.66666666666667,65.39999999999999,68.0,104.56666666666666,79.06666666666666,61.833333333333336,63.699999999999996,78.60000000000001,71.53333333333335,52.43333333333334,100.86666666666667,74.86666666666666,86.10000000000001,72.93333333333334,110.66666666666667,119.30000000000001,92.06666666666666,97.76666666666667,71.5,84.63333333333333,75.6,87.0,62.43333333333333,85.2,66.16666666666667,93.73333333333333,76.43333333333334,57.46666666666667,67.56666666666668,53.63333333333333,48.36666666666667,57.73333333333334,74.03333333333333,66.99999999999999,58.166666666666664,61.36666666666667,89.89999999999999,62.26666666666667,82.10000000000001,63.400000000000006,83.33333333333333,77.23333333333333,79.56666666666666,103.23333333333333,72.6,69.36666666666666,68.53333333333335,49.36666666666667,13.133333333333333,57.29999999999999,98.83333333333333,91.43333333333332,73.96666666666667,111.43333333333334,61.73333333333334,83.9,60.166666666666664,67.10000000000001,29.066666666666663,68.3,72.26666666666667,96.09999999999998,28.366666666666664,61.366666666666674,83.0,61.03333333333334,77.7,90.59999999999998,99.5,79.53333333333333,66.96666666666667,70.46666666666667,56.333333333333336,59.76666666666667,84.63333333333334,49.96666666666667,54.66666666666668,75.39999999999999,82.83333333333333,70.96666666666667,89.33333333333333,80.93333333333334,59.333333333333336,90.8,90.60000000000001,15.466666666666667,55.866666666666674,53.900000000000006,92.03333333333335,42.23333333333333,82.8,75.60000000000001,90.83333333333333,50.166666666666664,17.566666666666666,64.26666666666667,41.56666666666666,83.10000000000001,87.33333333333333,70.06666666666666,73.96666666666665,80.2,43.63333333333333
SIRT3,121.63333333333333,115.8,123.3,106.83333333333333,136.70000000000002,102.3,85.5,169.03333333333333,124.3,111.2,124.76666666666667,143.0,110.2,172.1,111.2,97.66666666666667,109.83333333333333,195.33333333333334,148.66666666666666,124.86666666666667,119.3,129.96666666666667,92.56666666666666,127.09999999999998,121.03333333333335,115.59999999999998,113.8,182.29999999999998,77.66666666666667,107.73333333333333,117.19999999999999,110.23333333333333,118.03333333333332,117.03333333333335,131.5666666666667,102.43333333333334,176.86666666666667,136.4,131.29999999999998,79.66666666666667,103.2,95.13333333333333,93.89999999999999,172.9333333333333,139.1,102.26666666666665,107.03333333333335,97.43333333333334,131.66666666666666,146.23333333333332,175.46666666666667,85.06666666666666,97.89999999999999,74.2,111.39999999999999,123.60000000000001,97.43333333333334,110.10000000000001,93.66666666666667,170.46666666666667,72.73333333333333,154.9,118.03333333333335,75.3,157.9,87.66666666666667,109.96666666666665,106.33333333333333,139.63333333333333,161.03333333333333,156.36666666666665,143.53333333333333,102.86666666666666,152.43333333333334,109.36666666666666,121.23333333333333,91.89999999999999,105.03333333333335,116.10000000000001,126.03333333333335,87.33333333333333,151.5,124.53333333333335,118.53333333333335,183.26666666666665,144.96666666666667,203.03333333333333,153.70000000000002,152.66666666666666,164.2,112.5,167.86666666666667,115.3,92.8,114.16666666666667,157.0,142.8,168.13333333333333,134.86666666666667,145.0,115.93333333333334,158.5666666666667,101.06666666666668,112.56666666666668,99.46666666666665
SIRT4,20.849999999999998,15.100000000000001,26.75,13.3,17.9,16.75,17.6,16.25,17.75,21.75,6.800000000000001,38.7,3.55,18.1,25.200000000000003,25.5,13.850000000000001,18.8,29.45,6.25,14.0,27.2,22.599999999999998,20.05,7.3,21.7,16.8,23.65,12.0,17.900000000000002,17.049999999999997,24.950000000000003,7.2,12.549999999999999,4.15,5.75,17.0,26.85,22.2,4.2,9.2,10.95,14.95,14.0,18.599999999999998,6.9,5.45,15.100000000000001,11.299999999999999,6.35,5.35,5.95,4.15,7.35,10.5,4.65,15.9,19.0,24.549999999999997,9.65,12.25,30.0,27.15,5.95,18.450000000000003,14.55,16.45,27.400000000000002,11.049999999999999,7.0,31.3,5.449999999999999,10.55,15.45,29.75,15.5,11.35,7.550000000000001,13.399999999999999,8.55,4.4,15.2,24.049999999999997,17.15,5.949999999999999,23.9,21.55,21.25,4.449999999999999,5.2,6.9,4.9,13.5,3.95,6.1499999999999995,26.4,6.7,6.75,3.7,5.4,48.15,42.4,19.299999999999997,44.0,4.6
SIRT5,77.7,78.05000000000001,62.650000000000006,95.44999999999999,102.15,74.25,105.15,115.65,80.15,91.8,153.85,81.4,59.85,145.29999999999998,90.69999999999999,100.05000000000001,83.44999999999999,155.75,91.05,65.5,100.19999999999999,96.15,72.5,99.39999999999999,77.05,86.35,81.2,144.6,72.45,97.2,93.5,69.55000000000001,87.7,90.5,87.95,74.75,91.94999999999999,82.15,107.9,79.30000000000001,110.8,42.300000000000004,54.6,158.2,69.6,111.55,68.05000000000001,73.65,88.9,105.8,85.25,86.55,72.5,70.15,69.2,79.19999999999999,57.2,122.85,60.0,163.2,40.7,107.80000000000001,80.14999999999999,115.94999999999999,122.45,67.5,95.1,100.05000000000001,73.55,101.19999999999999,121.55,55.5,91.15,81.35,110.55,59.25,65.65,97.85,123.35,59.75,90.94999999999999,116.15,56.849999999999994,103.69999999999999,76.15,99.35,65.5,79.75,124.85000000000001,101.35,160.9,63.8,98.30000000000001,97.4,71.55,88.9,114.85,105.4,86.3,109.60000000000001,157.3,84.35,52.7,68.25,103.65
SLC25A1,67.6,101.9,127.8,101.6,79.3,51.5,75.4,105.6,101.3,83.7,66.0,43.5,40.6,114.2,77.7,106.4,173.1,143.9,120.3,34.8,53.1,47.4,81.4,85.0,32.6,66.3,54.4,78.3,66.0,139.3,76.3,90.1,53.7,67.7,62.4,84.6,38.6,65.8,67.6,70.5,63.7,85.0,74.3,45.5,86.4,96.8,72.5,77.7,77.5,115.6,61.0,80.3,48.3,68.0,62.5,83.2,59.3,50.2,83.7,79.1,64.3,74.4,68.1,67.0,35.2,97.0,73.0,97.9,103.8,63.6,74.8,69.3,108.8,106.5,71.5,29.8,67.5,51.2,72.9,99.1,69.6,81.4,89.5,129.1,66.0,74.6,16.0,101.2,105.7,117.7,66.2,85.3,119.5,61.4,41.6,45.7,61.5,88.2,123.0,114.5,86.2,50.9,68.0,129.8,124.3
SLC25A10,24.7,34.6,42.8,70.6,66.0,42.9,42.2,68.3,30.4,51.3,46.4,23.3,37.2,73.9,26.5,66.9,45.9,70.6,64.9,38.3,21.4,18.1,10.7,43.8,23.1,12.4,38.9,54.4,41.9,34.3,73.5,15.7,53.2,41.3,30.1,25.7,75.6,34.4,44.5,34.2,51.9,12.8,71.6,12.2,65.6,80.9,55.5,61.6,63.3,70.7,37.2,49.0,27.4,29.5,33.4,16.3,46.1,35.3,40.0,83.5,42.9,32.5,18.3,35.5,46.7,15.9,40.5,34.7,92.8,23.6,43.2,34.6,56.9,84.2,43.3,35.0,21.8,7.1,5.8,6.4,36.4,57.7,40.4,88.8,31.9,27.2,74.0,34.9,46.3,44.7,9.6,17.4,50.1,45.6,38.0,55.9,14.8,31.8,13.5,68.6,42.8,54.8,21.4,79.4,5.1
SLC25A11,144.55,107.45,129.85,130.85,143.14999999999998,93.85,118.9,87.8,119.55000000000001,133.9,97.05000000000001,156.04999999999998,142.55,78.45,130.45,120.60000000000001,109.8,97.64999999999999,108.35,98.8,90.2,92.5,115.75,119.5,102.4,95.8,155.0,93.64999999999999,135.4,145.3,107.95,98.4,143.55,94.9,106.0,133.85,168.55,101.5,71.95,77.4,116.85,87.44999999999999,97.55000000000001,132.75,111.5,81.55000000000001,128.4,107.30000000000001,115.95,110.55,91.3,96.75,129.0,103.25,148.75,136.0,132.3,129.85,93.6,146.89999999999998,91.15,78.0,121.94999999999999,101.5,84.60000000000001,112.4,108.80000000000001,125.89999999999999,100.85,72.1,122.9,108.85,185.75,91.15,98.5,116.15,146.75,125.3,105.25,109.6,95.05,137.2,107.75,87.8,108.89999999999999,135.95,78.05,87.45,119.14999999999999,73.15,118.15,95.05000000000001,70.25,105.75,168.4,110.7,113.6,70.5,104.45,113.75,127.3,51.95,91.35,101.45,119.0
SLC25A12,44.3,59.45,83.75,64.3,94.65,94.9,68.75,78.75,72.3,62.099999999999994,58.3,58.7,73.0,69.7,60.5,70.9,32.8,66.6,73.05,65.7,53.2,31.85,72.9,79.55,100.35,77.0,102.05000000000001,86.80000000000001,53.85,61.55,85.65,58.75,48.75,91.3,56.099999999999994,59.4,99.25,75.65,92.5,112.3,67.95,65.85,52.05,90.8,42.8,79.4,73.6,53.45,36.25,79.55,65.9,117.55,36.6,74.55,81.85,59.55,48.45,73.85,58.5,63.25,53.150000000000006,65.35,75.8,86.25,102.45,105.65,56.4,94.0,69.9,64.1,117.45,75.75,79.25,97.15,113.7,115.94999999999999,36.35,81.65,55.8,71.25,104.39999999999999,81.35,89.8,60.05,68.64999999999999,91.14999999999999,69.05000000000001,95.2,76.05,73.15,56.5,74.7,40.6,64.65,63.1,54.3,86.8,77.15,100.55000000000001,81.25,73.7,80.5,52.65,68.3,15.200000000000001
SLC25A13,66.2,40.5,82.8,45.2,44.6,48.3,38.4,35.7,50.7,49.0,47.8,45.2,70.3,54.3,40.0,52.6,27.0,29.2,35.1,34.7,72.3,78.9,12.9,40.0,44.4,41.8,38.5,98.9,60.5,49.9,64.0,36.1,50.6,45.8,44.0,48.5,69.5,63.4,39.2,50.0,50.4,63.1,43.5,70.3,36.7,53.5,53.0,63.8,38.2,62.1,80.4,52.9,50.8,38.9,43.8,38.0,57.3,68.2,68.8,159.1,47.6,42.7,70.3,35.9,27.5,70.5,44.3,20.9,108.3,77.7,57.9,45.0,57.8,59.8,57.1,50.4,50.9,54.5,52.4,86.3,30.2,4.4,75.1,38.1,39.2,34.5,112.3,39.2,59.8,33.6,55.4,44.5,22.3,68.6,40.2,74.8,6.1,41.0,45.3,14.0,49.6,65.9,59.3,42.4,71.8
SLC25A14,23.95,22.25,27.150000000000002,24.5,13.7,35.4,19.95,24.6,43.2,33.949999999999996,28.450000000000003,66.85,43.85,30.950000000000003,45.85,17.549999999999997,13.3,25.45,42.45,64.6,16.0,15.75,34.45,24.1,13.149999999999999,22.15,47.35,58.7,30.35,12.8,25.45,51.900000000000006,9.75,51.849999999999994,44.0,34.3,16.05,5.3,14.2,68.3,40.55,67.85,62.35,9.1,12.549999999999999,18.65,35.85,50.65,30.45,24.85,46.45,29.700000000000003,53.3,40.3,25.05,40.25,24.4,31.5,20.299999999999997,21.0,35.85,8.5,19.1,19.299999999999997,46.45,25.450000000000003,31.7,56.3,11.0,38.75,50.95,35.7,22.450000000000003,23.849999999999998,56.75,31.95,45.4,22.8,44.05,28.3,46.5,52.15,38.5,33.85,30.900000000000002,40.3,15.3,9.8,38.35,44.1,16.45,28.9,57.099999999999994,53.65,16.9,29.3,22.0,17.05,31.25,36.95,18.95,17.4,36.5,46.95,32.7
SLC25A15,90.2,75.8,128.5,46.8,121.6,163.0,77.1,87.3,110.2,73.6,121.0,54.5,116.2,105.3,109.2,121.7,48.0,134.8,115.0,128.6,113.2,123.9,101.4,108.5,100.8,96.8,90.3,102.4,31.6,122.9,71.2,107.9,100.8,117.3,103.2,88.2,112.9,108.1,96.8,94.5,104.1,129.4,142.8,114.2,84.7,31.4,121.1,135.5,110.6,49.1,93.9,101.5,124.2,112.2,170.7,89.6,99.2,150.9,132.8,111.7,75.6,74.5,141.6,79.7,65.0,58.3,92.8,76.4,63.2,133.0,8.4,94.1,82.0,138.6,113.2,55.3,89.5,111.7,106.7,49.8,89.1,119.3,101.8,110.4,115.4,107.1,153.4,116.6,59.0,21.3,35.6,74.2,55.2,123.3,90.1,104.8,125.4,29.8,137.9,78.9,58.8,116.7,106.6,117.3,79.0
SLC25A16,165.79999999999998,152.93333333333337,213.16666666666666,130.06666666666666,263.90000000000003,145.16666666666666,303.00000000000006,137.46666666666667,244.8333333333333,286.9666666666667,137.36666666666665,299.43333333333334,151.6,139.7,252.9333333333333,198.39999999999998,122.83333333333333,148.50000000000003,229.86666666666667,160.76666666666665,112.93333333333334,141.23333333333332,158.79999999999998,137.53333333333333,115.93333333333334,188.6,136.50000000000003,182.03333333333333,145.63333333333333,189.5,146.70000000000002,217.83333333333334,129.26666666666665,121.10000000000001,121.7,187.39999999999998,126.73333333333333,160.93333333333334,128.79999999999998,166.70000000000002,132.23333333333335,187.4,195.86666666666667,101.56666666666666,128.1,215.86666666666667,121.60000000000001,110.13333333333333,159.23333333333335,176.1,188.63333333333333,185.13333333333333,98.60000000000001,118.63333333333333,129.0,99.0,142.53333333333333,168.5,149.8,151.86666666666667,240.0333333333333,323.46666666666664,156.9,163.43333333333334,182.63333333333335,165.16666666666666,294.8,137.16666666666666,235.26666666666668,204.46666666666667,206.73333333333335,171.53333333333333,192.83333333333334,244.9333333333333,143.1,162.2,211.4,258.46666666666664,211.43333333333337,119.10000000000001,214.33333333333334,143.4,167.46666666666667,264.59999999999997,178.1,199.96666666666667,219.5666666666667,210.73333333333335,192.20000000000002,133.20000000000002,189.36666666666667,115.16666666666667,154.23333333333332,112.66666666666667,254.6,195.39999999999998,312.03333333333336,158.96666666666667,226.66666666666666,295.1666666666667,247.6,178.23333333333332,206.36666666666665,169.13333333333333,239.13333333333333
SLC25A20,177.7,214.4,195.1,228.4,277.6,119.8,185.6,341.3,229.2,241.8,194.2,312.4,266.2,222.9,263.0,209.1,179.3,202.0,222.7,192.1,59.1,161.7,238.8,217.0,180.5,128.0,195.0,249.4,191.0,185.6,187.6,188.5,287.6,196.0,180.9,130.4,236.1,163.8,255.8,202.2,256.9,180.5,200.2,241.6,169.1,241.2,203.3,187.2,229.1,258.4,223.3,200.7,197.4,174.4,230.8,206.2,152.0,225.0,174.0,115.6,192.5,238.7,247.8,193.1,247.0,178.7,241.0,202.5,243.5,181.5,144.0,295.9,248.4,405.7,195.2,139.1,262.9,128.1,205.7,243.8,254.3,272.4,274.5,212.1,300.9,271.0,242.2,262.3,217.6,205.1,228.9,270.1,164.0,159.1,188.2,218.2,225.2,219.5,288.5,221.9,180.0,119.9,222.2,155.9,130.8
SLC25A21,21.3,16.0,11.0,19.3,18.2,43.3,12.9,51.5,21.0,27.3,1.6,35.9,25.3,30.0,15.5,11.2,35.1,52.5,38.6,6.7,15.6,18.7,52.0,36.3,16.9,4.7,3.8,73.5,2.1,43.5,34.5,32.1,36.0,11.0,31.7,5.6,7.9,3.2,30.4,20.1,13.2,3.1,12.4,45.7,19.9,2.0,17.8,13.9,20.6,4.9,28.4,30.8,11.2,4.9,11.4,12.0,17.5,20.6,12.5,59.2,14.0,8.6,7.0,1.1,52.1,4.3,23.4,13.7,15.0,47.0,46.0,28.4,4.2,48.5,35.6,21.4,36.7,9.4,16.4,15.5,8.3,20.1,11.8,22.7,15.5,33.0,46.6,7.0,32.5,22.6,10.0,28.2,40.3,18.7,3.5,35.7,37.1,27.3,17.4,43.4,65.9,2.2,23.6,39.8,11.0
SLC25A22,133.0,117.0,87.1,129.8,134.0,97.8,106.1,199.3,118.7,127.3,146.4,142.5,97.1,177.7,22.7,149.0,106.0,184.3,104.9,100.9,112.5,148.7,112.3,119.5,124.2,70.1,123.5,135.3,32.8,111.7,104.1,28.0,103.1,62.6,97.3,87.9,175.8,123.0,24.5,72.7,81.2,127.8,36.9,236.5,73.8,108.9,48.3,92.5,108.5,102.7,70.1,75.3,77.5,95.2,137.6,124.7,145.1,106.8,78.1,132.2,13.9,81.8,65.8,71.5,66.5,67.8,30.9,37.2,165.8,96.8,195.7,102.4,96.0,53.3,84.7,103.4,17.8,66.6,21.3,46.7,75.2,127.9,136.2,132.1,50.9,104.5,88.7,59.7,49.6,53.1,82.7,44.6,101.0,34.5,42.8,94.1,100.6,95.8,129.8,56.8,202.5,109.2,41.5,89.9,5.7
SLC25A23,22.7,9.6,31.9,33.5,30.5,11.7,31.2,12.2,26.3,27.9,10.8,18.2,8.3,28.5,10.1,1.9,25.1,23.5,18.2,18.0,12.9,18.6,7.5,9.2,24.4,45.7,24.5,31.3,9.1,22.5,10.2,7.3,42.5,23.4,23.3,2.9,43.0,20.0,8.7,33.9,13.2,11.2,31.9,17.0,30.2,43.1,15.3,18.6,6.6,9.6,49.0,43.1,22.1,14.2,15.7,18.2,3.9,16.5,18.6,24.8,7.7,15.3,59.0,6.0,27.9,37.6,34.0,6.3,40.5,42.0,17.8,34.0,27.5,42.9,47.4,24.7,42.6,20.7,34.1,31.9,82.7,42.6,1.9,40.9,32.5,21.3,26.2,38.6,23.7,13.4,70.2,14.5,57.9,5.6,19.4,25.6,66.2,26.3,5.6,19.5,12.3,21.5,6.7,41.0,116.9
SLC25A24,70.8,62.4,51.0,5.0,56.7,50.1,92.4,18.4,38.2,34.8,66.0,88.0,57.0,74.8,52.0,80.8,24.2,33.5,55.1,26.4,47.4,29.7,50.6,30.1,101.6,46.0,38.5,35.1,41.6,27.7,44.9,51.7,33.4,120.1,101.0,32.9,21.0,71.4,95.8,74.3,49.0,51.1,75.6,74.5,16.6,44.9,32.6,110.0,137.0,21.4,75.5,43.6,91.7,66.6,58.3,84.4,84.6,22.3,38.1,50.5,75.0,52.0,19.5,57.9,66.8,49.5,63.7,37.9,40.2,27.4,12.8,3.6,48.0,35.9,12.9,37.1,37.4,79.4,61.7,39.0,20.2,57.1,42.3,69.6,70.9,32.2,3.4,8.7,20.0,5.1,50.4,37.3,12.4,61.0,36.6,60.3,52.5,45.0,17.3,45.4,4.7,70.5,47.6,13.1,11.3
SLC25A28,98.2,150.7,83.2,124.9,116.0,129.9,70.3,78.0,69.2,71.8,105.2,17.8,68.5,135.7,95.0,62.6,202.4,34.4,29.3,65.1,117.2,73.8,77.0,106.4,80.5,111.4,50.6,197.0,36.4,80.3,86.1,129.7,52.4,111.5,60.4,80.7,64.7,88.6,71.4,72.2,99.2,39.5,72.7,106.6,113.5,73.5,83.8,111.7,72.3,91.0,74.3,58.2,74.8,61.2,60.9,111.9,120.3,156.2,65.3,92.8,74.6,101.5,93.1,68.0,89.3,88.2,87.5,164.6,100.6,133.0,56.5,85.4,85.7,159.1,81.8,97.6,98.9,77.0,74.6,81.4,104.4,91.7,57.2,85.4,52.1,84.3,112.8,58.0,74.9,130.4,94.3,90.4,89.8,82.0,81.0,43.9,69.6,21.1,62.5,73.8,74.7,132.4,82.3,97.5,174.8
SLC25A3,1370.4,1531.7,1469.2,1891.4,1394.3,1748.4,1877.7,1252.1,1453.9,1595.1,1881.6,765.8,2073.6,1450.7,1706.3,1431.5,1345.0,1743.3,1318.3,1995.1,2078.8,1608.8,1632.6,1772.8,1759.4,1827.5,1756.1,1770.8,1928.7,1430.7,1348.4,1354.3,2005.3,1747.6,1871.2,1574.4,1696.2,1687.7,1468.9,1395.3,2311.6,1419.2,1899.1,1463.5,1784.5,1902.4,1906.0,1963.9,2073.4,1937.7,1161.8,1774.9,2050.9,2606.9,1825.9,1936.6,1737.7,1959.1,1808.5,1241.0,1471.9,1709.1,1862.8,1730.7,1497.2,1619.6,1661.5,1681.4,1777.1,1283.0,1186.2,1763.6,1678.6,1734.7,1438.5,1780.2,1715.4,1934.0,1734.8,1677.4,1828.9,1658.3,1768.7,1891.4,1679.6,1830.3,1502.6,1699.1,1601.9,1688.3,1548.0,1604.3,1671.0,1944.9,1824.8,1733.2,1660.5,1497.7,1541.4,1482.3,1778.2,1447.6,1505.3,1603.0,1562.3
SLC25A30,20.299999999999997,10.2,13.55,30.25,21.35,20.1,15.4,21.85,10.45,11.600000000000001,34.25,16.85,15.25,36.85,20.05,17.45,13.899999999999999,29.9,23.5,17.599999999999998,16.55,26.2,35.15,13.15,15.1,16.2,27.25,26.8,21.35,35.85,29.15,4.6,18.95,13.3,23.05,23.1,21.05,35.5,20.3,9.25,18.5,42.0,17.15,23.049999999999997,5.85,39.6,9.4,21.25,21.65,20.349999999999998,42.4,20.95,9.850000000000001,21.65,25.75,14.399999999999999,17.25,12.9,12.450000000000001,37.5,20.9,22.6,10.4,17.75,4.8,16.65,16.95,23.9,7.8999999999999995,42.05,23.2,39.25,16.7,26.2,37.05,27.45,34.050000000000004,21.0,14.0,31.9,13.100000000000001,22.55,34.0,4.4,34.4,14.9,45.0,37.05,17.95,52.55,18.8,48.55,43.650000000000006,7.449999999999999,9.75,11.75,16.1,38.75,39.5,22.950000000000003,13.350000000000001,31.35,17.1,32.8,42.2
SLC25A31,1.1,0.6,6.5,16.4,3.2,0.4,1.0,3.5,1.8,13.6,23.0,7.8,1.2,0.4,13.4,12.0,9.2,15.1,17.8,6.4,19.1,0.3,0.8,15.5,12.5,18.8,4.1,3.0,6.2,4.5,18.2,9.7,11.9,14.5,4.3,1.8,14.4,3.9,6.5,0.9,8.9,11.6,26.6,5.8,1.5,9.2,21.1,5.7,2.0,27.8,24.9,12.0,0.2,7.5,5.1,3.2,7.3,10.7,17.3,1.4,3.0,19.5,0.7,14.3,0.9,8.9,25.3,6.3,5.5,3.4,61.5,8.7,3.2,5.1,14.4,3.8,9.8,1.6,3.0,8.5,6.0,19.9,0.8,4.9,17.1,15.2,31.7,1.4,36.5,11.5,1.7,21.7,3.7,19.9,2.1,6.3,4.2,28.1,2.9,9.0,8.1,37.3,13.1,15.4,53.9
SLC25A32,97.0,78.4,82.0,25.8,89.9,89.6,77.9,60.9,68.5,47.0,37.0,87.6,34.5,57.6,66.3,78.9,40.0,76.9,17.4,78.6,50.4,67.7,81.2,78.9,97.4,10.0,36.2,67.5,44.7,71.6,50.4,62.1,43.4,62.8,64.1,47.7,48.5,67.0,43.7,70.6,60.6,50.4,60.2,107.2,59.9,71.0,58.5,68.8,31.1,5.3,77.5,72.1,71.2,60.4,36.5,30.2,31.9,68.2,53.5,38.9,61.5,46.3,63.5,46.2,47.3,47.6,59.1,59.7,7.8,60.2,41.2,63.3,67.4,112.7,66.5,33.3,62.4,2.1,42.5,69.7,62.4,32.7,54.0,22.1,15.4,28.9,8.5,60.5,47.3,25.2,51.2,35.4,41.5,82.2,44.8,56.5,30.5,65.0,61.7,3.4,38.8,9.1,64.8,45.4,15.3
SLC25A36,170.16666666666666,147.06666666666666,108.66666666666667,138.03333333333333,164.6,170.6,138.29999999999998,253.6,161.46666666666667,137.79999999999998,122.2,167.03333333333333,112.06666666666666,138.83333333333334,120.46666666666665,161.93333333333334,137.36666666666665,140.0,195.1,135.20000000000002,122.66666666666667,144.86666666666665,164.1,116.53333333333335,163.2,181.80000000000004,140.1,173.29999999999998,154.29999999999998,156.83333333333334,181.96666666666667,139.06666666666666,111.93333333333334,175.4666666666667,197.13333333333333,108.76666666666667,132.6,131.76666666666668,144.03333333333333,118.63333333333333,115.83333333333333,130.36666666666667,139.4,192.53333333333333,123.06666666666668,156.63333333333335,121.96666666666665,104.23333333333333,162.70000000000002,153.6,125.03333333333332,169.79999999999998,174.4,166.79999999999998,204.76666666666665,152.5,168.96666666666667,158.5,125.13333333333333,164.93333333333334,140.70000000000002,156.36666666666665,93.06666666666666,187.13333333333335,112.26666666666667,162.63333333333335,146.4,177.76666666666665,125.86666666666667,131.23333333333332,145.29999999999998,138.46666666666667,121.33333333333333,185.66666666666666,118.86666666666666,114.16666666666667,124.13333333333333,169.03333333333333,129.5,146.53333333333333,115.8,154.16666666666666,148.0666666666667,95.73333333333333,120.60000000000001,115.83333333333333,159.96666666666667,174.9333333333333,137.4,126.13333333333334,116.06666666666668,129.36666666666667,162.5,106.83333333333333,173.13333333333335,177.73333333333335,171.36666666666667,154.23333333333332,181.66666666666666,126.60000000000001,108.89999999999999,146.1,138.63333333333333,129.66666666666666,81.06666666666668
SLC25A37,581.2333333333333,1051.2333333333333,447.23333333333335,891.2333333333332,643.0,332.43333333333334,510.73333333333335,428.9333333333334,574.8333333333334,846.1999999999999,1049.3999999999999,519.1666666666666,625.5666666666667,624.9333333333334,659.7666666666667,1249.3,617.4666666666667,583.7666666666668,363.09999999999997,339.8666666666667,767.2000000000002,167.03333333333333,304.06666666666666,731.1,722.7666666666668,845.5333333333333,1045.8999999999999,400.7,740.5,818.1999999999999,546.8666666666667,499.9333333333334,1260.9333333333334,823.3000000000001,629.8666666666667,829.9333333333334,758.0,564.5666666666667,491.1666666666667,330.59999999999997,665.0333333333334,696.7666666666668,477.7,619.0333333333333,1183.5,729.5666666666666,677.8000000000001,558.0333333333334,1046.2,791.8000000000001,1469.7333333333333,731.0666666666666,388.8333333333333,587.6999999999999,582.1333333333333,462.43333333333334,512.3,416.90000000000003,458.5666666666666,900.1333333333333,881.6666666666666,498.59999999999997,798.6,664.0333333333333,980.4333333333334,599.3666666666667,442.2,737.0666666666666,1285.2333333333333,1446.0666666666666,1133.0,693.1,865.0333333333333,457.40000000000003,838.1666666666666,850.5999999999999,437.8333333333333,652.3666666666667,469.5333333333333,501.6666666666667,758.1333333333333,660.1,780.8666666666667,695.3333333333334,767.3666666666667,861.2666666666668,1040.2333333333333,835.6666666666666,1087.7,1413.7333333333333,674.3000000000001,1612.6333333333334,1305.8333333333333,342.43333333333334,818.5666666666666,820.8333333333334,1332.5333333333335,799.0666666666666,860.5,1930.7333333333333,1129.6666666666667,755.2333333333332,566.7333333333333,551.8666666666667,1046.9666666666667
SLC25A38,144.6,107.0,125.5,112.0,160.2,154.3,135.5,174.5,154.4,121.6,153.4,86.0,95.0,208.3,130.7,170.9,112.3,188.6,90.9,142.1,157.8,128.1,124.6,148.2,126.8,137.4,110.8,171.2,141.7,117.0,140.3,90.4,160.2,166.7,157.2,144.4,144.9,101.4,137.8,155.9,150.6,107.0,152.5,134.7,171.8,137.6,164.4,127.0,156.1,119.6,81.8,99.1,153.7,152.9,198.1,112.6,99.5,130.5,198.2,177.1,94.2,127.2,189.1,120.5,128.2,98.8,157.7,145.5,98.9,158.0,87.6,98.0,100.2,134.6,69.6,93.9,110.3,74.4,80.6,138.0,88.9,71.4,219.1,98.4,131.9,77.8,149.7,122.8,132.6,136.6,183.7,173.9,177.5,99.1,119.5,91.6,122.4,108.5,160.3,147.5,111.2,134.0,166.2,162.9,119.0
SLC25A4,37.8,41.300000000000004,40.8,35.85,47.0,60.15,31.25,32.349999999999994,18.200000000000003,31.35,27.25,28.45,8.25,35.55,30.3,43.599999999999994,18.0,15.75,31.55,31.549999999999997,31.0,18.1,44.4,43.0,47.8,26.9,44.3,48.75,21.85,47.849999999999994,41.2,14.25,21.5,54.95,23.5,24.85,49.15,29.15,34.35,25.950000000000003,40.65,34.099999999999994,45.2,55.85,51.5,37.3,47.55,45.7,41.3,27.049999999999997,18.6,26.2,49.8,42.45,24.95,36.95,33.9,29.1,39.55,18.75,34.55,26.15,12.5,37.95,41.2,20.35,28.8,29.450000000000003,14.8,29.049999999999997,66.95,68.6,47.400000000000006,31.9,28.85,27.65,57.3,32.75,34.0,14.850000000000001,20.85,65.55,41.0,27.95,30.55,36.849999999999994,51.85,40.05,28.25,26.0,61.6,22.8,29.85,28.8,36.5,26.25,13.0,33.25,55.05,37.65,35.6,54.849999999999994,57.2,58.15,46.0
SLC25A40,35.9,59.1,59.5,34.8,54.0,41.2,54.0,58.2,33.6,53.5,47.8,37.4,43.7,39.3,36.7,47.6,44.3,54.6,78.2,42.2,66.5,51.0,73.7,55.8,28.7,49.2,34.6,17.2,80.1,62.7,44.4,61.6,32.9,25.4,38.5,21.5,27.1,39.2,60.9,73.1,57.5,57.9,56.9,28.3,57.0,78.1,28.9,43.9,25.2,68.1,51.6,56.2,45.0,42.7,44.4,20.2,41.5,55.6,16.1,70.1,52.8,47.0,45.0,44.3,77.0,41.6,50.8,71.3,80.8,51.5,144.1,44.3,45.9,43.4,61.7,41.4,38.6,31.8,42.3,52.4,57.6,51.9,30.0,71.7,29.1,58.5,35.5,58.6,44.6,76.9,46.0,75.6,33.2,41.5,38.6,23.1,81.4,72.1,60.7,62.6,48.1,79.6,43.8,75.3,102.4
SLC25A42,17.3,5.9,6.5,28.4,3.3,5.2,12.6,2.4,6.8,3.6,3.1,23.8,17.7,8.5,15.7,8.0,9.8,6.1,5.5,4.2,6.1,5.5,6.4,10.8,13.6,1.9,5.8,5.6,14.0,7.8,2.2,1.6,3.3,1.4,1.2,16.1,2.1,9.3,6.1,7.5,5.8,3.8,10.2,57.0,4.1,18.7,3.6,7.2,17.4,5.2,10.9,5.8,4.2,4.0,4.4,3.1,28.2,3.8,5.5,3.0,4.8,4.0,4.6,24.5,16.1,6.0,24.5,12.5,15.5,5.3,32.0,3.2,22.0,5.5,6.4,14.8,4.2,2.7,2.3,9.0,5.6,5.2,8.3,5.5,1.9,1.7,3.0,25.3,9.0,5.3,3.7,17.1,2.9,6.9,1.9,7.4,3.9,6.9,24.5,8.0,3.6,62.9,4.7,4.6,2.8
SLC25A44,281.55,235.64999999999998,198.55,303.95,222.35,178.4,195.5,227.60000000000002,208.4,224.95,267.15,172.2,379.85,274.5,235.2,231.05,367.3,282.04999999999995,261.54999999999995,208.95,230.05,159.55,209.35,254.7,217.1,300.15,193.45,195.6,333.35,245.2,278.4,229.5,261.75,193.8,190.39999999999998,303.15,277.15,257.25,239.95,228.3,255.25,267.45,275.2,172.85000000000002,205.4,192.7,286.45,195.25,220.89999999999998,228.55,183.2,219.1,173.2,234.3,158.45,187.8,192.75,215.25,232.3,176.2,240.3,207.10000000000002,200.64999999999998,294.75,268.75,238.45,170.5,148.25,319.6,179.55,253.2,193.05,333.65,170.85,381.79999999999995,229.05,264.5,187.1,252.39999999999998,233.75,193.85,316.9,116.25,183.15,268.9,195.5,170.75,211.95,213.45,293.95,229.35,193.64999999999998,211.64999999999998,171.1,228.8,175.14999999999998,155.45,247.5,184.35,190.14999999999998,200.85000000000002,202.1,184.2,297.45,198.10000000000002
SLC25A46,98.4,120.7,102.3,85.9,115.4,133.9,88.6,106.8,100.1,80.8,131.1,124.2,85.2,105.3,114.2,67.3,44.8,40.7,94.2,92.6,70.3,181.6,150.0,87.0,115.3,71.5,117.3,103.3,66.9,154.4,121.7,113.9,48.2,121.0,106.2,79.8,95.5,114.9,115.2,167.3,121.1,133.8,148.6,136.8,82.4,109.3,87.4,91.2,88.2,113.4,116.1,95.8,112.3,125.1,133.4,122.2,113.6,126.1,108.0,63.8,137.8,96.5,55.6,144.2,121.9,137.1,204.9,90.5,111.8,106.0,124.6,111.7,95.3,168.7,103.7,103.8,148.5,127.6,83.7,150.0,99.8,73.7,132.3,102.6,107.4,94.2,67.8,94.4,89.5,129.9,102.2,128.3,120.8,128.7,152.6,157.5,114.5,92.8,66.2,125.9,77.2,84.0,84.3,80.0,193.4
SLC25A5,600.1,439.7,753.4,694.1,715.0,894.2,771.3,654.4,651.1,706.8,625.2,678.7,899.1,609.1,724.5,674.9,663.5,742.2,628.7,851.6,772.7,557.9,755.7,657.1,590.9,635.8,662.4,665.6,854.2,615.2,769.8,564.6,712.4,641.8,770.6,564.5,692.1,673.3,657.8,808.4,682.7,781.3,734.5,583.6,543.7,703.7,699.1,729.3,623.5,594.5,381.8,804.7,778.7,810.8,842.1,911.3,739.7,705.9,852.9,480.4,644.0,746.1,777.6,656.6,523.3,732.9,856.0,682.5,571.8,596.7,584.9,696.6,759.5,709.4,525.6,657.8,802.6,804.7,684.6,625.6,755.7,556.8,739.9,709.6,669.8,693.9,565.3,592.5,582.3,383.3,493.5,527.2,616.9,698.2,588.3,594.5,534.8,544.5,644.8,513.1,513.6,327.5,921.5,485.0,626.6
SLC25A6,623.55,817.55,1115.1,905.8499999999999,712.75,1136.55,990.45,734.5,736.95,704.3,993.45,787.6,1019.25,862.5500000000001,828.3,822.45,978.15,898.65,826.45,1132.5500000000002,1058.35,794.0,1037.75,799.0,800.15,859.05,967.7,1094.45,1153.15,763.25,910.1,650.8,922.65,947.05,957.45,872.6500000000001,758.75,811.6,906.75,827.8,976.4,758.45,939.0,657.95,855.1,867.7,902.45,1161.0,796.8,583.15,683.75,733.8499999999999,1223.85,1232.4,1286.9,1253.9,1274.8,1147.1,811.5999999999999,706.95,561.8,775.55,839.35,838.95,593.05,823.0,1072.9,866.55,629.0,745.2,613.3499999999999,928.9000000000001,626.4,1002.8,532.75,748.0999999999999,1088.6,961.9499999999999,632.45,824.6500000000001,1069.6,620.45,1023.3,692.2,573.75,995.7,791.8,746.5,689.45,624.95,893.3000000000001,666.4,759.4000000000001,1128.75,768.25,739.1,791.25,534.0,693.3,660.6500000000001,588.3499999999999,476.25,1136.15,885.9,800.8499999999999
SLC30A9,70.6,41.3,44.8,68.5,64.1,47.9,59.4,48.8,73.0,82.0,78.2,71.1,67.1,51.6,48.8,42.7,55.1,67.4,59.2,57.3,74.3,70.2,66.8,70.1,65.1,49.7,56.1,100.7,39.3,39.0,57.5,52.6,42.9,52.2,42.3,32.4,77.0,33.5,64.5,68.1,44.8,50.0,49.3,62.8,78.4,86.0,56.5,72.5,45.7,62.2,80.4,63.7,80.8,60.6,68.2,53.8,37.4,73.9,54.4,22.8,56.6,50.9,59.1,68.5,46.0,63.2,62.0,98.5,50.7,28.8,78.1,62.6,56.8,85.0,42.5,49.5,62.9,75.0,75.0,67.3,49.4,50.2,77.2,34.2,59.7,35.5,40.9,60.3,52.0,69.5,59.8,78.2,38.3,63.9,61.5,75.9,72.5,122.0,74.2,10.0,43.0,79.7,35.1,47.5,17.8
SLC8B1,34.3,29.2,63.5,95.7,26.7,29.0,103.8,70.8,25.2,33.4,26.5,41.5,12.4,46.8,102.8,44.9,38.8,52.3,132.1,25.9,31.9,100.9,22.1,31.8,126.0,30.6,75.9,31.3,23.4,30.4,50.6,26.6,92.7,57.7,97.9,44.1,42.0,21.9,50.2,25.7,46.5,21.5,42.5,24.8,29.1,48.5,81.5,76.1,168.6,24.0,94.2,31.2,14.6,38.9,149.6,57.7,71.4,29.0,23.4,41.3,67.5,12.6,32.0,21.3,63.9,28.9,28.8,24.5,37.1,49.9,37.1,29.5,32.2,125.7,71.4,29.9,70.1,24.8,30.1,26.3,110.6,29.0,73.3,26.0,37.0,28.3,45.0,32.1,30.2,35.4,30.5,38.0,185.8,22.5,23.7,26.1,23.2,36.6,42.1,33.8,51.1,25.6,46.9,61.7,27.8
SLIRP,39.7,34.0,30.1,59.2,49.7,60.1,23.7,45.7,45.7,37.0,79.7,68.2,60.2,49.2,55.9,3.5,48.8,40.4,32.6,53.6,98.9,44.9,45.9,47.8,76.2,32.6,42.4,50.3,56.3,85.9,96.7,62.2,49.3,43.0,45.1,40.6,34.1,54.6,67.0,47.3,76.6,71.2,48.9,74.1,36.9,44.6,31.5,38.7,41.8,44.3,21.4,40.0,76.5,68.3,92.1,59.9,73.4,32.1,42.7,13.5,65.3,22.3,39.4,48.1,30.5,52.7,87.4,68.7,38.7,2.5,2.9,55.4,45.5,70.8,50.2,70.3,43.7,24.1,40.7,43.6,51.2,38.4,47.8,20.1,37.5,45.7,44.7,46.3,29.7,18.0,42.8,5.6,35.8,62.7,25.0,39.0,72.5,66.6,27.3,65.5,68.9,44.0,77.5,54.6,90.4
SMIM8,35.05,43.7,25.55,35.2,18.4,19.5,31.9,57.7,37.65,27.85,25.45,57.95,33.6,46.150000000000006,49.0,44.5,26.0,29.6,52.95,36.8,25.95,36.45,50.150000000000006,14.35,42.95,21.5,59.2,23.799999999999997,42.0,21.55,68.1,47.45,43.0,46.6,27.8,25.549999999999997,73.05000000000001,26.65,42.9,17.549999999999997,38.8,52.349999999999994,24.150000000000002,76.55,36.5,55.849999999999994,14.95,31.25,32.75,43.4,58.15,57.699999999999996,27.0,35.400000000000006,40.050000000000004,34.05,28.8,45.25,18.4,67.3,17.15,58.3,20.4,36.85,35.95,49.65,17.8,34.95,28.549999999999997,13.2,49.050000000000004,42.1,56.0,57.150000000000006,32.75,60.5,39.3,34.45,42.9,51.400000000000006,66.4,35.55,25.0,56.2,41.45,46.6,53.5,71.0,37.2,39.0,60.5,14.1,62.650000000000006,27.0,38.45,65.95,54.300000000000004,32.800000000000004,55.6,49.150000000000006,31.45,45.7,36.85,55.95,57.8
SNAP29,70.2,58.4,49.6,109.4,46.1,54.0,35.6,36.6,69.8,17.2,68.4,34.0,90.0,79.6,40.8,18.1,105.8,22.3,129.6,76.3,37.9,77.0,73.8,46.9,87.8,36.4,67.9,80.1,58.9,67.0,78.7,82.6,89.3,23.5,61.1,72.4,23.9,22.6,61.2,70.3,90.9,65.4,37.8,23.7,41.1,70.9,54.9,54.7,72.2,54.9,34.0,9.7,67.8,37.8,82.3,53.6,87.6,89.5,78.4,89.8,54.8,32.3,86.3,63.4,59.2,61.2,50.7,77.1,100.8,60.6,105.5,116.5,94.5,55.6,88.7,58.7,74.6,49.3,89.4,86.6,71.0,55.1,10.0,111.0,49.2,64.4,11.5,11.2,23.0,66.2,89.7,68.6,11.9,72.9,71.8,74.4,57.8,95.6,79.1,94.5,93.3,82.8,78.8,68.9,80.4
SND1,190.0,231.1,245.5,190.2,223.5,214.7,235.3,346.3,196.8,209.1,187.3,202.5,246.0,234.0,180.7,138.6,211.2,229.4,296.9,294.0,261.2,301.6,182.5,207.3,187.5,256.2,193.6,266.5,194.6,295.3,256.1,229.3,328.1,179.6,199.0,213.1,216.3,248.1,195.7,193.7,204.1,323.1,313.5,218.9,284.1,346.7,260.2,206.7,183.8,161.8,342.2,254.4,168.0,161.2,184.8,224.3,261.7,303.6,232.1,405.3,191.3,210.6,257.4,204.4,239.4,226.1,202.9,201.1,236.0,229.5,269.6,288.9,230.8,174.8,237.2,182.5,197.2,240.5,247.3,190.2,230.9,235.4,232.7,276.9,192.0,163.7,248.9,244.6,203.0,304.4,186.7,326.1,271.8,256.8,215.1,218.9,325.0,264.6,188.5,234.3,256.9,287.1,251.2,314.1,178.0
SOD1,377.0,308.9,579.9,497.5,495.2,773.8,368.6,424.5,371.3,297.7,470.9,364.0,497.6,366.3,429.7,330.3,572.9,584.9,487.5,686.1,567.4,502.4,472.1,520.1,383.1,498.6,453.3,436.4,536.9,354.8,500.5,615.4,510.7,605.6,444.7,376.4,336.5,513.6,451.5,712.8,562.3,493.9,595.8,445.2,640.9,668.8,466.9,744.8,515.2,289.9,414.4,553.3,784.9,623.2,591.8,585.9,532.7,444.4,464.2,313.0,537.3,568.0,583.0,416.5,413.0,396.5,474.3,554.9,311.6,407.4,255.0,477.2,319.7,769.5,276.6,472.8,616.5,575.1,428.1,582.9,586.3,577.8,688.6,576.6,438.1,612.7,488.8,588.6,482.8,353.4,548.0,380.4,556.2,848.8,460.3,450.8,478.9,321.9,478.2,571.6,389.8,358.2,800.5,644.4,666.0
SPATA20,106.7,151.4,113.8,84.6,134.9,104.1,113.9,312.3,60.7,152.5,43.2,106.1,58.4,193.5,118.9,144.9,207.1,174.9,252.6,117.5,111.6,91.8,93.4,141.7,135.5,42.8,95.5,175.8,99.8,107.8,101.0,89.0,87.8,74.2,99.3,95.4,136.6,50.4,113.6,51.1,106.5,73.4,96.7,79.2,52.8,65.0,113.0,100.6,76.9,191.8,152.2,121.8,78.1,19.2,70.8,53.7,120.5,137.1,60.6,90.8,119.0,94.1,92.9,64.3,93.9,107.1,81.6,100.8,83.1,174.9,170.6,106.5,104.4,122.7,124.4,70.0,58.0,151.4,16.2,94.9,69.7,33.2,167.9,115.3,89.2,61.1,99.5,84.2,66.8,69.5,73.1,165.0,70.8,70.2,23.7,35.2,78.9,192.3,51.4,59.8,71.0,127.0,57.9,162.7,104.6
SPHK2,9.7,9.5,19.5,14.75,10.649999999999999,11.7,11.649999999999999,20.9,10.8,11.05,11.25,15.65,12.25,17.5,11.2,13.5,12.65,22.55,18.05,23.65,19.0,18.35,12.05,39.949999999999996,14.25,12.8,13.9,30.799999999999997,10.2,6.55,12.649999999999999,13.05,15.8,9.85,9.25,10.75,11.0,8.95,12.1,10.75,10.75,13.7,14.100000000000001,12.05,9.35,15.25,12.399999999999999,24.2,11.100000000000001,16.0,19.5,17.7,6.8500000000000005,6.949999999999999,11.25,9.35,8.299999999999999,13.350000000000001,10.7,10.9,5.85,12.6,11.55,10.55,13.5,13.649999999999999,22.8,11.399999999999999,11.649999999999999,18.25,23.15,19.8,11.7,9.95,13.1,11.3,13.2,8.75,11.4,9.2,25.95,13.100000000000001,12.95,11.35,9.8,17.4,11.05,13.8,21.6,24.65,15.4,13.600000000000001,9.7,11.55,12.35,17.5,21.85,16.85,15.65,19.5,22.1,20.1,10.0,11.95,7.800000000000001
SPR,109.2,103.2,83.8,114.6,109.0,157.9,77.0,108.7,69.6,97.7,70.9,114.7,71.3,99.8,115.5,74.6,169.1,94.7,84.1,98.5,77.7,55.2,125.5,75.3,88.9,60.5,136.4,99.5,53.9,75.2,118.9,101.9,92.2,43.7,87.8,55.5,86.3,98.1,70.8,79.6,27.2,84.9,120.9,104.5,70.5,217.8,46.5,79.6,125.1,108.7,96.4,98.4,64.5,90.9,90.4,88.3,78.4,114.3,92.9,83.1,37.5,82.7,6.4,64.3,84.9,57.1,49.7,79.2,68.6,37.4,43.0,80.4,42.7,60.8,98.6,81.1,112.8,74.1,104.9,123.7,65.3,14.7,75.0,67.8,56.9,102.3,124.9,64.9,169.0,140.5,70.7,100.0,122.6,43.1,41.4,116.9,116.1,37.0,51.8,61.1,86.1,214.7,17.9,95.3,117.5
SPTLC2,91.325,98.5,111.85,105.775,98.525,92.325,106.2,92.2,130.55,115.225,84.475,79.3,97.22500000000001,64.80000000000001,112.19999999999999,107.4,61.8,88.05,93.65,97.475,118.725,84.15,102.475,87.175,81.67500000000001,81.35,113.15,91.95,140.45,91.325,107.15,108.05,78.45,89.5,85.55,96.89999999999999,103.35,109.35,88.725,84.9,105.125,108.525,103.425,87.05000000000001,85.825,116.775,88.875,85.65,67.55,82.05,77.0,100.22500000000001,85.05,73.675,84.3,99.30000000000001,98.325,100.025,101.725,103.5,109.95,108.5,117.2,105.47500000000001,86.025,118.6,112.775,104.7,106.30000000000001,92.25,96.0,90.975,107.175,86.15,107.575,111.825,102.6,94.15,104.05,111.925,102.05,76.125,79.7,99.625,113.5,104.1,82.25,84.625,107.05,97.35,97.25,84.375,108.15,82.9,99.525,91.05,75.225,87.6,72.30000000000001,86.8,130.55,97.925,90.55,133.225,61.425
SSBP1,105.1,99.65,130.1,93.94999999999999,121.44999999999999,147.8,127.8,106.5,94.35,79.25,77.89999999999999,68.7,92.4,158.3,103.6,88.55,182.35000000000002,162.14999999999998,126.80000000000001,117.94999999999999,133.05,109.35000000000001,77.9,98.3,116.85000000000001,108.3,108.1,128.5,129.5,104.1,113.3,113.94999999999999,102.45,113.1,130.95,114.35,95.65,120.0,105.9,175.65,125.0,109.65,123.9,139.85,173.85,123.0,120.3,125.44999999999999,125.89999999999999,101.94999999999999,99.4,129.55,140.9,127.55,121.19999999999999,128.45,126.85,124.05,110.35,103.75,123.2,110.15,125.45,118.69999999999999,87.3,106.39999999999999,142.05,126.39999999999999,97.8,79.94999999999999,125.45,150.35000000000002,105.05,154.8,89.55000000000001,126.45,147.5,124.85000000000001,87.55,114.64999999999999,141.05,119.80000000000001,112.8,115.89999999999999,118.44999999999999,108.05000000000001,93.35,90.95,68.25,52.85,98.7,122.64999999999999,69.4,165.0,96.05000000000001,118.6,70.35000000000001,63.8,90.60000000000001,50.6,85.05,83.30000000000001,199.29999999999998,89.6,69.75
STAR,15.4,4.1,8.1,19.6,12.7,18.9,28.4,8.1,8.4,6.3,8.5,9.0,7.0,23.3,28.4,7.7,22.0,27.3,12.6,8.6,6.9,24.3,4.5,29.8,26.1,15.5,7.5,8.0,7.1,22.4,10.0,4.2,8.5,7.6,8.3,21.6,20.9,5.7,58.8,7.3,4.1,4.3,5.7,25.4,23.1,7.4,19.6,3.6,20.2,5.8,85.6,10.6,10.8,13.2,22.0,4.0,6.8,9.8,10.0,40.8,24.4,7.8,10.1,17.0,7.3,6.8,20.4,11.3,14.0,48.6,17.7,49.1,6.1,7.8,9.1,22.3,7.2,28.6,45.0,41.1,8.4,9.6,7.0,5.7,6.7,19.3,24.3,9.9,12.1,12.4,32.8,44.2,35.2,17.9,3.2,8.1,9.1,22.7,47.7,14.6,8.1,39.5,12.0,42.9,3.3
STARD7,217.5,248.9,251.1,225.6,267.4,314.3,300.4,195.0,287.1,180.2,240.9,231.4,280.8,207.4,279.2,311.6,140.8,281.4,261.6,330.9,267.5,189.4,233.5,310.9,258.1,239.7,349.5,278.7,207.7,232.7,301.0,256.0,247.4,312.6,276.3,186.6,195.3,165.9,201.8,202.9,210.9,277.6,285.1,195.0,265.9,237.9,252.3,239.3,298.2,158.7,141.4,215.1,270.7,212.1,258.7,235.3,236.3,267.2,258.2,121.4,256.9,231.0,248.2,306.4,240.5,242.3,261.3,236.6,195.5,184.6,156.2,267.0,188.0,327.7,154.5,239.9,185.8,220.2,224.5,187.3,175.4,151.5,266.1,214.4,217.5,146.4,141.9,228.2,109.3,151.2,156.4,83.4,287.7,194.5,311.7,181.6,156.8,134.3,175.7,142.4,186.2,30.7,207.5,196.5,122.8
STOM,136.4,162.46666666666667,145.86666666666667,154.7,232.93333333333337,254.20000000000002,209.4333333333333,185.20000000000002,217.9,170.5,195.73333333333332,260.4,198.53333333333333,228.29999999999998,224.16666666666666,172.46666666666667,148.70000000000002,163.36666666666667,155.66666666666666,168.3,276.06666666666666,140.26666666666665,220.29999999999998,139.16666666666666,316.23333333333335,218.89999999999998,208.96666666666667,181.4666666666667,204.13333333333333,395.03333333333336,212.20000000000002,170.26666666666668,249.86666666666667,233.70000000000002,158.53333333333333,148.4,165.73333333333332,193.96666666666667,205.46666666666667,178.0,174.23333333333332,152.23333333333332,213.9,208.5666666666667,273.9666666666667,261.03333333333336,268.5,208.76666666666668,319.6333333333333,220.03333333333333,356.3666666666666,232.0666666666667,284.6666666666667,170.26666666666668,240.16666666666666,188.10000000000002,171.63333333333333,188.63333333333333,180.5,233.83333333333334,249.83333333333334,163.76666666666668,265.59999999999997,201.46666666666667,243.53333333333333,165.5,207.73333333333335,304.73333333333335,305.4666666666667,215.4333333333333,242.83333333333334,217.1,161.53333333333333,352.1333333333334,175.29999999999998,221.5666666666667,171.29999999999998,273.5,222.20000000000002,151.96666666666667,205.5666666666667,169.4,208.96666666666667,141.26666666666668,167.33333333333334,143.16666666666666,211.16666666666666,249.13333333333333,217.26666666666668,166.23333333333332,159.26666666666668,261.8666666666667,227.46666666666667,143.46666666666667,182.86666666666667,201.16666666666666,229.63333333333333,171.46666666666667,175.9,469.3333333333333,172.83333333333334,95.83333333333333,229.36666666666667,147.66666666666666,239.73333333333335
STOML2,53.2,62.7,84.7,64.3,55.9,142.3,69.1,33.7,75.2,71.2,82.2,64.4,105.3,93.0,63.1,27.2,83.8,80.8,51.3,64.8,109.6,54.7,65.9,73.8,96.7,110.0,85.8,101.8,105.2,113.7,38.5,88.1,81.8,122.6,89.1,98.2,49.2,59.5,88.1,66.2,89.2,70.8,77.0,66.0,108.7,61.5,73.2,74.9,90.4,38.7,61.6,81.1,58.5,79.5,79.4,49.7,77.0,85.6,77.2,46.1,52.1,85.5,58.5,54.5,51.7,58.9,132.4,56.6,59.4,22.3,70.7,65.9,76.8,43.3,58.8,78.5,70.8,121.1,59.9,70.2,96.9,80.8,69.7,74.0,78.7,84.0,100.1,51.6,107.8,85.2,127.6,97.1,89.9,67.7,43.0,81.3,46.9,11.1,113.2,76.5,69.6,102.8,51.1,55.5,115.3
STX17,71.8,38.1,72.0,38.2,87.2,95.6,82.8,91.9,57.5,104.7,84.8,94.1,69.6,152.3,55.9,55.5,120.4,92.4,81.5,59.0,52.9,67.9,39.9,75.8,55.7,25.5,39.2,44.8,38.7,52.1,31.7,7.7,91.0,57.2,43.2,56.6,19.0,47.9,20.2,37.0,57.1,58.4,63.7,56.7,9.3,20.5,40.5,64.3,66.6,36.9,64.8,80.4,70.9,41.4,48.6,79.5,15.2,75.4,92.8,28.2,20.0,96.0,35.4,11.8,12.3,62.6,41.0,50.6,37.7,64.0,44.4,47.9,71.8,36.3,15.5,50.3,70.8,31.9,43.4,59.1,55.1,40.2,40.7,55.5,72.2,15.8,7.3,55.2,80.5,13.3,30.9,8.1,39.6,47.3,54.2,69.6,6.7,34.4,24.5,81.4,83.6,28.6,41.5,36.8,12.2
STYXL1,192.7,285.6,158.2,159.5,210.4,160.0,257.2,220.2,144.5,216.3,203.0,240.8,179.3,286.9,211.0,262.7,222.5,170.8,251.0,215.2,312.6,214.1,190.4,178.8,188.2,241.4,306.3,284.7,111.9,240.2,196.7,281.9,307.4,175.6,164.8,187.2,178.1,157.5,228.0,152.0,314.8,99.2,150.5,172.4,157.0,252.2,170.4,180.9,233.3,213.1,186.0,262.3,178.3,135.4,144.1,281.9,201.6,174.5,221.8,259.5,115.9,170.0,182.4,292.3,207.9,238.7,223.0,161.5,187.3,196.5,189.2,222.3,206.3,155.5,259.3,133.5,284.1,176.3,280.1,235.2,219.4,162.6,169.6,218.3,229.6,221.1,210.2,173.8,318.9,170.6,214.5,302.2,205.1,173.5,283.0,90.2,255.3,280.6,167.1,188.9,200.0,262.9,149.7,153.3,123.4
SUCLA2,67.5,47.0,55.5,46.1,53.6,62.1,64.9,37.5,81.2,54.2,58.5,52.9,34.5,51.5,60.9,61.0,35.8,30.4,29.8,62.7,63.7,53.4,104.1,52.1,50.6,48.1,60.1,69.2,48.8,35.7,33.4,75.8,59.3,85.2,66.2,61.6,57.0,38.8,40.5,58.0,69.4,52.9,43.6,56.9,61.0,75.5,50.6,89.3,55.8,51.3,45.9,48.6,91.8,59.9,59.1,47.8,61.7,38.5,36.9,48.2,70.4,82.4,37.5,48.5,23.5,51.9,73.6,94.5,68.9,47.1,57.2,36.0,48.9,93.4,35.4,43.7,75.9,88.9,61.7,51.0,47.4,48.5,100.0,46.3,51.8,56.4,47.9,68.5,63.2,65.6,101.2,55.8,46.6,86.2,73.3,86.9,108.2,72.7,66.9,72.2,77.1,50.4,73.9,59.4,80.6
SUCLG1,176.1,145.1,240.7,264.5,196.8,224.3,237.7,129.6,164.3,208.4,197.1,147.4,226.5,146.1,246.2,116.9,175.4,156.8,106.1,278.8,237.3,128.3,153.6,214.4,230.4,210.5,192.2,243.6,323.3,246.9,243.3,265.2,194.5,267.0,169.5,230.0,186.1,211.1,273.2,219.3,273.5,248.2,314.6,125.9,299.3,146.5,265.9,273.6,207.1,195.1,259.0,223.8,306.1,252.1,197.1,247.3,269.8,144.1,278.0,166.4,197.4,195.4,242.1,206.4,253.8,209.1,227.0,258.1,214.1,153.1,211.2,305.9,250.9,334.6,236.7,262.8,219.2,189.4,230.4,276.9,183.7,204.9,196.9,253.8,223.7,191.9,200.3,214.4,154.0,183.9,212.0,100.4,228.1,183.8,315.8,284.0,158.0,123.1,266.8,187.6,184.9,133.7,231.3,198.2,320.6
SUCLG2,91.96666666666665,82.93333333333334,126.10000000000001,64.53333333333333,78.56666666666666,130.23333333333332,97.0,67.73333333333333,71.13333333333334,52.53333333333333,68.10000000000001,98.46666666666665,79.23333333333333,69.33333333333333,91.39999999999999,80.3,35.1,50.73333333333333,54.46666666666667,91.3,98.76666666666667,119.56666666666666,91.03333333333335,102.03333333333335,99.93333333333334,109.39999999999999,103.26666666666667,77.26666666666667,84.5,105.73333333333333,86.39999999999999,122.76666666666667,109.06666666666666,87.2,128.76666666666665,93.06666666666666,70.23333333333333,73.36666666666666,72.7,111.7,83.5,92.73333333333333,106.5,117.73333333333333,100.89999999999999,102.2,96.33333333333333,112.33333333333333,100.60000000000001,82.53333333333335,83.89999999999999,79.36666666666666,124.33333333333333,120.09999999999998,114.39999999999999,92.8,89.73333333333335,83.63333333333334,118.33333333333333,80.3,94.73333333333333,84.3,99.83333333333333,115.39999999999999,118.53333333333335,76.93333333333334,127.93333333333332,91.33333333333333,69.93333333333334,65.9,106.10000000000001,82.10000000000001,85.53333333333335,115.2,64.93333333333334,85.46666666666665,95.0,72.26666666666667,75.9,78.23333333333333,95.16666666666667,78.06666666666666,109.76666666666667,75.13333333333333,57.699999999999996,85.3,79.60000000000001,97.0,53.36666666666667,39.800000000000004,82.89999999999999,75.33333333333333,80.0,104.7,76.5,82.23333333333333,79.39999999999999,56.43333333333334,69.23333333333333,67.76666666666667,50.53333333333333,61.199999999999996,124.83333333333333,71.7,78.83333333333333
SUGCT,4.2,9.6,3.3,2.7,3.6,3.5,4.7,19.5,3.4,8.6,3.1,5.7,8.9,5.4,4.9,3.3,4.7,4.9,4.7,3.2,6.4,4.4,6.5,5.7,3.7,2.5,7.2,4.5,5.3,4.0,4.5,3.4,4.5,2.1,4.1,2.6,4.4,2.2,14.2,2.5,2.5,4.7,3.2,4.1,5.3,3.8,5.0,2.1,4.5,7.0,4.0,3.5,3.3,2.3,3.4,5.2,3.7,6.1,4.4,5.5,3.5,9.9,7.6,5.0,5.0,10.2,5.5,4.3,7.2,4.0,7.7,7.4,10.4,5.1,4.6,4.3,6.7,2.1,3.8,4.2,11.0,5.3,5.7,2.9,3.0,2.6,17.5,5.9,7.2,6.7,5.1,4.6,3.1,8.3,12.8,3.1,5.6,44.5,9.3,7.3,11.6,8.4,4.6,5.2,18.2
SUOX,29.9,51.3,57.2,37.8,72.4,82.8,77.2,13.6,74.6,14.8,6.0,94.2,45.3,18.5,61.6,73.6,86.6,78.1,7.4,22.2,47.0,50.4,40.9,55.3,19.0,22.1,14.7,24.1,54.1,9.5,8.0,49.4,7.3,30.6,11.1,34.4,43.2,53.6,20.6,30.1,24.9,54.1,49.8,20.1,4.3,17.9,40.3,13.7,6.3,8.8,11.4,63.6,52.8,50.1,8.7,39.3,10.7,16.8,58.5,18.1,28.6,42.4,45.5,20.6,29.1,88.5,37.3,5.6,77.8,25.8,46.5,17.9,29.2,15.9,13.7,6.8,37.5,96.7,59.4,8.0,70.5,6.3,9.5,21.9,10.1,8.9,5.6,72.8,4.2,44.5,11.7,18.9,41.5,54.7,62.9,13.3,24.8,21.5,18.9,32.3,22.5,7.7,8.5,37.8,60.8
SUPV3L1,102.0,90.6,136.9,87.2,102.1,102.1,89.2,38.4,91.2,24.2,79.3,77.0,72.2,67.8,85.8,102.2,52.7,77.9,108.0,33.2,77.4,87.8,73.6,97.2,65.3,69.7,48.8,119.4,72.5,53.3,49.2,63.5,54.0,90.9,100.0,56.1,62.2,83.9,111.4,42.4,110.8,96.0,72.3,62.5,92.5,67.3,53.2,72.8,78.4,39.1,104.7,65.8,79.7,88.5,59.8,117.8,74.2,97.1,101.7,90.3,60.6,117.8,62.9,78.6,100.2,100.8,108.4,115.8,46.3,41.5,80.7,136.7,81.7,126.8,44.9,62.3,70.8,64.4,66.5,56.1,57.7,53.6,93.4,101.6,78.3,93.4,67.3,124.1,144.0,117.9,63.3,82.3,70.7,94.4,52.3,58.8,114.9,93.9,118.1,50.9,97.9,74.1,92.2,81.8,102.2
SURF1,147.4,161.0,135.25,175.45,176.60000000000002,225.85,108.64999999999999,211.7,162.3,164.04999999999998,160.65,124.55000000000001,176.85000000000002,246.4,165.05,132.85,286.15,272.7,200.20000000000002,206.4,152.95,153.25,198.15,136.45000000000002,123.39999999999999,145.54999999999998,175.05,162.4,140.6,157.64999999999998,142.95,140.45,158.35,137.1,125.2,131.1,121.64999999999999,133.35,150.0,125.45,170.4,116.75,109.45,269.3,88.1,144.10000000000002,154.45,127.85,135.0,191.85,177.54999999999998,118.65,135.60000000000002,123.65,128.1,145.4,102.55,164.9,126.55,208.65,95.19999999999999,149.45000000000002,132.05,165.7,141.39999999999998,125.6,97.8,95.5,93.0,86.3,62.15,133.29999999999998,135.70000000000002,158.85,124.45,121.25,100.0,87.2,117.2,138.3,114.15,135.35,115.1,114.15,159.0,105.94999999999999,159.20000000000002,167.2,123.2,168.4,96.85,126.0,126.85,133.45,117.45,80.45,101.6,194.95000000000002,103.7,143.20000000000002,171.5,126.9,173.95,155.89999999999998,171.35
TACO1,71.6,35.6,53.7,48.5,45.3,91.1,32.8,164.5,78.2,92.5,55.3,22.8,63.9,17.7,43.3,52.9,39.7,76.6,87.1,42.9,17.3,66.9,64.5,27.0,55.9,57.3,142.1,71.6,39.0,65.5,46.9,36.1,72.5,52.0,83.9,82.3,82.7,19.2,68.3,79.5,80.9,73.9,87.4,68.0,92.6,94.3,62.3,43.6,106.0,87.0,78.0,64.2,61.4,45.4,61.4,63.0,64.6,63.4,140.8,46.7,46.7,51.9,67.1,10.2,74.3,61.4,90.1,50.3,50.2,8.6,48.6,21.8,105.1,113.4,8.6,105.3,71.7,81.6,90.0,54.2,51.1,80.2,17.6,47.9,90.0,85.5,118.7,92.4,57.2,87.3,76.8,44.2,46.6,42.5,57.8,83.5,17.5,24.4,56.2,116.0,34.1,74.6,62.0,94.1,80.0
TAZ,100.8,96.0,64.6,87.4,108.64999999999999,67.3,76.9,142.4,88.7,102.65,63.800000000000004,142.65,60.7,137.29999999999998,103.65,114.8,115.05,118.6,131.5,89.9,73.45,134.3,66.85,92.75,133.5,101.45,98.55000000000001,85.95,97.0,87.75,126.8,87.9,113.35000000000001,79.45,106.5,93.85,101.2,91.7,77.75,59.699999999999996,81.15,72.9,84.15,93.85000000000001,92.85,170.25,66.65,66.4,88.95,85.5,162.79999999999998,72.5,79.64999999999999,66.9,81.19999999999999,94.25,46.6,96.2,57.650000000000006,102.05,37.199999999999996,76.95,121.1,61.25,105.3,78.80000000000001,120.6,97.85000000000001,85.5,153.15,87.65,113.05,109.0,109.45,103.75,67.1,67.9,85.55,82.7,56.95,88.85,78.15,76.80000000000001,106.55,122.55,105.25,124.3,63.650000000000006,65.85,153.15,82.85,113.89999999999999,127.89999999999999,67.9,101.75,121.5,159.9,147.45,120.05000000000001,196.9,95.95,77.05,53.55,112.6,52.3
TBRG4,27.4,73.2,31.1,18.2,43.0,48.1,58.9,45.6,43.9,53.3,86.1,44.0,35.8,31.2,39.2,60.9,82.9,49.5,41.1,70.2,44.2,42.0,68.5,57.3,59.3,43.6,9.2,54.9,5.8,66.6,13.6,68.6,7.5,53.9,40.7,42.0,79.2,90.8,48.5,85.0,61.3,48.7,39.9,74.9,42.1,74.9,40.5,73.9,78.0,63.4,63.0,32.4,34.0,46.5,42.7,42.8,38.0,43.9,64.2,104.6,29.8,56.2,43.5,21.7,41.6,32.4,41.6,36.1,27.8,65.0,84.7,47.3,26.4,98.4,34.2,71.1,43.2,38.9,33.5,56.1,38.8,22.9,6.8,107.0,66.8,11.6,56.8,66.1,17.5,42.3,56.6,39.6,15.6,52.6,73.0,85.3,35.6,62.3,43.3,84.8,96.9,28.0,63.3,45.3,12.8
TDRKH,65.25,82.7,89.45,66.9,45.5,77.1,73.3,96.69999999999999,56.400000000000006,82.45,64.5,79.9,52.35,104.0,77.55000000000001,88.85,120.19999999999999,155.0,111.1,50.400000000000006,61.2,113.75,50.95,68.85,65.9,73.7,103.19999999999999,56.3,47.45,82.95,63.099999999999994,65.9,77.94999999999999,52.650000000000006,57.45,56.3,81.55,55.65,47.55,64.05000000000001,67.44999999999999,49.75,76.35,98.5,44.45,102.80000000000001,57.650000000000006,67.0,67.7,58.5,94.0,74.55,61.1,42.900000000000006,70.05,61.0,54.099999999999994,66.6,48.8,113.05,37.3,72.35,53.15,79.0,50.599999999999994,84.4,81.2,69.6,61.35,75.35,59.95,74.6,51.9,58.05,68.1,52.7,56.6,64.8,79.1,33.65,79.35,77.4,64.65,54.1,62.85,65.25,75.4,61.85,67.45,57.949999999999996,65.5,92.3,74.94999999999999,61.449999999999996,57.85,60.6,120.2,84.94999999999999,43.25,92.3,97.8,89.4,34.9,97.65,74.05
TEFM,34.0,25.2,55.8,4.6,46.0,93.7,33.5,16.7,39.5,9.3,56.6,76.0,45.1,22.3,9.7,29.1,3.6,10.8,3.6,68.4,64.6,53.3,67.3,22.3,36.2,31.4,41.5,64.0,11.4,27.1,32.4,72.0,70.1,65.7,74.9,18.1,25.8,39.8,33.4,62.9,34.0,25.9,28.1,49.2,36.4,17.8,6.3,53.2,30.8,18.4,19.2,47.8,137.1,47.8,93.0,51.0,46.4,11.8,60.1,17.9,63.6,62.6,84.8,62.6,56.3,68.7,78.9,49.1,50.5,86.6,10.2,22.3,10.1,59.1,28.8,28.3,26.8,26.9,11.7,55.9,42.3,46.2,77.2,13.4,63.7,56.4,27.6,48.8,3.8,29.4,66.9,43.4,76.8,30.3,50.8,71.9,18.7,14.9,39.3,94.0,49.4,3.6,87.3,90.0,77.2
TFAM,36.0,43.36666666666667,33.93333333333334,20.73333333333333,36.0,36.56666666666667,45.9,37.1,41.06666666666667,28.533333333333335,32.16666666666667,37.300000000000004,19.3,25.333333333333332,38.233333333333334,38.46666666666667,32.06666666666667,26.633333333333336,30.133333333333336,28.666666666666668,22.866666666666664,41.56666666666667,44.13333333333333,20.666666666666668,34.76666666666667,33.1,37.36666666666667,33.36666666666667,25.866666666666664,36.1,26.166666666666668,37.300000000000004,15.833333333333334,41.63333333333333,33.86666666666667,25.7,29.166666666666668,29.666666666666668,47.800000000000004,18.733333333333334,38.300000000000004,41.06666666666667,34.4,53.03333333333333,44.699999999999996,37.5,21.733333333333334,21.099999999999998,33.6,44.63333333333333,43.36666666666667,22.066666666666666,35.766666666666666,41.1,41.93333333333334,36.06666666666666,46.333333333333336,37.1,24.166666666666668,27.533333333333335,36.03333333333333,29.299999999999997,45.93333333333333,26.133333333333336,45.46666666666667,50.63333333333333,47.1,39.4,7.8999999999999995,23.099999999999998,41.06666666666666,16.166666666666668,36.666666666666664,36.833333333333336,22.900000000000002,47.73333333333334,26.666666666666668,34.9,29.96666666666667,37.53333333333333,28.366666666666664,18.666666666666668,29.599999999999998,33.233333333333334,5.033333333333333,45.06666666666666,26.53333333333333,31.666666666666668,33.63333333333333,32.9,30.2,14.300000000000002,37.9,32.233333333333334,32.13333333333333,35.36666666666667,54.133333333333326,24.833333333333332,29.333333333333332,44.93333333333334,49.0,26.833333333333332,39.199999999999996,41.9,81.83333333333333
TFB1M,89.5,78.5,87.0,87.5,77.6,117.7,79.4,52.7,81.0,64.8,66.8,88.6,67.3,81.7,105.9,71.2,64.3,64.2,42.9,92.9,92.8,107.3,78.4,86.3,91.8,91.4,79.9,73.0,92.7,97.8,89.2,70.4,89.5,80.6,107.8,74.7,70.9,98.7,94.9,99.9,73.8,83.1,86.7,112.8,81.2,62.2,66.8,98.1,59.7,64.2,43.1,70.1,82.9,76.2,62.1,92.5,77.3,88.1,83.4,66.7,71.0,62.8,55.9,90.5,82.7,82.0,96.0,96.0,60.6,85.5,70.9,80.4,88.6,105.3,84.9,86.8,63.7,62.1,64.0,84.8,109.2,64.7,59.3,80.2,113.1,71.5,92.6,96.4,67.5,91.0,119.0,68.2,51.9,75.1,67.6,94.8,129.0,75.8,66.0,100.2,90.3,60.4,85.3,84.4,66.7
TFB2M,56.1,59.2,54.7,75.3,64.5,75.0,89.1,79.7,59.7,75.9,83.2,95.6,68.3,47.5,74.1,71.0,57.7,59.6,81.2,58.6,50.0,84.5,94.9,57.1,83.4,59.9,68.0,95.6,51.0,66.8,62.0,60.8,60.6,66.6,79.1,68.1,83.8,61.1,72.0,111.9,57.9,69.0,81.1,99.3,58.9,77.5,67.4,73.2,70.2,102.2,75.8,63.6,103.7,64.0,86.1,46.2,55.5,58.5,76.1,65.4,53.6,80.3,61.8,97.1,88.3,66.3,51.5,78.9,60.4,98.9,59.3,86.0,58.9,97.8,47.8,75.4,78.2,66.6,76.7,64.8,64.9,58.1,77.3,62.3,51.3,72.4,95.4,66.7,26.8,52.2,45.8,70.6,48.2,93.2,56.0,40.9,36.6,56.5,97.5,51.6,83.6,94.8,77.9,87.4,95.7
THG1L,53.4,70.7,77.1,63.6,48.8,63.2,48.6,52.7,54.0,48.9,85.0,43.2,79.4,49.8,56.2,62.6,30.4,62.2,54.7,92.9,85.4,71.1,62.8,54.1,72.8,80.9,50.6,109.8,64.1,88.9,96.3,56.8,58.4,61.4,59.7,39.6,43.3,43.7,81.6,106.8,87.1,60.4,69.3,82.5,102.5,66.5,63.8,75.0,78.9,54.2,141.1,65.6,39.5,49.9,75.5,70.0,65.9,85.7,62.5,87.4,51.6,83.7,89.8,90.8,53.6,69.1,94.4,92.5,110.8,86.2,58.9,72.5,98.2,48.8,61.8,83.6,120.3,59.2,82.2,129.4,67.0,76.7,100.1,92.2,67.2,72.4,88.5,72.3,95.8,28.7,60.4,83.1,37.3,55.7,35.5,78.5,119.4,159.6,132.0,79.2,85.9,141.2,118.0,71.7,178.9
THNSL1,4.2,10.7,21.4,3.8,2.6,27.9,2.1,6.0,4.7,5.1,18.6,5.7,18.4,3.4,2.2,1.0,5.6,1.9,1.1,0.8,19.6,2.8,25.5,9.2,18.0,20.6,24.7,3.5,12.2,14.4,14.8,35.6,1.1,10.6,20.3,17.4,3.2,3.0,21.0,18.8,11.3,9.8,1.7,12.0,15.8,0.9,8.7,9.1,11.0,14.4,18.8,9.9,1.5,12.1,18.3,1.7,6.8,12.1,20.0,4.1,2.2,6.3,4.8,7.0,15.4,1.5,7.6,19.1,17.6,34.8,6.5,12.1,7.3,2.0,3.5,1.4,3.3,13.5,2.9,15.3,28.4,16.7,3.5,20.1,3.0,26.6,2.0,27.6,6.5,14.3,13.3,20.4,30.9,9.6,32.2,27.2,3.4,3.3,18.8,1.3,11.7,34.4,15.2,20.4,40.8
TIMM10,4.6,6.2,14.8,4.9,8.6,38.1,5.9,9.7,7.8,3.7,3.9,8.2,6.1,8.1,4.6,4.7,9.5,17.1,5.6,3.7,5.1,7.9,3.6,3.5,4.8,4.2,23.4,9.6,3.9,5.2,11.5,6.3,4.2,4.5,3.6,6.0,5.3,5.8,10.0,52.8,5.5,4.0,44.2,6.1,9.9,7.0,6.4,4.6,5.7,8.4,7.9,18.8,7.9,2.7,13.2,3.7,11.1,14.5,5.0,6.2,10.1,11.7,7.2,5.1,8.0,13.6,8.4,38.8,5.5,14.5,5.9,6.2,10.7,16.9,25.5,48.8,4.3,20.3,5.7,34.8,21.6,5.9,10.8,5.4,15.3,9.3,7.7,20.9,15.3,10.3,18.7,16.6,4.2,54.3,5.4,5.6,13.7,5.8,5.9,7.4,5.6,23.7,23.9,50.2,4.7
TIMM10B,97.8,89.5,78.8,112.7,113.3,91.4,104.9,122.0,102.3,90.2,89.3,129.2,81.5,71.7,81.0,70.9,83.9,70.9,104.2,91.7,95.3,70.1,124.8,99.2,84.8,85.1,83.5,113.1,109.0,92.6,63.7,70.2,91.0,103.3,75.2,69.1,120.8,60.7,45.7,86.4,99.1,84.3,112.6,121.9,80.9,134.3,70.6,77.5,73.7,57.9,135.9,102.2,98.4,68.0,86.9,80.4,70.8,102.0,86.6,96.4,48.3,104.7,65.1,84.9,78.4,102.1,84.0,151.4,60.4,134.6,85.0,87.5,78.8,99.2,62.5,103.4,69.7,129.7,77.7,72.3,111.7,148.8,127.4,103.8,110.6,93.3,126.4,105.4,73.5,76.5,133.6,145.8,78.7,148.7,121.0,112.0,134.0,29.3,113.4,111.1,111.8,75.8,92.8,101.8,118.4
TIMM13,58.1,81.0,77.9,76.0,67.8,97.1,80.9,94.6,75.3,55.2,58.2,14.6,91.3,70.0,72.1,84.8,133.4,66.2,85.1,122.0,107.4,134.2,83.0,58.2,84.0,62.3,95.2,125.9,58.0,82.8,79.0,78.7,86.9,91.0,95.0,60.6,54.4,61.7,69.1,51.0,100.1,66.2,52.6,87.2,107.5,73.1,95.8,88.3,66.0,124.4,144.8,95.7,92.1,92.0,97.6,98.2,65.6,57.6,40.4,75.1,46.0,58.2,123.1,62.1,101.8,91.0,86.0,78.9,87.8,69.4,60.8,72.1,77.1,97.0,47.9,117.8,79.7,129.9,100.1,97.2,72.7,53.0,146.6,74.1,77.6,108.1,107.9,83.0,87.7,40.9,114.5,53.7,42.6,93.1,72.4,64.1,63.5,44.3,40.2,27.2,94.4,60.7,76.8,97.0,119.3
TIMM17A,49.525,46.325,50.75,51.45,52.7,69.625,47.75,38.3,40.825,44.175,50.575,43.025,50.525,47.625,48.0,42.45,42.85,48.05,56.975,69.475,58.025000000000006,52.175,73.0,44.975,50.45,40.575,66.35,44.325,66.35,50.349999999999994,58.824999999999996,45.175,47.3,60.65,55.975,51.025,39.650000000000006,43.475,56.975,66.575,40.725,61.900000000000006,65.775,62.55,52.225,54.3,39.400000000000006,72.0,59.5,51.475,45.55,58.5,68.425,67.575,62.2,68.175,50.225,45.075,63.475,40.925,59.2,47.425,65.9,52.125,51.35,58.6,51.525,55.475,45.849999999999994,57.775,56.925,44.425,59.625,74.45,54.275,54.425,45.8,50.5,43.25,61.975,58.724999999999994,59.324999999999996,70.725,90.25,54.55,78.0,60.0,53.55,43.375,34.625,82.875,54.15,54.325,91.1,59.425,70.275,45.6,82.85,77.775,55.825,61.425,48.725,53.699999999999996,52.875,76.75
TIMM17B,104.4,88.9,112.6,214.0,125.8,96.1,77.7,154.8,89.6,84.0,160.3,141.3,97.5,82.7,81.2,92.6,166.4,159.5,128.0,66.9,181.4,91.4,113.4,92.0,144.8,87.9,177.6,69.0,26.4,140.7,104.1,38.7,111.1,79.6,89.5,86.5,118.1,113.7,64.1,88.9,92.3,72.0,97.9,122.2,127.0,159.3,105.7,96.3,123.2,77.8,221.4,82.4,116.8,126.7,80.2,65.2,81.5,73.4,77.2,158.0,48.8,58.7,88.1,134.3,79.3,111.5,113.2,149.4,79.9,40.8,69.4,143.7,87.0,69.4,121.5,133.6,145.2,149.8,96.1,129.8,115.9,94.9,100.5,128.6,126.9,72.8,154.2,107.3,85.5,104.7,144.2,160.2,133.5,99.3,132.2,94.7,44.7,85.3,124.8,185.7,156.9,142.7,146.7,171.4,117.8
TIMM22,114.1,83.4,92.4,53.9,90.4,95.0,124.4,102.3,96.5,22.2,20.4,22.5,62.0,46.8,113.0,19.6,76.7,47.1,98.9,75.8,78.8,29.9,85.2,147.2,99.7,74.3,80.8,121.9,95.1,58.6,59.1,74.7,119.2,106.7,128.1,35.3,21.9,73.1,121.4,38.9,83.2,98.2,72.9,51.4,74.6,145.1,65.5,75.7,8.0,19.9,13.5,102.4,67.4,91.9,82.5,89.5,75.2,116.1,89.0,9.0,69.9,84.9,61.3,84.7,96.3,70.5,96.3,96.6,28.6,13.9,139.3,102.7,104.8,141.2,99.1,36.4,118.5,98.3,17.4,91.8,76.7,72.5,75.2,82.7,64.4,10.0,25.5,97.8,36.2,51.1,90.7,27.4,127.2,66.2,88.6,87.9,14.3,21.2,57.5,81.7,172.2,86.9,117.2,99.1,75.1
TIMM44,14.5,10.85,14.7,19.5,8.75,25.849999999999998,12.2,16.5,4.65,15.7,37.7,30.8,13.45,10.25,8.85,22.15,32.75,46.0,46.65,29.599999999999998,23.25,11.25,23.849999999999998,30.25,18.05,7.4,7.65,11.55,4.8,9.899999999999999,4.449999999999999,30.3,36.300000000000004,22.35,5.949999999999999,18.45,43.45,4.95,22.85,9.95,29.55,10.7,14.05,22.2,6.85,14.7,12.850000000000001,8.4,9.95,4.65,55.6,7.8,40.0,39.05,19.55,11.4,15.45,19.4,28.6,10.45,9.5,9.2,10.8,6.35,8.65,9.25,28.75,10.5,11.1,7.5,44.85,26.65,4.9,12.95,14.5,9.1,8.1,32.45,9.85,13.2,8.5,23.45,14.35,17.05,6.8,39.0,30.7,18.6,7.3,13.4,31.1,7.3,17.75,41.5,32.85,8.4,34.55,34.2,17.55,10.65,30.6,10.25,42.8,27.200000000000003,78.6
TIMM50,7.4,8.8,6.4,4.3,10.8,3.9,13.7,10.0,11.9,17.3,6.2,8.4,4.7,4.2,6.2,6.4,7.5,9.3,10.4,4.6,3.2,12.1,4.5,6.3,3.5,4.3,12.1,10.5,4.4,5.2,5.2,10.9,9.5,3.6,4.3,3.7,7.7,10.3,7.1,4.0,3.3,8.6,6.0,7.2,5.6,24.9,4.5,2.2,4.5,4.9,17.1,5.8,4.4,7.4,3.0,2.9,4.8,32.4,6.0,9.1,25.1,7.0,8.9,3.5,4.6,3.7,5.2,4.7,4.4,7.8,6.5,16.1,4.0,4.9,6.5,5.0,5.3,3.6,10.9,5.0,6.2,4.1,3.5,3.3,16.9,11.1,19.3,4.4,4.7,9.0,3.1,11.9,12.8,3.5,9.3,4.9,12.6,7.2,5.2,10.1,7.0,6.7,6.0,5.2,14.2
TIMM8A,8.35,4.1,20.6,30.5,17.400000000000002,27.0,19.3,36.3,15.55,10.6,23.5,17.95,10.799999999999999,28.049999999999997,18.7,23.5,17.599999999999998,27.55,31.9,19.75,9.100000000000001,41.85,4.65,24.299999999999997,20.8,17.0,8.0,39.9,17.7,28.150000000000002,33.95,5.75,5.4,14.35,12.8,14.9,6.1499999999999995,35.9,16.05,12.8,16.25,10.55,9.649999999999999,34.1,18.95,20.599999999999998,10.0,23.15,21.8,22.0,52.65,26.85,13.2,21.05,17.3,7.7,25.35,17.15,8.65,12.0,8.65,26.9,21.799999999999997,5.75,5.9,17.55,19.0,18.099999999999998,37.0,19.05,11.950000000000001,21.150000000000002,11.85,7.4,27.65,23.950000000000003,22.3,21.6,16.9,13.4,10.9,12.6,13.65,43.45,8.25,20.4,19.9,30.450000000000003,27.8,22.2,20.599999999999998,8.2,30.35,15.4,6.1000000000000005,29.3,60.55,40.25,54.85,10.35,39.2,64.44999999999999,30.7,9.55,20.25
TIMM8B,114.3,111.9,135.5,142.7,133.6,193.7,94.6,255.3,157.6,113.9,183.5,132.5,170.8,214.4,147.5,115.6,143.7,124.4,163.5,145.9,206.6,184.1,169.5,123.8,175.5,134.8,138.3,131.4,133.8,163.5,167.6,170.8,165.1,160.5,137.4,100.0,143.8,204.7,125.3,109.8,148.0,124.1,199.6,134.6,95.0,167.8,152.1,102.1,150.4,158.3,183.2,190.9,169.8,179.5,190.2,160.0,191.9,177.0,129.0,158.8,138.2,149.7,149.6,98.2,154.3,156.4,84.6,204.5,154.0,172.4,163.4,160.7,134.7,240.6,81.1,148.9,163.3,146.7,147.4,107.2,170.1,151.3,292.3,148.8,125.8,131.6,208.1,153.6,184.4,149.4,129.4,78.3,104.1,193.9,177.5,133.0,166.4,114.6,117.1,101.6,182.4,142.8,205.8,165.0,209.8
TIMM9,103.2,68.8,137.6,90.0,84.9,87.4,136.3,55.3,75.4,119.9,89.1,160.1,90.9,127.8,118.3,80.0,122.2,76.2,91.6,92.1,58.1,125.5,101.3,88.6,91.5,63.6,71.1,107.4,50.1,91.2,77.4,77.2,68.6,114.0,96.2,86.7,88.4,58.7,79.8,107.3,82.8,83.5,105.9,109.5,82.4,71.4,69.2,79.6,57.7,41.5,77.1,102.1,111.1,91.3,70.8,92.3,77.8,91.1,81.8,52.8,62.8,124.3,89.0,77.6,102.0,122.7,147.5,123.7,81.3,98.9,39.8,73.5,122.7,84.7,103.3,78.5,118.4,71.1,73.3,55.5,86.4,59.5,81.7,70.2,101.3,92.2,84.6,63.1,91.2,51.0,115.6,96.7,76.3,87.5,57.7,82.4,37.0,109.1,82.7,88.9,63.1,32.7,94.6,83.4,87.8
TK2,46.56666666666667,59.36666666666667,55.699999999999996,49.166666666666664,58.96666666666667,49.86666666666667,47.4,38.93333333333334,50.63333333333333,75.2,41.166666666666664,54.1,47.03333333333333,57.56666666666666,58.53333333333334,53.13333333333333,60.70000000000001,61.0,50.93333333333333,34.266666666666666,60.63333333333333,42.73333333333333,56.300000000000004,45.833333333333336,39.73333333333333,70.03333333333333,40.3,74.56666666666666,43.46666666666667,65.86666666666666,46.199999999999996,38.23333333333333,40.699999999999996,39.56666666666666,39.266666666666666,58.53333333333333,51.06666666666666,39.56666666666666,38.8,41.233333333333334,36.13333333333333,49.9,51.6,62.5,45.300000000000004,33.86666666666667,37.766666666666666,46.666666666666664,32.46666666666667,60.56666666666666,50.333333333333336,43.13333333333333,39.36666666666667,49.166666666666664,44.26666666666667,37.300000000000004,58.4,50.96666666666667,44.56666666666666,40.56666666666667,51.800000000000004,61.96666666666667,39.43333333333334,39.800000000000004,60.099999999999994,43.833333333333336,47.900000000000006,52.56666666666666,49.46666666666667,50.833333333333336,38.13333333333333,52.833333333333336,61.666666666666664,42.03333333333333,62.93333333333334,44.36666666666667,44.73333333333333,46.199999999999996,36.300000000000004,43.86666666666667,33.4,35.166666666666664,49.13333333333333,56.333333333333336,49.5,43.6,22.733333333333334,31.299999999999997,49.300000000000004,14.066666666666665,55.06666666666667,63.666666666666664,50.800000000000004,37.56666666666667,50.0,68.60000000000001,69.7,69.03333333333333,46.833333333333336,42.833333333333336,74.5,49.73333333333333,52.9,54.26666666666667,24.400000000000002
TMEM11,122.1,141.6,173.2,172.2,179.2,137.6,191.8,204.8,153.6,177.2,136.2,118.7,146.7,193.3,168.5,165.2,193.2,225.8,171.1,162.7,145.4,187.2,126.3,153.9,134.7,161.9,169.3,171.7,182.8,111.7,142.8,124.3,186.6,141.7,119.8,174.6,195.9,211.9,114.5,120.8,132.1,123.1,157.2,136.3,170.6,143.7,186.3,135.0,169.7,185.3,167.2,169.3,144.9,179.2,167.7,147.6,138.8,105.9,157.0,117.7,197.4,140.1,125.3,198.0,169.8,146.1,103.8,164.7,135.0,124.8,113.0,156.7,197.4,116.7,167.8,138.7,171.8,102.8,166.7,179.6,110.3,137.1,115.9,276.5,179.7,133.8,180.0,190.5,119.5,211.1,73.9,183.5,157.0,179.2,121.2,84.6,191.1,182.0,122.4,141.1,135.1,229.5,199.9,159.7,211.9
TMEM126B,162.2,146.2,155.3,105.8,199.3,197.6,162.7,188.3,187.4,128.1,153.1,183.6,164.8,140.5,167.8,167.1,100.3,110.6,132.2,162.7,125.0,164.5,212.5,136.8,227.9,112.8,152.3,154.4,123.6,135.8,112.8,209.5,172.5,162.2,134.0,146.3,144.7,134.5,140.5,145.4,154.3,152.0,118.6,151.4,147.0,102.4,114.3,141.4,151.6,112.0,172.4,166.8,258.0,179.6,201.8,147.4,149.8,164.5,139.0,97.1,194.6,152.6,158.7,132.3,146.4,143.2,196.0,223.7,112.1,167.8,127.4,76.1,162.8,211.3,119.8,167.6,211.3,130.8,158.0,171.6,167.2,105.3,207.1,143.2,75.4,173.9,151.7,133.4,102.9,131.7,174.0,158.9,142.9,165.0,167.0,166.3,142.5,234.6,151.4,121.4,180.5,96.7,178.6,101.3,167.9
TMEM143,12.6,8.3,14.0,11.7,6.0,40.2,14.5,15.3,24.1,8.5,9.6,13.9,6.7,10.4,20.9,8.5,53.0,15.3,9.4,3.2,12.3,9.3,15.8,19.7,8.2,10.5,8.5,9.4,5.2,6.5,7.9,47.5,6.7,4.7,25.1,5.2,3.8,4.8,7.2,6.1,3.0,6.9,11.1,13.9,28.9,35.5,37.7,29.8,2.3,5.1,15.6,5.2,4.7,4.8,23.2,4.1,7.1,3.8,6.2,69.3,3.7,38.4,9.1,31.8,4.5,6.9,37.5,44.4,18.1,44.3,17.8,9.9,4.4,6.3,8.2,6.1,8.0,4.6,10.5,9.6,37.1,6.3,6.0,12.9,4.0,4.2,6.5,9.7,24.0,5.5,8.0,8.7,8.2,5.0,32.1,30.0,6.6,10.6,21.4,12.8,62.6,10.3,9.4,10.4,12.5
TMEM177,9.3,17.4,23.3,37.2,8.6,53.7,25.7,37.2,26.9,11.9,20.8,5.1,20.9,32.1,31.1,10.7,33.0,16.6,44.5,29.0,40.9,24.7,17.7,23.8,25.3,20.2,61.4,48.3,34.8,35.7,15.0,41.3,11.2,24.5,4.2,27.8,22.0,45.7,21.9,24.5,59.0,8.2,3.3,55.0,50.8,31.0,28.2,20.3,20.3,35.6,24.2,30.0,17.2,29.4,18.7,42.0,16.3,51.0,2.1,21.7,2.4,46.9,9.5,11.4,31.4,28.4,64.1,34.6,12.1,46.7,57.9,31.1,47.3,24.7,9.4,51.5,10.0,35.6,46.5,56.8,31.1,4.0,8.1,36.0,8.2,6.3,59.6,5.7,54.9,8.6,35.0,22.7,28.6,18.0,29.7,43.1,50.2,72.2,6.0,27.8,21.5,80.4,38.3,4.4,60.5
TMEM186,80.1,63.8,87.1,104.9,57.0,92.1,70.1,72.7,60.9,131.6,36.1,88.4,63.5,74.7,95.2,84.0,54.9,74.1,70.0,81.3,45.0,94.6,88.5,72.8,41.2,110.9,47.2,76.0,62.2,58.7,103.3,85.5,68.2,108.7,62.2,47.0,96.4,48.4,56.6,45.2,94.3,75.0,63.3,125.2,75.4,92.3,68.6,77.5,53.9,74.4,88.0,83.3,78.9,98.0,77.0,60.6,75.0,105.1,58.3,68.0,51.5,85.4,90.3,86.5,80.9,79.3,60.4,61.1,69.2,119.8,80.1,69.8,52.7,109.0,47.4,92.9,11.5,57.3,85.3,66.3,55.4,61.8,56.7,34.9,74.8,56.7,73.4,50.4,77.5,18.9,71.1,76.8,30.2,71.7,55.8,61.0,100.4,67.3,50.7,109.3,11.9,125.6,92.4,57.0,155.2
TMEM70,98.4,108.39999999999999,76.3,77.1,71.39999999999999,149.55,70.14999999999999,119.5,111.6,85.6,76.05,110.05,71.25,114.75,145.5,74.8,122.55,76.10000000000001,95.45,89.44999999999999,69.2,125.05,125.14999999999999,81.85,81.05,70.6,65.8,142.85,76.7,63.6,111.75,78.64999999999999,109.1,107.85,50.5,108.05,161.5,91.39999999999999,120.75,133.75,73.5,92.80000000000001,75.35,89.19999999999999,71.0,95.65,99.95,76.5,95.85,78.95,113.15,81.9,93.6,84.15,88.7,49.55,86.85000000000001,83.8,94.35000000000001,68.65,114.25,106.3,57.3,100.75,108.2,98.4,122.65,122.05000000000001,62.55,99.05,39.6,84.14999999999999,132.8,79.2,89.7,111.75,84.35,96.5,68.75,90.15,86.5,132.7,73.05,125.75,100.4,92.85000000000001,78.25,110.69999999999999,64.95,47.7,85.95,95.7,98.3,105.30000000000001,61.65,103.7,69.44999999999999,65.15,68.55,49.85,42.35,120.3,66.45,72.85000000000001,65.7
TMLHE,16.7,18.7,6.9,44.2,3.0,17.1,9.6,21.5,10.9,14.1,65.9,19.9,41.5,12.5,15.3,15.2,31.1,15.4,37.7,10.5,20.6,15.0,26.2,12.8,49.9,17.3,22.0,15.3,9.2,18.6,18.2,21.1,18.3,21.7,11.6,5.1,35.3,22.0,16.3,24.3,18.0,6.4,8.2,41.8,20.9,13.7,7.6,7.9,15.4,7.9,13.3,39.9,11.1,6.4,11.8,17.7,28.8,10.2,47.8,97.3,2.2,47.6,59.9,26.8,17.7,11.5,6.5,22.6,39.1,20.2,57.3,9.1,20.7,11.1,6.2,20.0,20.0,41.7,40.5,29.0,15.5,15.9,13.8,3.1,9.1,20.6,20.1,3.9,21.6,48.4,38.2,10.7,75.0,8.9,43.3,58.5,26.1,6.2,23.2,5.2,19.8,80.8,6.8,8.0,4.7
TOMM20,135.75,124.10000000000001,144.45,108.5,114.8,203.95,165.6,120.75,132.55,144.05,128.5,153.45,161.15,96.1,114.05,103.89999999999999,100.80000000000001,94.0,109.65,145.55,158.55,197.0,201.65,125.05,152.14999999999998,143.25,151.8,137.7,131.5,132.8,122.35000000000001,194.1,128.25,214.0,180.7,158.0,153.2,138.85,147.75,199.75,153.9,164.5,169.35,133.45,193.15,138.25,155.85000000000002,207.89999999999998,180.3,186.5,171.35,181.25,258.55,203.5,223.75,151.65,157.75,155.75,140.65,92.94999999999999,178.7,168.8,137.8,182.0,163.15,154.1,131.89999999999998,146.05,143.2,117.15,115.15,147.05,168.9,175.5,86.5,147.95,197.6,193.55,170.89999999999998,170.95,165.0,123.35,221.9,119.4,124.0,167.05,131.55,126.4,147.8,123.6,209.8,144.2,167.4,171.0,163.05,228.0,195.70000000000002,129.95,165.70000000000002,128.5,114.2,140.55,197.7,134.75,241.0
TOMM22,38.5,58.2,88.6,29.2,78.7,57.2,33.0,64.5,67.1,26.4,58.7,58.7,73.7,21.5,75.5,87.6,46.7,18.0,20.4,106.7,43.1,12.0,59.0,57.2,30.3,12.6,80.1,8.1,84.6,69.7,33.5,39.2,119.0,37.8,145.0,67.7,19.9,70.9,79.4,98.3,84.3,44.9,54.3,128.9,22.1,119.3,73.7,18.2,69.4,151.9,16.2,61.9,54.4,96.5,53.0,44.6,87.1,77.4,59.1,35.2,14.9,63.6,49.0,28.8,15.4,19.4,38.9,66.4,75.6,18.4,51.7,111.0,48.4,56.2,23.6,10.5,58.3,67.5,65.8,39.4,68.6,43.1,107.6,22.5,68.0,68.9,24.1,113.5,20.6,91.9,24.9,44.1,101.4,60.3,14.6,99.4,22.4,113.4,67.8,85.8,42.2,26.5,112.0,16.0,47.5
TOMM34,157.2,208.3,159.2,103.9,175.9,87.8,136.2,171.2,149.2,169.8,97.5,204.8,128.1,82.5,174.3,167.5,186.2,133.6,268.1,102.7,175.3,209.1,129.8,158.0,158.6,119.2,107.2,171.6,121.3,147.8,188.9,85.5,120.6,114.1,122.6,142.5,158.9,114.2,111.1,76.9,137.3,96.5,86.9,159.5,159.1,177.1,132.2,129.8,125.6,139.4,125.7,126.3,75.8,76.4,87.9,109.8,126.5,127.0,86.9,198.4,130.7,122.9,142.3,130.5,147.7,120.8,141.7,143.5,75.2,173.1,164.8,149.6,191.7,137.3,135.5,127.3,118.6,108.2,107.9,138.4,126.7,168.0,158.1,140.3,149.8,88.3,66.1,67.2,96.5,70.0,195.6,162.5,162.3,122.6,117.8,114.6,118.2,84.5,228.2,57.0,101.7,151.5,82.7,124.0,93.5
TOMM40,166.3,180.9,103.4,166.9,207.9,141.7,155.1,273.4,163.8,182.2,112.5,171.8,118.1,247.1,123.3,135.9,184.1,216.7,319.5,178.6,244.9,216.7,118.4,128.2,170.2,112.2,238.7,133.5,116.5,256.6,172.2,181.4,103.6,156.0,138.8,160.3,127.6,180.2,221.8,211.7,192.3,132.7,157.9,282.6,204.4,212.2,124.9,94.0,217.5,149.5,350.3,150.1,132.3,89.9,119.0,183.9,205.2,177.1,122.3,210.0,132.1,195.7,157.2,168.5,140.8,145.8,192.5,158.1,303.4,256.9,261.5,213.5,162.4,193.0,193.4,172.5,120.5,203.9,132.2,148.7,143.8,185.2,184.2,150.9,183.9,129.1,227.4,153.7,191.9,138.2,61.3,272.6,245.3,139.5,168.0,133.7,220.4,274.4,120.8,247.5,294.5,355.3,198.5,228.2,324.1
TOP3A,51.833333333333336,44.6,48.36666666666667,43.1,57.6,35.300000000000004,48.5,27.799999999999997,46.13333333333333,55.833333333333336,40.766666666666666,50.13333333333333,42.13333333333333,26.933333333333334,36.66666666666667,46.366666666666674,54.53333333333333,34.9,72.96666666666667,49.46666666666667,28.46666666666667,48.76666666666667,40.96666666666666,54.23333333333333,22.833333333333332,38.56666666666667,42.233333333333334,53.86666666666667,45.0,44.333333333333336,30.36666666666667,31.733333333333334,46.03333333333333,32.1,43.56666666666667,30.933333333333334,49.46666666666667,27.533333333333335,27.3,29.0,41.13333333333333,23.233333333333334,41.06666666666667,36.53333333333334,48.800000000000004,14.266666666666666,39.766666666666666,40.63333333333333,46.833333333333336,20.099999999999998,46.1,17.566666666666666,34.96666666666667,43.43333333333334,30.566666666666666,54.4,27.700000000000003,41.63333333333333,42.699999999999996,31.933333333333337,36.166666666666664,54.1,41.300000000000004,42.96666666666667,32.4,34.56666666666667,43.300000000000004,39.199999999999996,31.666666666666668,58.26666666666667,82.8,42.333333333333336,39.96666666666666,18.433333333333334,64.83333333333333,37.233333333333334,42.666666666666664,55.06666666666666,62.199999999999996,26.133333333333336,43.800000000000004,26.299999999999997,63.0,52.4,46.23333333333333,33.733333333333334,44.56666666666666,23.7,33.56666666666667,35.63333333333333,41.699999999999996,69.16666666666667,30.433333333333334,53.36666666666667,31.2,65.3,67.10000000000001,30.700000000000003,77.26666666666667,53.43333333333333,57.4,29.96666666666667,63.96666666666667,53.73333333333334,29.966666666666665
TRAP1,188.2,334.3,254.6,211.9,315.6,271.8,174.9,480.6,115.4,212.4,162.6,297.9,106.3,287.3,225.8,249.9,328.0,282.3,331.3,280.5,307.7,162.0,200.8,143.0,387.8,223.5,166.7,106.9,155.4,85.8,278.0,111.6,259.3,164.5,210.9,134.7,189.0,160.1,256.4,178.5,206.2,142.4,176.0,229.5,227.9,218.2,291.5,154.6,274.4,68.5,371.3,212.8,206.0,209.0,207.1,179.9,137.1,175.3,232.6,299.3,119.5,245.1,112.2,155.5,119.4,127.2,203.3,130.7,225.1,214.0,45.1,193.8,228.2,127.4,214.6,195.1,176.9,301.5,105.2,221.5,259.1,129.8,285.8,227.2,136.4,154.7,146.1,96.0,191.3,185.6,154.3,287.2,212.1,155.4,291.0,139.9,179.7,58.8,63.5,53.9,255.9,51.6,263.5,211.4,41.0
TRIAP1,135.8,122.4,158.9,115.5,112.1,227.3,115.3,183.2,125.8,136.1,148.4,126.9,187.6,147.3,92.8,140.1,129.5,151.9,167.7,197.7,101.9,159.8,206.3,114.3,155.0,120.6,136.8,138.4,144.7,155.9,136.4,165.7,162.2,154.6,187.8,99.3,126.8,159.1,87.4,153.3,130.3,159.0,159.5,154.0,100.3,124.7,129.1,166.3,180.3,145.7,140.8,191.5,157.9,205.1,198.7,179.8,192.4,177.0,150.1,124.6,201.3,145.5,110.7,127.8,122.2,162.8,139.6,186.6,166.7,74.6,24.2,170.0,105.6,128.2,107.0,134.0,163.3,185.7,147.7,189.1,134.6,117.6,228.4,178.1,199.8,120.1,22.5,113.0,61.4,143.5,147.2,144.2,159.9,169.2,140.7,135.9,147.4,187.8,134.6,71.5,122.2,118.5,151.8,142.6,122.0
TRIT1,102.5,68.8,104.9,91.9,72.8,114.5,99.8,78.0,65.5,99.3,111.9,94.8,94.1,50.9,78.4,74.3,78.0,37.6,79.7,140.4,87.7,95.7,125.3,71.7,80.4,135.1,132.4,111.9,68.5,112.1,111.1,116.0,108.0,88.1,79.1,95.1,72.4,133.8,92.7,172.6,85.1,83.9,96.3,70.2,104.2,23.0,89.4,76.7,114.9,114.3,93.2,106.6,67.6,93.8,88.7,78.4,107.7,124.4,99.3,103.9,97.8,150.0,122.5,121.1,104.9,102.9,102.3,123.9,12.2,58.9,60.5,132.5,104.1,74.8,53.3,116.4,72.0,74.0,85.6,120.0,98.0,117.5,122.0,104.8,80.5,54.2,81.3,111.2,99.4,99.2,128.1,83.1,118.6,120.0,89.6,100.6,105.4,104.5,130.5,127.7,172.2,212.1,94.6,88.3,84.8
TRMT1,23.03333333333333,38.86666666666667,44.36666666666667,19.933333333333334,16.766666666666666,23.96666666666667,18.7,20.133333333333333,7.933333333333334,12.1,32.13333333333333,13.9,6.166666666666667,11.666666666666666,19.966666666666665,21.033333333333335,17.766666666666666,10.933333333333332,23.766666666666666,13.966666666666667,24.833333333333332,22.633333333333336,25.433333333333334,26.600000000000005,24.933333333333334,16.0,25.13333333333333,44.96666666666667,34.4,58.9,25.633333333333336,21.3,23.900000000000002,37.1,38.36666666666667,37.733333333333334,21.099999999999998,30.63333333333333,15.6,34.6,36.266666666666666,32.199999999999996,35.46666666666666,35.03333333333333,55.166666666666664,36.333333333333336,25.399999999999995,25.433333333333334,13.233333333333334,47.800000000000004,27.2,31.8,10.066666666666666,35.46666666666666,15.033333333333333,30.333333333333332,22.866666666666664,16.8,22.133333333333336,29.46666666666667,19.133333333333333,44.56666666666666,31.833333333333332,38.733333333333334,20.033333333333335,8.799999999999999,30.133333333333336,33.0,17.7,41.56666666666667,24.8,29.53333333333333,31.766666666666666,29.833333333333332,55.9,38.03333333333333,38.1,4.633333333333334,29.233333333333334,34.46666666666667,29.566666666666663,30.766666666666666,15.100000000000001,26.599999999999998,13.5,12.966666666666667,16.466666666666665,12.800000000000002,18.3,38.13333333333333,9.066666666666666,27.0,34.666666666666664,27.166666666666668,21.433333333333334,39.666666666666664,12.133333333333333,26.533333333333335,14.333333333333334,11.233333333333334,7.433333333333334,54.03333333333334,85.2,52.96666666666667,45.03333333333333
TRMT2B,195.6,214.7,153.1,152.6,149.0,169.2,161.3,298.8,151.0,95.2,164.9,188.1,107.2,192.7,196.8,243.6,198.8,216.4,161.6,130.0,98.7,193.2,129.7,155.9,184.0,151.0,83.0,211.1,104.2,115.9,90.4,108.4,124.8,85.6,149.4,112.8,215.2,149.7,166.0,85.3,178.6,123.9,126.5,203.1,131.0,230.4,129.4,161.3,138.0,170.0,253.1,107.0,114.5,45.9,180.6,151.9,151.7,174.9,138.8,264.6,74.4,161.4,103.6,108.5,134.2,149.1,142.6,91.9,122.0,166.3,148.2,81.2,104.6,148.8,84.9,94.9,148.8,151.0,95.3,132.9,118.3,201.3,170.7,123.7,199.6,23.5,144.2,149.9,133.6,210.2,179.6,170.2,140.0,105.1,207.1,151.7,154.3,236.1,250.6,77.8,126.7,168.4,162.4,90.0,40.3
TRMT5,1115.9,814.0,875.9,861.3,865.1,1121.8,1097.9,494.6,910.6,875.3,1200.5,722.2,1153.7,582.5,929.0,778.7,677.5,513.0,598.2,1285.7,1174.0,768.3,872.2,1044.3,981.7,1040.7,939.7,1181.0,962.8,800.1,949.7,964.7,1027.2,1044.8,1029.9,1045.3,719.3,941.9,881.5,1199.6,1147.2,993.0,1274.6,762.9,1015.0,802.9,1158.1,1293.1,1228.4,1027.6,581.1,1007.4,1392.5,1316.8,1297.4,1162.6,1211.1,1069.7,1004.5,718.8,824.6,1139.6,897.9,1079.6,786.5,962.6,935.9,1017.7,840.1,759.2,758.6,842.8,725.0,1107.8,886.8,882.5,1155.3,893.5,907.7,915.3,889.4,859.2,811.2,870.3,988.8,965.5,803.6,722.5,911.7,954.4,1221.4,713.7,704.2,1367.5,777.4,936.5,732.0,625.6,954.8,634.6,679.6,848.0,792.9,664.4,998.7
TRMT61B,40.1,47.6,66.4,36.3,39.3,77.8,111.1,42.4,36.7,69.5,54.2,83.6,36.6,31.0,47.7,20.6,27.2,9.1,48.0,110.6,19.8,54.3,79.7,56.4,64.5,46.6,76.7,74.4,46.7,44.2,61.2,68.9,47.8,65.1,75.9,52.3,33.8,35.4,92.3,73.3,45.1,67.4,77.2,40.0,47.9,37.5,37.3,70.4,43.1,45.6,80.1,78.4,105.0,76.0,62.6,63.8,62.7,75.7,66.6,11.3,64.8,67.2,32.5,76.6,83.8,82.8,100.5,85.0,30.6,45.9,36.7,65.7,20.1,69.0,32.8,55.9,78.8,75.4,12.3,47.7,82.1,66.8,71.9,63.7,13.7,60.8,23.3,65.5,36.8,7.6,38.3,49.7,64.9,57.5,85.0,80.1,14.7,47.4,36.1,67.4,45.5,48.9,44.6,63.9,63.0
TRMU,5.7,5.7,9.1,4.6,10.4,3.6,8.1,14.4,9.8,7.5,3.9,12.6,4.2,6.5,7.0,5.3,5.7,8.1,10.1,4.1,6.4,9.5,3.5,5.3,6.9,4.7,5.5,7.5,7.2,4.1,10.7,6.7,4.2,4.8,5.5,6.9,10.2,6.0,10.1,7.9,3.8,9.2,6.2,13.7,5.4,9.2,3.5,3.7,4.0,6.6,13.8,3.7,2.8,14.6,3.8,2.7,5.5,14.7,7.2,6.3,7.2,6.7,10.2,31.2,4.3,5.4,7.0,8.7,11.8,5.3,10.1,3.8,4.9,33.6,9.7,6.9,5.3,24.1,5.4,7.3,5.0,4.4,6.6,4.5,11.4,5.1,7.3,4.6,5.4,6.6,4.9,7.1,4.5,6.2,6.7,4.0,16.0,9.2,6.2,11.0,6.0,8.2,8.8,7.2,12.4
TSFM,38.53333333333333,36.766666666666666,58.56666666666666,36.333333333333336,22.333333333333332,50.166666666666664,63.133333333333326,50.43333333333334,29.633333333333336,48.36666666666667,54.76666666666667,48.93333333333334,45.199999999999996,55.26666666666667,63.36666666666667,46.36666666666667,48.666666666666664,30.933333333333334,14.466666666666667,61.4,35.03333333333333,46.833333333333336,30.566666666666666,45.166666666666664,34.0,47.36666666666667,35.733333333333334,50.13333333333333,55.6,83.0,17.766666666666666,15.933333333333332,45.56666666666666,54.76666666666666,67.66666666666667,55.53333333333333,17.900000000000002,34.06666666666667,7.900000000000001,31.26666666666667,60.400000000000006,39.06666666666667,34.733333333333334,35.73333333333333,62.166666666666664,13.700000000000001,60.93333333333333,64.03333333333335,52.300000000000004,22.8,107.3,40.46666666666666,43.300000000000004,39.93333333333333,7.8,43.96666666666667,46.76666666666667,14.1,40.36666666666667,37.733333333333334,48.73333333333333,31.266666666666666,20.033333333333335,34.766666666666666,32.53333333333334,60.833333333333336,37.36666666666667,28.266666666666666,68.63333333333334,21.3,36.6,23.566666666666666,38.53333333333333,43.800000000000004,42.333333333333336,53.1,27.733333333333334,46.9,53.96666666666667,41.6,60.43333333333334,24.900000000000002,58.199999999999996,27.766666666666666,35.1,47.63333333333333,66.83333333333333,59.73333333333334,16.633333333333333,56.43333333333334,85.8,63.9,23.400000000000002,25.099999999999998,24.2,52.133333333333326,69.2,71.06666666666666,51.53333333333333,23.933333333333334,33.833333333333336,24.8,48.53333333333333,24.03333333333333,48.76666666666667
TSPO,682.8,727.0,818.5,1264.2,811.8,803.8,844.7,732.9,712.2,915.0,800.7,792.7,1013.8,648.5,1008.4,586.4,1102.3,695.8,737.4,916.9,729.7,521.9,813.7,866.6,745.1,781.9,729.5,818.3,1220.0,915.8,960.5,791.0,918.1,574.9,751.1,844.9,1120.5,780.4,745.1,630.4,977.4,641.8,855.4,737.4,626.0,685.8,1074.8,923.9,1036.3,839.2,620.7,747.5,933.8,985.4,876.8,934.4,988.5,845.8,947.7,619.2,891.2,749.6,933.6,845.7,930.3,826.3,858.6,651.9,1138.3,647.4,670.5,859.0,1435.0,613.8,1036.6,1108.1,986.9,932.0,709.2,652.7,767.7,632.9,690.8,721.7,674.7,722.6,499.6,604.6,850.9,528.3,801.6,675.8,569.4,725.1,766.2,835.3,416.4,636.1,542.4,559.2,477.9,497.7,972.4,1062.8,742.5
TST,97.9,152.7,157.9,155.6,45.9,101.1,109.4,31.9,115.9,130.0,87.8,85.7,191.5,31.8,115.7,64.1,171.2,50.7,170.4,114.1,79.2,13.9,133.5,138.0,87.0,108.6,116.9,113.9,133.1,59.8,86.7,155.4,84.1,81.9,110.7,82.6,153.2,113.7,87.1,85.8,125.3,118.2,105.2,21.0,53.0,68.1,150.7,125.3,62.0,100.1,80.3,19.7,142.4,141.9,110.5,221.8,163.7,94.9,94.6,22.3,175.5,34.1,84.0,55.4,119.7,88.0,90.7,11.9,149.6,100.9,66.8,107.6,94.8,82.7,154.8,173.8,126.2,117.5,144.5,88.2,43.6,89.9,37.4,57.9,104.4,19.0,10.1,19.1,108.9,57.0,59.1,17.0,37.2,86.6,129.7,63.6,13.2,29.8,36.8,33.3,9.8,15.8,78.2,113.8,35.2
TTC19,149.9,143.2,188.0,153.6,211.2,332.7,197.2,200.3,141.5,132.0,173.2,90.5,216.2,143.7,217.5,140.1,166.1,153.3,162.9,247.3,154.8,295.6,239.9,185.8,228.2,205.8,203.5,264.1,188.6,173.6,242.0,263.0,185.9,209.5,237.5,147.4,187.3,225.1,233.7,197.2,248.5,219.2,289.9,147.4,204.5,135.1,203.0,255.4,175.8,171.6,165.1,218.3,305.5,320.7,321.6,202.1,207.1,144.6,307.2,160.7,216.4,185.1,208.4,183.7,171.5,152.3,183.2,248.9,112.3,182.7,128.3,161.8,182.8,276.7,128.6,196.5,267.4,304.6,215.2,170.6,226.7,182.1,224.1,137.6,186.4,170.8,208.0,156.0,135.2,172.4,175.6,167.1,172.4,221.5,221.3,170.1,199.8,116.0,153.8,130.5,191.3,105.2,248.7,152.2,103.5
TUFM,128.6,126.2,179.4,115.3,111.2,160.4,205.3,213.7,144.7,150.9,115.9,112.3,141.2,127.0,169.7,108.7,254.0,218.7,210.8,209.4,110.3,107.7,253.1,199.0,85.1,117.2,82.0,208.7,117.3,122.1,169.1,104.9,66.9,158.3,141.7,156.4,167.0,178.3,136.4,170.1,144.5,71.9,136.7,127.2,125.5,128.1,115.9,169.9,74.1,117.3,124.8,226.3,99.8,140.6,146.2,181.4,148.8,186.4,131.6,229.1,122.5,132.5,104.2,113.1,90.7,147.7,173.3,125.6,165.4,100.3,182.7,158.1,181.3,153.1,106.0,112.4,127.3,142.0,171.0,130.3,67.6,142.8,149.4,20.6,57.2,136.5,113.4,125.9,58.4,20.6,93.9,73.5,141.3,177.4,124.9,88.6,155.1,76.2,141.5,129.3,159.5,64.7,117.0,224.2,105.2
TXN2,154.2,147.10000000000002,122.44999999999999,184.60000000000002,141.7,173.85,184.45,189.25,136.64999999999998,156.65,138.05,143.7,125.1,155.8,154.64999999999998,122.55,188.2,195.85000000000002,153.8,123.9,178.35,162.64999999999998,141.05,156.6,165.05,104.39999999999999,154.35,188.75,121.8,156.95,149.05,83.35,179.7,91.35,125.55,118.05000000000001,156.25,89.94999999999999,123.65,121.4,117.94999999999999,97.35,131.05,163.9,134.3,184.4,149.25,166.85000000000002,148.1,117.6,146.75,181.85,171.8,134.45,149.85,156.85,153.3,154.55,106.5,128.45,130.45,158.2,102.9,138.75,109.15,171.7,111.55,118.35,190.25,89.7,109.45,132.6,122.05000000000001,187.25,97.19999999999999,149.2,144.39999999999998,180.5,99.8,87.0,109.0,140.89999999999998,165.75,148.0,147.45,150.89999999999998,136.45,102.85,79.65,163.64999999999998,98.45,136.55,129.45,122.1,136.55,79.1,147.9,94.6,172.65,121.7,132.25,34.85,86.5,198.10000000000002,176.6
TXNRD1,302.4,231.2,217.6,291.5,225.5,249.0,262.4,138.4,228.8,302.4,373.2,282.9,394.2,143.3,193.5,206.0,169.4,178.2,203.4,330.1,186.4,204.6,479.4,241.0,267.7,269.2,325.9,341.3,293.7,180.9,305.4,330.6,296.0,313.2,273.6,321.9,289.7,322.7,264.0,377.8,377.3,360.5,365.5,192.5,275.6,340.2,295.3,259.3,305.4,271.3,278.8,279.7,311.7,327.4,257.6,271.2,285.6,332.0,386.4,305.1,444.0,338.6,276.2,351.4,330.4,361.0,280.5,181.8,300.1,232.8,365.3,265.0,409.7,221.8,342.0,322.5,349.7,359.6,381.9,386.8,382.6,313.4,238.0,294.8,373.3,251.6,213.2,268.0,250.8,243.3,340.1,308.0,270.8,362.1,375.7,280.7,262.5,332.7,257.3,340.4,213.5,323.9,367.5,193.6,261.9
TXNRD2,30.1,35.5,54.400000000000006,22.25,64.4,43.75,57.65,175.89999999999998,62.05,62.05,29.25,47.6,31.1,51.05,44.75,60.150000000000006,98.05000000000001,121.55,57.65,17.0,33.05,64.0,71.5,46.800000000000004,63.800000000000004,73.55,68.60000000000001,61.400000000000006,56.150000000000006,79.5,67.2,63.3,54.55,27.549999999999997,45.650000000000006,41.95,36.5,51.35,39.1,80.7,69.65,70.4,45.1,91.3,47.35,65.4,51.300000000000004,18.1,52.349999999999994,79.45,61.0,69.75,33.1,29.650000000000002,30.6,51.199999999999996,30.05,36.900000000000006,43.75,38.85,31.1,57.7,27.849999999999998,48.55,53.55,49.0,51.4,37.5,65.8,62.3,67.7,66.4,44.3,30.099999999999998,37.050000000000004,49.25,37.349999999999994,45.5,49.7,36.35,52.55,64.7,52.65,48.45,49.55,56.15,96.7,69.15,54.45,102.4,57.6,102.2,65.6,57.0,81.8,58.5,57.65,66.45,104.64999999999999,15.3,88.65,86.30000000000001,43.35,89.69999999999999,66.95
UCP1,45.7,46.7,59.8,8.4,22.9,32.4,23.0,12.3,32.8,16.3,45.0,24.2,29.3,52.3,31.6,59.3,52.1,45.9,42.7,12.1,16.0,56.6,72.2,26.7,9.5,13.4,11.7,26.9,44.9,40.3,37.3,8.6,31.3,28.2,26.4,95.8,37.6,16.8,49.8,11.0,27.8,31.1,12.7,27.3,18.3,58.4,5.5,8.8,58.7,22.2,30.0,27.8,6.2,35.5,10.5,20.5,47.5,20.8,19.7,24.9,14.9,19.7,45.3,13.1,26.2,33.4,60.4,66.5,30.8,53.3,20.0,9.2,68.3,51.1,10.4,71.0,81.0,46.6,27.7,82.3,19.3,11.1,95.7,95.6,23.8,8.1,10.3,6.5,35.9,110.5,26.8,10.5,19.0,7.3,7.5,48.5,76.8,64.7,41.5,42.6,80.3,28.8,63.9,51.6,53.7
UCP2,486.29999999999995,582.6,646.5,557.45,578.8,672.0,627.9000000000001,669.0999999999999,438.2,550.75,425.25,713.15,522.45,958.7,730.8,523.95,823.35,1303.95,717.75,682.05,651.8,698.45,403.65,880.8000000000001,640.3,493.79999999999995,469.15,665.75,526.6,620.25,399.15,439.5,392.5,588.1,652.75,609.6,631.0,446.75,479.95,434.55,814.1,338.6,526.0,676.8,631.95,854.0,596.8,714.25,565.6,624.75,555.8,557.25,504.84999999999997,529.05,518.9,624.0,489.8,716.2,354.15,835.2,340.04999999999995,542.2,623.0,491.15,453.15,359.0,601.5,485.79999999999995,409.1,573.6500000000001,387.9,633.8499999999999,422.95000000000005,733.5999999999999,331.1,491.2,651.3499999999999,464.3,577.9,506.45,587.9000000000001,504.40000000000003,809.5,453.9,550.9,629.3,831.1,521.4,543.75,503.45,541.95,713.1,783.6500000000001,665.55,540.95,535.2,592.1,444.4,511.0,534.45,527.25,864.55,536.8,988.45,517.1
UCP3,21.1,24.7,28.15,35.3,19.25,18.75,14.4,31.900000000000002,12.55,16.2,29.549999999999997,26.099999999999998,29.6,42.95,20.3,26.0,22.7,28.0,30.9,16.3,27.150000000000002,16.15,16.6,21.099999999999998,19.8,22.75,24.5,24.55,13.8,17.65,22.7,23.65,34.849999999999994,24.15,17.3,28.6,38.95,13.45,21.5,8.2,21.4,24.55,25.3,34.199999999999996,23.099999999999998,7.35,24.0,13.55,20.85,6.85,53.150000000000006,22.9,12.45,19.65,13.85,24.950000000000003,12.25,24.85,11.399999999999999,34.8,8.45,9.05,26.35,26.7,16.849999999999998,16.5,7.95,21.7,24.45,23.95,19.2,19.85,16.55,27.3,11.6,25.150000000000002,22.85,20.2,23.1,21.0,18.3,24.8,7.15,8.65,26.85,6.55,18.6,82.65,19.75,89.15,32.45,7.5,20.650000000000002,16.0,20.400000000000002,23.099999999999998,75.25,47.8,38.150000000000006,46.25,7.6,13.399999999999999,25.3,32.5,12.45
UNG,70.0,57.6,72.8,63.0,60.8,115.9,55.2,9.3,76.2,66.1,69.2,46.6,67.7,29.6,59.4,75.5,42.2,45.5,28.5,72.5,71.9,67.6,85.0,82.2,60.1,81.1,9.8,93.0,79.7,55.0,98.6,66.7,57.4,81.5,85.1,75.2,49.0,98.5,80.3,94.5,129.9,107.7,102.1,66.3,92.6,96.7,111.0,69.5,56.9,10.1,63.2,86.8,73.7,83.1,63.7,47.5,41.5,59.4,55.2,74.1,54.6,91.6,74.4,119.2,89.3,61.6,82.0,88.6,71.4,64.4,69.4,58.9,52.3,102.9,35.0,57.1,76.7,93.4,32.4,88.8,59.7,72.6,104.6,35.5,69.3,56.5,119.4,102.9,59.2,14.8,103.8,40.3,104.0,101.7,69.6,41.1,67.7,47.1,57.6,64.0,86.5,73.8,91.9,77.0,10.5
UQCC1,27.8,17.3,21.0,36.8,28.6,15.3,28.7,44.6,25.8,22.6,28.3,20.2,22.8,20.3,20.6,27.3,28.3,31.8,26.6,15.5,19.3,34.2,12.0,36.2,27.1,12.0,15.5,32.1,16.1,12.7,15.8,7.3,26.1,35.2,15.6,24.3,29.5,28.9,12.8,13.1,17.7,11.0,42.5,18.1,12.7,17.5,48.2,29.5,31.6,10.8,37.1,32.9,42.1,22.4,89.0,63.6,69.0,13.9,41.3,19.4,12.9,11.1,23.6,33.0,26.4,15.7,83.7,23.0,33.9,17.8,31.8,55.2,12.1,18.8,26.8,20.2,27.5,19.0,17.9,11.6,14.3,52.2,26.2,22.4,15.2,30.7,31.9,22.1,19.4,15.6,24.6,28.2,15.2,27.5,59.8,23.7,24.6,29.6,15.4,23.2,38.6,23.8,7.4,12.4,12.9
UQCR10,202.8,220.9,304.8,342.3,244.5,384.6,245.6,244.1,302.4,174.6,318.2,187.3,344.6,227.0,365.1,162.5,367.4,298.5,256.4,377.9,366.5,269.5,357.9,285.6,288.1,310.3,285.8,376.9,335.4,399.3,352.9,330.9,253.0,247.3,312.4,285.4,246.4,340.2,290.7,359.7,416.3,340.9,306.5,281.2,278.6,267.4,207.1,290.3,227.0,273.8,179.0,317.9,452.9,376.4,383.6,370.3,311.4,292.9,289.5,200.8,351.6,255.2,306.4,279.1,266.0,274.8,341.5,305.6,296.5,175.6,239.8,304.6,295.6,385.2,306.5,339.0,304.6,330.1,314.8,277.7,229.0,250.2,268.1,270.4,246.1,259.7,192.0,174.5,193.8,157.7,230.8,214.0,247.2,328.6,184.5,234.1,186.0,149.7,192.8,276.9,247.2,182.1,313.6,322.8,417.1
UQCR11,286.4,312.9,375.1,469.8,366.6,651.8,264.6,1137.7,267.1,271.1,498.6,248.2,417.0,818.6,434.6,319.3,502.2,411.8,423.9,476.1,757.1,603.3,616.4,427.8,638.5,486.9,482.7,351.7,497.8,631.1,686.3,494.6,763.8,482.6,393.2,313.9,333.5,484.2,481.5,424.9,263.3,319.4,354.8,375.4,421.2,240.0,532.5,357.2,462.2,509.2,1087.7,497.5,616.8,606.0,583.1,538.4,470.5,362.7,342.3,382.5,398.2,237.6,405.8,471.9,510.1,451.9,321.0,427.9,498.0,510.2,414.9,331.6,306.6,609.2,481.9,462.3,339.4,417.5,532.0,276.8,341.3,308.9,528.1,337.7,382.6,270.4,476.9,389.6,373.7,327.6,250.9,475.0,351.9,322.5,382.6,278.5,372.7,423.9,269.1,424.3,183.1,320.7,448.5,480.3,657.4
UQCRB,80.73333333333333,58.76666666666667,95.33333333333333,75.39999999999999,90.93333333333334,67.26666666666667,59.86666666666667,194.26666666666668,43.46666666666667,61.0,81.73333333333333,53.46666666666667,46.300000000000004,107.76666666666667,65.53333333333333,85.43333333333334,58.03333333333333,160.1,125.7,80.46666666666665,92.83333333333333,126.8,104.56666666666666,44.666666666666664,73.23333333333333,78.86666666666666,87.33333333333333,83.53333333333335,87.73333333333333,79.83333333333333,53.26666666666667,88.5,75.60000000000001,97.73333333333333,81.73333333333333,58.03333333333333,74.66666666666667,69.86666666666667,123.83333333333333,115.36666666666667,81.89999999999999,106.06666666666666,86.46666666666665,145.79999999999998,101.7,81.16666666666667,80.73333333333333,317.43333333333334,93.76666666666665,97.40000000000002,129.13333333333333,97.2,95.3,62.03333333333333,122.53333333333335,82.26666666666667,92.10000000000001,54.666666666666664,125.8,89.53333333333335,120.76666666666667,78.5,106.56666666666666,98.7,89.33333333333333,63.26666666666667,64.23333333333333,82.53333333333335,91.33333333333333,119.7,88.66666666666667,80.13333333333333,76.93333333333334,103.66666666666667,83.16666666666667,94.5,68.39999999999999,231.5666666666667,160.4,159.53333333333333,199.53333333333333,224.9,211.86666666666667,228.4333333333333,249.0666666666667,266.56666666666666,190.76666666666665,228.5,235.6,187.23333333333332,212.70000000000002,244.69999999999996,213.16666666666666,354.9333333333334,228.0,135.0,141.79999999999998,224.13333333333335,209.5,293.53333333333336,210.4,209.03333333333333,216.6,133.0,291.76666666666665
UQCRC1,124.1,166.5,230.6,329.0,167.8,326.3,157.6,80.6,129.0,138.1,177.7,11.0,309.5,154.7,113.2,136.9,195.0,184.0,196.8,322.2,261.4,125.2,232.1,174.9,247.1,129.6,172.3,220.8,226.8,354.8,306.5,223.9,278.0,142.9,145.3,174.3,200.8,256.7,244.9,234.9,260.1,156.0,180.4,233.4,243.1,175.3,241.3,271.0,164.8,252.4,121.3,128.3,259.2,256.9,212.1,342.8,232.6,305.1,249.8,189.8,184.7,227.0,224.3,228.7,147.3,210.1,226.0,163.9,162.0,176.7,183.7,198.6,149.9,200.5,173.4,176.2,203.1,146.8,145.4,169.2,230.4,149.7,210.4,228.6,189.8,217.6,200.6,66.8,183.6,153.6,173.6,90.9,184.1,277.6,212.0,114.0,134.9,94.0,109.2,282.1,103.6,60.7,256.2,292.5,286.3
UQCRC2,325.6,304.15,460.25,376.20000000000005,376.75,445.0,348.79999999999995,271.85,332.45000000000005,334.4,312.9,280.2,320.9,257.85,361.75,320.15,288.95000000000005,265.95000000000005,284.25,392.1,453.54999999999995,295.70000000000005,312.05,328.04999999999995,310.79999999999995,312.75,338.65,341.15,424.54999999999995,315.45,307.15,334.7,368.15,407.55,366.6,295.45000000000005,292.85,300.3,337.4,334.6,380.2,332.25,419.40000000000003,325.25,361.0,299.25,366.6,436.35,341.85,336.75,252.65,359.25,407.54999999999995,392.6,386.45,464.9,370.4,347.9,357.55,279.3,348.6,299.8,363.95,366.75,330.8,302.7,278.95,267.65,252.05,236.3,266.5,293.65,343.70000000000005,331.29999999999995,284.8,312.04999999999995,341.7,368.45,352.15,306.4,391.75,329.45,421.29999999999995,330.3,335.2,290.65,312.2,353.7,319.9,289.45000000000005,322.9,270.3,389.45,490.54999999999995,304.54999999999995,253.0,261.8,246.15,260.8,228.4,210.89999999999998,211.5,439.1,339.7,336.05
UQCRFS1,564.0,544.7,525.1,608.8,532.4,808.2,640.2,589.2,532.1,474.7,487.2,424.3,636.8,516.7,508.8,545.5,522.7,573.8,534.2,607.4,587.9,481.8,574.2,687.1,584.1,532.6,475.0,543.6,662.9,650.2,655.9,649.3,559.8,479.2,678.8,572.0,510.4,608.8,480.5,606.1,636.4,586.2,683.0,426.5,684.1,439.9,650.4,605.1,683.3,543.0,317.1,579.0,637.4,558.0,626.0,728.0,621.0,385.8,581.5,376.9,497.3,596.5,588.7,657.8,605.4,668.1,583.0,652.3,555.0,521.6,445.8,612.4,448.5,652.3,653.6,694.0,725.1,608.6,421.3,459.5,578.4,503.0,532.5,517.4,567.6,550.1,503.0,425.1,495.8,496.9,431.2,521.5,492.1,537.4,548.3,530.1,457.3,383.5,492.6,545.3,418.9,325.9,599.6,482.1,468.1
UQCRQ,98.7,211.1,263.0,207.6,271.6,285.2,199.2,249.7,179.0,125.1,254.7,202.9,246.8,214.9,273.6,172.7,276.4,173.6,282.7,271.8,212.1,105.1,295.1,176.1,188.8,261.1,220.7,144.1,221.8,292.7,244.1,234.3,211.7,215.7,205.8,127.8,153.2,226.6,201.5,193.0,148.9,241.3,202.8,274.0,155.1,102.7,133.7,185.2,144.0,225.8,198.3,186.6,275.0,249.7,209.9,212.5,207.9,117.8,254.3,220.0,244.1,179.4,157.1,181.1,146.9,196.5,135.1,283.3,168.2,137.0,218.1,149.4,159.1,304.1,154.7,283.0,187.8,227.0,178.8,220.9,327.3,217.8,263.2,184.8,239.6,150.4,198.1,252.3,273.2,117.0,163.5,165.5,196.3,207.5,198.6,175.1,186.8,96.0,217.6,180.4,100.3,186.0,260.8,189.7,133.3
VDAC1,125.16666666666667,128.93333333333334,136.16666666666666,80.2,131.4,103.60000000000001,146.93333333333334,41.833333333333336,126.10000000000001,125.0,67.93333333333334,82.63333333333334,138.8,81.36666666666667,113.06666666666666,101.40000000000002,96.93333333333334,110.03333333333335,99.46666666666665,140.16666666666666,102.73333333333333,148.29999999999998,95.8,146.46666666666667,125.66666666666667,115.13333333333333,97.66666666666667,84.63333333333334,119.8,134.83333333333334,87.8,72.03333333333333,128.46666666666667,134.0666666666667,123.23333333333335,147.20000000000002,111.39999999999999,96.93333333333334,120.86666666666667,117.03333333333335,117.93333333333334,69.16666666666667,127.5,131.63333333333333,145.9,125.13333333333333,155.06666666666666,183.13333333333333,106.43333333333334,105.83333333333333,77.66666666666667,93.3,130.86666666666667,141.03333333333333,126.46666666666665,98.86666666666667,100.86666666666667,120.7,115.16666666666667,55.53333333333333,98.89999999999999,118.0,150.79999999999998,118.0,104.76666666666667,117.33333333333333,117.60000000000001,109.53333333333335,105.7,149.83333333333334,88.26666666666665,116.2,114.23333333333333,135.6,101.56666666666668,116.60000000000001,141.63333333333333,107.86666666666667,126.53333333333335,84.33333333333333,178.76666666666665,117.53333333333335,139.26666666666665,119.86666666666667,116.93333333333334,101.43333333333334,128.4,108.5,84.10000000000001,108.66666666666667,111.16666666666667,129.79999999999998,160.26666666666668,132.20000000000002,131.63333333333333,98.03333333333335,140.96666666666667,112.5,125.73333333333335,80.73333333333333,123.10000000000001,91.0,116.43333333333334,124.43333333333334,84.2
VDAC2,555.9,641.9,435.5,543.9,516.6,689.5,726.7,349.1,481.2,468.6,531.8,370.5,698.2,535.1,615.5,462.5,647.4,622.6,524.0,645.4,441.1,584.8,565.9,580.3,654.5,527.2,441.6,792.0,637.8,564.1,796.4,715.3,611.7,546.8,577.5,729.1,621.5,669.4,749.2,572.5,757.6,600.1,691.2,475.4,580.9,731.9,692.7,771.6,512.8,436.2,417.0,438.7,666.7,702.5,776.7,648.0,632.4,676.8,583.6,342.6,559.4,625.3,620.1,639.4,562.9,541.1,608.7,602.5,541.8,385.0,426.3,556.2,530.2,743.4,616.7,640.5,733.3,800.6,729.4,611.0,721.8,596.5,507.2,493.0,527.3,482.8,393.6,532.3,443.5,327.7,681.1,464.2,602.8,736.9,561.6,423.7,486.1,389.6,452.5,389.0,426.2,338.9,633.9,496.6,551.2
VDAC3,290.46666666666664,294.3,338.0,317.8666666666667,378.46666666666664,444.0333333333333,340.1666666666667,234.4333333333333,354.3,302.6666666666667,309.3666666666666,297.1666666666667,301.3666666666667,195.1,320.56666666666666,292.5,267.9666666666667,215.99999999999997,238.4,322.8333333333333,337.53333333333336,279.1333333333333,278.03333333333336,309.3333333333333,247.23333333333332,270.53333333333336,276.90000000000003,298.40000000000003,266.93333333333334,277.26666666666665,271.8333333333333,273.3666666666666,328.3666666666667,343.6666666666667,290.3333333333333,296.43333333333334,257.8666666666667,242.96666666666667,305.8333333333333,285.3,319.43333333333334,339.23333333333335,372.26666666666665,274.09999999999997,382.3666666666666,336.1333333333333,316.73333333333335,400.23333333333335,318.7333333333333,282.3666666666667,302.2333333333333,306.79999999999995,373.09999999999997,357.90000000000003,335.0,348.06666666666666,390.6666666666667,339.40000000000003,359.3,283.96666666666664,331.8333333333333,351.2,354.3333333333333,325.53333333333336,311.6333333333334,311.2,313.2,314.3333333333333,242.16666666666666,237.86666666666667,266.03333333333336,268.03333333333336,280.93333333333334,411.76666666666665,248.86666666666665,289.90000000000003,336.8666666666667,339.50000000000006,306.7333333333333,317.76666666666665,340.6,335.23333333333335,289.8,335.2,359.23333333333335,382.93333333333334,316.73333333333335,289.03333333333336,271.96666666666664,236.1,318.40000000000003,262.43333333333334,263.90000000000003,350.0,252.86666666666667,254.1333333333333,280.23333333333335,229.70000000000002,316.5333333333333,245.9333333333333,248.0,227.53333333333333,316.3666666666667,383.8333333333333,234.1
VPS13D,86.425,86.05,91.575,82.95,78.025,82.45,79.125,58.199999999999996,69.05,72.025,83.27499999999999,67.6,78.1,110.8,70.85,108.125,80.25,87.5,103.35000000000001,59.05,103.65,77.4,88.1,90.775,93.625,71.0,97.575,91.89999999999999,63.65,62.375,58.8,97.77499999999999,94.27499999999999,70.575,65.675,58.45,66.6,46.775000000000006,67.05,49.625,77.75,53.65,76.7,98.275,74.325,56.825,69.425,90.675,73.7,52.625,106.825,81.175,83.85,38.95,51.525,77.325,74.25,53.775,82.95,105.39999999999999,51.824999999999996,80.425,67.75,37.324999999999996,74.425,82.1,74.45,69.3,88.225,75.525,84.675,87.925,65.2,77.89999999999999,82.89999999999999,80.22500000000001,65.85,47.75,62.725,85.825,75.55,66.375,76.55,60.325,93.6,73.19999999999999,98.725,81.6,74.425,57.050000000000004,85.9,98.725,75.1,59.925,72.375,73.625,49.775,98.1,118.75,125.45,48.35,119.625,118.5,100.175,96.45
VWA8,83.64999999999999,72.3,58.199999999999996,63.55,75.7,70.3,102.8,130.6,83.6,80.44999999999999,89.15,63.599999999999994,78.0,72.15,85.75,85.55,56.75,83.15,65.8,97.4,74.65,97.85,99.4,99.95,65.3,81.6,88.3,84.8,57.15,52.550000000000004,84.89999999999999,101.25,88.39999999999999,82.0,87.85000000000001,71.85000000000001,85.1,66.0,64.45,85.60000000000001,69.7,84.1,64.64999999999999,69.9,68.15,88.94999999999999,74.5,83.05000000000001,48.800000000000004,43.9,79.80000000000001,65.4,65.05,76.35,62.25,72.35000000000001,65.0,84.05000000000001,56.7,108.65,41.050000000000004,75.7,65.05,63.25,57.050000000000004,35.2,68.35,101.45,63.7,50.85,76.7,76.05,84.15,65.05000000000001,75.35,69.55,66.64999999999999,57.45,57.85,53.0,91.1,68.15,82.5,51.3,64.0,68.05,47.050000000000004,63.150000000000006,75.2,80.85,65.35,81.6,78.75,76.1,69.19999999999999,76.0,48.65,113.64999999999999,86.05000000000001,56.1,97.10000000000001,110.75,66.95,73.7,57.0
WARS2,33.4,29.6,35.2,43.8,56.1,26.0,48.7,88.5,63.1,35.5,29.3,35.7,49.7,26.2,43.3,37.7,9.1,24.9,65.0,43.0,35.3,46.1,27.8,45.4,43.9,36.0,38.4,59.8,35.5,50.8,57.8,43.4,10.4,58.7,51.4,18.1,63.4,42.0,64.2,51.0,30.0,47.3,22.4,50.6,93.4,34.6,70.7,27.9,24.7,41.6,11.4,7.4,43.0,33.8,32.1,82.1,25.1,36.8,49.8,71.1,5.6,56.8,49.9,86.1,29.4,18.8,44.1,51.9,49.1,29.7,64.6,31.4,28.7,57.7,11.6,47.4,51.5,64.4,50.7,70.2,41.1,25.5,39.0,70.3,22.6,4.0,73.1,38.7,16.0,3.7,55.6,65.2,73.0,28.0,39.2,51.0,55.3,18.8,44.6,81.5,11.6,88.9,56.3,35.7,21.1
XPNPEP3,70.4,41.1,81.1,40.0,96.0,28.9,78.9,36.4,52.5,73.3,42.5,57.5,38.9,69.5,68.6,42.4,93.5,107.0,99.1,49.5,44.4,44.2,39.4,51.3,63.9,38.6,74.1,51.4,40.5,62.4,73.6,56.7,102.4,69.0,66.9,40.7,19.9,24.3,51.5,12.4,52.9,22.5,35.2,67.1,20.2,54.6,34.8,53.4,53.7,12.1,70.9,37.6,34.1,48.0,33.5,44.1,47.1,37.0,58.4,56.5,52.9,42.2,44.7,21.0,40.4,78.6,66.7,42.4,66.2,79.1,27.6,39.1,55.0,93.9,79.6,51.5,52.3,41.6,53.2,56.2,12.3,76.5,55.8,9.7,68.5,12.0,53.5,45.2,60.2,14.1,19.2,55.6,77.2,47.0,16.5,86.0,13.3,18.2,53.2,122.3,14.8,59.2,9.4,49.7,43.2
YARS2,37.4,23.3,41.7,52.0,47.4,60.5,42.5,33.9,43.1,24.4,45.6,84.2,50.2,17.1,50.5,17.6,43.7,27.8,31.2,39.3,29.6,47.3,47.9,56.0,33.9,19.4,37.0,13.8,19.4,44.8,55.3,41.0,65.6,30.8,24.4,9.2,7.7,12.1,42.3,35.8,22.0,31.5,35.5,4.6,23.8,10.4,27.8,50.5,26.2,7.5,19.0,52.1,29.8,38.4,42.9,44.5,59.1,42.1,34.1,5.5,21.5,51.6,44.2,30.7,5.1,21.8,67.3,55.4,46.4,45.3,29.2,16.2,6.0,56.3,5.2,21.1,15.3,6.5,40.8,27.6,36.2,56.7,40.7,5.3,16.4,27.2,26.8,53.0,40.3,34.4,37.8,51.1,29.7,24.8,73.5,68.7,24.3,50.0,11.7,69.2,18.9,47.5,54.6,54.6,84.4
YME1L1,350.81428571428575,289.0571428571428,380.09999999999997,261.45714285714286,304.9857142857143,283.2142857142857,393.88571428571424,209.45714285714286,295.59999999999997,225.1,263.75714285714287,251.75714285714284,242.8714285714286,201.27142857142857,261.0857142857143,367.5571428571429,159.34285714285713,224.29999999999998,184.8857142857143,292.1857142857143,363.75714285714287,279.9285714285714,330.5142857142857,335.74285714285713,274.5,316.84285714285716,292.7571428571428,303.8,241.9,327.65714285714284,201.95714285714286,335.0,275.65714285714284,305.40000000000003,310.92857142857144,286.5,245.84285714285716,242.27142857142857,264.5857142857143,287.3142857142857,285.3,349.02857142857147,313.6714285714285,235.28571428571428,355.14285714285717,407.9428571428571,356.2714285714286,282.77142857142854,253.27142857142857,207.22857142857143,426.61428571428576,274.45714285714286,421.32857142857137,415.3142857142857,328.8142857142857,322.9857142857142,384.8,278.5142857142857,380.87142857142857,223.25714285714284,273.07142857142856,321.4428571428571,317.5857142857143,359.2285714285714,364.61428571428576,231.67142857142858,372.9857142857143,344.1142857142857,261.7,205.44285714285715,237.22857142857143,341.0571428571429,326.4428571428571,411.68571428571425,280.5142857142857,224.31428571428572,361.12857142857143,350.58571428571435,309.62857142857143,359.6142857142857,293.34285714285716,484.85714285714283,428.8,275.2285714285714,251.74285714285716,328.90000000000003,439.15714285714284,339.64285714285717,217.48571428571427,270.5142857142857,341.7714285714286,235.75714285714284,358.9714285714286,230.79999999999998,341.6142857142857,358.1571428571429,253.31428571428572,298.40000000000003,254.82857142857142,228.32857142857142,315.5142857142857,149.5142857142857,293.3285714285715,231.21428571428572,257.7285714285714
YRDC,45.7,65.8,53.7,60.3,58.5,56.0,46.2,62.6,42.4,61.4,72.3,51.0,50.0,66.1,47.4,70.5,67.0,62.4,36.2,30.9,12.4,40.9,52.5,70.2,40.7,38.4,61.0,40.8,28.1,9.7,31.3,54.1,50.9,74.1,76.9,40.6,42.1,68.0,13.0,49.2,47.6,33.3,68.8,18.2,30.6,14.6,45.9,46.5,42.2,62.2,16.7,38.5,42.6,81.6,80.4,41.4,25.9,45.3,71.7,19.4,70.9,89.9,24.1,21.6,57.0,37.0,50.0,6.1,57.6,36.9,61.9,101.3,68.8,61.2,23.6,44.3,65.1,78.2,70.5,77.7,36.1,49.0,38.7,53.9,59.7,79.2,11.2,9.5,35.1,12.6,5.4,40.1,52.0,52.4,61.7,100.6,16.5,21.7,15.0,56.8,39.9,7.9,59.3,20.9,10.4
