ID_REF,GSM153404,GSM153405,GSM153406,GSM153407,GSM153408,GSM153409,GSM153410,GSM153411,GSM153412,GSM153413,GSM153414,GSM153415,GSM153416,GSM153417,GSM153418,GSM153419,GSM153420,GSM153421,GSM153422,GSM153423,GSM153424,GSM153425,GSM153426,GSM153427,GSM153428,GSM153429,GSM153430,GSM153431,GSM153432,GSM153433,GSM153434,GSM153435,GSM153436,GSM153437,GSM153438,GSM153439,GSM153440,GSM153441,GSM153442,GSM153443,GSM153444,GSM153445,GSM153446,GSM153447,GSM153448,GSM153449,GSM153450,GSM153451,GSM153452,GSM153453,GSM153454,GSM153455,GSM153456,GSM153457,GSM153458,GSM153459,GSM153460,GSM153461,GSM153462,GSM153463,GSM153464,GSM153465,GSM153466,GSM153467,GSM153468,GSM153469,GSM153470,GSM153471,GSM153472,GSM153473,GSM153474,GSM153475,GSM153476,GSM153477,GSM153478,GSM153479,GSM153480,GSM153481,GSM153482,GSM153483,GSM153484,GSM153485,GSM153486,GSM153487,GSM153488,GSM153489,GSM153490,GSM153491,GSM153492,GSM153493,GSM153494,GSM153495,GSM153496,GSM153497,GSM153498,GSM153499,GSM153500,GSM153501,GSM153502,GSM153503,GSM153504,GSM153505,GSM153506,GSM153507,GSM153508,GeneSymbol,Control_Mean,PD_Mean,FoldChange_PD_vs_Control
216533_at,1.2,1.3,1.0,8.5,2.3,6.9,3.2,3.1,2.3,1.3,6.5,2.2,3.7,3.7,1.6,0.9,4.0,3.2,2.4,3.7,5.1,3.0,2.6,2.4,2.2,1.4,1.8,2.1,7.9,1.7,4.9,2.7,1.7,2.6,0.7,1.1,1.8,9.3,2.9,1.0,1.4,1.1,1.6,2.3,0.5,3.9,1.4,0.8,2.5,29.9,24.4,1.2,1.8,1.0,0.8,3.3,12.6,6.1,20.2,1.8,20.1,1.2,0.6,2.2,3.9,2.4,20.8,3.5,24.3,3.4,11.7,2.0,1.3,13.3,1.4,2.0,1.8,1.2,2.3,2.1,1.4,19.0,19.3,5.1,1.8,2.0,8.7,1.8,30.4,6.6,16.1,6.2,4.0,22.6,2.7,1.8,2.2,1.7,5.3,2.1,25.2,25.8,5.5,13.2,25.4,PCCA,3.3460000000000014,8.192727272727273,2.4485138292669664
210626_at,7.0,11.6,13.6,13.8,4.7,9.2,3.3,7.2,4.0,5.5,9.2,16.0,8.2,12.8,3.9,14.3,7.2,9.6,15.3,7.4,6.3,9.3,14.6,5.7,15.1,7.9,6.9,5.0,8.3,4.9,13.3,15.9,34.1,7.5,12.9,12.3,5.3,12.0,6.8,5.7,7.2,8.6,13.4,6.4,8.0,34.2,10.4,12.9,5.5,60.4,62.3,21.4,8.1,4.3,10.5,24.8,6.6,8.2,14.8,45.2,7.7,10.4,9.8,21.1,53.5,44.4,25.5,36.6,18.9,9.0,36.6,23.1,24.7,9.7,8.8,15.7,37.8,6.7,15.1,8.4,40.4,28.4,5.3,7.0,37.4,26.2,23.9,7.9,50.1,77.3,19.0,12.2,10.9,4.6,20.4,6.6,7.5,31.1,10.9,62.6,27.2,16.1,29.0,59.1,17.4,AKAP1,11.211999999999998,23.058181818181815,2.0565627736516072
208536_s_at,2.7,3.3,16.9,1.5,3.0,1.9,2.8,6.6,3.0,2.8,3.6,3.0,2.5,4.2,4.9,3.6,4.0,4.5,4.9,1.7,9.9,16.6,1.1,2.0,4.7,2.4,1.9,3.0,1.3,1.8,1.3,1.7,2.0,3.0,1.2,6.6,1.1,1.9,1.8,2.8,3.9,2.2,1.1,3.1,1.9,4.0,1.8,3.2,2.3,4.2,24.1,26.2,1.1,0.8,1.5,1.0,15.2,1.9,1.2,5.6,9.0,7.4,1.7,2.2,15.5,3.3,4.0,0.8,1.9,14.9,5.0,20.0,3.2,2.5,3.8,3.1,1.3,26.0,3.3,1.5,32.4,8.0,26.6,23.5,2.6,4.8,6.0,2.2,11.7,2.6,2.4,2.2,4.3,12.2,17.3,1.9,2.4,2.5,1.1,4.2,1.9,5.6,2.0,1.9,3.1,BCL2L11,3.5439999999999996,7.170909090909092,2.0233942130104663
204289_at,5.0,4.4,2.9,2.6,2.7,9.9,3.1,5.0,2.4,2.8,4.1,5.8,3.0,6.1,3.1,8.2,6.3,4.3,5.1,2.6,3.8,3.5,6.8,4.2,3.9,3.8,8.0,7.4,3.2,27.3,5.1,4.2,9.8,1.7,2.3,3.2,4.0,2.6,18.9,2.4,3.9,2.1,3.9,12.7,11.9,8.8,7.5,14.4,3.9,3.7,4.3,3.1,2.0,2.3,2.4,1.9,4.6,4.2,3.4,37.4,5.4,35.2,6.3,4.6,3.6,4.5,4.8,3.0,16.4,52.0,3.1,6.3,3.4,7.7,4.1,2.1,5.3,2.6,32.2,8.3,3.3,8.1,16.1,3.5,3.7,4.2,29.5,6.1,4.1,34.1,5.0,3.0,6.4,2.8,3.4,12.6,35.9,25.2,48.5,2.7,7.3,4.0,2.8,40.3,33.7,ALDH6A1,5.765999999999998,11.323636363636362,1.9638633998675625
207472_at,1.8,2.7,2.3,1.2,2.6,2.6,2.1,5.0,1.2,2.9,4.2,5.7,1.7,2.3,2.1,1.9,2.4,6.1,4.0,1.6,2.1,2.6,5.1,4.7,1.8,2.4,6.9,1.2,3.3,3.5,1.5,4.8,1.6,19.4,4.4,15.1,3.0,10.0,5.2,2.3,0.9,1.8,1.0,1.6,2.3,2.4,0.6,19.3,0.7,3.4,8.8,1.2,2.7,1.6,1.8,7.1,1.8,2.2,1.4,1.7,6.5,23.4,4.2,1.8,3.9,1.0,21.1,3.9,4.3,30.6,30.2,23.9,1.0,3.5,1.7,1.7,12.5,28.4,4.2,4.3,4.0,2.6,1.2,2.3,3.1,2.4,3.3,3.6,41.3,1.8,5.9,21.0,5.1,1.0,1.9,11.7,1.8,32.7,2.4,2.6,9.6,3.3,0.9,1.2,2.6,RARS2,3.826000000000001,7.485454545454545,1.9564700850639163
205849_s_at,89.9,67.4,98.6,87.7,105.1,88.2,54.9,328.1,40.8,67.6,87.3,59.1,49.0,142.9,64.3,70.7,91.8,278.5,212.8,78.6,111.5,132.7,127.0,47.8,82.1,94.0,117.0,97.9,106.2,81.1,77.7,116.3,99.5,121.0,94.6,61.6,29.6,87.4,170.7,174.1,102.8,123.9,92.8,170.4,125.2,119.8,107.7,558.4,108.1,145.8,189.1,72.1,157.8,93.7,158.1,100.9,130.3,53.5,136.1,161.0,182.5,98.8,148.7,120.9,109.3,66.7,100.5,88.7,83.9,101.5,96.5,76.5,78.4,126.6,91.6,99.7,98.1,324.2,266.8,247.6,321.8,263.6,366.0,370.0,431.7,415.2,305.6,316.2,440.3,268.4,314.5,391.9,274.3,624.6,337.7,154.6,185.5,302.5,335.0,416.5,302.1,312.1,306.0,176.5,367.4,UQCRB,116.95999999999998,221.09272727272727,1.890327695560254
209066_x_at,75.1,61.9,72.6,63.3,81.2,75.7,70.1,207.3,46.0,46.7,92.5,23.8,39.4,124.8,63.0,86.1,69.2,128.9,121.2,77.7,112.0,136.0,115.7,49.5,54.8,80.2,95.7,73.4,108.8,75.6,71.8,95.1,61.7,102.3,76.2,45.3,76.8,69.0,159.2,112.3,78.0,134.1,108.8,176.0,103.9,84.1,93.0,316.9,86.1,97.2,147.7,120.7,105.8,56.6,120.6,115.4,88.2,56.9,153.2,92.5,121.9,96.4,110.0,108.3,92.4,69.7,29.3,91.4,134.6,130.3,69.4,88.3,60.3,122.0,83.3,117.5,63.8,299.5,120.6,166.0,203.4,288.5,230.3,225.4,247.0,286.9,204.0,262.6,229.6,224.7,240.6,291.4,252.1,355.1,241.8,180.8,174.4,267.1,219.2,366.6,233.8,280.2,271.2,134.7,420.9,UQCRB,93.52000000000002,173.90727272727278,1.8595730616688702
204570_at,5.3,12.4,6.9,3.5,2.9,5.0,4.7,10.5,4.0,4.9,14.5,11.1,6.5,10.8,2.9,5.3,5.1,6.2,7.4,2.5,5.0,7.3,9.1,3.5,7.8,4.7,7.3,4.7,5.2,6.4,6.1,4.5,5.0,3.5,5.5,3.2,3.2,4.9,5.8,4.9,4.3,5.8,14.1,8.9,6.4,5.6,2.8,4.8,4.3,5.0,14.0,9.6,2.9,3.9,3.2,3.8,4.4,4.5,5.9,47.8,4.0,6.5,4.7,3.8,6.3,6.6,4.4,3.6,5.5,10.0,89.1,5.8,11.7,5.7,8.3,4.7,3.6,4.9,11.2,8.3,7.5,6.8,16.7,8.0,2.7,5.2,8.5,15.2,6.4,61.7,6.4,6.0,4.3,4.8,8.7,6.9,10.3,23.9,7.4,14.8,7.7,11.1,6.1,12.6,26.0,COX7A1,6.04,10.989090909090908,1.8193859121011438
218051_s_at,4.4,4.0,15.5,2.3,5.8,3.9,11.9,8.2,6.4,21.0,2.5,22.9,3.0,9.3,6.8,4.4,7.6,5.9,6.7,3.8,4.3,8.8,2.9,12.6,3.3,4.6,1.7,34.6,3.8,6.0,27.0,3.8,3.8,4.2,3.2,5.4,4.7,5.8,12.3,4.7,5.1,5.7,36.8,10.2,21.0,9.1,3.2,3.2,2.8,4.0,7.5,5.4,2.8,4.8,2.1,27.7,2.2,6.5,3.0,25.5,8.1,12.0,6.6,28.2,6.3,2.6,7.8,6.0,4.9,11.4,9.6,10.1,13.9,14.6,5.0,9.8,10.8,4.1,7.0,35.9,5.0,4.4,12.2,18.6,5.7,5.6,5.3,5.2,6.3,54.0,7.5,5.2,3.4,3.5,51.8,48.2,13.9,34.5,9.1,38.7,4.8,81.6,5.0,7.1,91.1,NT5DC2,8.298,15.089090909090912,1.8184009290299965
205222_at,0.7,2.5,2.1,5.1,0.8,2.1,2.0,13.2,11.5,6.7,2.0,10.9,9.0,4.5,1.4,1.5,18.1,1.5,3.6,12.4,12.1,2.7,6.1,1.9,10.2,10.7,10.1,10.4,4.4,3.8,26.0,4.1,3.9,1.0,3.3,1.8,3.2,13.4,7.4,15.7,9.3,5.5,14.4,11.7,13.0,3.2,3.3,2.7,0.7,3.2,10.1,0.8,1.0,4.3,11.0,18.6,8.3,2.9,2.3,21.2,25.1,2.7,27.3,13.3,7.1,21.9,18.3,12.5,17.5,3.0,4.0,25.9,9.4,26.3,7.5,5.1,4.7,30.3,2.9,2.0,1.5,5.5,20.1,9.0,13.9,18.3,1.8,6.2,7.1,4.2,19.8,14.9,6.2,13.4,2.8,19.7,5.6,19.4,7.6,3.8,1.0,41.0,18.7,32.1,2.1,EHHADH,6.615999999999999,11.690909090909091,1.7670660657359574
220943_s_at,5.5,2.3,4.7,4.1,2.4,21.5,5.7,3.0,4.3,2.7,4.6,1.6,8.1,4.5,1.0,7.0,2.5,1.2,1.0,16.3,5.8,1.7,9.4,5.2,5.1,17.4,9.7,4.0,8.0,26.1,21.9,15.6,13.0,5.5,14.1,6.4,5.4,2.1,2.6,18.4,10.4,13.6,3.7,6.7,13.1,13.1,17.0,4.0,2.2,9.1,18.2,1.6,3.9,15.1,4.0,12.4,1.0,18.9,9.0,7.8,25.1,2.8,22.6,23.1,3.4,3.0,2.7,3.4,1.8,8.4,10.9,3.2,2.0,25.1,14.1,3.2,18.9,33.0,8.4,6.2,25.6,6.4,26.9,54.4,31.4,8.7,3.2,18.3,2.1,43.5,27.9,25.9,15.5,3.3,7.6,23.8,7.3,6.6,8.6,35.9,7.5,26.7,6.0,4.2,23.0,NDUFAF7,7.886,13.881818181818177,1.7603117146611942
213846_at,13.2,20.2,36.5,12.5,26.5,100.4,56.9,26.1,28.7,5.5,20.1,57.7,67.1,9.1,40.9,17.4,8.5,18.4,18.2,36.2,41.6,16.3,93.9,36.9,55.8,20.4,18.3,97.3,40.2,58.7,69.4,56.9,14.8,58.5,22.4,31.2,15.1,35.5,33.9,16.4,8.0,12.4,14.7,15.4,35.9,13.7,7.5,50.8,10.8,15.8,188.7,12.6,81.8,71.2,47.0,68.5,51.1,74.1,86.6,33.2,19.9,38.9,11.7,22.1,11.3,76.2,51.0,88.5,55.6,15.4,57.9,11.8,12.7,48.8,24.8,86.9,60.1,75.8,79.8,52.6,8.0,65.5,56.1,69.9,61.2,94.7,113.9,58.0,79.1,15.1,38.9,59.6,67.1,79.0,14.5,17.6,107.5,11.9,118.4,68.0,47.5,15.6,36.4,128.3,92.0,COX7C,32.772000000000006,57.09818181818182,1.7422855430911086
208950_s_at,5.0,16.4,27.3,5.4,6.4,31.6,6.4,11.0,8.3,14.2,4.0,22.3,2.5,11.7,8.2,5.4,16.8,8.2,8.4,7.5,20.6,6.8,4.6,3.3,26.0,42.1,28.0,62.0,6.4,13.0,26.0,19.9,33.0,19.4,6.9,12.5,6.9,4.9,35.5,5.3,3.2,4.7,5.4,18.4,39.3,8.5,3.5,16.0,5.1,38.8,115.9,3.2,11.4,36.2,5.8,5.9,8.0,9.2,34.7,66.6,4.0,9.0,53.8,36.6,17.4,6.1,24.9,8.4,7.5,67.0,129.3,24.2,29.5,13.6,15.7,7.7,7.0,4.3,42.4,6.1,15.4,8.2,6.3,7.8,7.6,10.2,5.6,14.7,56.8,25.7,9.3,81.2,35.5,5.4,3.8,10.8,18.5,54.2,12.7,65.1,39.4,11.1,33.8,6.6,56.2,ALDH7A1,15.059999999999997,25.696363636363635,1.706265845708077
214584_x_at,10.0,35.4,9.5,11.4,13.2,12.0,9.6,10.8,8.0,8.3,9.7,4.9,5.4,14.4,47.1,4.8,6.5,5.7,7.1,10.8,14.0,16.8,10.3,10.5,4.6,8.4,14.8,71.0,6.3,48.5,5.6,2.8,4.9,10.5,7.2,4.4,11.8,7.4,7.6,2.9,12.5,8.4,5.5,21.9,7.9,7.0,7.5,12.5,7.5,8.1,6.8,3.2,6.5,5.9,2.7,13.7,6.0,43.8,9.0,27.8,12.1,13.1,9.7,28.8,12.4,16.7,51.7,10.0,16.2,8.9,21.4,10.7,14.9,40.7,11.5,8.2,10.6,4.1,9.8,33.9,18.4,14.2,13.5,18.1,46.0,6.0,48.5,15.3,33.3,8.1,41.8,12.9,30.2,33.1,3.9,55.4,64.4,77.2,9.1,79.5,15.1,5.0,5.8,7.5,6.2,ACACB,12.274,20.71454545454545,1.6876768335135615
214829_at,0.9,1.9,2.1,9.6,1.9,1.9,1.8,0.8,11.9,0.8,1.1,4.1,1.3,2.4,9.5,3.0,1.3,1.4,3.2,1.4,5.5,0.9,2.4,5.1,1.3,14.3,1.9,1.2,1.8,22.2,7.1,12.3,36.0,16.8,2.1,7.5,7.8,8.0,2.1,11.7,0.6,4.0,14.8,2.0,21.1,11.0,3.4,1.8,9.7,0.9,33.1,3.9,21.5,3.5,0.9,1.6,1.4,2.8,30.2,1.7,20.3,2.5,2.5,2.4,3.1,4.4,7.0,2.6,17.4,3.6,12.8,19.5,2.3,2.8,1.5,2.4,15.5,2.9,5.8,24.7,12.3,3.3,21.3,1.0,8.5,10.7,38.1,23.3,3.1,26.4,3.7,33.0,20.2,1.1,17.1,3.6,1.6,1.6,4.9,1.7,5.7,36.9,1.9,3.2,3.6,AASS,5.991999999999999,9.898181818181822,1.651899502366793
214300_s_at,4.6,4.3,5.4,12.0,6.5,3.9,6.0,7.3,4.6,10.0,5.8,2.8,6.3,6.4,5.7,11.0,6.8,20.0,8.7,28.1,6.5,6.0,1.6,6.5,5.2,3.5,7.6,12.5,29.7,4.0,7.6,4.1,32.2,20.2,6.1,7.0,6.1,14.9,2.8,14.1,4.1,4.2,5.5,2.7,3.8,4.8,6.0,9.5,3.0,8.9,12.5,11.0,1.5,6.6,4.7,5.8,2.4,5.3,1.4,2.5,3.5,5.6,8.5,11.0,8.0,3.3,4.7,3.4,7.1,7.5,30.3,15.0,3.2,6.6,6.8,4.7,3.2,25.5,13.3,15.2,3.1,6.6,40.6,11.5,11.3,35.2,40.5,11.0,4.2,9.2,5.8,9.4,45.3,3.1,6.6,49.0,24.3,4.9,22.7,17.7,11.9,7.3,53.6,11.3,66.1,TOP3A,8.338,13.678181818181818,1.640463158812883
217647_at,2.7,8.3,9.9,2.5,4.8,4.5,4.9,31.4,12.2,5.5,7.2,5.0,11.8,4.2,3.4,3.2,37.2,4.6,4.2,7.5,6.5,3.5,3.3,2.9,6.9,3.0,4.4,4.4,5.1,6.2,2.7,5.4,3.3,9.8,2.1,5.4,3.4,2.4,4.1,2.9,2.5,4.6,29.2,27.1,11.4,20.5,2.1,1.6,2.5,3.3,4.9,6.4,4.3,4.0,8.1,1.9,6.5,11.2,3.1,8.9,3.2,4.6,30.2,22.9,3.6,2.0,4.0,3.6,2.4,4.5,8.4,2.5,2.9,7.9,5.3,18.4,8.7,2.2,6.3,4.4,2.9,21.0,2.3,6.5,12.4,3.3,10.2,6.8,42.0,5.9,1.6,9.4,6.4,1.7,3.7,5.7,7.2,43.9,4.7,54.4,2.9,47.0,36.8,44.7,64.0,DHODH,7.350000000000002,11.903636363636362,1.6195423623995047
210800_at,6.0,2.6,16.2,2.5,1.6,13.7,27.2,34.5,10.8,2.3,5.6,16.5,1.9,2.8,7.5,3.1,2.9,1.7,37.6,31.6,2.1,32.6,1.6,17.7,2.6,5.1,2.4,32.3,4.1,2.2,26.1,2.8,3.0,0.7,20.2,3.1,3.1,16.7,5.4,6.1,9.7,5.1,10.1,18.3,1.5,5.9,3.8,3.9,3.0,19.0,69.0,6.6,3.0,13.9,1.6,7.1,4.6,3.3,2.2,3.9,12.0,33.6,9.3,3.3,3.3,3.0,30.6,7.8,42.9,22.6,7.8,5.6,5.7,1.9,24.1,18.3,2.0,8.3,26.7,2.1,2.3,3.5,15.4,42.2,2.0,8.5,26.5,37.1,37.1,31.4,3.8,6.6,23.3,1.8,3.4,31.6,4.8,46.8,28.3,4.7,42.1,61.3,28.4,4.0,1.3,TIMM8A,9.976000000000003,16.078181818181815,1.6116862287672225
215652_at,38.4,33.4,7.9,32.3,16.4,8.5,9.6,22.1,19.2,49.7,13.5,20.5,17.7,17.0,12.8,36.2,43.4,48.7,28.4,12.9,75.4,15.7,39.1,76.7,6.8,44.2,24.5,15.7,7.8,13.2,54.6,46.3,35.8,69.5,18.8,50.7,14.8,8.0,14.0,11.8,17.2,27.3,39.7,18.9,6.5,13.5,22.7,24.0,18.1,16.1,97.7,7.5,21.8,34.7,53.1,145.1,11.2,10.4,28.4,50.9,35.3,18.2,19.6,30.4,91.8,90.7,19.9,19.1,22.7,14.8,15.7,15.6,113.3,10.7,99.7,9.7,8.2,8.7,42.7,90.0,5.6,12.3,15.2,9.5,36.1,7.6,80.0,52.6,82.1,161.3,8.1,35.8,63.9,8.6,90.0,12.0,4.0,131.0,14.9,121.6,17.0,8.3,13.3,33.2,85.6,SDHD,26.72,42.676363636363625,1.5971692977680998
205355_at,16.3,1.9,16.4,3.1,3.4,20.8,6.1,5.7,7.8,1.4,30.6,2.2,6.7,15.8,4.5,1.6,1.9,2.1,18.2,18.0,1.6,17.4,8.6,3.3,23.8,1.7,4.3,6.5,11.3,3.0,2.1,2.8,12.9,19.4,2.4,10.8,21.2,2.4,10.3,21.1,2.4,15.2,2.8,11.9,4.2,17.2,3.7,3.4,6.3,18.2,13.4,2.9,12.3,13.5,13.7,26.5,2.5,11.4,14.4,5.9,14.0,4.7,9.5,2.0,4.0,4.3,14.4,24.1,4.7,3.6,23.4,4.1,37.3,8.0,3.6,11.5,3.1,3.1,4.2,7.6,21.6,28.3,33.3,1.8,1.3,20.0,3.4,22.9,5.0,6.7,46.3,18.3,15.5,13.0,2.0,20.5,12.8,80.3,8.3,9.3,12.9,9.8,2.1,3.2,94.0,ACADSB,9.133999999999997,14.550909090909087,1.593048947986544
208478_s_at,21.9,7.8,24.4,3.9,25.6,28.1,27.9,18.3,42.2,33.3,1.6,37.0,44.0,4.0,25.2,12.0,34.1,13.3,22.0,23.8,31.9,36.0,16.7,42.1,28.0,2.1,13.4,5.0,36.1,27.9,20.4,21.6,1.7,11.6,27.2,33.4,23.7,13.9,17.3,28.9,19.6,25.9,19.7,5.2,22.1,30.6,19.3,36.2,21.0,4.4,37.8,20.9,15.9,7.7,25.7,25.9,28.5,14.8,39.7,15.0,20.0,20.3,47.0,41.9,37.2,36.5,56.2,46.4,54.3,67.8,77.3,41.2,45.5,25.1,3.5,44.6,21.8,51.2,41.7,48.2,13.7,68.0,62.8,32.4,44.3,38.3,36.9,60.8,26.6,5.2,43.0,9.6,56.6,28.4,28.6,19.2,21.8,44.4,10.4,33.6,46.5,3.8,22.0,19.0,67.8,BAX,21.866000000000007,34.60545454545454,1.5826147692972894
209731_at,2.5,15.7,11.0,40.0,16.1,31.0,4.6,12.0,21.8,5.0,3.2,14.6,4.2,27.8,27.3,6.4,11.2,4.8,12.1,31.8,35.3,10.1,25.0,6.1,24.6,15.5,3.6,54.3,35.5,25.7,3.8,8.0,2.7,7.0,26.8,33.8,8.7,24.7,27.9,1.9,27.3,24.7,8.4,5.4,18.8,36.4,2.3,14.8,4.1,7.6,40.2,10.9,5.0,9.6,8.2,20.7,7.6,57.8,30.3,64.2,1.2,54.9,7.3,46.1,2.5,6.0,27.6,28.6,33.7,48.8,44.5,16.4,22.4,34.1,18.1,20.7,33.2,30.2,29.3,22.1,6.9,9.2,6.9,55.0,6.2,8.1,29.0,8.8,8.6,6.7,23.7,50.8,10.5,24.8,86.7,40.5,13.6,65.8,36.5,17.7,6.6,8.5,67.7,10.2,55.4,NTHL1,16.678,26.301818181818188,1.5770367059490458
222269_at,6.0,9.0,11.4,17.7,7.3,4.4,3.4,13.4,7.4,14.7,5.0,21.1,33.1,4.8,15.9,5.5,26.8,12.3,15.6,9.5,6.6,5.1,6.5,28.2,7.7,11.6,16.6,2.3,2.5,6.5,8.2,5.0,10.2,7.4,5.5,8.2,6.2,6.9,9.1,9.4,6.6,5.2,4.2,13.3,3.2,13.1,6.4,6.6,9.0,11.2,18.1,9.9,9.0,3.0,13.6,4.8,5.0,7.0,5.0,45.4,22.0,5.6,8.7,3.7,17.5,11.3,19.0,12.9,2.8,8.3,13.5,23.4,6.3,6.9,8.5,13.9,4.5,24.3,5.7,3.1,2.6,7.6,3.9,80.4,9.4,7.8,11.5,6.6,43.2,14.8,7.5,2.1,5.2,41.9,35.1,51.1,23.4,8.4,28.0,15.6,8.0,16.9,8.5,13.2,54.9,APOOL,9.856,15.46,1.5685876623376624
220346_at,2.1,3.5,3.6,2.3,0.8,15.0,5.6,2.8,15.2,1.1,3.8,1.3,0.9,1.0,6.0,1.2,1.7,2.0,1.1,0.8,5.2,3.0,29.6,4.2,2.3,2.3,17.9,32.3,3.1,20.9,1.8,1.9,2.5,3.6,3.0,20.7,3.1,8.6,3.4,18.3,7.4,16.4,0.8,12.0,1.2,2.7,16.1,1.9,29.5,11.8,1.6,4.1,2.3,26.1,7.9,1.2,24.8,4.9,0.7,3.5,2.9,9.5,2.9,1.5,6.9,1.3,8.3,16.9,26.4,37.1,24.7,10.1,5.4,5.1,31.3,10.5,4.5,17.3,21.8,20.9,9.2,26.2,24.9,3.9,2.0,28.6,34.9,3.1,9.8,2.2,3.5,1.4,9.6,11.2,4.9,19.8,3.0,16.1,2.1,1.5,9.5,30.9,1.9,11.4,5.3,MTHFD2L,7.185999999999998,11.259999999999996,1.5669357083217366
206686_at,5.2,8.9,4.8,12.0,6.3,20.1,7.1,14.6,4.5,6.1,12.5,6.0,7.4,10.1,5.7,12.4,5.8,9.4,12.9,6.0,9.7,10.1,5.3,11.8,11.9,7.3,5.6,8.9,4.8,7.6,13.0,11.2,15.5,4.6,3.9,7.3,7.4,5.3,13.9,6.8,10.5,3.5,5.8,9.3,10.2,12.3,4.3,9.7,36.7,8.4,16.1,8.1,8.8,8.6,4.0,10.0,8.0,7.8,12.2,12.5,23.6,3.3,19.4,13.0,10.4,6.3,4.8,5.0,11.7,8.4,20.0,7.3,4.3,7.4,7.0,11.7,21.8,11.4,34.0,5.8,8.1,31.1,26.3,10.1,6.2,13.2,80.4,9.2,14.9,34.6,9.3,11.5,15.5,7.5,6.3,8.4,63.6,19.2,10.2,12.2,17.8,15.7,5.1,6.9,6.3,PDK1,9.208,14.223636363636366,1.5447042097780588
215728_s_at,31.2,13.1,28.4,12.1,47.3,19.7,20.3,120.0,20.1,25.8,13.1,5.8,10.8,69.2,52.6,22.4,10.4,34.1,78.3,7.9,22.0,39.9,27.4,18.5,10.0,9.1,13.9,53.2,13.6,61.4,9.7,12.2,28.9,23.9,39.7,36.1,10.0,10.4,46.6,26.2,14.6,7.7,20.2,54.4,14.1,108.6,40.5,8.8,24.9,26.7,46.5,57.4,27.2,24.5,7.6,28.2,51.7,9.9,10.4,43.8,4.6,11.6,65.5,48.7,46.3,54.9,21.1,68.0,16.5,87.8,114.6,61.6,12.7,54.1,12.3,61.5,9.6,63.2,12.0,9.0,44.0,12.7,98.3,94.3,10.4,65.1,23.1,75.9,100.4,41.7,68.5,19.9,37.3,10.6,29.6,55.5,152.1,14.1,63.1,35.3,86.4,69.8,23.6,29.5,77.0,ACOT7,29.516,45.10909090909091,1.5282928211509321
206068_s_at,1.9,12.2,35.7,33.1,5.9,26.9,7.8,15.5,1.6,23.9,30.1,13.3,7.0,5.6,4.5,16.2,4.1,14.2,5.2,3.0,25.9,6.1,25.4,22.7,4.5,4.0,16.9,30.8,29.6,7.8,3.2,22.1,4.2,2.7,16.8,4.0,32.7,5.3,35.7,16.6,4.6,11.1,8.0,15.5,9.8,38.5,3.9,3.0,16.0,2.8,27.5,3.4,6.7,2.5,9.9,9.7,3.4,27.7,18.7,22.4,4.0,26.7,4.3,20.1,3.1,2.5,17.6,16.9,27.8,5.4,11.8,29.1,5.8,35.6,14.5,43.0,20.6,13.6,4.5,22.4,38.1,42.3,26.1,6.7,17.4,21.4,45.8,4.6,8.3,21.9,6.1,7.3,27.5,3.3,12.5,36.6,72.3,21.4,43.3,13.4,67.7,78.5,24.2,4.7,51.2,ACADL,13.958,21.16,1.5159765009313655
220061_at,4.3,8.6,4.0,5.2,4.8,6.9,4.7,10.1,5.8,5.8,16.4,5.2,7.9,6.1,3.6,5.4,8.5,5.7,27.1,5.5,7.6,6.9,5.7,5.6,6.1,4.9,10.8,6.0,5.4,6.0,16.2,5.9,38.8,11.4,24.6,8.1,8.7,13.2,9.6,6.4,9.9,20.8,19.2,20.6,4.0,33.7,44.0,5.1,6.2,8.3,17.2,5.9,6.6,20.4,4.5,4.0,7.4,6.9,5.6,17.4,6.7,4.5,5.8,7.3,53.6,5.1,10.3,43.2,28.9,35.1,16.5,7.8,4.6,4.4,5.7,23.9,3.3,38.4,9.0,17.4,4.5,7.6,5.2,18.3,20.3,6.8,31.7,6.8,47.3,44.6,9.2,38.1,44.9,9.3,19.8,13.6,26.3,6.6,5.9,15.4,13.6,36.5,8.1,6.2,11.3,ACSM5,10.626,16.096363636363634,1.5148093013705661
218408_at,4.6,6.2,14.8,4.9,8.6,38.1,5.9,9.7,7.8,3.7,3.9,8.2,6.1,8.1,4.6,4.7,9.5,17.1,5.6,3.7,5.1,7.9,3.6,3.5,4.8,4.2,23.4,9.6,3.9,5.2,11.5,6.3,4.2,4.5,3.6,6.0,5.3,5.8,10.0,52.8,5.5,4.0,44.2,6.1,9.9,7.0,6.4,4.6,5.7,8.4,7.9,18.8,7.9,2.7,13.2,3.7,11.1,14.5,5.0,6.2,10.1,11.7,7.2,5.1,8.0,13.6,8.4,38.8,5.5,14.5,5.9,6.2,10.7,16.9,25.5,48.8,4.3,20.3,5.7,34.8,21.6,5.9,10.8,5.4,15.3,9.3,7.7,20.9,15.3,10.3,18.7,16.6,4.2,54.3,5.4,5.6,13.7,5.8,5.9,7.4,5.6,23.7,23.9,50.2,4.7,TIMM10,9.176,13.840000000000003,1.5082824760244118
203576_at,15.9,22.7,97.2,17.8,23.2,31.5,15.9,18.5,18.0,22.0,18.7,7.3,77.7,18.9,43.3,19.9,15.8,8.5,25.8,43.2,53.8,74.5,90.0,20.5,23.2,14.1,65.7,85.5,46.6,105.6,18.3,37.7,46.7,18.3,55.4,16.1,20.9,99.5,91.5,74.2,57.5,40.8,60.0,27.9,33.3,76.1,11.1,60.0,35.2,26.0,28.2,39.2,59.1,62.6,25.9,75.7,50.6,95.1,60.0,37.9,54.9,47.3,64.6,34.2,79.6,38.8,60.0,86.5,87.8,20.6,70.5,68.4,63.5,56.2,18.8,48.4,145.6,45.6,46.0,18.0,22.8,66.3,82.4,28.9,17.6,47.9,35.2,94.5,16.2,18.5,95.8,32.2,24.7,75.3,66.9,48.9,48.5,151.2,88.0,153.6,75.7,21.6,104.7,61.1,204.9,BCAT2,40.955999999999996,61.327272727272714,1.4973940992106827
208541_x_at,8.1,24.5,10.9,7.5,7.1,10.2,39.4,22.4,15.8,10.7,12.4,21.9,13.8,24.2,7.4,9.4,33.7,21.8,12.9,24.6,8.6,17.8,4.1,11.2,9.9,7.2,5.7,18.0,5.7,11.9,8.3,17.2,5.6,5.8,7.6,5.6,5.8,7.8,57.3,5.9,29.1,9.6,7.7,9.6,52.2,6.5,4.4,3.8,29.6,6.8,21.2,16.3,4.5,4.5,10.9,38.4,23.3,8.2,14.1,14.9,23.7,12.1,8.2,10.3,51.8,28.9,32.0,43.7,6.6,10.5,32.9,9.4,31.6,11.0,11.2,27.3,16.5,9.0,25.5,19.9,10.7,14.8,6.6,37.6,8.2,34.8,7.8,11.7,37.9,12.0,13.7,6.5,11.3,9.4,8.3,5.1,42.8,27.5,6.6,59.4,55.6,9.6,34.4,6.5,133.4,TFAM,14.500000000000002,21.64727272727273,1.4929153605015673
220182_at,22.7,9.6,31.9,33.5,30.5,11.7,31.2,12.2,26.3,27.9,10.8,18.2,8.3,28.5,10.1,1.9,25.1,23.5,18.2,18.0,12.9,18.6,7.5,9.2,24.4,45.7,24.5,31.3,9.1,22.5,10.2,7.3,42.5,23.4,23.3,2.9,43.0,20.0,8.7,33.9,13.2,11.2,31.9,17.0,30.2,43.1,15.3,18.6,6.6,9.6,49.0,43.1,22.1,14.2,15.7,18.2,3.9,16.5,18.6,24.8,7.7,15.3,59.0,6.0,27.9,37.6,34.0,6.3,40.5,42.0,17.8,34.0,27.5,42.9,47.4,24.7,42.6,20.7,34.1,31.9,82.7,42.6,1.9,40.9,32.5,21.3,26.2,38.6,23.7,13.4,70.2,14.5,57.9,5.6,19.4,25.6,66.2,26.3,5.6,19.5,12.3,21.5,6.7,41.0,116.9,SLC25A23,20.354,30.163636363636364,1.4819512805166732
201062_at,0.9,2.0,4.1,2.0,2.0,1.6,1.3,1.6,0.9,0.8,2.3,2.6,14.2,1.3,1.9,1.2,1.6,1.6,2.0,2.5,7.6,1.0,2.4,1.4,1.7,2.8,4.0,1.0,4.4,3.8,3.2,2.2,1.6,1.4,1.2,2.1,1.9,6.1,2.4,3.9,1.3,2.7,2.4,1.4,1.5,8.7,1.5,1.2,2.3,2.1,6.7,5.8,4.0,1.3,0.7,0.9,1.4,0.8,2.1,7.0,5.2,2.2,1.7,7.4,1.6,2.2,1.5,2.5,3.7,1.5,2.8,2.6,1.7,4.1,1.0,5.7,1.0,3.6,2.5,2.3,1.9,4.4,3.5,4.2,4.3,3.0,6.8,1.6,3.7,2.2,1.6,4.4,1.2,0.7,4.6,1.5,6.3,4.6,5.3,8.6,8.8,1.9,3.7,2.1,29.6,STOM,2.5920000000000005,3.7818181818181813,1.4590347923681253
202564_x_at,41.0,33.1,36.0,19.2,40.4,59.0,62.6,61.6,37.0,32.5,25.0,66.3,13.4,46.4,36.3,60.7,47.5,77.2,60.8,28.6,23.2,49.1,24.4,36.3,23.8,106.5,38.6,28.2,62.9,69.4,25.2,87.5,94.5,45.0,26.2,64.2,69.0,19.5,26.0,33.0,73.6,35.3,35.8,44.5,9.0,26.1,24.0,33.3,32.1,22.6,32.8,72.8,25.1,54.4,90.0,27.4,23.5,68.9,19.3,137.9,57.3,70.1,21.6,89.6,17.9,29.4,32.9,26.7,26.2,32.6,23.4,96.5,43.3,29.3,29.8,78.3,69.2,133.3,171.0,96.0,121.0,21.9,102.8,36.5,29.6,143.2,37.2,39.4,21.1,68.9,20.5,37.5,38.8,39.5,33.5,28.0,133.7,65.0,128.8,62.4,124.6,33.9,128.8,122.7,115.1,ARL2,43.468,62.92545454545455,1.4476270945397658
209485_s_at,27.8,4.4,25.3,20.4,8.0,11.4,25.9,6.3,20.4,12.1,31.3,4.4,32.8,5.2,14.4,23.2,3.7,10.2,3.5,16.7,20.1,3.9,38.3,20.6,15.3,2.1,15.8,14.1,6.9,17.6,3.6,52.7,33.5,15.6,51.5,15.9,8.0,1.5,23.6,2.4,20.1,13.0,5.1,25.3,32.0,6.5,23.7,13.2,29.1,36.8,13.1,6.8,4.7,12.8,4.6,35.7,25.9,22.1,32.9,3.0,20.6,4.3,26.8,7.0,29.2,4.0,23.4,27.8,20.1,40.5,8.8,21.5,42.0,34.0,51.9,40.6,36.9,36.3,6.6,36.8,21.4,2.7,6.6,13.4,26.9,41.0,9.8,3.8,26.4,4.9,7.4,3.5,9.1,33.8,3.0,25.3,30.2,80.4,11.4,81.9,81.2,52.5,20.3,22.3,87.3,OSBPL1A,17.504000000000005,25.22181818181818,1.4409174006980217
220256_s_at,8.9,20.7,7.7,10.6,8.1,14.0,16.1,22.2,8.5,16.5,9.5,11.3,27.1,29.1,10.3,14.0,11.3,22.6,32.8,10.0,20.2,15.0,11.1,12.0,21.8,11.2,7.7,9.2,10.9,19.3,19.3,9.1,11.6,12.9,10.9,8.6,13.0,11.1,15.7,26.9,12.1,8.1,6.3,20.2,12.6,12.3,10.5,10.8,9.7,16.1,19.8,16.1,6.0,5.9,6.5,8.0,7.2,10.5,10.3,18.9,9.4,8.5,19.0,7.8,6.5,16.0,8.8,50.6,7.7,17.1,73.8,14.8,67.1,14.5,11.9,9.1,19.7,12.5,10.6,15.5,13.6,12.6,16.8,22.3,9.3,16.0,24.4,19.0,9.2,15.7,12.7,65.2,15.8,7.7,11.5,13.6,29.5,18.1,18.2,105.0,13.1,76.8,7.8,33.5,21.7,OXCT2,14.150000000000004,20.349090909090915,1.4380982974622551
219188_s_at,5.7,14.6,12.1,5.3,3.9,10.7,6.7,22.6,3.1,11.0,4.5,7.0,11.2,14.4,13.1,8.5,21.1,7.6,13.2,9.2,34.2,11.7,33.9,25.4,14.5,8.6,4.7,12.1,34.6,89.0,8.9,62.8,3.3,17.0,4.3,5.7,6.7,65.4,11.9,50.1,8.7,5.4,19.3,10.1,23.4,5.9,8.5,38.7,9.6,46.6,65.4,17.9,2.0,3.7,6.2,9.8,8.9,11.4,3.0,7.9,28.5,40.2,10.1,51.7,4.5,5.6,29.2,50.8,8.2,12.8,46.3,81.6,42.9,73.8,5.1,74.9,4.5,4.7,20.0,59.8,70.1,18.7,31.7,12.0,11.9,39.1,4.3,52.0,21.5,31.6,8.0,16.1,5.4,12.5,34.2,7.6,7.4,51.0,15.5,47.1,13.5,31.6,9.6,10.6,41.4,MACROD1,17.729999999999997,25.37818181818181,1.4313695328923755
213520_at,5.3,13.5,8.8,10.9,6.1,4.2,4.3,22.3,5.4,5.6,7.4,8.0,7.2,14.8,4.2,4.4,8.5,9.8,9.6,14.8,6.4,11.2,4.2,5.3,11.3,10.0,15.0,37.8,17.6,5.4,7.1,6.9,7.6,11.0,4.6,5.7,9.0,4.8,5.2,7.1,8.5,4.2,10.5,9.4,24.3,5.9,2.9,3.0,9.9,9.9,22.6,4.5,3.1,2.5,5.4,3.4,8.2,8.4,3.7,7.5,40.3,4.9,55.3,23.0,9.6,4.5,4.2,6.3,8.2,27.9,8.8,5.2,7.6,11.8,6.7,14.6,10.6,27.4,5.0,8.1,11.0,25.7,8.4,9.2,4.8,5.2,6.4,11.5,15.1,17.8,13.2,17.8,13.7,24.8,5.6,8.6,13.7,32.3,6.2,8.3,12.3,12.5,4.6,13.6,56.7,RECQL4,9.136,13.06,1.4295096322241683
218136_s_at,655.2,1115.4,522.6,1205.1,864.8,337.4,569.7,490.8,669.5,1133.2,1416.0,664.8,845.4,603.0,795.3,1640.1,605.4,639.5,405.5,342.1,910.2,213.5,348.0,774.9,850.1,1026.9,1613.0,373.0,872.4,985.3,601.2,555.1,1786.4,942.0,790.8,1057.7,964.7,745.5,505.5,379.8,692.6,945.3,625.4,774.3,1579.5,1172.0,833.3,578.1,1540.7,1139.3,2406.4,1014.3,429.4,715.1,756.5,491.2,558.4,419.8,550.9,812.1,1320.5,626.1,987.7,719.5,1483.8,746.6,490.9,1000.5,1913.6,1914.2,1829.2,925.4,1027.1,557.2,1141.5,1033.1,510.2,1022.5,633.6,691.0,1060.5,1015.5,1071.7,990.3,1197.5,1175.5,1464.6,1295.6,1698.2,2764.5,783.2,2386.3,1929.6,425.8,1358.6,1340.3,2297.3,1211.9,1482.2,3455.5,1970.5,1116.8,605.6,704.6,1906.6,SLC25A37,833.9460000000003,1189.7636363636364,1.4266674777067532
219827_at,9.2,10.1,32.6,31.4,8.6,6.7,4.5,17.1,11.7,3.7,48.3,8.4,24.6,15.5,3.6,14.3,4.9,41.6,34.3,8.5,8.1,16.3,7.6,4.3,15.5,5.6,22.8,9.9,7.8,8.4,11.9,22.8,23.4,18.9,2.7,14.0,10.2,7.5,10.1,11.2,23.7,23.6,12.1,11.6,6.8,9.5,35.4,4.3,5.0,10.0,23.4,11.7,6.5,16.3,4.0,18.6,6.7,6.7,4.4,29.5,7.6,10.7,36.1,21.4,29.9,16.3,9.5,25.2,11.0,10.6,35.5,8.9,3.9,20.6,5.7,8.6,30.2,16.5,6.2,3.5,6.0,5.1,10.9,12.6,27.4,6.0,8.2,103.0,15.0,102.0,9.5,4.7,8.1,4.7,6.1,41.3,126.1,79.5,16.1,7.8,6.7,20.2,5.4,34.1,15.0,UCP3,14.412000000000004,20.49454545454546,1.4220472838291323
213591_at,13.0,2.3,1.5,29.1,2.0,4.1,7.3,29.1,1.1,2.9,19.9,1.5,7.7,3.1,2.1,4.1,7.2,9.9,9.9,4.1,2.4,7.9,4.1,7.8,5.3,2.0,4.1,4.3,5.9,3.2,2.6,1.7,8.7,22.1,8.4,5.8,3.2,2.5,3.0,5.0,2.6,33.1,4.2,2.4,12.2,3.7,9.9,2.1,23.1,7.4,8.9,4.6,1.8,3.1,1.3,10.7,13.4,3.8,5.7,6.7,1.9,4.4,1.9,9.5,11.8,3.6,2.6,2.8,10.6,7.9,3.1,2.4,2.4,11.4,1.6,1.2,2.8,1.8,27.9,8.4,4.5,5.7,4.7,14.6,2.3,12.2,2.3,27.1,1.7,6.8,29.8,26.6,7.2,5.2,14.4,32.8,69.6,63.3,3.0,8.0,11.6,26.9,1.2,9.4,8.3,ALDH7A1,7.451999999999999,10.53090909090909,1.4131654711364856
218702_at,7.9,40.8,48.4,31.0,41.1,59.6,49.0,24.0,12.4,5.8,44.4,28.2,30.3,72.1,71.7,14.3,44.6,17.2,18.4,9.1,11.4,14.9,49.4,13.7,25.7,25.2,27.7,51.1,38.1,20.5,28.1,30.7,9.7,28.4,50.1,27.1,44.2,3.0,4.1,41.8,31.9,4.2,26.4,52.9,37.6,49.6,11.0,53.5,40.8,21.4,46.6,27.9,17.3,22.7,30.2,71.6,22.8,56.8,38.9,3.8,12.2,4.8,65.1,20.7,22.0,50.8,50.9,23.6,64.1,50.5,86.5,45.2,72.8,38.5,18.6,3.3,47.2,42.8,37.7,84.5,10.2,136.8,56.0,78.2,38.5,54.3,4.0,36.3,68.5,7.0,36.8,36.4,73.9,88.0,20.3,40.4,131.5,6.3,6.2,45.9,51.1,72.4,4.0,78.8,36.3,SARS2,30.890000000000004,43.60909090909092,1.4117543188439918
210852_s_at,3.4,2.7,3.6,5.5,5.9,5.1,4.6,7.2,2.5,6.4,8.3,6.7,4.4,6.8,6.3,4.9,3.7,7.0,5.3,4.4,12.7,14.1,3.9,9.3,16.0,5.4,5.5,8.2,6.5,17.9,5.8,8.7,24.4,1.5,15.6,25.5,7.4,3.4,22.1,1.7,25.8,9.0,3.1,8.3,5.3,3.9,23.8,3.8,5.1,4.0,16.9,9.3,7.9,23.9,4.1,5.3,19.1,3.3,4.8,21.1,2.2,38.5,5.2,4.7,24.3,6.5,2.3,14.4,6.4,31.1,16.0,4.9,30.2,5.9,2.6,2.7,3.5,5.6,3.2,6.9,4.9,3.4,8.9,2.4,5.3,4.9,5.4,6.5,5.3,17.4,12.3,10.2,4.6,12.3,2.4,2.2,60.7,3.1,39.7,12.7,2.9,6.8,4.1,5.8,58.9,AASS,8.248000000000001,11.561818181818177,1.40177233048232
204277_s_at,5.1,15.4,5.9,6.8,7.7,3.0,12.2,14.5,14.6,11.1,8.0,10.3,8.2,12.5,2.7,9.2,10.0,10.5,13.5,10.2,7.0,16.2,6.2,3.2,11.7,26.9,17.4,3.5,13.0,54.6,4.6,7.0,4.2,5.2,9.3,16.9,8.1,10.2,4.3,4.6,6.7,6.5,5.1,8.4,11.5,27.0,4.3,2.8,4.4,10.7,7.5,5.8,11.5,6.8,2.5,7.4,10.0,29.0,13.7,16.6,31.9,13.2,23.8,34.0,32.9,20.4,3.3,4.3,5.6,5.0,14.1,10.5,14.4,8.1,8.6,4.1,5.0,41.7,7.3,4.6,8.5,5.5,5.8,72.7,3.9,7.1,6.9,12.3,6.8,13.7,11.8,6.9,16.3,4.2,20.9,11.9,13.8,10.2,7.2,11.3,37.1,9.2,8.6,43.9,27.7,TK2,10.258,14.323636363636364,1.3963381130470234
208255_s_at,78.8,143.2,21.8,33.6,116.0,69.1,113.6,337.2,88.3,168.4,86.5,185.2,23.8,264.6,44.8,116.8,99.0,28.8,244.2,24.6,56.2,57.7,104.1,84.5,105.1,100.6,213.2,76.2,155.9,192.4,141.1,92.0,186.1,99.0,93.3,275.8,29.8,52.8,225.0,105.0,121.9,150.0,126.0,191.7,183.3,164.8,8.9,89.2,153.9,296.0,356.9,162.0,68.5,80.1,104.0,57.9,86.7,83.1,101.0,166.4,87.6,124.1,182.9,61.9,189.6,126.9,106.4,115.3,231.2,238.3,316.9,50.7,109.0,60.4,56.1,131.4,93.9,155.7,140.0,111.0,104.4,160.1,94.6,134.2,71.2,168.8,288.4,215.9,252.5,50.7,205.0,415.5,271.4,95.1,185.9,203.8,295.9,313.0,224.6,301.6,369.7,324.4,144.1,286.6,408.2,FKBP8,124.39599999999997,173.48181818181823,1.3945932198930695
204388_s_at,10.8,5.8,16.6,4.0,3.3,8.6,11.1,110.4,23.9,3.0,5.6,5.1,2.5,42.9,8.0,30.6,19.8,47.0,6.9,13.6,36.0,14.3,43.6,7.5,4.3,15.8,24.5,5.3,34.0,40.1,2.3,23.1,2.1,22.3,2.2,26.5,5.8,3.7,2.8,33.9,14.7,10.8,29.0,10.2,15.6,24.0,8.9,4.2,5.7,10.4,19.9,47.3,3.5,2.7,5.4,0.7,13.1,5.4,18.0,37.0,32.5,6.4,11.4,37.4,33.0,15.8,46.6,25.0,58.8,14.9,13.4,43.0,24.6,10.6,1.2,13.3,1.4,19.7,3.0,35.2,8.9,27.4,4.2,4.0,9.5,7.8,21.2,23.6,52.4,39.5,24.1,78.4,1.6,9.1,22.3,6.2,30.5,36.1,67.2,58.6,24.9,66.5,6.0,24.8,67.4,MAOA,17.262000000000004,24.04363636363637,1.392865042500079
205045_at,14.9,8.9,19.0,25.2,3.1,24.4,4.3,34.0,45.8,20.5,14.5,34.2,36.6,11.8,25.4,25.9,9.6,14.1,19.1,13.7,22.7,33.0,14.3,36.6,38.1,35.6,7.2,8.0,31.1,36.9,17.6,47.1,32.5,25.1,27.9,8.8,4.9,21.8,6.7,21.0,21.8,16.5,25.3,35.0,34.3,4.4,28.5,42.8,32.0,40.6,9.0,16.8,22.0,23.3,7.7,5.8,24.8,28.1,50.9,8.3,6.3,10.2,29.4,8.9,37.3,28.6,9.9,10.7,39.3,12.1,38.8,50.3,57.3,57.6,27.8,4.0,27.8,25.8,29.1,27.4,31.7,78.5,38.8,46.8,22.9,80.3,65.0,43.2,23.9,38.9,28.2,27.3,11.6,12.1,34.4,51.3,16.6,35.1,41.5,90.4,52.3,63.9,39.1,53.0,15.0,AKAP10,23.261999999999993,32.31090909090909,1.3889996170109664
219655_at,4.2,9.6,3.3,2.7,3.6,3.5,4.7,19.5,3.4,8.6,3.1,5.7,8.9,5.4,4.9,3.3,4.7,4.9,4.7,3.2,6.4,4.4,6.5,5.7,3.7,2.5,7.2,4.5,5.3,4.0,4.5,3.4,4.5,2.1,4.1,2.6,4.4,2.2,14.2,2.5,2.5,4.7,3.2,4.1,5.3,3.8,5.0,2.1,4.5,7.0,4.0,3.5,3.3,2.3,3.4,5.2,3.7,6.1,4.4,5.5,3.5,9.9,7.6,5.0,5.0,10.2,5.5,4.3,7.2,4.0,7.7,7.4,10.4,5.1,4.6,4.3,6.7,2.1,3.8,4.2,11.0,5.3,5.7,2.9,3.0,2.6,17.5,5.9,7.2,6.7,5.1,4.6,3.1,8.3,12.8,3.1,5.6,44.5,9.3,7.3,11.6,8.4,4.6,5.2,18.2,SUGCT,4.976,6.898181818181818,1.386290558316282
219708_at,26.7,5.1,31.8,11.3,34.7,2.5,23.6,5.9,37.2,38.7,38.2,36.0,17.2,43.0,20.2,25.5,23.9,71.2,17.7,13.7,17.8,15.5,11.5,22.2,13.0,26.9,46.9,2.3,12.8,24.3,58.0,40.6,12.8,24.3,61.5,45.5,43.2,41.4,30.1,67.0,21.0,10.8,14.6,11.7,28.3,42.0,49.9,27.2,24.0,28.5,78.5,40.1,18.3,29.5,35.2,23.5,37.2,56.1,40.3,15.2,25.1,26.4,10.7,37.0,62.4,39.3,25.9,57.8,52.6,91.4,38.0,5.9,39.0,4.1,3.4,7.8,34.6,67.8,27.8,10.8,61.7,47.6,29.3,86.4,3.7,29.2,100.6,14.8,44.1,87.6,46.8,11.5,41.0,50.2,80.7,18.2,21.4,100.9,22.5,38.7,49.4,76.3,7.1,6.1,12.4,NT5M,27.993999999999993,38.72545454545455,1.38334837984763
204016_at,5.8,6.6,34.8,42.0,31.6,17.2,9.6,21.6,13.4,5.3,7.9,17.8,51.5,24.2,17.1,21.2,15.4,20.5,17.3,51.7,44.3,17.9,25.5,44.3,25.6,5.0,72.9,50.6,2.8,19.4,18.7,20.5,3.5,15.7,73.2,18.8,6.3,45.7,14.3,29.1,57.4,42.5,8.4,44.6,58.5,21.4,10.1,17.6,11.3,29.2,16.0,19.7,26.4,24.3,32.1,52.7,37.9,24.6,55.3,7.6,38.5,16.9,19.0,21.8,17.3,35.7,44.4,39.1,15.0,20.1,83.8,38.2,43.6,27.4,33.2,49.8,6.5,6.7,28.9,74.6,79.2,6.3,47.3,64.0,10.3,43.5,8.3,47.0,83.5,64.2,17.6,20.2,30.5,54.5,21.7,77.5,6.0,13.9,24.4,20.6,50.5,60.5,18.0,46.2,81.1,LARS2,25.752,35.525454545454544,1.3795221553842243
218609_s_at,8.9,10.3,12.1,7.3,9.8,14.4,6.1,19.7,8.1,9.5,9.0,11.6,7.2,18.0,9.8,10.6,11.4,16.5,7.9,8.7,7.6,12.2,6.8,6.8,5.6,7.7,8.9,9.7,7.6,7.4,12.2,9.2,11.5,8.9,11.6,10.4,9.2,6.0,11.8,9.4,5.3,9.5,5.3,16.8,10.9,11.7,8.4,7.1,8.4,7.7,8.3,9.9,5.3,20.2,6.8,9.6,7.3,8.6,9.0,13.5,9.2,5.8,8.4,5.6,12.4,7.1,11.7,7.6,14.1,12.2,8.4,9.9,7.7,6.7,10.9,8.7,36.1,9.0,7.2,10.7,8.7,14.1,10.4,16.8,7.3,79.4,14.8,14.0,14.4,19.9,14.1,20.7,11.9,7.7,15.7,6.4,21.7,8.4,10.0,13.5,13.4,16.0,28.4,13.1,31.8,NUDT2,9.769999999999998,13.463636363636361,1.3780589932074068
204548_at,15.4,4.1,8.1,19.6,12.7,18.9,28.4,8.1,8.4,6.3,8.5,9.0,7.0,23.3,28.4,7.7,22.0,27.3,12.6,8.6,6.9,24.3,4.5,29.8,26.1,15.5,7.5,8.0,7.1,22.4,10.0,4.2,8.5,7.6,8.3,21.6,20.9,5.7,58.8,7.3,4.1,4.3,5.7,25.4,23.1,7.4,19.6,3.6,20.2,5.8,85.6,10.6,10.8,13.2,22.0,4.0,6.8,9.8,10.0,40.8,24.4,7.8,10.1,17.0,7.3,6.8,20.4,11.3,14.0,48.6,17.7,49.1,6.1,7.8,9.1,22.3,7.2,28.6,45.0,41.1,8.4,9.6,7.0,5.7,6.7,19.3,24.3,9.9,12.1,12.4,32.8,44.2,35.2,17.9,3.2,8.1,9.1,22.7,47.7,14.6,8.1,39.5,12.0,42.9,3.3,STAR,14.172000000000002,19.4909090909091,1.3753111128216975
206665_s_at,4.9,4.0,2.1,3.5,3.2,2.5,4.7,5.4,4.1,2.6,4.7,5.6,2.2,2.8,4.9,7.7,2.8,2.9,3.5,3.3,2.1,6.2,1.9,4.2,2.6,5.7,2.7,3.7,1.9,1.7,4.2,2.3,5.6,15.0,3.4,4.1,1.7,1.4,2.1,1.1,2.1,1.7,0.9,1.7,11.3,2.0,1.1,2.3,15.6,11.4,15.9,2.0,2.7,1.0,2.9,1.5,7.5,1.4,2.0,3.1,2.3,2.3,8.8,3.7,6.5,3.9,4.0,5.8,7.5,9.9,3.0,2.3,1.7,4.3,2.8,3.7,6.8,2.7,4.8,3.3,14.1,1.9,5.8,2.7,4.3,2.8,8.2,3.5,6.1,4.8,8.4,8.5,5.1,0.8,6.0,5.8,10.7,9.3,11.6,29.8,6.3,3.6,4.3,2.6,5.5,BCL2L1,4.022,5.501818181818183,1.367930925365038
217066_s_at,10.0,10.1,16.8,8.7,17.8,8.3,6.8,21.5,8.4,13.3,16.8,9.0,14.7,18.9,10.5,16.0,15.9,17.5,17.6,6.7,5.9,17.5,9.2,6.8,14.9,10.8,13.1,16.7,9.6,15.7,19.0,9.4,33.9,11.7,4.2,5.6,12.8,12.4,10.0,24.1,4.8,22.6,42.6,13.5,12.6,54.7,11.1,12.3,12.3,14.2,22.5,17.8,9.3,8.0,9.5,8.7,11.1,6.4,7.8,76.5,7.7,7.3,22.0,16.1,14.0,32.4,11.2,10.3,6.2,41.7,17.5,14.0,11.4,26.6,15.2,6.9,14.3,16.9,8.6,11.8,3.8,8.9,8.9,16.0,12.4,14.9,33.7,20.0,5.9,23.3,15.5,8.1,12.5,6.7,9.0,36.3,9.5,16.8,6.4,74.7,20.4,55.9,16.5,90.8,80.4,DMPK,14.585999999999999,19.94545454545454,1.3674382658339876
211715_s_at,14.5,19.1,37.5,39.0,14.6,28.4,14.6,40.7,12.6,16.3,42.6,19.1,22.0,8.5,14.8,14.4,17.3,32.4,11.7,33.2,27.6,17.1,32.8,33.0,14.1,11.7,5.8,77.7,40.9,45.8,12.4,58.5,9.5,8.9,13.8,51.4,9.8,61.8,58.6,39.7,40.0,67.3,7.6,68.9,29.1,75.4,5.0,51.3,12.5,9.9,5.5,9.2,23.7,28.0,74.7,38.3,32.6,38.9,47.5,55.1,57.6,100.0,13.4,20.2,15.2,13.2,29.8,36.2,79.0,17.6,20.8,23.0,25.5,14.6,20.6,51.4,36.1,51.1,6.7,67.0,36.4,45.0,13.7,45.5,88.6,25.6,13.6,62.0,16.1,15.4,56.4,40.5,52.5,43.6,15.5,100.6,10.4,99.8,10.5,15.6,12.3,137.7,61.9,74.7,36.3,BDH1,29.023999999999997,39.68545454545455,1.367332364438208
221037_s_at,1.1,0.6,6.5,16.4,3.2,0.4,1.0,3.5,1.8,13.6,23.0,7.8,1.2,0.4,13.4,12.0,9.2,15.1,17.8,6.4,19.1,0.3,0.8,15.5,12.5,18.8,4.1,3.0,6.2,4.5,18.2,9.7,11.9,14.5,4.3,1.8,14.4,3.9,6.5,0.9,8.9,11.6,26.6,5.8,1.5,9.2,21.1,5.7,2.0,27.8,24.9,12.0,0.2,7.5,5.1,3.2,7.3,10.7,17.3,1.4,3.0,19.5,0.7,14.3,0.9,8.9,25.3,6.3,5.5,3.4,61.5,8.7,3.2,5.1,14.4,3.8,9.8,1.6,3.0,8.5,6.0,19.9,0.8,4.9,17.1,15.2,31.7,1.4,36.5,11.5,1.7,21.7,3.7,19.9,2.1,6.3,4.2,28.1,2.9,9.0,8.1,37.3,13.1,15.4,53.9,SLC25A31,8.91,12.170909090909088,1.3659830629527596
218978_s_at,136.4,283.6,164.2,124.6,187.3,55.5,138.9,75.4,181.7,328.9,140.2,198.0,52.7,74.1,199.2,297.6,125.2,86.1,129.7,25.9,132.0,55.2,17.0,162.3,93.1,157.6,227.2,25.4,117.2,108.8,57.0,131.5,232.4,204.2,146.5,203.8,91.7,58.6,68.4,29.5,83.1,160.1,128.0,131.9,285.6,138.3,107.4,129.8,307.9,257.4,354.8,158.3,85.4,135.7,116.3,92.1,132.7,63.4,45.3,98.9,174.5,87.3,135.5,117.8,311.5,157.4,91.7,203.3,377.2,336.0,391.5,272.1,327.4,89.2,234.3,301.6,97.5,181.0,107.9,114.7,209.0,141.5,189.6,197.4,194.0,200.8,174.0,235.0,246.7,316.2,211.8,350.8,343.8,64.1,194.6,249.5,289.3,173.3,134.3,277.2,216.3,186.5,144.1,116.4,148.4,SLC25A37,141.08199999999997,192.67090909090905,1.36566613097992
219986_s_at,51.3,97.2,83.6,12.7,29.4,58.1,79.8,150.7,57.0,76.1,8.0,71.4,49.2,154.1,77.9,60.7,80.9,72.2,114.3,133.9,145.1,145.3,47.8,53.0,116.1,93.5,42.2,52.6,55.7,144.1,147.9,67.7,166.5,55.2,95.3,44.2,20.0,81.9,84.5,115.1,46.8,91.7,122.5,67.9,145.0,157.8,91.8,83.5,95.0,156.2,265.5,116.3,47.3,70.8,62.4,42.6,48.7,44.9,93.5,88.1,29.4,86.9,114.2,142.6,135.0,99.7,87.3,117.6,190.1,183.8,229.4,174.4,100.0,97.5,110.5,130.8,57.2,115.9,79.0,80.4,146.7,98.4,108.1,127.1,37.9,111.8,180.6,63.1,116.4,271.9,98.1,131.3,138.4,118.9,147.3,134.3,120.4,151.0,105.9,133.0,80.0,171.0,103.2,172.3,213.4,ACAD10,87.008,118.58727272727269,1.3629467718746862
217919_s_at,71.1,12.0,10.1,7.8,9.2,11.0,9.2,25.3,29.9,7.2,13.8,10.8,10.7,32.1,20.7,11.7,61.4,9.9,20.3,8.2,42.5,43.6,66.3,22.0,8.3,26.8,9.5,7.7,5.7,10.8,15.7,10.4,19.4,9.1,11.1,24.3,8.0,37.7,18.8,17.0,12.1,43.0,12.4,13.1,74.4,18.3,10.6,23.7,21.6,7.9,15.1,69.3,45.9,75.2,36.9,42.4,12.4,38.3,8.2,14.2,39.5,43.7,13.4,6.4,31.6,7.6,28.0,33.6,12.1,15.5,6.6,9.3,16.7,11.0,13.6,12.7,7.6,67.2,12.6,30.7,75.6,66.6,13.1,51.9,83.3,8.8,12.4,9.8,10.5,7.7,55.3,45.6,40.6,40.7,14.8,95.9,15.6,37.2,14.0,9.1,8.3,12.7,36.2,7.3,14.6,MRPL42,20.884,28.45272727272727,1.3624175097073008
220176_at,11.0,6.6,9.1,10.3,14.4,17.6,1.8,6.4,19.4,5.2,3.5,1.7,10.6,4.1,13.2,6.4,4.6,5.9,4.2,4.2,11.9,3.5,2.9,23.5,10.5,29.7,17.8,5.5,3.8,23.2,15.6,3.1,5.1,22.8,12.1,7.0,4.2,4.6,14.1,12.9,11.8,10.7,5.5,5.7,16.8,1.8,1.6,16.3,4.0,25.1,8.5,8.1,3.3,4.1,10.6,2.9,5.6,5.1,3.2,13.9,2.4,6.7,33.6,17.5,4.4,8.8,9.6,36.5,37.4,4.0,6.3,5.9,21.9,5.5,22.6,4.5,15.2,6.8,1.3,20.5,38.3,16.5,4.6,41.5,27.0,1.7,33.3,4.4,3.0,7.6,16.3,35.2,6.2,2.6,5.6,3.6,4.1,14.1,35.2,5.5,30.3,22.0,19.6,11.3,10.5,NUBPL,9.866000000000003,13.39454545454546,1.3576470154617328
214333_x_at,42.7,64.7,38.0,76.4,48.1,10.0,39.4,61.9,40.8,20.1,8.1,21.3,45.5,34.4,14.0,27.2,182.7,61.4,162.8,53.6,78.5,49.0,41.1,113.5,20.3,14.6,19.8,18.8,66.8,113.9,36.6,16.4,21.0,11.4,14.2,10.7,23.7,15.2,30.0,63.6,41.5,7.8,55.5,111.9,98.5,24.9,31.2,24.3,24.6,37.1,96.4,79.1,37.5,17.6,44.0,94.0,60.4,96.9,61.7,81.3,48.7,47.0,39.9,50.3,56.2,32.4,75.8,11.0,112.9,20.4,133.6,14.9,66.5,30.7,50.0,15.8,15.2,12.8,99.2,22.7,86.8,6.2,24.0,21.8,74.7,15.0,81.4,42.0,31.8,50.1,131.1,113.3,82.5,50.3,94.1,19.0,46.3,32.7,81.9,156.5,36.1,138.1,89.5,89.4,189.5,IDH3G,45.78999999999999,61.98181818181819,1.3536103555758507
220183_s_at,3.4,2.9,3.1,7.4,4.0,5.3,7.7,8.0,5.2,5.3,4.1,3.2,2.7,11.9,6.9,14.1,1.9,2.1,6.1,5.8,7.8,6.5,7.1,3.2,18.4,19.4,11.2,5.6,6.5,3.9,2.6,2.0,14.9,4.6,5.1,2.4,8.8,3.6,4.2,3.6,3.0,3.0,4.3,4.0,9.3,5.4,1.2,3.3,6.7,15.4,9.2,3.6,5.1,3.1,2.1,19.6,3.1,4.8,13.2,16.8,2.4,4.8,1.8,11.4,21.1,2.5,3.7,8.9,12.9,6.6,4.4,6.0,4.4,4.0,3.8,2.8,7.9,11.2,2.3,2.9,10.8,6.4,14.6,6.1,3.2,2.5,24.0,3.4,3.3,7.7,8.1,30.2,6.7,1.9,5.0,8.5,3.8,5.6,28.8,5.7,14.6,11.3,1.7,30.6,7.8,NUDT6,6.161999999999999,8.340000000000002,1.3534566699123667
207129_at,20.3,10.9,26.8,29.4,15.3,29.1,7.1,33.3,16.8,9.3,8.9,12.8,8.8,20.7,31.3,18.0,13.4,19.6,18.0,14.1,58.4,18.2,20.2,13.0,12.1,12.7,14.8,46.3,13.1,32.6,16.0,38.3,6.8,18.5,51.6,23.7,18.4,12.1,17.2,10.5,13.1,7.4,6.9,34.4,14.6,16.9,16.4,12.9,24.3,31.0,25.5,38.9,17.9,15.3,56.0,13.8,21.1,26.2,15.1,32.2,8.6,15.0,16.2,32.4,24.6,18.1,10.4,16.9,9.7,10.5,21.5,63.3,15.1,21.2,7.3,23.6,35.5,24.8,20.5,91.4,14.0,13.6,18.8,11.4,17.5,17.8,21.5,22.3,9.9,37.6,95.1,27.9,24.9,40.7,15.8,43.3,37.8,27.1,18.0,90.7,44.6,27.6,16.0,18.9,14.8,CA5B,19.926,26.839999999999993,1.3469838402087722
201006_at,39.1,115.9,61.1,78.7,10.1,146.9,56.1,35.5,82.3,25.1,94.2,43.9,41.3,35.6,103.2,102.6,10.6,34.7,102.4,101.9,60.3,26.7,107.1,59.9,83.1,85.9,116.1,92.7,66.6,92.0,55.7,65.9,99.4,77.2,42.3,61.7,114.7,110.5,104.1,43.7,81.7,68.6,124.8,110.8,80.9,43.1,84.3,100.9,97.6,136.9,198.9,112.3,86.7,66.4,82.3,109.2,89.2,171.1,105.9,141.1,79.3,87.1,85.0,54.9,105.5,118.3,41.1,92.9,154.7,154.2,166.1,95.2,109.1,185.7,57.8,96.6,121.0,63.2,153.1,65.7,91.9,90.7,157.6,24.4,166.3,104.2,150.9,105.7,114.9,157.4,81.7,125.6,50.1,93.0,73.2,46.5,49.6,38.3,176.9,111.2,118.8,77.0,64.8,122.1,6.9,PRDX2,76.328,102.71454545454544,1.345699421634858
200806_s_at,181.4,158.0,136.2,80.7,129.0,183.1,199.6,19.7,149.7,113.1,166.7,149.2,140.5,25.8,106.6,107.3,39.6,52.0,59.4,206.1,144.8,122.6,141.4,138.4,101.0,119.4,117.1,148.6,120.9,79.4,83.7,222.6,122.6,201.8,235.5,143.2,133.6,83.8,113.6,166.5,238.9,186.2,185.2,140.1,234.1,146.7,121.2,310.8,158.3,155.8,166.0,111.4,226.1,217.4,211.3,201.3,250.4,143.3,259.8,76.5,172.9,189.1,119.9,181.5,218.0,152.6,172.5,186.9,137.0,178.2,142.5,121.0,131.5,190.7,87.3,143.9,239.1,201.6,201.0,288.7,220.3,166.1,266.5,161.8,193.1,247.0,205.1,218.8,200.8,91.1,329.8,201.3,201.9,252.6,189.1,270.0,211.1,106.4,239.5,176.5,202.1,48.4,292.9,132.2,223.8,HSPD1,140.43,188.5018181818182,1.342318722365721
218654_s_at,16.5,15.8,32.2,13.5,23.9,100.6,16.0,14.2,19.8,23.9,16.0,24.2,27.5,16.9,23.7,9.9,13.0,15.5,13.8,40.1,28.8,12.2,91.4,10.5,17.1,9.7,46.9,16.1,12.9,17.0,110.6,47.2,55.3,50.4,33.3,18.0,20.3,31.2,18.9,20.1,15.3,59.6,75.0,81.4,8.8,16.7,16.7,45.9,66.1,16.5,51.4,53.1,58.7,70.4,19.0,65.0,44.6,41.0,16.2,59.7,26.5,44.3,12.6,56.1,15.2,20.5,19.8,21.1,60.7,18.3,69.6,12.5,30.8,63.8,15.0,60.1,48.5,49.2,42.9,41.5,67.1,15.3,12.8,15.2,22.3,17.1,78.2,9.4,19.4,8.0,22.1,8.0,79.4,56.8,15.0,60.7,23.8,15.7,25.4,74.5,23.9,13.7,149.7,80.4,161.1,MRPS33,30.938000000000002,41.510909090909095,1.341745073725163
205892_s_at,4.1,2.9,3.5,6.9,2.3,3.3,4.6,10.6,3.5,7.5,5.5,3.8,2.4,6.9,3.1,3.4,12.1,7.7,5.5,1.3,2.6,8.7,1.6,4.5,7.5,4.1,5.2,23.3,1.4,7.8,1.3,3.4,6.4,24.8,5.1,5.2,3.3,3.7,18.0,4.7,3.6,5.7,3.9,3.7,18.9,24.4,1.9,3.3,2.4,3.1,13.4,6.2,0.8,1.2,2.9,3.0,26.6,4.3,7.0,11.5,3.8,2.2,6.3,2.5,22.3,3.2,5.4,12.5,6.2,5.8,13.6,3.7,5.1,7.3,5.3,15.2,2.8,7.1,8.1,3.0,14.4,4.1,3.7,10.4,4.5,6.4,3.4,1.5,9.7,17.3,6.5,7.5,4.3,2.3,5.3,7.2,5.8,4.8,13.5,26.4,5.2,22.6,30.1,2.2,26.4,FABP1,6.2879999999999985,8.432727272727274,1.3410825815405973
200796_s_at,67.4,59.4,48.8,13.7,30.0,34.9,70.6,10.0,79.2,85.5,4.6,47.1,29.9,6.3,40.9,49.2,6.0,8.1,16.6,4.6,14.9,30.8,19.1,40.2,12.6,48.9,49.3,7.4,42.1,8.7,7.4,45.3,33.4,77.0,57.3,68.9,26.6,6.4,16.3,6.1,42.5,35.5,75.2,23.3,30.4,30.2,13.7,68.7,61.6,63.0,15.9,32.1,22.5,39.4,23.5,24.3,62.3,8.5,9.9,2.7,39.6,25.6,40.0,41.4,114.7,62.8,50.5,66.2,70.8,45.9,7.0,98.9,72.4,67.2,45.4,50.8,40.7,3.1,57.7,52.2,39.1,27.1,60.5,58.2,48.7,5.3,5.1,13.4,33.3,138.4,73.6,46.0,65.0,4.8,83.5,80.3,71.5,6.8,77.7,21.6,121.5,71.3,24.5,6.4,138.1,MCL1,35.512,47.558181818181815,1.339214401277929
220527_at,2.1,4.0,5.2,16.5,6.4,3.9,5.4,7.2,2.8,7.5,2.2,3.0,1.8,2.0,6.0,2.8,2.5,3.5,3.2,3.1,3.7,4.1,1.8,2.1,11.7,7.0,31.9,1.4,13.6,6.8,11.6,6.2,2.0,3.2,3.6,8.6,19.4,46.2,17.3,6.1,4.4,4.5,2.9,2.6,1.9,9.3,3.6,3.7,7.9,3.2,3.3,6.4,1.2,7.3,3.0,1.1,21.9,6.0,1.9,21.1,1.4,6.0,3.8,6.4,17.2,29.0,34.1,2.5,25.5,8.0,51.5,7.1,4.4,2.3,2.1,1.6,1.6,7.0,5.0,3.3,6.9,1.3,9.9,3.2,5.7,26.8,6.0,5.6,6.2,8.4,7.0,7.3,2.1,2.3,3.8,3.5,5.3,56.1,5.9,10.0,3.1,10.3,6.1,2.3,7.1,MRPL20,6.8679999999999986,9.185454545454549,1.337427860433103
213057_at,61.5,47.5,41.6,30.5,68.0,38.3,44.7,13.4,52.7,50.5,37.0,80.4,22.7,21.5,8.1,9.7,25.8,8.7,72.1,54.8,68.3,32.3,50.2,54.6,79.8,44.2,39.9,65.2,57.8,25.8,44.9,50.2,9.9,41.3,6.3,22.8,38.3,33.9,54.5,34.7,38.3,48.7,78.8,16.4,10.3,22.9,7.8,58.9,31.8,69.7,99.1,54.3,35.1,36.0,40.0,24.7,53.4,61.2,47.2,15.9,53.4,63.0,49.6,10.4,57.6,38.6,39.8,40.4,105.5,83.3,62.0,75.5,78.3,61.7,37.4,58.2,62.4,58.4,20.1,85.6,45.0,44.4,36.0,48.0,54.2,46.4,56.5,33.2,5.6,64.9,54.1,106.4,32.1,44.9,70.5,60.8,23.6,80.6,79.1,91.7,6.9,66.0,80.5,94.0,48.9,ATPAF2,40.56000000000001,54.225454545454554,1.3369194907656445
221225_at,5.3,10.5,9.9,4.2,15.6,3.2,9.9,8.2,9.5,3.7,5.4,6.6,2.4,21.5,9.8,5.4,17.4,7.8,3.9,1.1,4.7,5.5,1.9,2.1,11.6,21.7,12.1,3.0,5.8,6.4,10.6,12.3,17.8,2.0,1.4,1.1,29.0,1.0,1.3,2.3,1.3,1.0,0.9,2.1,7.1,1.8,1.0,1.0,3.4,4.5,14.9,1.3,11.9,1.6,2.2,1.2,3.4,18.8,5.1,17.9,1.1,1.9,3.0,3.4,17.7,1.0,2.1,16.5,3.1,21.8,2.6,4.7,11.3,4.3,1.7,17.7,1.0,17.3,2.2,4.3,3.9,11.5,1.2,3.8,1.6,2.1,40.3,41.9,23.7,7.8,23.7,6.7,10.3,4.3,2.9,8.6,5.5,6.2,1.8,6.7,30.2,8.3,2.2,18.4,6.8,DCAKD,6.780000000000001,9.043636363636363,1.3338696701528556
210253_at,51.3,29.8,31.3,43.7,29.4,60.2,32.4,31.6,6.1,45.4,41.6,7.1,37.8,23.2,38.1,62.5,41.7,2.6,10.5,16.9,60.2,38.4,33.2,47.1,58.5,36.3,67.3,45.1,35.1,62.5,49.9,49.7,33.8,50.9,34.8,25.6,32.6,28.6,60.2,32.8,40.2,55.7,37.0,41.5,13.2,57.1,21.7,46.6,33.9,29.1,83.8,61.7,46.7,55.6,49.4,60.5,48.8,42.7,44.4,49.8,49.3,47.9,22.9,41.7,61.7,45.3,34.0,52.6,48.6,68.6,100.9,57.3,55.2,38.4,36.3,32.2,44.3,39.8,42.2,45.5,35.2,63.9,47.5,43.5,50.1,28.0,37.0,63.0,48.4,63.0,64.3,53.7,65.5,45.4,19.3,55.9,55.4,86.6,27.8,74.3,57.0,49.1,36.0,59.8,52.0,HTATIP2,38.035999999999994,50.72363636363638,1.3335691545808284
217307_at,43.3,12.5,6.1,36.8,10.5,27.3,21.6,60.2,31.0,43.4,21.3,25.5,4.0,10.0,9.2,14.5,8.2,17.1,11.2,4.7,8.0,72.2,24.5,7.0,17.4,21.3,4.3,28.2,23.2,67.5,5.9,8.5,20.1,15.7,14.4,6.2,32.8,37.4,10.0,25.5,34.3,46.2,45.7,9.5,10.5,7.2,8.7,42.0,22.4,15.9,52.3,26.5,10.3,34.2,11.1,6.6,12.8,39.3,26.1,12.1,16.7,68.3,6.6,4.1,5.1,30.7,35.5,48.3,44.6,16.8,25.7,4.7,38.4,6.3,35.7,5.7,6.5,35.0,5.5,44.5,33.5,42.3,5.8,9.3,17.3,17.6,6.1,20.5,74.5,63.3,8.8,33.7,40.0,18.3,53.2,17.1,71.4,19.8,9.6,67.6,35.3,100.8,61.6,6.9,74.2,ACO2,22.218000000000004,29.53636363636363,1.3293889475363951
206357_at,17.7,21.7,27.4,5.4,19.3,1.9,17.3,6.0,18.0,5.7,3.8,8.5,7.9,8.1,15.6,32.7,5.5,4.6,27.9,5.3,34.1,3.0,1.7,26.9,3.3,23.5,19.7,27.4,2.6,35.7,7.3,6.3,5.5,3.3,5.8,7.7,13.1,3.4,2.6,2.2,6.7,24.8,1.9,12.3,14.5,4.5,1.5,18.7,21.9,2.8,43.4,45.4,10.9,4.8,9.1,23.5,20.5,5.3,5.7,12.2,2.3,37.2,3.2,4.5,2.4,3.9,4.8,7.4,8.7,6.9,7.2,3.3,7.0,23.8,6.5,4.6,9.6,4.3,4.8,3.5,24.9,31.2,48.5,39.9,2.9,6.5,2.0,23.3,17.9,37.2,49.9,5.6,29.3,2.9,25.8,5.0,80.0,2.8,36.7,4.7,5.3,34.0,20.4,4.8,6.0,OPA3,12.099999999999998,16.076363636363634,1.3286250939143502
207098_s_at,29.3,8.0,8.2,22.4,8.5,38.0,27.7,7.5,8.5,3.9,37.7,8.0,28.3,8.8,7.4,2.9,2.9,5.0,5.6,2.3,39.7,4.2,36.3,22.7,7.9,27.3,4.8,30.8,27.8,6.2,21.2,49.7,9.3,39.7,38.5,43.9,6.4,42.6,12.9,8.4,16.6,38.9,41.4,3.4,35.5,8.9,8.9,12.7,8.6,25.1,30.1,5.3,53.6,29.2,46.4,18.3,25.3,24.0,4.1,6.8,52.2,10.8,7.3,26.1,5.9,47.7,17.4,18.4,11.6,21.6,89.8,19.9,19.5,28.6,22.9,20.1,34.6,7.8,28.8,57.5,5.6,20.5,33.4,8.2,3.5,3.0,32.2,4.9,9.4,22.3,25.6,48.1,8.2,42.2,18.6,66.5,30.7,46.9,9.5,11.0,1.8,32.0,10.6,2.6,100.7,MFN1,19.023999999999997,25.265454545454542,1.3280831867879808
221279_at,5.5,22.2,4.1,6.3,30.0,22.4,32.4,31.3,5.4,6.2,4.2,10.0,2.1,7.5,18.4,5.4,5.3,10.2,9.4,7.2,58.0,34.5,4.7,4.7,21.9,4.7,48.0,31.8,5.0,4.7,10.7,4.4,3.8,4.5,7.4,12.7,9.4,41.1,75.6,8.4,13.0,3.0,8.4,4.9,10.6,5.7,3.8,3.4,45.2,44.4,13.9,4.1,15.5,17.4,9.2,45.0,20.0,10.7,6.3,15.9,55.3,6.7,13.5,35.1,3.8,42.2,31.9,38.5,37.5,4.8,18.4,3.9,10.6,4.8,7.2,12.5,14.6,8.2,6.3,55.5,6.5,44.5,6.2,11.1,7.6,6.0,21.5,77.2,10.0,12.1,8.6,6.8,10.0,29.1,55.7,9.2,4.9,11.7,22.1,55.2,5.2,12.6,44.9,10.3,82.6,GDAP1,15.677999999999997,20.74363636363637,1.3231047559405775
203158_s_at,53.0,56.8,72.5,53.8,60.8,59.2,49.1,39.0,103.6,79.3,60.9,138.9,57.7,33.7,66.9,41.9,27.4,34.1,28.7,67.2,34.8,53.9,9.0,58.1,70.4,34.4,48.0,69.2,48.8,70.0,40.2,62.1,43.3,44.5,41.9,72.1,93.7,46.5,51.6,31.6,44.9,74.2,40.8,84.0,49.6,63.8,31.8,57.1,55.3,45.4,49.3,56.6,39.6,49.9,33.6,26.5,61.7,70.6,64.4,51.1,106.0,77.5,55.7,39.1,73.0,62.3,62.4,169.7,81.8,47.2,66.7,67.6,97.0,94.4,49.2,50.6,78.8,69.6,42.9,52.3,48.3,84.9,56.5,76.0,88.8,101.0,77.5,82.2,60.7,89.8,67.0,33.0,59.5,32.7,78.7,138.7,89.3,100.5,154.0,69.4,182.3,53.8,97.0,59.2,78.1,GLS,55.11000000000001,72.83636363636363,1.3216542122366834
222007_s_at,2.2,3.9,3.2,3.7,6.0,2.3,2.8,3.3,3.1,2.4,3.0,3.9,2.5,4.1,2.3,4.5,3.2,4.3,2.6,2.5,4.3,6.3,2.4,3.4,3.0,2.2,5.9,4.1,2.5,4.4,2.7,2.3,4.5,2.1,2.1,3.6,2.5,3.4,7.0,2.8,2.8,2.9,2.9,3.3,3.1,4.2,1.9,3.9,3.2,4.7,10.3,6.4,1.9,1.4,2.5,2.6,3.0,3.5,2.9,11.3,2.5,3.1,2.7,2.0,2.7,1.8,2.5,3.5,2.6,4.2,5.8,2.9,3.4,3.6,5.5,4.5,1.7,4.2,2.8,2.4,6.3,3.1,3.6,4.3,3.9,4.3,7.2,8.8,4.8,4.4,7.1,7.1,4.1,1.8,6.7,2.8,3.6,5.3,4.1,7.7,7.2,8.5,3.3,5.3,10.7,FKBP8,3.4040000000000004,4.4763636363636365,1.315030445465228
206463_s_at,49.1,68.4,49.6,13.8,70.1,46.4,44.9,32.6,65.1,29.8,19.7,26.7,45.6,74.0,22.0,22.2,60.5,58.5,8.9,44.2,39.8,83.7,64.7,66.0,25.7,37.3,22.6,73.2,62.1,43.3,85.4,12.8,21.1,52.6,14.6,59.6,58.5,32.9,57.0,77.4,55.4,15.8,39.2,48.8,34.7,58.3,13.1,86.6,74.4,47.5,121.1,15.8,44.1,12.7,16.3,84.1,34.0,47.3,44.6,17.0,82.1,13.8,78.5,54.0,16.1,10.5,59.5,19.6,16.5,20.8,30.4,16.3,97.5,49.7,51.1,10.1,26.6,69.8,96.4,66.2,15.9,73.2,71.7,68.6,118.3,129.7,27.5,20.1,11.5,126.0,13.9,74.1,111.0,75.5,78.6,77.3,158.6,47.9,35.3,196.3,83.4,75.9,89.9,72.2,171.7,DHRS2,46.324,60.84727272727273,1.3135150834831348
209531_at,5.0,9.7,5.6,6.1,9.8,4.1,4.1,9.8,4.2,6.6,9.0,5.4,3.5,7.5,4.6,7.3,5.9,13.5,13.9,8.7,11.8,13.7,4.6,5.0,7.9,9.3,19.2,5.7,5.5,8.4,6.7,6.2,8.2,5.5,3.8,6.1,5.5,6.1,7.8,7.2,8.1,5.2,8.3,6.4,14.6,6.8,8.9,4.3,5.2,5.6,12.3,7.3,3.9,4.6,3.4,6.6,4.7,6.2,5.5,11.7,4.9,5.7,6.3,13.4,9.7,5.5,4.4,7.9,6.5,7.4,12.3,6.9,6.4,6.6,6.2,10.8,5.4,7.6,8.1,4.5,5.2,37.4,4.0,8.7,6.7,7.6,5.5,16.5,12.6,21.3,4.7,11.5,9.4,7.8,8.4,4.3,6.3,8.4,18.3,10.2,11.3,16.2,51.1,9.4,21.0,GSTZ1,7.438000000000001,9.754545454545456,1.3114473587719084
220631_at,8.2,11.1,25.4,23.1,31.3,22.9,13.1,8.8,17.2,17.6,13.8,57.2,10.4,14.2,59.1,14.9,7.4,19.6,10.4,48.4,33.0,14.5,19.9,9.4,18.1,12.6,34.2,35.8,3.9,16.5,54.1,26.7,13.7,32.8,12.3,12.7,15.1,9.2,11.8,30.3,19.5,9.3,60.2,61.2,52.4,47.4,24.8,16.7,41.7,14.0,35.7,53.5,23.8,20.5,38.0,26.9,33.0,19.2,34.4,71.1,26.2,43.2,18.4,66.6,68.5,35.2,11.7,13.7,53.0,21.5,44.2,46.9,20.2,18.3,21.3,42.6,39.3,11.5,23.0,65.1,13.8,43.9,51.6,16.6,39.1,14.9,13.7,10.1,9.9,12.5,56.5,72.3,55.1,32.0,7.8,32.6,35.0,12.9,35.8,6.7,7.1,14.2,59.3,15.5,10.9,OSGEPL1,23.958000000000002,31.387272727272723,1.3100956977741347
213724_s_at,35.0,17.7,54.9,10.0,22.6,36.5,20.9,27.9,18.5,13.2,13.5,17.7,14.3,29.7,21.8,21.5,18.2,22.8,23.6,10.9,65.4,38.8,13.6,20.5,12.2,20.7,6.6,15.5,13.4,11.9,57.6,37.4,7.2,49.6,3.4,55.0,19.2,53.5,45.6,16.6,18.6,23.4,31.0,22.1,34.0,18.9,8.6,24.7,16.8,17.3,70.9,7.5,11.6,9.2,14.5,15.8,21.1,18.8,43.2,10.9,27.6,15.5,47.0,25.3,50.6,21.0,39.1,7.3,53.9,11.1,47.5,16.4,21.8,73.7,25.9,19.7,33.1,38.4,5.3,27.4,52.9,10.6,15.9,17.0,23.1,17.4,76.0,17.9,52.0,46.0,31.6,55.9,14.5,3.6,6.2,11.4,130.5,79.0,32.8,55.9,20.4,20.5,31.7,24.8,94.0,PDK2,24.606000000000005,32.230909090909094,1.3098800735962401
217635_s_at,22.3,31.5,23.4,63.1,33.6,19.0,18.8,29.2,19.2,21.2,33.1,33.8,37.1,28.2,24.2,32.7,22.9,41.7,24.7,36.5,92.8,62.7,33.9,24.1,63.1,6.5,16.5,37.3,72.4,105.3,65.6,54.6,62.1,39.0,45.2,94.6,31.4,88.4,92.3,96.4,62.3,21.0,64.0,103.9,30.4,61.5,46.5,47.9,19.3,57.2,105.1,183.6,16.1,14.0,19.4,34.0,92.8,50.1,17.8,64.7,43.3,92.3,76.8,76.8,45.3,96.8,20.2,29.0,16.9,116.4,74.7,91.4,57.9,106.3,91.7,59.9,32.3,45.7,70.7,26.1,74.4,19.9,28.3,19.8,50.6,57.9,48.2,60.5,32.1,130.7,78.9,31.4,46.7,32.2,22.1,66.5,84.6,16.3,62.5,28.0,92.3,113.9,40.8,77.5,103.7,POLG,45.888000000000005,59.78,1.3027370990237097
210327_s_at,2.6,4.9,4.9,3.8,2.6,2.7,3.8,6.4,3.9,3.2,5.2,3.2,2.8,6.3,5.0,3.8,4.8,3.7,3.7,1.6,3.7,3.8,4.2,3.1,2.8,3.1,3.9,3.6,2.6,3.8,2.7,1.7,5.2,2.9,4.7,4.9,4.3,3.5,5.1,5.8,1.5,3.6,3.4,9.9,2.9,2.5,3.6,4.1,1.9,2.2,8.8,1.6,3.3,2.4,1.9,4.1,4.3,7.5,4.1,4.4,2.3,3.6,3.6,2.5,6.7,3.5,7.9,2.4,7.7,5.5,5.5,7.1,3.1,2.2,4.5,3.5,4.5,1.9,2.7,3.7,5.5,5.6,4.0,8.5,4.8,1.7,5.2,4.3,4.2,8.6,5.3,10.6,5.8,1.8,3.2,5.3,4.5,11.8,5.9,8.6,7.5,5.4,5.7,6.6,4.9,AGXT,3.798,4.947272727272727,1.302599454258222
215727_x_at,13.1,64.7,19.8,30.9,37.8,6.6,51.9,34.2,46.1,33.6,13.3,47.6,61.6,72.4,34.7,35.6,28.1,28.7,8.8,35.1,53.2,35.9,5.7,28.9,8.5,6.4,24.4,50.0,29.7,27.2,40.0,55.8,10.9,39.2,21.7,12.0,48.6,19.9,18.5,38.8,18.7,46.9,19.6,31.9,25.8,32.1,4.3,8.7,54.7,10.0,204.8,41.6,4.8,11.2,23.5,14.5,8.9,27.4,61.1,47.3,10.3,39.3,35.2,40.9,12.0,38.3,36.9,22.2,17.0,12.3,48.3,50.0,49.5,54.9,38.1,39.3,11.1,11.6,68.0,10.5,13.8,51.5,7.5,14.7,32.7,11.2,23.5,24.9,69.0,41.8,11.7,58.9,34.8,30.5,56.7,37.7,38.0,44.6,43.9,116.6,89.2,70.7,56.3,72.1,50.4,ARMCX6,30.65200000000001,39.88181818181819,1.301116344180418
217113_at,11.6,13.1,6.3,31.7,9.3,5.0,5.6,15.1,5.9,3.1,8.3,6.0,3.5,28.6,7.5,37.8,11.1,17.3,5.9,9.2,10.2,14.9,4.8,9.8,17.7,11.6,6.7,24.7,8.7,10.5,7.4,7.3,10.1,8.4,6.8,8.7,8.4,15.3,9.8,7.8,6.7,5.2,6.8,11.5,30.7,11.7,7.6,5.4,7.1,7.6,17.0,9.5,3.9,11.3,7.4,12.8,6.6,10.5,23.7,30.8,1.7,20.5,9.9,6.0,9.1,7.8,11.2,10.7,20.0,7.9,6.7,15.4,6.8,6.4,13.4,10.6,29.0,7.7,11.2,5.4,6.8,7.9,7.7,12.1,11.5,7.7,8.2,31.8,11.1,10.0,28.0,22.8,44.1,6.7,6.7,17.1,10.8,18.6,10.7,3.9,13.1,14.2,7.2,99.0,20.1,AMACR,11.036000000000001,14.340000000000003,1.2993838347227258
207005_s_at,16.8,8.9,40.2,21.0,32.0,17.2,31.4,90.4,8.3,45.6,9.5,43.4,26.1,59.3,15.7,54.2,51.8,55.6,63.7,64.8,19.2,12.4,7.8,15.6,52.5,34.6,5.4,70.4,8.4,42.2,42.5,37.3,29.3,18.0,8.5,11.0,40.3,9.8,5.8,28.8,5.1,30.4,40.6,52.8,47.1,58.0,32.7,5.9,18.7,36.6,80.5,60.3,18.1,10.1,29.7,27.4,13.7,21.7,24.2,98.0,22.0,30.0,15.2,33.0,31.6,85.0,31.5,25.3,34.3,73.6,108.4,74.6,35.2,20.3,19.7,19.0,18.0,7.2,11.3,29.1,16.4,74.6,35.7,75.1,30.2,61.0,66.6,59.4,7.1,50.3,9.8,34.1,68.8,35.6,34.4,52.7,88.5,76.5,6.2,30.3,114.4,82.4,4.0,16.9,24.1,BCL2,31.67199999999999,41.14727272727273,1.299168752439781
203465_at,27.9,20.6,7.5,1.5,3.0,21.8,10.1,28.6,13.8,1.4,9.5,18.2,19.9,3.0,3.1,3.2,3.6,2.7,2.3,14.9,5.0,13.1,14.6,3.8,16.1,14.4,8.8,16.2,17.4,7.8,33.8,36.4,7.9,10.3,18.6,14.1,9.0,9.4,33.3,16.0,10.8,7.4,9.5,3.5,16.5,25.9,8.3,16.4,17.6,1.2,1.0,0.6,21.5,29.6,12.5,24.0,1.4,6.1,22.0,45.7,34.4,23.0,2.3,23.0,1.5,13.8,6.5,34.2,17.5,14.5,7.2,1.0,24.5,8.2,3.3,2.0,23.5,20.8,2.6,29.6,11.4,16.5,14.2,11.6,4.4,17.5,6.1,38.8,4.7,13.8,4.6,36.3,2.8,37.4,39.1,9.6,25.7,5.2,23.7,36.1,1.5,2.4,25.2,22.8,42.1,MRPL19,12.793999999999997,16.569090909090914,1.2950672900649458
219146_at,34.0,25.2,55.8,4.6,46.0,93.7,33.5,16.7,39.5,9.3,56.6,76.0,45.1,22.3,9.7,29.1,3.6,10.8,3.6,68.4,64.6,53.3,67.3,22.3,36.2,31.4,41.5,64.0,11.4,27.1,32.4,72.0,70.1,65.7,74.9,18.1,25.8,39.8,33.4,62.9,34.0,25.9,28.1,49.2,36.4,17.8,6.3,53.2,30.8,18.4,19.2,47.8,137.1,47.8,93.0,51.0,46.4,11.8,60.1,17.9,63.6,62.6,84.8,62.6,56.3,68.7,78.9,49.1,50.5,86.6,10.2,22.3,10.1,59.1,28.8,28.3,26.8,26.9,11.7,55.9,42.3,46.2,77.2,13.4,63.7,56.4,27.6,48.8,3.8,29.4,66.9,43.4,76.8,30.3,50.8,71.9,18.7,14.9,39.3,94.0,49.4,3.6,87.3,90.0,77.2,TEFM,37.956,49.07636363636365,1.2929803887755202
218790_s_at,16.7,18.7,6.9,44.2,3.0,17.1,9.6,21.5,10.9,14.1,65.9,19.9,41.5,12.5,15.3,15.2,31.1,15.4,37.7,10.5,20.6,15.0,26.2,12.8,49.9,17.3,22.0,15.3,9.2,18.6,18.2,21.1,18.3,21.7,11.6,5.1,35.3,22.0,16.3,24.3,18.0,6.4,8.2,41.8,20.9,13.7,7.6,7.9,15.4,7.9,13.3,39.9,11.1,6.4,11.8,17.7,28.8,10.2,47.8,97.3,2.2,47.6,59.9,26.8,17.7,11.5,6.5,22.6,39.1,20.2,57.3,9.1,20.7,11.1,6.2,20.0,20.0,41.7,40.5,29.0,15.5,15.9,13.8,3.1,9.1,20.6,20.1,3.9,21.6,48.4,38.2,10.7,75.0,8.9,43.3,58.5,26.1,6.2,23.2,5.2,19.8,80.8,6.8,8.0,4.7,TMLHE,19.526,25.11636363636364,1.286303576583204
204286_s_at,1.8,12.1,4.2,1.0,2.1,7.2,17.6,3.1,15.6,2.3,2.2,14.3,23.8,11.4,14.7,1.0,2.3,1.0,2.3,2.1,7.6,2.6,10.8,4.8,8.0,9.0,3.3,1.4,1.0,0.7,2.6,10.6,18.9,26.8,16.1,2.4,0.7,2.0,9.7,28.1,3.6,25.1,18.3,0.9,1.1,1.4,14.8,13.0,14.2,7.0,1.5,8.8,20.9,12.0,21.3,9.9,5.8,3.3,13.6,10.7,14.6,3.5,1.6,9.6,0.7,7.6,14.0,2.8,4.3,14.3,2.1,1.1,2.4,24.9,2.8,24.0,22.1,12.7,2.2,1.6,6.5,1.4,18.9,1.4,2.4,24.1,0.9,0.9,2.9,21.4,24.4,19.2,0.9,8.8,16.2,11.4,27.1,35.7,2.7,11.2,18.1,1.3,2.6,17.1,23.3,PMAIP1,8.172000000000002,10.499999999999996,1.2848751835535968
210463_x_at,10.2,10.4,23.8,24.5,10.3,12.3,12.3,10.7,9.9,13.0,43.5,16.9,6.9,13.5,12.6,14.0,12.1,13.6,21.0,8.4,7.7,12.4,14.9,23.1,13.6,11.2,18.8,6.8,12.4,79.0,12.8,17.3,12.8,8.1,24.4,53.2,16.2,48.4,10.5,28.2,32.9,46.4,11.0,9.4,71.6,10.2,11.5,26.3,10.0,19.6,24.7,26.2,8.0,59.3,13.7,11.7,32.4,14.2,26.6,57.6,9.3,13.9,49.7,61.5,8.3,6.8,44.3,46.2,11.0,59.2,13.0,31.8,14.3,49.5,52.6,40.9,17.2,4.8,13.1,36.6,12.4,9.2,9.8,11.3,5.9,7.7,10.1,10.8,11.7,20.8,6.4,17.3,18.8,28.2,5.7,55.0,14.1,60.2,12.7,21.8,7.7,42.7,79.4,37.7,7.1,TRMT1,19.612000000000002,25.14363636363636,1.2820536591697103
204871_at,7.1,4.9,18.0,8.2,50.7,3.4,31.1,40.0,4.4,9.1,77.5,9.1,14.9,17.9,19.1,19.1,10.7,17.1,8.4,39.6,25.2,12.4,3.8,32.1,11.4,24.8,30.1,26.6,40.3,4.7,11.8,33.7,21.5,35.6,38.5,1.9,24.5,9.0,40.8,4.2,17.4,16.5,34.5,19.4,28.3,10.3,30.8,18.1,19.5,23.5,29.2,61.8,41.2,17.6,26.7,4.9,12.1,22.6,49.6,10.9,42.1,3.2,36.9,26.1,8.8,5.5,49.1,16.9,3.0,4.0,35.9,2.5,24.6,24.3,5.1,9.6,5.0,9.4,78.7,6.2,28.0,32.1,15.4,53.2,19.2,13.0,67.5,9.5,66.0,13.8,41.4,12.2,10.0,36.1,67.0,4.1,27.4,46.3,59.4,44.7,47.2,6.1,55.5,3.8,41.1,MTERF1,21.23,27.154545454545456,1.2790647882499038
216721_at,22.2,7.1,5.5,14.0,13.6,10.2,10.7,8.6,4.7,7.4,9.5,11.8,7.1,54.7,10.6,7.6,8.6,39.9,32.4,4.8,7.7,12.9,24.7,12.3,6.0,6.9,20.0,9.1,12.1,13.6,14.4,5.5,7.0,4.3,18.1,25.9,11.4,29.7,20.0,4.6,5.9,36.3,8.5,17.2,6.8,9.8,4.5,18.8,6.4,7.3,16.3,4.6,9.4,7.3,5.8,5.6,9.5,9.2,1.6,18.3,4.5,12.7,10.0,14.6,5.5,10.0,12.0,9.2,10.2,31.4,41.3,32.5,19.8,36.4,21.9,7.9,15.9,24.9,11.5,31.0,10.8,4.4,55.0,5.8,6.8,11.2,6.1,29.4,9.4,54.3,11.9,68.2,22.4,8.2,16.5,9.5,23.2,11.5,19.5,11.3,6.6,10.8,28.7,27.1,35.0,SLC25A30,13.573999999999996,17.352727272727268,1.2783797902407008
209389_x_at,133.5,118.4,185.7,110.4,157.0,166.7,121.6,195.6,107.8,83.5,136.6,133.8,141.9,111.8,141.4,116.5,65.1,89.7,131.8,123.6,125.7,125.1,188.6,92.3,168.9,146.5,140.1,182.7,116.5,156.8,137.2,144.0,156.8,173.3,92.7,81.5,157.2,127.0,136.6,112.9,137.6,152.5,100.6,157.5,115.8,109.9,115.1,241.2,117.0,132.1,119.9,131.3,230.4,146.4,142.5,183.7,178.4,174.4,186.1,154.7,189.0,167.6,137.3,153.8,130.3,101.3,121.9,171.9,118.1,114.7,113.1,100.2,192.2,184.4,112.9,94.0,129.4,214.9,139.7,100.7,193.3,139.6,204.0,230.1,249.8,150.2,120.3,266.2,209.3,156.7,226.3,157.8,112.0,250.4,175.1,174.8,156.5,233.4,157.5,245.0,224.8,221.9,253.6,177.6,315.7,DBI,134.282,171.58363636363637,1.2777858265712185
214630_at,39.8,34.1,38.4,11.1,60.8,34.3,60.6,33.3,22.0,62.0,13.7,25.5,36.4,54.6,23.5,28.7,15.5,57.3,36.0,51.9,21.5,91.9,36.9,5.2,59.7,28.7,12.6,8.6,7.2,8.5,34.8,66.7,26.4,12.5,45.0,21.5,43.5,40.9,51.4,70.9,10.5,50.7,19.8,45.9,41.9,79.6,40.5,7.2,52.9,70.5,62.5,82.4,6.1,27.5,9.1,17.6,11.0,12.8,16.8,109.8,15.1,97.4,36.8,48.1,27.7,36.7,25.5,22.9,16.9,64.9,51.3,65.0,20.4,57.3,53.2,18.3,48.5,12.3,12.7,37.2,35.8,22.4,43.9,92.4,49.7,59.8,20.5,89.4,17.3,61.5,81.4,73.0,49.2,14.5,26.6,12.1,95.8,11.3,34.0,121.3,47.4,134.4,94.1,17.0,175.3,CYP11B2,37.06800000000001,47.34363636363637,1.277210433895445
214277_at,10.6,18.5,11.4,3.3,13.4,9.2,12.3,30.7,9.6,10.3,7.8,18.7,20.0,6.6,13.9,15.0,7.3,35.4,6.6,9.4,17.0,2.2,10.2,12.9,19.4,6.6,7.5,21.7,12.1,1.2,25.3,12.1,5.5,6.8,4.5,15.1,12.1,4.4,11.6,9.2,13.5,14.9,1.9,25.3,17.3,0.5,12.4,2.2,6.6,25.1,11.9,9.7,0.6,8.5,20.3,7.4,4.1,13.3,1.6,18.0,9.2,9.0,31.7,21.3,13.4,23.1,18.7,29.8,13.7,20.0,29.8,30.5,9.7,22.9,14.0,5.1,0.8,9.8,19.4,29.5,22.1,10.8,5.0,6.3,17.8,16.9,36.4,17.7,1.6,4.9,31.5,2.3,12.7,9.0,25.5,12.9,29.5,36.5,31.7,19.7,7.9,21.7,11.8,0.5,3.4,COX11,12.142000000000001,15.50727272727273,1.277159671163954
214711_at,22.8,8.7,36.1,22.2,38.2,15.4,37.3,11.8,39.8,25.1,32.5,16.2,39.3,29.4,33.2,15.4,8.3,27.3,12.8,5.4,13.0,28.5,22.7,28.3,11.2,20.5,28.0,37.6,41.2,56.7,28.5,40.7,22.6,18.6,30.7,23.0,15.5,39.4,26.5,42.6,20.9,24.1,2.7,27.5,26.8,29.9,19.0,30.6,17.6,6.6,52.9,19.7,20.2,10.1,35.7,11.6,19.2,31.4,42.4,19.5,39.1,29.3,7.8,37.8,18.6,37.7,38.9,4.8,72.5,71.4,34.9,7.0,30.8,77.6,15.6,27.5,37.0,74.9,29.7,30.8,36.9,30.1,27.1,6.8,49.5,24.0,9.7,7.7,21.4,13.9,28.4,37.4,33.6,22.9,5.1,8.5,27.1,59.4,48.0,34.5,52.1,65.4,5.0,61.6,61.0,GATC,25.174,32.06363636363636,1.2736806373097784
215037_s_at,60.8,81.6,86.9,45.8,58.6,43.2,60.9,48.9,52.9,62.2,54.6,79.6,47.4,81.1,57.4,57.2,58.5,83.3,64.1,11.8,66.3,47.6,35.5,71.3,88.2,83.3,96.1,54.6,54.5,77.9,25.7,65.8,60.1,61.3,64.4,81.7,39.6,47.3,50.1,25.8,85.6,56.0,33.3,108.4,45.4,41.0,53.5,55.5,133.0,112.6,135.6,69.5,47.2,45.1,62.9,31.0,68.7,38.2,45.4,93.3,62.5,33.1,31.8,24.5,81.7,35.5,53.7,86.3,107.3,119.1,97.0,36.4,60.3,88.8,34.9,61.0,55.8,54.3,46.6,89.0,68.5,57.3,96.3,113.0,92.8,91.2,73.2,36.0,150.9,53.3,107.2,193.8,204.2,41.0,71.7,47.9,168.9,85.8,105.7,99.9,108.1,95.3,85.0,72.9,150.1,BCL2L1,62.364,79.39090909090909,1.273024647086606
203801_at,52.6,31.1,40.0,21.1,44.9,28.3,40.2,22.3,34.8,25.5,28.0,31.7,23.3,28.0,27.1,25.6,28.0,27.1,51.4,33.9,33.5,30.1,21.4,32.3,35.2,26.3,49.1,36.9,40.2,35.2,25.7,27.2,34.9,46.9,33.4,31.6,14.8,28.0,5.9,50.5,37.2,50.8,50.1,22.6,37.1,39.2,27.3,50.6,38.0,45.9,37.0,57.6,43.4,37.4,37.3,32.0,36.7,29.0,43.2,17.8,33.0,33.8,49.9,39.1,30.3,46.5,57.9,53.6,27.4,78.4,10.9,69.3,27.2,22.0,33.5,44.8,27.7,8.6,41.9,83.2,51.9,35.3,41.4,76.1,36.0,65.5,21.2,50.4,7.2,14.0,60.3,45.8,39.9,25.8,35.4,55.9,64.1,44.5,26.2,44.2,48.2,104.1,37.4,7.0,127.3,MRPS14,33.656000000000006,42.827272727272735,1.272500378157616
218664_at,32.0,36.8,9.4,36.3,9.3,35.3,19.5,61.1,14.4,27.8,36.9,5.0,4.8,19.7,4.7,5.3,10.7,8.4,25.2,6.0,38.6,5.9,52.7,29.4,27.7,5.0,36.0,31.7,33.4,44.0,42.3,44.4,13.6,31.8,26.7,17.0,46.7,6.0,25.4,7.5,11.8,4.6,5.0,32.0,38.6,33.6,26.2,26.8,12.6,17.2,10.0,11.0,18.1,19.0,19.9,63.8,22.6,44.7,4.4,7.5,9.9,46.4,5.9,51.2,54.3,6.2,27.9,32.5,24.0,71.9,86.8,48.4,34.7,61.6,12.3,10.0,40.1,17.8,4.3,7.8,11.1,11.3,47.1,6.7,5.0,72.5,36.9,13.4,16.0,5.2,41.9,50.9,6.1,43.1,35.1,24.2,58.0,24.3,34.1,57.4,43.6,19.5,44.5,50.4,21.2,MECR,23.655999999999995,30.081818181818182,1.2716358717373262
211833_s_at,37.7,14.1,38.4,14.0,56.5,38.6,42.4,13.2,42.9,12.1,7.5,15.1,7.6,48.9,52.2,7.5,17.6,75.3,10.4,16.9,13.6,14.0,10.8,38.6,3.1,39.4,24.1,3.5,61.2,17.7,5.9,37.4,29.8,55.4,50.8,26.2,22.8,8.0,7.7,4.0,29.1,22.4,36.7,4.1,44.0,10.0,23.2,43.6,32.7,28.9,9.6,28.0,41.4,39.9,49.3,23.6,43.4,4.9,21.1,4.5,33.9,39.1,19.2,2.9,53.4,45.3,15.8,23.6,10.5,8.7,14.3,45.2,49.0,46.6,54.4,39.5,54.1,37.3,4.2,50.8,26.5,46.6,45.6,50.9,46.6,66.2,28.2,53.7,3.6,5.9,5.5,40.1,7.4,89.2,27.4,40.4,10.2,5.2,8.3,33.8,19.8,49.1,64.3,23.6,131.1,BAX,26.351999999999997,33.50363636363637,1.271388750896948
203032_s_at,15.5,23.7,5.5,19.2,7.5,17.2,45.7,15.4,23.7,57.2,29.3,39.5,26.1,28.4,27.2,6.8,25.4,16.3,12.2,39.9,14.4,29.5,3.7,23.5,3.7,20.9,9.0,9.1,3.8,4.5,20.5,12.9,36.6,35.5,21.2,34.7,18.6,23.3,33.0,17.2,20.4,5.2,4.6,3.1,40.2,30.7,30.4,22.3,16.7,4.0,15.1,4.5,12.5,35.0,30.0,10.8,4.4,22.7,30.5,17.6,26.6,27.4,7.4,1.6,5.9,46.9,5.0,22.4,5.7,6.4,2.7,55.6,14.5,3.0,39.3,31.4,31.4,44.6,23.6,11.1,2.9,16.5,52.8,65.2,46.2,48.9,23.6,36.9,27.2,7.6,20.6,54.1,40.3,39.3,6.0,31.0,34.1,3.0,47.8,70.3,5.6,44.8,19.1,62.4,38.4,FH,20.698,26.185454545454544,1.2651200379483305
221479_s_at,1823.1,2047.8,864.4,1667.2,1152.4,1811.5,1306.6,2321.4,1633.1,1334.5,2339.3,1021.8,888.1,1638.6,906.7,2564.6,587.4,822.4,720.9,953.8,1625.1,783.1,1240.2,1218.8,2661.6,2095.0,1867.3,821.5,1716.3,3784.9,2026.2,2134.1,2239.2,2007.5,2306.4,1625.8,2083.2,1787.8,2227.1,1348.3,1340.4,1167.9,673.9,2483.0,2729.8,2081.7,1336.3,664.9,2325.3,2532.6,3927.8,2110.3,1310.3,1151.0,2023.6,1125.5,1808.7,840.4,1670.8,2943.1,1178.6,1053.8,2466.1,2446.4,2441.4,1880.7,1853.7,2120.4,2823.3,3412.2,3070.0,1247.4,1229.8,1395.5,1767.5,2360.0,1093.7,1552.2,1513.5,1511.9,1314.6,1518.5,2976.5,1373.4,1820.3,1727.4,1789.4,2165.6,2331.4,3157.0,1605.0,4243.0,3341.7,815.9,1980.7,1821.5,3684.7,3128.7,3310.6,4038.6,2006.3,2467.3,1478.5,1924.5,2478.5,BNIP3L,1666.8159999999998,2105.985454545454,1.2634780650926403
219524_s_at,39.4,24.7,71.5,16.4,29.5,9.1,19.8,21.6,38.1,52.3,5.7,11.4,5.4,54.1,29.6,7.8,39.3,26.7,13.0,26.3,7.0,11.1,6.2,5.1,5.2,41.4,8.6,21.9,16.5,11.7,10.8,5.1,14.7,19.5,13.3,30.6,17.8,18.2,5.7,7.3,12.6,8.6,37.9,7.7,48.1,4.8,10.1,5.8,29.9,16.4,18.9,7.0,18.5,6.8,12.3,9.8,16.1,27.9,8.0,10.3,21.5,85.3,52.7,6.3,4.6,2.5,40.9,12.7,5.9,38.6,45.0,8.0,6.3,6.9,51.3,4.5,5.8,3.9,47.2,23.7,34.0,61.2,12.7,9.3,45.9,20.6,4.4,22.8,8.9,8.2,37.8,18.2,67.9,28.9,37.5,7.4,29.2,16.1,69.7,47.9,52.8,5.1,59.4,62.1,14.0,NDUFAF5,20.026000000000003,25.294545454545457,1.2630852618868198
211594_s_at,16.8,19.1,26.0,48.7,46.0,74.9,21.9,102.3,44.2,28.8,83.2,14.8,52.6,51.7,15.5,52.3,60.6,93.1,58.8,86.7,45.9,77.0,37.6,51.9,45.5,7.5,31.6,39.3,41.5,52.5,68.3,32.9,44.0,45.4,63.8,6.9,45.5,52.8,85.7,65.0,74.2,61.7,53.4,37.8,44.7,94.3,73.7,68.0,60.6,15.3,44.7,45.1,59.5,60.1,44.2,111.8,58.9,17.1,107.8,22.7,41.1,10.6,91.6,36.0,39.3,58.3,54.6,58.5,75.4,27.4,98.7,66.6,10.9,68.3,45.7,33.4,121.6,101.5,102.5,69.0,81.8,65.3,72.3,68.2,40.8,103.1,67.4,41.5,68.3,6.4,97.4,77.6,86.0,58.9,24.1,62.8,25.5,104.3,42.6,11.2,118.7,111.6,84.1,98.2,96.5,MRPL9,50.446000000000005,63.59090909090909,1.2605738629605734
218281_at,57.8,70.3,59.2,48.8,74.7,117.1,87.1,95.6,63.4,48.7,108.1,18.6,79.2,105.5,117.8,69.0,18.8,72.7,85.1,91.3,89.1,16.2,79.7,81.2,82.5,72.8,139.0,104.0,89.4,80.0,89.5,119.6,60.0,71.0,53.4,58.3,60.3,78.5,25.1,72.4,91.3,49.6,71.4,46.2,84.5,44.0,94.6,71.2,77.7,135.1,20.7,136.6,109.7,97.3,97.7,105.1,82.0,96.6,123.5,108.4,66.0,129.9,47.0,87.0,6.5,20.8,104.6,74.1,28.7,87.6,79.6,88.8,132.2,141.8,59.3,89.1,78.2,142.0,68.2,98.7,129.4,87.6,114.8,58.0,152.8,121.7,146.7,203.7,14.7,12.0,104.6,92.0,85.5,89.8,106.0,49.6,128.9,128.8,137.0,100.3,120.4,117.0,101.6,98.7,122.9,MRPL48,75.528,95.13090909090907,1.2595449249405395
203609_s_at,10.9,14.7,9.3,10.1,10.5,9.5,10.5,14.9,3.3,10.1,5.1,10.8,11.7,13.3,3.3,7.1,11.3,17.6,10.6,10.4,2.5,11.4,3.3,11.3,11.8,8.1,10.7,10.9,10.1,11.9,3.2,9.3,9.7,8.4,25.2,9.5,26.0,3.4,6.8,7.6,9.1,2.2,5.5,19.2,8.7,11.0,7.9,2.3,8.5,12.9,14.4,8.8,6.2,4.8,17.7,11.8,11.0,52.1,8.9,14.1,6.6,8.2,7.4,3.1,2.8,9.2,12.0,3.0,32.2,9.0,5.2,11.8,12.4,12.1,13.1,9.2,8.7,6.0,8.2,2.9,7.8,10.7,4.6,2.7,55.4,10.4,14.2,66.1,11.0,8.0,8.9,16.7,12.6,6.0,8.0,13.5,11.9,3.6,13.7,10.9,11.1,14.2,9.3,12.0,3.4,ALDH5A1,9.867999999999999,12.356363636363637,1.2521649408556585
219122_s_at,53.4,70.7,77.1,63.6,48.8,63.2,48.6,52.7,54.0,48.9,85.0,43.2,79.4,49.8,56.2,62.6,30.4,62.2,54.7,92.9,85.4,71.1,62.8,54.1,72.8,80.9,50.6,109.8,64.1,88.9,96.3,56.8,58.4,61.4,59.7,39.6,43.3,43.7,81.6,106.8,87.1,60.4,69.3,82.5,102.5,66.5,63.8,75.0,78.9,54.2,141.1,65.6,39.5,49.9,75.5,70.0,65.9,85.7,62.5,87.4,51.6,83.7,89.8,90.8,53.6,69.1,94.4,92.5,110.8,86.2,58.9,72.5,98.2,48.8,61.8,83.6,120.3,59.2,82.2,129.4,67.0,76.7,100.1,92.2,67.2,72.4,88.5,72.3,95.8,28.7,60.4,83.1,37.3,55.7,35.5,78.5,119.4,159.6,132.0,79.2,85.9,141.2,118.0,71.7,178.9,THG1L,66.51400000000001,83.23272727272725,1.2513565155114297
217111_at,12.6,12.2,20.2,3.8,5.8,21.9,6.8,6.7,6.2,3.0,2.6,3.4,23.1,8.5,10.0,4.5,2.4,5.2,4.5,4.3,21.1,4.9,1.8,16.3,8.9,2.1,11.1,22.8,1.7,23.6,1.9,2.6,2.4,3.3,1.6,2.1,4.1,6.1,3.6,3.0,3.5,3.3,9.6,5.9,3.0,19.6,2.2,12.4,16.3,7.1,6.3,2.4,2.4,13.2,3.2,6.7,14.7,16.5,2.7,7.6,1.6,18.2,2.2,1.5,8.0,2.6,14.1,17.1,1.6,8.5,63.0,9.9,3.1,33.1,4.4,3.9,1.5,11.3,9.2,4.4,3.2,3.3,1.9,10.9,4.5,2.7,6.0,11.2,2.8,2.7,22.4,7.0,1.3,7.2,2.7,47.0,4.7,4.2,11.8,11.4,4.9,3.1,1.6,22.0,49.0,AMACR,7.9120000000000035,9.898181818181815,1.2510341023991165
200793_s_at,23.9,33.4,93.2,104.7,16.3,48.6,63.4,19.0,37.1,38.3,15.7,7.0,124.0,18.1,19.9,23.3,40.9,31.9,29.1,122.5,13.4,12.0,65.9,142.1,14.0,92.9,14.5,20.5,132.8,18.1,43.6,56.7,71.6,74.2,103.4,54.2,18.2,21.9,33.0,16.6,115.4,68.2,134.1,20.0,60.1,88.1,67.0,85.8,80.5,17.4,15.0,68.2,98.2,115.9,55.4,97.1,79.7,96.1,150.2,16.3,62.3,20.6,17.2,55.3,87.1,70.7,159.8,15.3,36.4,61.8,27.0,18.3,75.5,132.7,11.5,118.8,18.4,79.8,54.8,46.8,97.3,22.6,139.2,25.5,55.6,108.2,123.3,118.8,14.8,22.1,69.2,19.0,21.9,151.6,108.7,20.7,63.4,21.7,22.8,108.5,106.6,27.9,86.4,20.2,109.7,ACO2,53.33,66.32545454545453,1.243680002727443
211569_s_at,40.7,48.6,45.7,55.4,50.9,41.7,41.4,12.5,26.0,9.0,26.7,7.9,55.8,39.7,34.0,9.6,59.3,5.7,6.9,30.9,61.7,52.2,88.2,51.2,48.3,93.4,42.9,90.8,26.9,12.9,41.7,56.4,64.0,48.4,47.5,45.7,43.8,51.0,32.3,60.1,48.8,5.2,57.4,11.3,32.3,47.8,25.3,25.4,28.1,66.9,27.4,89.8,64.4,59.5,45.3,41.5,53.6,64.1,75.7,62.2,35.6,66.0,39.0,57.8,55.2,53.8,47.3,23.8,66.0,68.8,32.4,55.1,60.4,50.7,41.5,41.1,33.2,48.5,10.5,91.7,41.3,49.8,39.9,57.5,36.9,57.3,86.7,46.3,59.9,105.9,76.6,61.3,75.6,58.7,44.8,43.2,35.3,43.6,38.5,64.4,27.4,11.3,52.9,27.6,7.7,HADH,41.126000000000005,51.13272727272727,1.2433187587591126
204746_s_at,40.4,12.2,16.4,77.2,65.1,49.9,24.4,75.7,19.1,51.3,64.5,25.0,39.9,22.0,36.2,16.6,21.8,29.6,73.2,12.9,39.8,84.3,28.1,26.9,79.3,60.2,71.1,51.9,8.1,79.0,35.9,82.0,8.8,14.0,19.7,44.8,64.1,73.9,104.6,21.7,63.2,50.4,52.5,65.9,49.0,101.2,17.1,30.8,64.3,24.5,61.3,114.5,38.1,22.9,5.4,48.9,59.1,56.2,43.7,74.1,27.7,81.3,93.8,26.3,60.4,31.7,9.4,56.6,21.1,55.5,92.4,17.0,55.7,69.0,95.6,19.3,48.7,72.7,100.0,27.8,97.4,69.5,20.1,26.8,82.8,76.2,99.5,107.4,42.9,76.3,12.4,104.1,27.3,61.7,81.9,42.5,51.8,48.2,109.6,11.0,16.2,92.7,48.0,93.2,45.1,PICK1,45.81000000000001,56.92363636363636,1.242602845746264
221320_at,4.8,17.6,6.2,29.3,8.5,8.1,7.2,9.4,6.5,7.7,11.8,5.3,5.9,43.0,8.2,4.3,47.6,7.7,37.5,10.0,26.6,11.8,10.3,4.7,11.4,11.9,8.2,8.3,6.2,8.0,3.1,12.3,8.3,8.0,5.8,8.8,12.6,11.5,7.2,3.8,4.9,4.4,7.9,6.8,3.0,8.6,4.9,21.7,13.4,10.2,14.5,4.5,6.0,3.3,6.6,7.0,15.1,8.1,5.9,13.9,27.6,12.4,6.9,39.4,8.6,7.3,8.4,6.7,9.2,15.4,77.2,13.0,5.2,7.2,7.9,4.5,17.1,4.2,4.8,3.7,6.5,7.3,3.9,9.3,7.9,9.4,33.7,14.4,15.3,12.7,43.7,13.1,12.4,8.5,7.0,4.9,7.3,9.6,45.7,16.6,15.5,11.6,38.8,31.8,8.5,BCL2L10,11.224000000000004,13.945454545454544,1.2424674399015092
210212_x_at,23.1,10.7,17.1,14.9,17.0,108.1,40.6,19.7,41.1,15.0,6.9,16.7,17.5,14.5,26.5,16.9,28.8,31.4,36.9,66.2,43.0,13.8,51.6,26.6,15.5,45.2,43.7,14.7,129.8,124.5,66.2,13.9,18.2,69.6,24.2,84.3,26.3,8.0,34.9,86.0,35.5,40.7,116.8,12.0,52.5,57.5,44.6,10.9,40.6,11.8,10.3,36.1,42.1,77.3,74.1,67.5,48.7,56.0,53.1,16.8,38.2,83.5,34.9,85.3,69.2,73.4,50.0,50.3,62.2,37.4,92.1,125.2,13.6,115.7,37.8,11.5,79.3,95.8,65.1,11.3,11.3,9.7,61.3,11.1,30.6,13.8,25.9,10.6,14.7,107.8,96.7,9.8,33.3,59.3,17.7,51.0,81.0,71.7,17.9,50.3,14.7,11.5,44.9,38.3,30.8,CMC4,38.65,47.99090909090909,1.241679407268023
216454_at,26.8,27.2,29.1,27.7,29.8,15.8,32.2,7.6,2.5,12.2,38.6,8.0,1.8,3.6,24.3,13.6,6.7,4.5,32.8,24.3,42.2,40.8,8.4,8.5,3.2,26.3,3.3,37.1,11.9,27.9,52.8,2.3,49.4,44.5,3.8,14.7,14.7,23.2,28.1,5.7,2.9,21.5,11.8,26.0,31.8,20.1,28.4,9.9,5.4,49.7,36.8,8.8,13.2,2.2,19.0,12.7,10.2,14.7,28.5,14.3,17.7,36.9,35.3,24.3,40.1,8.1,28.5,26.5,9.8,11.0,40.2,37.0,26.0,27.6,57.1,9.8,33.6,4.4,26.6,33.0,41.4,43.6,24.6,11.0,4.7,16.7,25.7,20.3,29.3,41.6,7.2,31.8,37.0,17.8,47.1,24.0,15.1,15.2,22.7,3.9,5.7,102.9,66.4,37.4,12.4,TRMT1,20.507999999999996,25.443636363636372,1.2406688299023005
211902_x_at,1207.7,900.8,1419.2,676.7,916.6,712.3,1190.8,396.8,734.6,552.2,735.3,652.3,726.7,317.9,715.1,1284.0,399.7,628.5,468.3,908.2,1152.9,798.8,1234.3,1016.9,746.4,1072.8,1118.1,1002.7,605.3,1370.2,342.3,1059.7,878.8,882.4,892.8,845.5,586.1,774.2,900.1,940.3,760.9,1133.5,1033.8,576.4,1393.6,1598.0,1091.5,828.8,637.6,459.7,2048.0,710.8,1608.6,1744.1,984.5,1199.8,1440.5,666.3,1380.1,634.8,405.1,791.1,1013.4,1390.8,1121.3,500.9,1333.6,1145.6,816.3,786.6,518.1,1113.2,1270.2,1616.3,837.1,610.0,1352.9,1221.7,1021.9,1606.6,1082.5,2431.8,1811.9,793.7,716.1,1126.4,1971.1,957.0,609.3,837.5,1289.5,625.2,1256.7,706.2,1218.5,1406.2,673.9,962.5,769.1,678.2,1155.3,311.3,1102.2,733.2,912.3,YME1L1,865.5620000000001,1073.232727272727,1.2399258831519024
204285_s_at,5.7,10.6,3.8,17.4,11.2,1.7,13.1,37.6,35.8,7.0,13.9,33.0,26.8,2.8,14.3,28.5,7.3,2.8,2.2,33.3,5.1,30.2,30.2,1.9,26.0,39.1,6.2,2.8,11.2,10.2,14.3,57.6,29.3,33.1,55.2,5.3,3.5,21.6,6.8,42.8,5.4,16.8,24.7,48.6,2.8,15.5,3.9,30.2,1.9,3.6,3.4,37.7,26.1,37.4,19.4,24.7,3.0,5.4,1.9,24.3,35.7,1.9,15.3,31.4,38.9,58.6,14.6,39.5,44.6,13.8,10.5,13.7,6.1,45.5,18.3,26.1,5.8,23.6,59.0,14.9,26.0,82.1,2.0,40.4,8.1,4.7,5.7,8.0,11.0,4.5,5.6,7.6,8.1,4.8,41.0,20.9,23.3,40.4,20.5,18.0,41.5,5.7,32.0,32.3,24.0,PMAIP1,17.892,22.16909090909091,1.2390504644025773
204123_at,19.2,56.2,44.5,12.2,29.3,50.5,22.2,31.8,68.8,27.8,69.4,15.8,30.5,40.2,46.9,31.4,23.4,33.2,31.6,21.5,26.6,23.7,67.8,16.2,16.4,22.0,25.0,27.5,72.7,20.9,27.0,28.8,21.7,52.9,31.2,49.4,35.8,76.9,38.4,50.3,52.1,41.6,22.1,42.9,28.5,45.6,45.4,20.1,13.6,62.0,14.9,76.4,78.3,61.2,21.0,50.1,36.5,72.9,41.8,19.8,13.1,77.5,12.3,53.5,76.2,26.9,15.6,58.0,47.2,36.8,139.1,23.6,62.4,62.5,16.4,31.2,9.5,41.7,21.6,40.1,24.7,45.5,59.7,61.0,75.9,16.2,16.7,102.3,27.9,29.4,15.2,21.8,18.0,52.7,25.1,24.6,35.6,159.4,51.5,25.2,59.1,40.9,18.0,107.5,15.9,LIG3,36.23,44.870909090909095,1.2385014929867264
200844_s_at,697.0,1561.2,625.1,1204.6,635.5,763.9,680.4,1512.1,609.9,493.1,1629.3,431.5,1390.9,1454.5,777.9,1130.5,467.5,410.1,433.7,1568.4,1764.9,1136.0,601.7,736.0,1093.7,956.2,1358.1,826.2,1787.7,901.7,1688.7,1151.4,2184.0,1634.7,1932.6,1070.1,1251.5,1656.2,2061.7,1178.1,955.8,595.2,999.2,2199.0,3357.6,1409.0,1498.3,1650.7,2399.1,1461.9,2339.6,1945.5,1126.8,1382.8,2122.8,712.8,967.8,929.6,1063.4,4679.1,815.4,1655.3,1167.5,2329.5,1474.8,983.8,497.7,1005.1,1046.9,1315.1,1461.7,640.3,963.0,733.0,2215.6,1614.9,714.7,765.5,1974.4,933.0,874.6,1340.9,1164.0,870.5,1774.1,1379.6,1611.1,2769.4,1455.8,1483.9,1462.2,3078.8,2601.9,1749.6,1862.1,999.3,2253.8,1835.7,1583.3,2627.1,1329.7,1441.3,1216.7,1972.0,1888.9,PRDX6,1239.4819999999997,1530.9763636363637,1.235174341891503
215168_at,7.1,10.4,4.3,5.2,5.4,34.9,2.5,18.0,10.3,14.5,1.5,7.1,1.9,25.8,22.3,2.0,24.6,16.0,31.3,39.5,15.9,6.7,21.7,18.4,11.0,22.6,13.6,2.2,15.8,8.6,15.5,4.0,4.5,7.2,20.7,17.4,4.3,1.8,8.9,10.1,1.3,2.8,11.9,24.9,2.9,5.5,15.5,0.9,2.6,13.7,28.5,17.7,1.3,8.0,9.7,15.0,26.9,2.8,16.5,25.6,2.1,7.0,1.2,2.9,37.7,14.2,9.9,18.0,6.4,2.6,20.4,11.1,19.6,39.4,22.8,16.6,4.4,13.5,12.2,2.7,2.1,9.2,1.9,64.8,2.1,2.4,43.0,3.1,2.7,37.2,47.6,7.5,2.9,5.7,7.1,3.7,5.3,40.4,13.5,20.8,7.6,10.4,7.1,30.9,15.9,TIMM17A,11.949999999999998,14.75636363636364,1.2348421453023968
203517_at,25.2,36.5,41.8,25.9,49.3,32.1,20.2,8.7,19.0,47.3,20.1,26.3,35.3,31.1,20.6,33.9,43.9,15.7,14.4,40.9,29.6,39.4,39.0,31.1,14.3,23.1,6.8,52.6,34.1,53.0,45.5,43.2,33.4,26.1,27.2,44.7,23.0,22.0,6.4,43.0,36.2,29.0,22.2,31.3,22.5,54.0,24.8,27.1,42.7,39.0,100.8,44.0,35.3,35.4,23.7,29.3,35.4,14.4,50.1,26.0,23.2,50.8,26.3,37.1,30.3,65.4,30.6,32.9,11.0,50.9,33.6,26.8,31.3,41.2,62.0,46.7,36.6,37.2,57.0,44.4,45.9,34.4,28.3,25.6,43.9,20.1,63.3,47.4,15.8,9.4,46.0,35.6,34.3,53.7,70.1,33.1,23.4,51.4,24.6,10.5,55.7,22.4,34.5,49.2,62.8,MTX2,31.090000000000003,38.38363636363637,1.2345975028509606
205371_s_at,20.6,22.0,23.0,11.0,16.0,22.3,29.4,20.1,20.7,27.6,34.1,35.3,9.0,26.7,18.6,8.5,23.2,11.2,13.3,12.1,13.5,10.2,28.2,12.4,15.6,29.6,11.5,11.6,17.8,37.4,30.0,36.1,3.2,9.5,20.6,7.3,18.9,15.3,30.8,27.4,9.8,22.0,24.5,19.9,9.9,47.8,11.8,11.3,9.4,26.4,4.4,30.9,14.3,7.8,19.1,13.6,16.1,20.7,19.8,21.7,30.9,25.0,8.1,20.1,28.7,7.1,24.6,16.6,29.7,37.5,9.2,13.9,39.9,36.4,21.0,16.9,16.2,16.6,30.5,30.1,19.0,36.0,4.8,56.2,35.6,18.8,26.2,45.6,13.5,27.6,6.2,24.5,35.3,11.3,5.6,18.4,81.5,9.9,52.7,62.5,59.9,23.6,17.4,13.2,2.1,DBT,19.68799999999999,24.269090909090913,1.2326844224446831
205571_at,71.3,29.3,28.8,40.7,66.2,45.8,67.6,59.2,44.3,64.0,88.5,53.8,55.8,43.5,67.6,26.7,52.3,44.6,51.8,29.7,58.2,39.7,74.1,69.0,35.0,50.3,57.0,53.2,41.1,53.6,44.8,52.2,28.8,77.9,74.5,95.6,13.1,72.9,77.4,74.6,61.3,33.2,45.2,39.9,66.8,41.9,46.0,38.9,57.4,70.0,69.0,55.6,65.4,84.2,32.9,55.5,53.4,42.0,88.2,87.3,94.8,83.0,47.3,66.8,49.0,70.4,136.1,80.1,38.8,41.4,14.0,51.3,31.6,102.9,46.3,48.3,50.8,82.7,41.5,100.3,60.6,62.2,175.4,13.6,22.9,15.2,24.1,77.7,45.2,60.1,42.1,105.8,30.6,107.8,43.2,54.5,168.5,97.3,76.4,37.3,77.9,101.6,92.5,72.4,48.3,LIPT1,53.501999999999995,65.89272727272726,1.231593721220277
220839_at,6.5,20.2,8.0,4.7,14.7,4.2,7.4,18.9,8.1,17.6,3.0,8.1,24.6,13.1,22.4,9.2,10.7,5.3,37.8,0.8,3.1,6.5,9.6,14.6,5.0,20.2,4.8,4.0,1.8,1.8,2.5,3.0,4.5,9.3,3.7,7.1,3.8,2.6,29.3,14.6,13.8,3.8,4.0,11.9,13.2,5.8,14.7,3.5,3.2,29.3,3.5,19.5,1.3,2.4,14.2,2.3,3.1,23.8,2.6,11.1,2.5,29.6,1.3,2.1,3.9,3.7,19.6,25.5,4.8,7.5,17.4,2.3,8.0,17.9,3.4,29.8,9.6,2.5,22.8,4.9,3.3,2.6,9.8,1.6,16.5,36.1,1.0,4.1,4.5,2.7,16.4,6.8,11.9,22.4,5.1,21.3,6.1,22.6,7.2,44.0,17.8,4.0,22.8,12.7,70.9,METTL5,10.006000000000002,12.31090909090909,1.2303526974724253
211560_s_at,699.1,1802.3,229.1,913.6,579.0,696.2,201.6,2851.3,311.8,383.8,2113.4,189.1,250.2,2703.2,395.9,1733.4,1070.8,2205.6,738.9,732.2,2561.7,298.6,200.4,383.1,2352.8,2378.2,1281.3,333.0,583.8,4359.6,1051.1,323.2,2133.0,1658.5,676.2,735.2,2222.8,942.8,1571.5,496.7,985.2,507.3,232.5,3008.8,2486.1,2670.6,1258.8,769.0,4738.3,664.5,5156.8,1032.2,1753.9,535.4,3861.5,446.8,817.2,571.5,286.3,5828.4,467.2,488.2,2035.3,1610.4,2432.8,360.6,348.0,722.6,2198.0,2544.1,1992.1,443.1,705.8,970.8,1634.1,2976.6,349.0,235.1,586.2,504.5,588.4,785.7,1479.7,621.3,1721.8,2124.6,1072.0,2083.6,1631.4,1822.8,489.8,4598.5,2165.0,696.6,752.1,928.3,2183.8,2154.0,1812.7,6687.7,2829.5,973.3,474.1,1952.5,839.8,ALAS2,1293.302,1588.427272727273,1.228195172301035
221932_s_at,303.6,768.4,148.0,651.8,291.1,308.0,153.3,660.4,167.6,145.1,1008.5,151.7,360.7,1160.9,150.1,555.3,118.5,670.5,70.4,377.3,1026.9,534.9,109.9,426.3,1321.1,883.6,1305.0,248.1,395.4,1265.5,731.5,343.4,947.2,339.0,561.4,313.4,526.4,553.0,757.1,310.2,428.4,212.1,199.7,1028.4,1310.3,726.4,779.3,305.9,1523.1,489.4,1503.3,324.1,556.6,414.1,1404.0,470.6,544.8,499.7,443.9,1424.1,163.5,236.9,1415.8,612.3,1180.5,247.7,217.0,477.5,912.9,823.2,596.4,277.1,155.5,490.4,620.5,878.3,200.7,157.4,209.7,295.3,282.6,340.6,991.3,334.9,414.1,623.0,457.1,690.7,679.6,999.7,299.3,1716.6,818.9,328.2,534.5,449.0,1451.3,1050.9,1210.6,3901.7,686.1,479.6,378.1,398.0,608.3,GLRX5,562.4700000000003,688.6999999999998,1.2244208580013147
221693_s_at,77.4,129.1,99.8,123.3,23.0,45.1,38.7,136.9,75.0,81.9,166.0,34.0,64.0,80.3,95.1,113.8,80.6,33.6,24.9,141.2,168.4,28.0,94.3,111.5,147.5,109.1,101.8,153.1,80.1,233.0,105.6,173.5,162.0,103.3,158.8,79.4,141.7,116.3,41.0,46.5,23.8,126.4,141.2,158.1,184.3,195.6,100.2,70.6,177.0,153.3,158.4,140.9,111.0,113.3,155.7,43.8,106.2,91.2,82.0,63.9,15.9,79.0,146.0,140.9,157.5,165.1,73.1,161.7,92.2,223.2,34.4,239.2,101.7,98.5,91.7,128.6,100.2,138.4,193.0,115.1,210.1,103.5,167.2,110.0,132.2,137.7,202.7,185.0,137.9,120.6,192.4,115.7,150.3,77.8,147.9,103.0,183.0,179.3,190.3,190.9,258.9,53.0,152.9,79.2,55.9,MRPS18A,106.98200000000003,130.89454545454538,1.2235193346034412
210447_at,16.4,17.4,15.9,14.6,19.1,20.1,19.4,6.3,24.7,14.8,9.0,21.7,10.3,10.0,17.0,13.7,14.6,4.9,4.5,3.1,30.8,20.5,44.8,11.4,21.4,5.2,40.5,18.3,23.4,7.1,5.4,12.8,3.3,21.0,2.7,24.6,15.7,1.6,26.5,25.9,9.7,20.1,4.0,35.1,23.1,28.5,3.4,22.2,13.0,15.7,32.7,19.9,5.7,11.0,16.6,16.9,23.7,12.6,13.7,2.7,10.7,3.2,3.1,1.9,1.8,31.4,19.2,20.8,14.9,24.0,74.1,39.5,18.4,13.2,7.8,41.2,1.5,29.5,23.5,12.5,13.3,17.6,1.2,11.9,30.2,48.2,19.6,14.9,21.8,28.4,14.2,43.2,4.5,3.6,16.6,40.8,6.8,10.4,17.8,31.1,51.3,18.1,7.9,46.8,27.0,GLUD2,16.304000000000002,19.90727272727273,1.2210054420554912
213634_s_at,5.7,5.7,9.1,4.6,10.4,3.6,8.1,14.4,9.8,7.5,3.9,12.6,4.2,6.5,7.0,5.3,5.7,8.1,10.1,4.1,6.4,9.5,3.5,5.3,6.9,4.7,5.5,7.5,7.2,4.1,10.7,6.7,4.2,4.8,5.5,6.9,10.2,6.0,10.1,7.9,3.8,9.2,6.2,13.7,5.4,9.2,3.5,3.7,4.0,6.6,13.8,3.7,2.8,14.6,3.8,2.7,5.5,14.7,7.2,6.3,7.2,6.7,10.2,31.2,4.3,5.4,7.0,8.7,11.8,5.3,10.1,3.8,4.9,33.6,9.7,6.9,5.3,24.1,5.4,7.3,5.0,4.4,6.6,4.5,11.4,5.1,7.3,4.6,5.4,6.6,4.9,7.1,4.5,6.2,6.7,4.0,16.0,9.2,6.2,11.0,6.0,8.2,8.8,7.2,12.4,TRMU,6.905999999999999,8.423636363636364,1.219756206724061
214045_at,49.4,4.6,8.7,9.7,9.8,24.4,8.4,6.9,6.1,8.9,13.2,6.9,36.3,6.7,10.5,41.3,5.5,6.0,43.4,5.2,33.4,7.9,6.1,6.8,6.4,3.6,6.2,21.7,7.9,7.0,22.0,7.3,8.2,8.9,8.9,4.0,7.5,8.4,33.6,32.1,7.8,10.2,8.1,5.9,8.1,45.2,6.2,18.1,5.1,6.2,4.6,7.0,6.1,16.5,25.7,35.1,33.2,7.4,40.5,10.1,19.3,16.2,15.4,36.8,6.5,26.3,7.0,12.2,3.8,26.1,84.3,6.7,14.2,8.7,6.5,9.6,17.9,6.4,5.1,13.3,8.3,5.7,29.7,7.3,6.7,11.6,13.7,6.9,6.4,73.1,6.7,13.6,9.3,7.2,9.6,7.4,4.2,11.6,8.5,52.6,4.7,8.3,6.3,7.2,58.0,LIAS,13.614,16.601818181818185,1.2194665918773457
211322_s_at,34.8,97.9,63.6,20.4,90.5,39.5,60.9,86.9,35.4,90.0,34.8,59.5,15.9,68.2,53.9,31.9,71.3,57.4,66.6,65.4,72.3,65.1,24.9,13.3,84.9,52.7,80.1,65.7,75.7,29.3,56.4,51.9,59.4,12.2,27.7,42.9,38.2,65.5,68.2,44.6,61.8,52.2,75.7,52.7,55.1,66.8,50.6,38.9,68.9,65.9,106.9,51.4,39.6,35.3,9.7,70.4,60.9,32.0,27.0,42.4,66.0,54.6,37.0,67.8,87.2,57.9,23.4,76.1,124.0,48.8,155.6,59.2,32.7,56.6,106.5,63.9,42.6,48.8,87.9,51.4,46.0,72.9,55.5,103.0,51.1,73.1,76.3,33.6,76.3,96.5,107.5,71.7,103.9,60.7,47.4,43.5,88.9,158.9,34.8,33.0,92.3,248.1,40.5,27.4,37.6,SARDH,55.288000000000004,67.34727272727274,1.2181173623077834
219800_s_at,4.2,10.7,21.4,3.8,2.6,27.9,2.1,6.0,4.7,5.1,18.6,5.7,18.4,3.4,2.2,1.0,5.6,1.9,1.1,0.8,19.6,2.8,25.5,9.2,18.0,20.6,24.7,3.5,12.2,14.4,14.8,35.6,1.1,10.6,20.3,17.4,3.2,3.0,21.0,18.8,11.3,9.8,1.7,12.0,15.8,0.9,8.7,9.1,11.0,14.4,18.8,9.9,1.5,12.1,18.3,1.7,6.8,12.1,20.0,4.1,2.2,6.3,4.8,7.0,15.4,1.5,7.6,19.1,17.6,34.8,6.5,12.1,7.3,2.0,3.5,1.4,3.3,13.5,2.9,15.3,28.4,16.7,3.5,20.1,3.0,26.6,2.0,27.6,6.5,14.3,13.3,20.4,30.9,9.6,32.2,27.2,3.4,3.3,18.8,1.3,11.7,34.4,15.2,20.4,40.8,THNSL1,10.764,13.109090909090908,1.2178642613425221
203092_at,11.8,3.9,19.7,25.5,3.7,45.4,6.6,9.2,5.3,4.7,25.6,13.5,11.9,10.2,5.0,13.7,16.5,10.4,15.5,47.3,11.3,11.1,42.3,47.9,27.1,4.9,9.4,14.1,3.4,8.7,5.1,5.9,61.2,31.1,7.3,26.8,66.0,5.9,38.7,9.2,34.5,15.5,11.3,17.5,7.4,24.3,17.6,12.6,12.6,3.7,94.5,9.5,74.6,58.6,34.5,10.8,19.9,15.7,9.8,13.1,7.9,6.6,13.4,4.7,4.0,5.2,46.3,5.4,16.9,8.9,74.4,25.9,3.9,19.4,11.8,11.0,12.3,28.2,7.6,21.7,8.0,6.4,22.4,12.6,3.6,28.5,50.8,19.9,8.1,16.0,49.2,8.1,27.6,27.0,8.5,8.0,7.5,8.7,17.3,14.0,12.7,12.0,37.2,9.2,103.6,TIMM44,17.996,21.88,1.2158257390531229
219002_at,59.9,49.4,55.8,21.6,62.7,119.4,59.2,19.5,41.7,51.9,39.5,44.5,33.9,47.4,68.2,50.6,13.2,23.9,13.6,85.6,22.8,39.3,59.4,44.0,7.8,52.6,74.5,62.5,52.3,59.4,57.8,84.5,64.0,62.5,63.3,46.4,15.8,54.1,75.7,68.3,65.9,99.1,58.2,48.8,57.5,38.8,42.2,72.7,9.3,47.4,38.5,78.4,103.3,88.2,80.4,84.0,93.4,87.0,59.4,50.4,67.7,20.2,33.4,95.6,15.9,114.5,90.2,79.0,76.1,4.3,8.2,92.7,50.6,110.7,18.2,59.8,67.4,68.5,51.9,54.1,55.5,67.2,84.5,54.4,42.1,30.2,28.7,71.5,78.5,11.0,54.4,79.2,57.5,75.0,11.8,89.1,103.4,55.6,89.1,7.4,86.7,13.8,96.0,66.4,81.9,FASTKD1,51.367999999999995,62.41636363636363,1.2150826124506235
221533_at,52.8,17.1,45.2,59.8,72.9,26.2,11.5,16.4,12.8,42.2,64.1,68.6,47.3,52.1,34.3,39.4,41.4,69.8,13.5,52.9,15.7,16.5,69.6,43.2,60.7,49.3,45.0,94.5,29.8,36.3,7.1,60.8,22.8,45.4,21.5,25.4,59.4,10.6,25.5,43.2,64.3,5.5,46.2,12.8,15.3,56.7,20.4,24.6,85.0,28.0,26.4,55.7,26.0,44.9,16.9,31.4,57.4,47.4,7.8,45.1,28.8,9.8,34.7,54.9,20.6,64.8,36.7,52.4,70.5,67.8,82.7,38.3,14.8,60.5,9.5,9.6,43.9,43.0,84.5,44.1,70.7,71.9,47.2,70.7,56.3,21.0,38.4,40.9,59.3,79.1,81.1,10.1,55.4,6.5,15.9,52.3,12.5,125.3,31.2,19.8,114.7,98.9,52.3,81.5,104.2,FAM162A,39.628,48.14727272727273,1.2149811428099508
217935_s_at,27.8,17.3,21.0,36.8,28.6,15.3,28.7,44.6,25.8,22.6,28.3,20.2,22.8,20.3,20.6,27.3,28.3,31.8,26.6,15.5,19.3,34.2,12.0,36.2,27.1,12.0,15.5,32.1,16.1,12.7,15.8,7.3,26.1,35.2,15.6,24.3,29.5,28.9,12.8,13.1,17.7,11.0,42.5,18.1,12.7,17.5,48.2,29.5,31.6,10.8,37.1,32.9,42.1,22.4,89.0,63.6,69.0,13.9,41.3,19.4,12.9,11.1,23.6,33.0,26.4,15.7,83.7,23.0,33.9,17.8,31.8,55.2,12.1,18.8,26.8,20.2,27.5,19.0,17.9,11.6,14.3,52.2,26.2,22.4,15.2,30.7,31.9,22.1,19.4,15.6,24.6,28.2,15.2,27.5,59.8,23.7,24.6,29.6,15.4,23.2,38.6,23.8,7.4,12.4,12.9,UQCC1,23.512000000000004,28.538181818181826,1.2137709177518639
210862_s_at,8.3,13.9,19.5,15.9,6.8,9.4,4.2,15.9,7.2,13.7,8.8,16.3,3.0,18.1,9.2,10.9,20.9,8.4,15.2,8.5,10.3,12.8,7.4,6.5,4.3,5.8,15.8,5.9,9.4,6.7,6.9,13.5,8.1,16.8,3.5,5.5,28.2,23.5,9.6,4.8,6.4,5.7,21.0,9.0,5.6,38.8,2.7,8.5,10.7,8.9,8.6,11.6,6.3,2.6,6.8,4.7,10.5,10.6,2.5,10.9,3.2,8.4,5.3,14.7,15.7,10.7,6.7,12.5,4.9,19.9,23.4,8.2,3.4,19.5,43.1,23.3,4.2,8.9,9.3,5.7,12.3,35.1,38.4,14.1,9.2,3.6,12.9,6.3,5.4,16.7,11.2,5.9,12.9,26.0,13.3,5.5,19.2,5.0,12.6,23.0,5.7,12.1,10.3,44.3,55.8,SARDH,11.134,13.507272727272724,1.213155445237356
221692_s_at,38.6,38.6,33.5,45.1,14.8,93.1,59.0,40.5,36.1,14.1,54.7,66.3,14.3,60.6,81.1,16.4,36.4,35.0,31.7,100.7,15.0,22.3,10.4,45.5,31.1,15.4,57.3,96.5,27.9,57.9,49.4,19.6,51.5,67.8,67.4,15.8,42.5,74.4,72.8,74.4,36.6,83.9,68.1,76.3,89.8,82.7,101.0,64.6,29.5,68.6,18.9,49.4,90.5,57.0,95.9,65.7,71.4,30.1,23.8,13.4,58.5,54.8,74.2,30.9,41.2,66.8,63.2,84.5,143.1,66.8,34.5,42.5,50.4,164.4,54.7,47.3,57.0,77.8,73.5,76.0,73.1,57.2,69.8,38.5,14.4,57.8,76.8,102.2,40.6,8.2,77.1,13.0,94.8,75.6,105.5,4.4,15.4,69.2,15.5,107.1,94.8,39.7,90.4,29.3,118.7,MRPL34,50.53200000000001,61.223636363636366,1.2115815001115402
210326_at,56.3,46.9,45.7,26.0,58.0,31.9,33.8,38.5,43.0,33.4,73.8,68.7,17.9,97.0,32.6,49.3,72.5,22.8,7.2,44.4,34.5,18.7,88.1,67.6,28.4,5.8,10.8,81.8,40.6,19.2,57.8,33.6,13.3,44.4,37.3,44.9,61.9,19.0,75.9,45.6,37.2,5.7,46.0,41.2,59.3,21.8,66.6,52.7,17.2,20.5,80.5,19.9,28.1,36.2,6.1,3.4,15.5,72.8,36.6,103.0,37.7,38.3,47.3,45.9,39.8,27.5,8.1,72.9,18.9,107.4,65.2,9.2,4.5,27.9,58.6,57.7,66.9,66.2,34.8,45.6,38.8,62.8,71.6,47.4,73.0,95.0,72.4,95.4,30.5,138.7,80.3,44.9,27.3,51.8,90.2,71.3,90.3,7.6,87.0,67.1,7.7,59.7,57.3,35.7,6.4,AGXT,41.941999999999986,50.77636363636364,1.2106328652988332
201127_s_at,79.0,87.8,46.0,92.2,64.5,45.4,77.4,103.8,65.8,92.2,50.2,33.6,69.6,52.6,125.9,53.9,84.7,66.5,34.2,28.3,66.9,110.3,61.6,53.0,86.7,43.2,27.4,37.8,39.5,37.7,70.7,48.6,70.6,27.2,53.5,36.5,31.9,79.1,21.1,69.8,56.1,51.5,95.4,30.5,83.0,48.2,70.3,84.2,23.3,30.1,75.2,70.3,47.7,40.4,21.1,48.6,31.5,78.4,72.9,140.0,80.0,50.0,78.2,14.7,85.6,33.7,57.4,28.3,116.3,100.8,29.1,105.0,25.0,38.3,63.5,74.7,54.3,71.5,76.9,38.3,98.2,43.4,70.8,91.9,48.0,71.7,33.3,80.8,82.7,26.6,99.1,31.3,29.7,58.3,143.0,80.6,28.6,66.8,119.0,42.5,137.7,19.3,149.6,32.0,461.3,ACLY,59.986000000000004,72.61636363636364,1.210555190150429
205960_at,4.5,44.1,22.6,41.2,5.8,41.8,12.9,12.4,2.1,7.1,7.6,45.6,7.3,58.3,14.4,16.6,6.4,51.3,9.3,23.6,35.9,26.7,23.8,25.8,16.6,76.4,61.3,40.8,39.2,39.5,49.3,32.5,60.2,45.6,46.9,21.8,44.0,30.2,47.1,11.3,47.3,32.6,35.0,10.7,32.4,38.8,48.4,4.9,49.6,24.3,16.5,6.4,5.0,22.5,15.2,33.2,39.5,26.6,45.7,93.6,11.1,53.8,36.6,39.3,8.4,18.4,8.3,55.6,44.5,6.3,92.1,49.9,15.4,71.5,8.9,31.7,4.6,6.8,31.6,4.9,36.1,45.7,40.1,76.2,66.7,57.8,8.5,74.6,25.3,77.6,46.8,66.7,66.8,12.9,56.4,72.5,65.2,4.4,63.3,6.1,93.0,27.4,3.7,40.4,3.7,PDK4,30.675999999999995,37.123636363636365,1.2101850424969478
206903_at,12.2,55.7,26.3,31.4,26.9,73.6,42.0,31.8,31.2,15.3,13.7,22.6,21.1,44.2,16.4,31.5,7.1,14.7,33.5,41.0,34.4,20.3,53.9,13.5,50.8,12.7,54.6,100.2,14.8,67.8,20.2,29.8,8.9,52.2,74.3,26.7,31.9,33.2,20.8,40.6,18.5,17.3,8.6,69.7,42.0,18.2,20.0,52.6,61.3,60.1,44.2,17.6,6.0,20.8,41.5,16.1,64.3,92.4,65.3,58.3,17.9,21.0,31.9,23.4,22.3,9.6,16.0,56.5,14.1,47.3,63.1,18.0,22.4,14.6,108.4,48.0,39.5,48.6,19.8,28.6,31.9,83.4,51.0,15.9,10.7,45.4,23.8,19.0,52.6,40.8,21.9,130.2,46.5,20.1,17.4,48.1,15.4,104.9,7.6,58.4,17.4,135.8,34.1,125.8,36.3,EXOG,34.44199999999999,41.6709090909091,1.209886449419578
203984_s_at,63.4,149.3,102.9,63.3,116.5,31.7,56.5,179.3,92.8,104.1,99.5,104.0,90.2,146.8,70.5,83.7,139.0,160.5,186.9,98.1,85.1,70.7,96.0,96.2,88.6,86.1,76.3,114.8,101.0,56.6,97.6,61.1,103.3,57.4,73.4,153.6,55.0,73.7,39.2,43.1,85.1,118.6,55.9,69.6,63.9,83.7,69.3,84.1,86.8,50.0,104.7,111.5,62.4,48.6,77.5,71.1,58.9,121.4,67.5,118.0,72.7,185.4,23.2,80.5,127.9,93.5,78.0,54.7,164.2,37.4,133.8,128.1,88.1,124.0,146.1,85.1,88.5,75.9,179.3,124.5,156.6,115.9,68.2,169.4,98.9,82.9,86.0,130.4,98.6,161.0,162.0,88.1,111.4,132.8,69.8,121.3,176.5,169.0,122.3,90.7,203.5,177.5,42.0,89.4,172.7,CASP9,90.696,109.62545454545456,1.2087132237965794
200798_x_at,1103.6,1103.1,580.2,488.9,765.0,462.8,866.4,400.3,1345.3,888.7,1237.6,1084.4,711.8,540.0,652.4,770.9,309.4,207.5,318.8,732.4,868.7,845.3,1152.7,627.1,1007.4,1142.7,859.5,477.0,545.4,550.9,569.2,1036.2,966.6,1751.4,1326.8,1007.2,902.2,1150.8,661.6,1165.2,804.0,1214.3,1594.9,629.1,1044.0,658.6,1042.7,1095.0,1581.2,1230.9,973.0,987.9,1095.2,1357.1,930.1,889.7,1267.8,898.5,1203.6,656.7,1153.9,1117.4,641.1,1351.0,1208.7,991.7,883.2,826.7,943.0,725.2,938.6,813.2,887.8,597.3,1399.8,1029.1,1105.0,1126.2,1186.9,1556.7,758.4,1417.1,866.0,1087.7,1163.3,823.8,457.4,1499.2,1080.3,1566.0,1634.4,1338.0,1474.5,1280.1,1612.2,1443.4,1246.5,822.0,955.4,910.6,883.2,942.0,993.2,395.7,1211.3,MCL1,881.562,1065.5236363636363,1.2086769125298462
203178_at,12.5,18.6,25.4,8.6,14.6,30.4,18.5,16.7,12.7,19.8,28.8,27.2,32.3,14.2,15.3,2.9,4.1,17.2,1.7,6.0,43.7,12.9,34.2,28.2,18.9,19.2,2.6,49.4,23.4,28.3,5.7,15.8,12.9,12.9,21.0,22.5,3.3,24.5,26.7,27.5,18.5,18.7,19.1,20.2,13.4,34.2,15.4,15.7,30.0,11.5,20.1,1.1,19.7,26.3,33.5,30.1,5.2,36.5,17.6,1.7,19.0,14.5,21.1,15.1,1.6,4.1,2.6,0.8,36.6,11.2,62.1,1.9,8.1,10.5,1.9,7.6,41.2,19.0,15.4,39.9,29.5,12.1,30.7,2.0,24.8,2.3,37.6,48.7,43.4,3.5,29.5,77.4,54.6,18.5,4.8,13.4,29.6,25.6,34.8,33.8,39.8,35.3,55.4,58.8,1.0,GATM,19.156,23.143636363636364,1.2081664420357259
219277_s_at,8.2,9.1,43.8,4.0,8.9,11.3,6.9,14.7,13.6,9.6,8.4,4.5,23.9,5.7,12.1,10.0,4.6,7.6,6.0,6.1,11.6,12.2,10.7,7.0,8.6,8.5,11.3,5.1,6.1,13.2,4.6,8.4,7.7,7.9,12.9,5.8,9.1,5.6,6.6,6.6,4.5,5.4,5.2,41.3,6.7,9.0,6.4,8.0,8.6,12.6,13.9,27.3,3.8,4.2,7.4,4.6,8.9,9.2,7.0,19.1,7.0,10.9,9.8,16.0,11.2,4.2,4.1,4.8,13.9,10.0,10.0,6.5,5.8,9.0,9.2,5.9,28.4,7.7,14.4,32.4,9.1,12.8,6.4,13.7,8.8,23.7,11.9,11.8,8.7,13.2,8.4,12.5,7.8,4.8,12.4,15.8,73.3,15.9,7.5,5.8,5.8,19.2,4.2,13.6,5.6,OGDHL,9.924000000000001,11.987272727272726,1.2079073687296176
210625_s_at,13.5,13.5,38.1,11.6,27.3,5.8,52.2,53.3,45.7,71.2,10.2,10.6,7.4,11.6,48.1,27.9,12.1,43.3,32.0,8.7,24.3,16.4,4.6,26.4,41.0,20.0,9.8,12.3,36.7,28.0,11.6,33.9,11.3,10.8,26.9,40.6,15.8,5.6,37.5,16.8,32.7,5.8,38.4,44.3,11.4,10.9,30.6,26.2,38.5,11.1,27.4,8.6,23.3,45.5,36.2,49.7,15.2,27.4,41.3,70.0,15.8,28.2,46.9,16.8,10.5,21.6,20.9,15.6,14.8,48.9,42.8,21.5,13.9,16.3,23.7,14.3,44.7,51.5,43.1,28.6,12.3,64.4,29.5,13.2,10.4,25.4,68.9,52.0,44.8,13.8,6.3,6.1,21.1,45.9,12.8,4.0,56.5,52.6,53.3,13.0,6.8,29.2,44.0,34.0,19.1,AKAP1,24.486,29.534545454545444,1.206180897433041
206353_at,26.2,36.6,44.3,63.7,49.6,65.0,31.3,43.0,23.8,65.9,36.0,44.8,33.0,10.6,38.1,73.6,85.8,16.9,79.2,24.3,93.2,58.2,71.7,51.8,35.4,59.7,78.9,120.3,43.4,95.0,39.5,48.8,4.7,33.1,19.5,23.7,18.0,16.7,62.5,34.0,40.3,41.6,45.3,67.6,42.5,75.2,33.8,60.7,59.2,96.7,82.6,45.8,78.9,34.5,64.7,59.6,41.5,38.1,72.1,98.2,36.2,61.8,82.9,21.0,65.7,51.7,66.2,26.3,35.5,53.5,103.2,24.7,42.1,55.4,68.0,49.8,22.4,43.2,95.6,56.2,67.8,56.9,83.6,20.7,75.5,63.1,38.2,63.2,112.5,72.6,95.6,130.1,67.3,32.8,29.5,32.7,11.5,67.5,77.8,88.3,109.0,77.6,37.1,69.8,6.8,COX6A2,49.25399999999999,59.361818181818194,1.2052182194708694
201384_s_at,171.9,226.0,165.5,102.9,142.7,204.2,146.0,89.9,180.8,210.9,180.2,182.5,205.9,115.1,116.3,122.3,116.0,114.0,166.4,237.5,196.3,127.7,229.7,145.6,196.6,135.3,127.1,134.2,161.8,152.2,151.1,200.2,147.9,150.5,202.6,174.7,182.0,147.2,193.4,208.3,202.0,249.8,209.1,115.8,197.9,162.2,223.3,299.5,198.5,92.1,113.0,166.7,180.9,201.3,163.1,254.7,197.5,196.0,232.1,147.1,258.2,224.7,224.8,163.6,189.7,192.6,244.3,194.4,195.7,217.8,116.9,175.9,222.4,177.4,192.1,162.3,201.9,223.7,199.2,196.3,228.7,163.7,189.7,262.8,157.5,221.9,154.4,228.9,205.7,219.0,270.7,195.9,209.6,226.2,279.4,364.3,259.6,224.3,142.4,227.8,196.6,200.8,253.7,130.3,235.0,NBR1,170.232,205.00363636363628,1.2042602822244717
214056_at,378.7,321.6,343.8,159.6,288.2,211.6,500.0,133.9,509.6,593.0,468.1,813.6,460.1,133.6,384.7,234.1,112.9,91.1,152.6,323.2,156.2,249.1,340.5,264.9,290.1,405.2,267.2,181.9,232.8,237.4,239.9,357.3,211.4,405.9,286.9,459.7,332.0,280.1,299.8,503.2,194.2,628.0,424.3,191.7,384.7,210.2,279.6,327.7,388.0,264.4,278.3,240.1,239.2,321.6,244.8,233.3,323.0,158.7,410.4,215.2,786.7,373.7,303.3,451.0,685.8,405.3,344.4,586.7,466.9,379.5,455.9,440.7,376.7,237.9,522.7,405.0,425.1,400.3,247.4,365.6,331.0,440.2,288.7,338.5,345.5,262.9,196.9,462.9,395.3,571.7,642.4,356.8,321.8,280.7,694.8,633.0,495.9,292.8,554.0,354.2,556.5,222.1,345.6,87.0,268.0,MCL1,318.16600000000005,382.9890909090908,1.2037398430664834
221894_at,14.2,6.6,8.1,9.2,8.5,9.0,8.6,13.7,13.5,6.8,17.3,11.7,9.6,7.9,6.4,10.8,9.3,7.8,12.6,10.2,11.5,6.9,25.6,8.9,10.1,6.3,26.4,8.7,15.4,8.2,5.8,6.8,7.1,4.3,5.9,7.1,8.4,6.3,14.5,5.2,13.6,4.6,14.5,36.3,7.4,11.0,9.0,10.0,5.6,8.0,5.6,10.1,4.2,7.2,5.9,8.8,23.8,13.5,27.9,12.1,29.0,6.7,16.2,12.8,4.8,5.9,3.3,42.7,17.4,8.0,7.6,4.0,5.5,12.9,8.1,6.0,4.4,8.8,14.6,9.4,18.8,27.8,12.3,21.7,7.6,10.1,6.2,5.0,11.6,21.3,7.4,13.8,6.4,7.4,7.9,28.0,11.6,12.9,12.1,10.4,40.1,11.3,9.8,13.2,7.0,ADCK2,10.424000000000001,12.525454545454545,1.2015977115746876
214826_at,28.1,3.9,27.4,17.3,35.1,8.0,29.2,48.2,33.2,46.1,23.5,30.1,31.8,9.7,17.0,47.6,45.9,10.7,7.0,25.3,49.0,46.2,10.5,32.4,21.0,12.0,27.3,37.0,17.1,53.4,10.5,18.6,29.6,14.9,30.3,4.8,12.9,10.3,10.9,19.5,6.2,4.9,8.4,17.4,28.7,52.4,4.8,22.8,29.2,4.5,76.3,22.5,19.4,5.6,66.7,38.6,12.3,5.8,16.7,1.7,16.4,39.1,48.0,15.1,55.1,32.4,37.5,13.6,56.5,9.5,63.9,35.0,54.4,9.5,7.4,26.0,17.1,41.9,10.7,45.9,22.4,21.4,10.4,53.4,42.5,48.7,3.9,32.7,7.7,38.6,1.7,36.2,11.3,40.3,13.1,2.2,11.2,6.6,26.3,14.8,64.1,57.0,5.9,43.3,32.9,PDE12,23.451999999999998,28.167272727272724,1.201060580218008
204615_x_at,102.7,112.0,83.2,78.5,91.0,128.1,72.2,121.1,138.0,118.6,221.7,108.7,123.9,65.9,71.9,75.8,77.5,54.4,93.4,109.7,130.5,152.8,208.9,75.2,75.5,82.4,80.2,90.2,83.8,90.6,33.4,140.7,85.0,125.3,99.9,91.9,91.9,150.5,112.9,131.5,116.3,137.4,106.3,99.1,128.0,122.5,100.1,188.5,164.9,140.6,149.8,122.4,180.0,212.9,166.3,125.3,165.0,124.9,105.0,94.1,227.5,127.2,106.5,123.4,94.7,122.2,101.6,134.5,167.5,42.5,127.8,97.4,119.5,154.2,103.4,106.6,94.1,151.6,164.9,139.2,110.5,98.3,157.9,148.0,106.8,109.1,87.4,135.4,186.5,146.5,110.2,104.1,145.3,120.2,150.4,176.6,135.2,82.1,90.8,82.8,108.2,161.1,130.4,65.6,341.9,IDI1,109.70200000000004,131.69636363636363,1.2004919111444055
219363_s_at,42.8,43.3,33.4,21.2,42.9,49.8,34.0,25.6,53.6,31.5,34.0,45.1,46.4,35.6,48.8,39.6,18.3,13.8,48.4,42.6,5.1,50.2,12.7,48.3,51.5,28.9,3.7,36.1,20.1,63.5,36.6,45.1,28.8,36.0,13.6,28.6,6.4,11.1,22.4,35.2,21.1,64.2,42.8,20.5,40.2,101.2,36.1,38.8,20.5,31.6,21.7,60.0,69.9,41.6,44.2,30.5,35.9,5.8,47.4,35.1,47.4,30.2,45.7,47.8,61.1,44.5,39.3,60.4,45.8,36.1,50.9,18.5,37.7,26.9,32.7,61.0,54.2,39.2,7.9,30.2,57.9,61.2,55.7,50.0,33.0,65.5,51.4,21.6,65.1,13.0,42.1,34.3,46.2,39.7,25.2,61.6,26.3,47.1,59.4,80.7,17.2,39.3,26.7,37.5,45.6,MTERF3,35.032,42.05272727272727,1.200408976727771
217646_at,10.5,15.2,9.1,14.5,18.1,12.2,8.1,21.7,14.0,17.9,11.2,12.8,22.6,16.0,19.1,12.7,25.0,35.5,24.6,11.6,11.5,18.3,9.6,14.1,9.1,17.4,13.5,13.0,10.4,16.4,18.5,10.4,13.0,7.8,7.3,13.2,11.7,21.8,12.9,8.8,11.0,11.4,9.4,15.2,8.5,12.1,9.7,9.2,13.1,8.7,18.4,23.4,11.1,16.8,21.6,10.0,10.5,11.8,15.4,16.3,18.7,9.6,12.0,9.2,17.4,33.1,29.1,27.0,8.9,11.6,23.7,8.7,10.3,13.8,11.8,15.9,10.4,9.1,11.5,12.1,19.3,15.8,10.1,11.5,15.0,8.2,10.3,19.4,14.6,19.8,14.6,17.0,13.7,12.3,12.9,11.9,12.6,34.6,13.8,14.1,12.0,10.8,13.2,36.4,89.1,SURF1,13.988000000000001,16.76727272727273,1.198689786050381
209646_x_at,30.9,27.1,50.2,25.8,21.0,16.5,62.1,39.8,39.6,66.5,35.8,176.9,40.7,13.7,37.5,70.0,41.0,43.5,47.1,51.0,5.1,111.0,53.3,27.6,29.8,57.4,11.2,62.0,26.6,50.5,33.2,34.4,53.5,35.0,31.9,49.1,37.1,5.8,68.5,67.4,21.7,51.9,48.0,35.8,37.3,59.5,21.6,34.8,33.4,50.6,51.6,45.9,29.2,14.2,27.2,1.9,29.0,15.3,84.2,16.7,36.2,40.1,49.5,33.2,58.7,61.2,43.6,61.3,47.0,60.5,71.3,21.7,30.1,98.0,22.4,38.4,25.7,71.2,33.3,21.1,31.3,81.6,37.4,35.6,48.8,65.9,17.6,67.9,42.8,69.9,61.4,69.8,50.6,27.1,86.6,32.1,178.7,67.9,105.9,45.5,69.9,66.6,70.6,34.9,169.5,ALDH1B1,43.63400000000001,52.28363636363636,1.1982315708767555
220089_at,29.1,5.0,27.8,29.1,5.6,37.1,25.5,36.7,2.3,5.2,4.1,6.4,16.6,7.0,30.1,23.4,28.4,26.8,28.6,18.9,43.6,8.7,15.1,52.9,37.1,36.8,9.5,21.4,6.1,27.4,24.7,37.3,27.5,25.6,16.6,6.9,56.7,17.1,30.2,46.4,20.4,31.5,13.2,4.3,7.2,43.8,11.6,36.3,35.2,34.6,103.0,44.6,28.3,28.8,26.5,32.1,24.3,46.5,10.2,14.3,19.7,48.3,50.4,13.3,62.7,17.8,42.2,22.4,1.7,62.3,49.9,8.4,34.6,27.6,4.6,28.0,7.7,11.4,7.3,43.8,30.4,35.1,18.7,16.5,1.4,4.1,48.5,5.5,5.1,36.4,43.4,49.9,47.0,4.0,19.7,8.7,6.8,17.9,12.3,3.4,49.5,55.2,43.3,61.2,7.4,L2HGDH,23.587999999999997,28.25636363636364,1.1979126520418706
208818_s_at,71.7,131.4,149.8,141.1,108.2,73.9,95.8,92.1,97.8,53.4,126.0,78.6,108.5,155.1,105.8,161.7,104.1,110.5,74.1,132.2,38.3,57.3,124.0,152.7,74.9,111.2,75.8,80.9,146.0,122.6,179.9,173.7,134.8,85.2,196.9,131.8,83.7,136.5,107.1,135.6,191.5,122.0,101.5,140.9,100.9,165.6,123.4,117.2,163.2,208.5,218.7,128.5,172.1,115.2,142.4,195.9,209.0,196.5,78.8,99.1,85.2,122.0,101.6,187.6,94.8,129.0,141.4,125.5,191.1,166.9,129.5,128.0,172.0,166.0,131.0,199.9,120.1,163.7,132.6,123.3,126.9,114.8,168.4,136.3,142.1,205.6,93.5,174.4,124.1,122.6,118.0,71.2,139.7,139.6,85.7,157.2,144.5,174.2,95.6,223.1,129.0,93.3,196.4,167.0,134.5,COMT,119.10799999999999,142.63818181818183,1.197553328224652
201821_s_at,69.6,40.6,55.9,53.5,49.3,51.7,52.4,8.1,36.9,21.8,77.9,48.6,45.5,42.6,68.5,49.6,33.3,7.9,25.5,98.8,46.6,52.9,40.3,46.9,66.0,46.6,45.0,15.4,81.9,58.0,49.4,45.2,48.7,80.0,53.8,71.5,59.5,44.7,71.5,78.9,57.2,90.9,67.1,43.3,80.0,43.5,37.1,101.7,51.9,75.0,38.3,94.6,80.8,82.1,65.7,52.3,24.2,23.7,88.1,8.0,60.9,45.8,92.7,57.7,61.2,82.7,67.3,70.7,38.9,60.0,92.9,45.6,51.8,104.6,70.0,46.9,51.1,57.2,38.1,49.7,60.0,83.1,87.4,105.6,83.2,60.9,33.3,63.0,58.4,14.0,49.4,69.6,52.7,155.0,61.7,61.0,15.3,75.9,74.7,49.8,51.6,106.3,96.8,47.1,120.3,TIMM17A,53.77000000000001,64.35818181818183,1.1969161580469
219822_at,4.0,5.4,19.5,2.2,7.8,2.8,19.2,5.0,25.3,3.3,6.0,6.4,16.6,5.1,4.8,2.2,3.2,6.5,6.9,19.3,3.2,2.3,6.3,19.0,33.5,4.4,3.5,4.3,15.0,10.3,9.2,36.2,4.0,25.1,27.3,6.6,2.6,3.8,24.7,9.3,3.7,9.1,16.8,3.6,6.4,9.9,39.8,27.0,8.3,4.6,3.9,28.9,31.3,8.7,7.5,7.3,6.3,5.2,11.0,2.7,18.6,14.5,38.8,16.3,3.6,7.7,54.7,8.0,4.4,9.2,6.7,9.2,5.0,22.4,4.9,43.8,28.4,4.1,20.2,37.7,3.6,8.5,38.0,6.4,9.5,9.9,3.8,3.2,8.7,8.0,25.0,4.6,4.6,36.1,6.4,5.9,12.0,4.1,6.1,13.2,5.1,3.8,3.4,12.9,10.7,MTRF1,11.026000000000002,13.172727272727272,1.1946968322807248
217276_x_at,14.5,3.7,23.8,27.8,18.9,4.6,19.7,4.1,39.8,25.6,31.0,32.6,4.4,19.3,8.6,25.0,4.3,23.5,34.0,36.8,2.7,32.7,26.2,19.8,41.3,30.2,28.3,7.4,6.4,22.0,5.7,2.6,2.1,24.6,20.0,22.4,8.3,10.2,5.6,75.3,20.3,3.3,28.4,44.7,15.8,30.0,19.3,18.3,1.9,54.4,4.7,26.1,2.3,40.1,7.0,6.6,2.4,25.0,20.6,8.4,19.0,4.0,3.9,18.1,17.3,16.0,8.8,15.0,6.8,28.1,26.5,19.7,8.5,16.4,4.5,31.6,6.2,6.8,25.5,51.2,22.7,2.6,64.7,125.3,27.4,29.0,30.9,2.1,25.1,6.7,23.5,109.7,6.3,17.9,40.8,23.7,7.4,3.8,24.2,12.2,98.5,27.7,39.1,68.4,38.0,SERHL2,20.643999999999995,24.632727272727276,1.1932148456077931
205301_s_at,10.8,19.2,26.5,20.1,20.6,27.6,29.4,63.2,23.8,22.7,10.6,23.3,20.4,11.4,26.9,21.9,36.2,38.4,15.6,14.2,33.2,31.3,25.9,22.7,31.7,31.4,16.9,33.0,38.5,26.0,33.9,18.1,49.9,40.8,38.1,38.9,24.8,43.4,26.3,17.4,37.0,51.9,34.7,21.6,39.8,15.3,64.4,46.7,24.0,43.4,64.2,63.3,44.2,26.0,45.2,24.9,27.4,33.8,28.1,46.1,22.2,29.3,53.3,43.2,57.2,11.9,25.7,46.5,44.3,41.0,9.3,19.8,29.7,15.3,12.6,63.3,11.1,34.0,29.2,36.0,5.6,14.0,28.2,52.2,7.3,21.0,6.3,82.4,29.4,71.2,35.6,7.6,8.3,58.8,49.2,36.2,29.7,61.5,33.0,19.9,68.7,57.3,25.9,45.6,52.8,OGG1,29.676,35.378181818181815,1.1921479248612286
213312_at,44.6,50.2,22.6,40.8,24.1,17.1,26.8,71.4,44.9,27.4,12.9,53.8,24.7,52.1,64.9,49.9,16.4,29.1,58.7,22.6,37.4,36.3,66.2,5.7,57.5,9.6,55.5,38.8,64.2,34.1,87.1,48.0,54.7,53.6,47.5,20.4,79.2,9.0,44.4,10.7,54.6,42.9,7.6,77.1,10.3,57.9,7.9,34.1,36.5,41.4,75.3,70.6,35.6,43.7,66.9,35.1,47.7,53.9,9.2,69.8,8.3,82.6,21.3,24.6,36.2,44.5,7.4,61.1,10.2,16.2,93.7,30.1,77.0,83.2,20.2,72.9,32.1,19.2,21.8,39.6,92.6,11.3,9.7,71.9,56.4,67.2,64.0,91.9,72.4,14.2,64.0,15.0,93.4,27.3,50.6,118.9,101.4,14.9,107.5,18.4,23.1,14.7,22.0,31.9,35.9,SMIM8,39.704,47.283636363636376,1.1909035956990826
205531_s_at,18.6,29.9,14.3,41.9,37.3,56.5,23.6,25.2,26.6,35.7,38.2,13.2,33.3,63.1,16.9,20.2,52.2,27.1,24.6,44.1,32.4,33.0,46.3,45.6,59.2,45.9,76.7,29.5,12.5,72.2,25.1,48.9,47.2,34.0,25.1,64.1,48.5,43.8,51.4,12.3,12.1,14.3,20.1,78.1,57.3,122.0,10.4,52.2,12.5,52.5,22.9,49.4,14.9,17.3,14.5,39.6,22.1,44.7,6.9,24.3,9.4,65.6,60.0,52.1,12.1,52.9,46.8,51.1,8.4,84.9,50.2,14.7,53.3,13.1,58.3,32.1,46.3,16.6,13.0,50.2,14.6,19.4,65.8,103.8,73.0,71.3,33.3,28.6,73.5,79.6,48.6,106.2,56.9,36.3,48.8,85.5,23.1,89.0,23.4,92.2,99.7,65.5,65.8,14.2,51.4,GLS2,38.553999999999995,45.767272727272704,1.187095313774776
204305_at,14.8,16.0,22.5,12.0,11.3,34.5,18.5,14.5,11.5,46.3,17.7,14.0,6.7,21.2,16.3,14.6,46.2,17.4,26.2,11.6,15.3,17.7,27.9,41.0,9.0,16.8,15.0,16.5,7.7,6.5,14.3,45.5,10.6,48.7,9.2,6.9,13.0,10.6,13.1,15.3,12.8,8.4,28.9,39.9,11.1,17.7,8.4,8.8,12.4,9.3,16.9,7.0,7.1,16.5,8.2,56.8,10.0,28.2,17.2,54.9,49.7,7.6,40.7,13.0,32.9,14.1,10.8,76.0,11.6,8.8,12.0,12.6,11.7,23.7,16.8,6.4,17.0,11.9,12.8,43.2,11.4,13.0,11.4,14.6,8.5,14.8,12.3,12.6,30.5,4.0,90.1,10.2,14.5,20.5,15.5,5.9,12.4,17.2,17.3,11.2,131.4,12.7,13.2,8.3,20.7,MIPEP,18.241999999999997,21.641818181818184,1.1863731050223763
211658_at,5.9,4.8,52.3,16.7,16.8,5.0,7.3,6.9,17.0,4.4,7.2,20.0,3.5,22.4,27.3,4.5,3.9,5.6,12.2,6.6,33.9,23.5,5.2,3.5,4.1,4.9,30.1,84.8,3.0,14.6,52.2,6.5,54.1,3.2,50.0,27.2,7.8,9.5,63.2,8.9,2.6,28.0,15.5,11.7,53.0,59.8,33.4,3.5,12.6,4.0,14.9,9.1,3.6,4.2,7.4,13.0,3.2,4.5,22.0,7.1,12.6,13.5,12.4,29.9,12.0,10.8,51.6,10.3,103.0,39.8,31.1,60.5,8.3,18.8,2.9,50.6,22.3,13.0,31.5,20.4,5.9,12.4,82.9,11.3,32.6,10.4,14.9,6.9,5.5,14.0,10.9,20.8,28.8,14.0,5.2,11.7,40.9,100.8,6.8,10.2,7.8,93.5,40.3,14.8,11.1,PRDX2,19.292,22.88545454545454,1.1862665636250538
212186_at,13.8,20.9,22.0,12.8,22.4,6.1,22.9,5.1,11.5,18.4,19.9,6.2,37.4,28.0,10.3,16.9,19.8,75.0,19.5,18.5,47.1,16.2,9.0,25.5,33.5,24.0,16.3,21.1,10.1,14.5,17.6,35.3,9.0,14.4,11.1,4.5,18.8,25.2,38.0,39.3,22.8,8.3,9.8,21.4,41.0,25.4,13.9,13.7,13.8,9.5,14.7,15.7,14.5,45.1,25.2,20.4,9.0,15.9,16.5,11.1,45.1,21.4,13.3,15.9,11.7,46.8,32.9,79.7,18.9,26.7,113.0,25.6,26.1,71.2,50.4,11.5,7.9,23.0,15.2,10.4,30.8,17.8,17.5,17.9,18.5,14.5,9.0,20.2,19.3,16.3,24.0,15.3,33.9,14.3,5.4,30.2,18.8,24.9,16.7,17.1,21.0,23.8,5.6,22.3,14.4,ACACA,20.349999999999994,24.078181818181818,1.1832030377484926
221384_at,45.7,46.7,59.8,8.4,22.9,32.4,23.0,12.3,32.8,16.3,45.0,24.2,29.3,52.3,31.6,59.3,52.1,45.9,42.7,12.1,16.0,56.6,72.2,26.7,9.5,13.4,11.7,26.9,44.9,40.3,37.3,8.6,31.3,28.2,26.4,95.8,37.6,16.8,49.8,11.0,27.8,31.1,12.7,27.3,18.3,58.4,5.5,8.8,58.7,22.2,30.0,27.8,6.2,35.5,10.5,20.5,47.5,20.8,19.7,24.9,14.9,19.7,45.3,13.1,26.2,33.4,60.4,66.5,30.8,53.3,20.0,9.2,68.3,51.1,10.4,71.0,81.0,46.6,27.7,82.3,19.3,11.1,95.7,95.6,23.8,8.1,10.3,6.5,35.9,110.5,26.8,10.5,19.0,7.3,7.5,48.5,76.8,64.7,41.5,42.6,80.3,28.8,63.9,51.6,53.7,UCP1,32.532,38.45272727272726,1.1819970267037767
203816_at,8.1,9.4,21.8,7.2,7.7,6.3,16.1,4.1,17.4,8.8,53.4,5.5,17.2,3.9,10.5,4.3,31.8,9.5,8.3,59.3,10.3,15.9,56.2,8.4,36.9,12.0,28.5,5.1,32.2,46.1,13.4,25.5,40.4,52.5,39.6,47.6,10.1,4.1,62.8,78.8,8.7,46.8,47.0,10.7,88.4,18.8,27.4,32.6,42.2,13.1,6.4,14.1,66.5,57.6,57.5,16.8,30.4,7.5,43.4,9.5,60.5,35.7,12.4,66.0,49.2,45.0,12.0,64.5,51.9,15.6,5.5,26.6,30.6,16.1,5.0,39.0,29.1,69.4,16.3,46.2,40.5,6.8,40.5,18.7,5.9,9.6,35.7,23.5,7.5,7.8,9.6,48.0,28.1,53.0,12.6,27.6,12.1,30.3,35.0,10.3,6.0,47.6,65.3,10.3,55.5,DGUOK,25.454,30.074545454545444,1.1815253183996794
211138_s_at,62.3,57.0,95.6,64.5,89.1,80.7,50.1,43.0,56.8,60.4,33.1,95.8,40.5,67.3,66.2,72.3,59.5,78.1,68.3,57.9,81.1,52.1,91.7,62.2,30.1,28.7,66.0,46.8,46.7,46.0,105.9,71.8,37.7,17.1,59.4,45.5,69.5,43.4,69.9,68.3,54.7,84.5,53.8,124.6,78.9,41.6,25.6,44.2,43.6,80.9,44.6,50.8,60.4,50.0,83.5,96.9,73.4,56.1,67.6,59.6,48.3,67.8,77.8,34.7,45.6,58.2,80.6,98.2,48.0,64.7,57.6,67.6,68.3,74.2,46.5,96.0,63.9,56.6,83.5,86.9,84.2,59.6,109.9,74.7,74.0,92.5,47.1,69.9,20.9,110.0,61.3,108.8,71.3,83.2,92.0,102.4,114.7,121.2,98.9,94.9,29.1,81.4,95.2,51.0,73.4,KMO,61.416,72.53636363636363,1.181066230890381
218568_at,46.1,32.4,41.9,23.5,40.3,48.4,47.3,7.5,35.8,38.8,30.0,43.5,47.9,8.6,32.6,39.9,7.5,7.4,7.3,29.0,25.7,34.9,24.5,37.7,40.0,21.2,52.1,14.9,58.8,7.0,32.3,59.7,35.0,37.7,36.5,32.3,3.9,27.4,38.1,23.1,32.3,35.5,55.2,45.1,32.8,52.0,35.2,39.9,52.0,32.6,41.2,65.7,40.1,33.5,45.3,21.1,50.5,36.4,39.2,42.8,36.4,40.4,42.0,44.0,66.0,46.4,16.7,56.9,41.7,42.6,25.6,1.8,58.0,77.3,47.2,34.9,44.3,59.0,51.2,65.7,8.5,5.3,50.4,68.0,68.2,42.3,7.4,20.9,32.8,23.3,44.0,21.8,10.4,25.3,44.0,50.4,33.8,21.0,50.3,47.1,31.9,3.1,18.4,22.5,105.8,AGK,33.422,39.469090909090916,1.1809314496167471
201304_at,38.0,21.1,33.2,21.3,39.6,25.9,32.1,38.0,30.7,14.5,55.0,67.3,32.0,35.1,33.9,35.2,20.2,21.3,36.4,18.5,55.2,38.2,80.0,19.4,36.9,28.7,71.7,27.2,5.0,22.4,26.3,27.2,36.1,57.4,28.7,38.1,19.3,33.1,32.7,32.2,21.3,61.8,34.5,15.9,40.4,41.0,28.4,68.7,24.2,28.4,31.2,58.5,77.1,56.9,64.5,39.7,34.0,21.6,31.0,24.7,56.0,43.6,16.8,35.9,31.9,23.0,78.7,52.2,15.7,44.6,7.1,49.9,31.8,63.4,18.6,36.5,37.1,45.3,39.9,28.2,19.3,55.4,102.1,33.1,51.9,20.9,14.4,34.2,31.2,48.8,35.5,53.4,49.4,64.2,31.7,64.6,2.2,24.3,57.2,36.3,65.1,55.7,27.3,14.6,54.4,NDUFA5,34.59400000000001,40.77454545454546,1.1786594627549705
221256_s_at,21.0,13.2,8.6,18.6,10.6,7.5,9.8,12.5,14.6,10.9,10.4,7.0,8.3,22.7,34.9,14.9,17.3,23.1,28.9,15.8,22.9,17.8,10.6,10.2,22.9,37.3,12.1,28.3,33.5,13.7,10.6,39.7,24.2,15.3,15.9,15.9,9.9,34.1,10.5,23.2,7.0,6.2,23.1,9.3,12.9,15.4,9.5,28.9,25.9,5.9,20.6,12.9,23.9,12.2,8.7,47.6,7.8,19.0,13.6,11.2,5.1,27.2,19.9,13.2,17.0,17.2,9.1,59.6,62.0,13.5,15.5,9.1,10.7,16.7,7.6,11.7,13.0,13.0,12.4,4.2,9.9,38.5,17.1,12.8,9.3,17.1,18.5,18.1,12.7,21.9,72.7,21.5,15.3,12.6,24.9,20.3,53.3,15.6,19.3,15.7,23.2,26.2,50.3,24.9,11.8,HDHD3,17.266000000000002,20.34,1.1780377620757556
217006_x_at,4.5,4.4,4.2,5.3,3.8,2.7,7.2,6.3,4.9,7.0,10.8,4.6,10.5,5.2,4.7,11.4,5.4,7.9,11.3,5.1,11.2,13.3,4.2,3.8,6.3,28.5,9.4,6.0,6.4,9.7,8.3,26.1,10.4,2.0,3.3,9.3,16.0,6.7,8.8,14.1,9.2,6.2,5.7,6.7,21.1,33.7,5.7,7.8,8.2,9.9,9.5,36.9,5.4,5.8,2.7,5.1,10.4,7.7,5.1,17.8,3.8,2.8,6.9,2.9,6.1,13.1,11.5,8.8,3.4,5.1,12.3,3.3,7.5,25.0,19.0,9.4,3.3,7.2,6.2,4.5,2.9,4.7,9.6,8.8,7.2,6.3,6.7,6.3,30.6,52.9,7.3,13.2,4.2,5.0,3.7,13.3,12.4,4.5,52.2,7.9,17.8,6.9,8.3,10.6,5.0,FASN,8.904,10.487272727272726,1.1778158947970268
204659_s_at,29.8,23.6,39.5,42.0,70.3,33.2,14.0,65.4,61.5,24.0,60.4,62.2,67.3,14.7,49.2,28.7,47.6,14.5,9.9,5.5,26.8,16.6,80.1,43.0,38.3,10.4,75.7,45.1,42.6,43.9,43.2,22.0,44.7,37.6,42.6,9.6,40.2,50.3,10.5,24.0,54.9,70.7,63.7,52.0,54.7,19.8,49.0,52.5,41.5,54.1,52.4,69.3,62.1,31.7,35.7,67.4,65.5,21.8,29.1,13.0,38.1,41.3,51.0,46.0,7.2,55.9,71.0,69.5,12.6,55.6,12.0,52.5,57.6,30.6,61.0,99.5,41.0,19.2,66.3,45.8,23.3,39.0,22.4,12.8,32.1,44.1,36.5,29.8,45.9,14.6,37.4,46.6,31.0,57.2,18.5,42.5,106.1,77.3,50.8,95.4,15.2,85.5,104.9,77.9,91.5,GFER,40.467999999999996,47.63636363636363,1.1771365927736392
44120_at,74.3,67.0,83.0,77.6,73.5,46.3,74.9,22.6,58.1,17.2,82.4,38.3,97.9,115.9,69.0,42.3,70.7,142.5,23.1,84.6,120.3,91.3,47.5,80.9,73.7,95.1,46.2,78.3,80.5,38.1,50.5,106.6,18.6,71.4,111.9,75.3,49.0,100.1,89.4,82.1,173.5,49.4,85.5,62.5,76.9,14.5,60.9,67.2,103.5,91.6,13.4,79.0,61.6,85.4,113.1,106.8,63.0,98.7,91.1,107.4,61.2,110.5,103.9,43.2,10.6,79.7,94.3,131.2,61.2,29.8,119.0,118.3,87.7,80.8,96.6,73.7,93.3,95.4,20.4,86.7,129.3,118.1,123.0,117.9,55.5,76.4,90.2,58.7,89.9,63.9,63.7,52.4,144.3,82.6,47.6,66.2,74.7,115.6,137.6,64.0,178.3,68.6,132.2,91.6,70.9,ADCK2,73.07,86.00363636363636,1.177003371611282
219298_at,112.8,84.4,104.5,117.8,85.5,99.7,113.9,11.8,61.8,128.0,123.1,141.2,126.9,69.3,90.4,15.8,115.3,7.5,84.4,141.3,77.0,58.3,151.6,91.4,101.4,92.0,107.3,126.4,72.6,87.5,123.0,108.8,157.9,112.0,110.1,51.1,174.0,96.0,89.9,79.8,97.7,122.6,109.8,87.7,52.8,175.4,86.7,125.7,126.1,88.0,82.2,94.6,112.8,91.5,108.6,107.4,106.6,144.4,155.8,202.9,80.4,89.2,92.8,66.5,106.7,110.8,87.1,109.0,66.3,52.6,65.5,100.2,196.1,56.0,217.2,69.9,98.4,62.9,171.5,161.1,103.4,75.7,103.2,128.0,128.2,85.2,101.1,120.1,163.0,104.3,136.9,112.3,155.6,116.5,172.1,157.6,108.0,241.7,115.1,56.4,189.9,145.6,126.5,140.4,87.5,ECHDC3,99.52000000000002,117.11454545454546,1.1767940660625547
204824_at,5.8,12.4,6.3,4.2,5.9,4.9,8.2,14.3,10.9,11.4,3.6,9.5,7.7,25.8,5.5,6.2,62.6,13.5,8.8,4.6,9.8,16.6,3.7,9.2,4.1,7.3,12.2,6.7,3.2,5.8,10.5,9.8,11.9,10.6,8.5,4.8,3.6,5.5,7.1,6.0,9.4,3.3,13.5,4.8,6.5,12.9,12.0,9.3,7.0,10.8,15.2,13.8,8.6,2.6,4.9,9.8,8.6,4.0,6.5,4.8,2.8,9.5,11.7,3.4,3.2,6.2,14.6,4.4,7.3,9.3,22.7,6.4,8.7,3.0,6.1,5.0,7.7,3.0,39.7,3.9,11.0,3.3,9.7,5.6,2.7,11.6,4.7,8.0,14.7,59.7,4.1,10.1,7.4,31.8,8.7,5.4,4.6,8.1,7.6,41.5,14.3,16.6,11.4,11.6,47.8,ENDOG,9.57,11.261818181818182,1.1767835090719103
212215_at,60.5,68.1,84.0,34.2,35.1,73.0,68.6,55.2,54.1,33.5,84.4,98.6,74.4,64.0,43.2,41.8,57.5,16.7,17.3,77.2,46.5,51.0,59.1,38.2,52.9,68.1,43.5,64.0,49.8,38.2,33.8,68.5,16.9,54.7,47.2,70.1,37.0,42.6,65.3,88.2,31.0,56.9,52.8,38.7,47.7,15.8,15.7,37.2,56.3,74.9,68.6,75.2,79.8,78.9,75.2,38.7,42.7,30.2,69.8,44.3,52.7,73.6,31.2,94.5,84.1,71.1,83.2,104.3,26.1,48.3,79.0,43.6,53.2,80.0,51.0,67.5,62.0,46.8,54.8,76.8,73.8,44.0,80.1,3.6,38.6,7.7,47.7,87.1,41.3,53.8,93.0,86.5,67.8,50.1,75.3,58.7,102.6,85.2,78.0,11.4,88.3,24.1,70.2,59.2,54.0,PREPL,52.07999999999999,61.25999999999998,1.1762672811059904
205780_at,7.4,11.2,8.7,14.7,9.9,8.8,5.8,13.6,9.6,18.6,6.6,6.6,16.8,9.1,6.1,11.9,20.3,6.2,41.1,20.4,25.1,18.3,4.6,17.6,5.6,14.7,23.6,10.1,6.9,8.9,8.6,12.6,11.6,8.8,12.8,24.5,19.0,11.5,12.5,13.5,18.8,6.1,3.7,11.0,6.0,13.1,15.9,19.5,12.9,10.8,14.2,7.4,16.0,18.2,10.3,56.1,6.6,10.6,6.0,10.9,6.8,17.1,11.0,5.1,7.1,11.5,18.9,13.5,34.8,15.8,24.2,8.7,20.1,18.9,22.4,4.9,12.8,9.7,5.3,13.2,11.0,16.9,3.4,18.6,6.6,8.2,58.3,19.9,21.3,27.6,7.9,10.1,8.5,11.1,5.0,23.4,6.6,16.4,8.7,8.1,15.3,16.5,26.7,14.9,20.3,BIK,12.840000000000002,15.079999999999998,1.174454828660436
203946_s_at,5.7,12.5,16.7,22.1,3.2,3.8,3.1,22.4,15.9,9.2,39.6,4.7,2.2,16.6,5.0,17.9,10.1,25.6,26.0,8.3,24.6,31.1,2.8,15.5,31.6,43.6,11.1,4.4,23.3,28.6,4.1,2.7,2.7,4.8,13.5,6.7,4.8,1.0,16.5,15.4,20.4,17.5,18.1,25.2,2.2,19.4,16.5,4.5,5.2,12.8,2.9,19.4,4.7,7.1,25.2,8.3,6.3,15.4,21.2,33.2,14.5,4.1,19.2,20.3,27.8,1.0,4.9,24.6,1.1,21.1,73.4,1.6,2.0,42.5,2.0,21.1,3.0,9.2,14.1,21.9,14.5,3.8,23.7,1.4,15.2,14.0,3.5,26.2,16.3,23.1,29.5,3.1,26.3,2.9,2.3,1.6,50.7,14.2,2.6,41.6,3.1,43.4,42.4,1.7,25.2,ARG2,14.024000000000003,16.461818181818188,1.1738318726339265
219974_x_at,89.3,134.1,65.3,39.2,71.8,74.4,91.8,65.8,77.4,104.3,76.2,106.8,83.6,70.0,70.7,74.1,24.5,40.6,82.4,73.9,65.5,103.8,147.7,92.9,69.0,93.8,124.1,88.1,78.6,64.7,49.0,51.1,71.5,103.5,107.8,87.3,24.1,79.0,66.4,59.2,73.4,110.7,106.8,95.0,89.7,10.7,81.6,104.9,90.3,65.3,78.4,63.9,139.5,90.5,82.8,114.2,107.9,75.8,73.0,65.7,162.4,58.4,78.3,71.4,84.0,91.7,92.6,77.2,114.3,113.2,82.2,156.2,118.8,105.3,74.6,75.9,124.4,88.4,67.7,65.1,104.6,57.3,77.8,88.4,98.5,78.7,50.3,101.8,88.5,82.0,62.5,101.9,90.3,107.4,97.2,121.6,136.6,7.9,138.6,100.5,145.9,37.3,155.3,45.7,150.4,ECHDC1,79.434,93.10545454545456,1.1721108661965225
202784_s_at,18.4,36.4,29.5,28.0,33.9,19.2,43.8,24.6,39.1,12.3,29.6,13.9,44.4,9.6,32.1,53.5,4.4,11.5,15.1,34.0,3.7,19.9,10.8,19.7,19.2,28.8,9.3,3.7,43.2,8.5,16.4,43.1,45.1,24.9,44.0,9.5,24.2,5.0,36.1,18.4,46.0,29.8,31.6,23.0,3.8,11.1,41.9,37.8,29.5,31.6,9.9,12.6,32.7,31.3,18.6,30.7,40.8,36.4,54.9,37.5,19.0,25.9,21.8,47.9,28.1,11.6,42.4,25.7,4.7,34.8,63.4,43.0,15.5,43.0,17.9,16.1,14.1,14.1,28.9,35.0,56.8,58.5,29.6,32.5,26.4,25.6,18.1,45.0,8.3,53.6,14.6,2.3,2.6,36.7,13.7,48.3,4.8,34.2,45.3,55.1,10.5,57.5,41.5,21.3,13.0,NNT,25.057999999999996,29.347272727272713,1.171173785907603
221562_s_at,8.7,20.5,8.5,14.7,9.1,7.7,14.6,25.0,12.0,17.6,13.4,19.3,29.7,19.6,14.5,14.3,14.3,57.4,15.1,39.8,49.6,12.3,15.1,12.3,37.9,17.9,12.1,32.1,10.7,15.3,10.8,11.8,16.3,12.0,11.9,9.9,11.9,8.0,26.2,4.1,13.9,6.7,8.7,9.0,13.7,13.1,11.9,6.4,31.8,13.9,5.7,6.7,9.7,8.0,10.8,24.5,11.1,36.0,13.9,39.3,11.1,49.4,12.2,8.1,13.5,11.8,37.5,11.5,15.3,20.2,6.3,14.6,15.3,26.3,5.1,9.5,13.5,10.7,14.4,16.1,16.3,10.5,13.9,31.8,61.7,3.8,15.8,5.4,20.2,64.5,13.7,18.1,10.2,25.4,93.1,41.5,14.4,21.5,17.2,10.9,12.1,18.9,29.4,9.0,17.4,SIRT3,16.862000000000002,19.72363636363637,1.1697091901100918
203095_at,45.1,26.0,71.3,11.0,35.2,53.0,48.8,25.0,38.9,63.7,47.7,85.1,39.2,11.8,38.0,41.1,35.6,33.1,30.6,63.8,34.2,50.7,40.7,50.2,4.2,44.5,11.5,43.7,25.3,26.1,91.2,53.6,46.9,79.6,46.9,30.3,11.5,9.3,36.3,62.7,74.5,28.7,66.6,27.6,70.7,53.4,61.7,70.6,48.5,25.0,45.7,73.1,56.6,49.1,49.2,43.1,78.3,29.7,26.1,38.7,9.7,64.6,67.6,72.2,45.5,75.4,61.4,86.5,69.7,69.5,28.0,98.4,26.9,90.8,31.4,52.3,92.5,39.0,36.1,52.1,14.8,27.8,35.4,55.2,69.2,49.9,44.7,52.5,1.9,65.7,82.0,14.2,46.0,72.1,29.2,27.7,6.4,41.9,37.1,34.9,83.4,17.2,73.5,17.7,132.2,MTIF2,43.41400000000001,50.759999999999984,1.1692080895563637
208881_x_at,155.1,124.9,108.9,144.7,188.7,196.1,138.8,199.1,132.5,178.0,304.9,230.7,211.2,130.5,132.2,136.0,130.8,151.5,140.5,133.9,172.2,241.1,311.8,169.5,188.2,175.8,199.4,220.5,177.7,143.5,161.7,180.3,192.8,193.1,210.2,123.5,157.8,159.8,197.3,185.5,187.2,185.5,218.8,171.1,162.3,221.9,191.8,288.8,212.4,157.7,261.5,228.0,192.3,293.0,240.4,175.0,225.9,179.6,145.2,161.9,404.2,201.2,133.4,165.7,211.0,193.4,147.7,219.4,259.1,222.9,224.5,265.3,203.0,197.9,253.7,194.1,255.8,228.5,213.2,165.1,216.3,193.1,251.6,219.2,177.5,198.3,126.8,142.6,185.7,232.3,197.4,156.3,192.8,236.6,269.2,361.7,226.5,131.2,89.0,177.6,221.1,216.4,180.3,160.9,373.3,IDI1,180.56399999999996,210.82909090909092,1.1676142027707126
214358_at,8.8,13.5,10.9,10.1,13.3,6.9,7.6,22.3,7.4,7.9,7.9,20.4,6.4,11.4,8.6,12.8,11.6,6.2,10.0,8.6,12.5,10.0,14.0,8.3,11.5,16.4,10.5,6.5,10.8,18.0,10.5,6.3,9.1,7.6,19.4,8.0,12.2,8.0,10.1,5.5,7.0,10.5,12.7,12.3,7.6,11.6,6.8,6.6,9.2,12.4,25.2,13.5,5.5,7.9,9.5,10.9,7.2,13.3,7.6,19.0,5.3,10.8,13.4,9.7,8.4,4.8,10.4,6.8,13.5,36.1,10.5,10.9,10.1,9.0,8.9,11.7,9.7,7.9,13.1,9.9,10.6,13.8,8.3,18.7,29.6,9.4,11.2,8.3,11.3,20.9,10.0,9.5,14.8,7.4,4.9,14.2,13.9,12.4,8.6,17.6,17.7,14.9,14.5,10.5,19.5,ACACA,10.490000000000002,12.236363636363636,1.1664788976514426
206497_at,23.4,16.0,32.0,6.9,18.9,3.5,8.7,25.7,17.8,5.9,31.3,20.2,3.6,6.4,14.6,5.0,10.3,27.7,2.6,10.3,22.8,6.2,0.8,17.1,16.7,6.9,13.0,42.7,1.1,34.5,8.8,4.6,19.5,21.0,2.4,5.0,5.0,29.7,2.1,15.2,16.7,1.6,24.6,6.9,19.2,1.5,2.6,21.1,3.8,3.9,47.5,4.8,17.1,25.1,21.2,20.6,2.1,20.6,1.0,11.7,24.5,2.5,36.4,1.2,20.0,5.9,30.4,10.2,5.2,6.2,8.3,30.4,20.2,7.8,3.5,19.3,15.6,3.9,35.1,1.4,20.0,6.5,5.0,7.9,18.4,15.4,2.5,2.8,33.2,17.1,36.4,18.0,23.2,19.3,7.2,18.4,2.5,41.3,17.2,7.1,36.0,4.9,24.3,4.4,7.8,COA1,13.356000000000005,15.572727272727269,1.165972392387486
212889_x_at,8.6,52.5,63.2,34.7,74.0,33.6,9.5,10.4,43.5,40.4,8.8,70.1,5.4,20.7,31.5,9.7,14.2,11.5,47.7,5.5,16.8,11.1,44.0,6.3,31.2,8.2,16.6,5.8,7.9,10.4,37.0,14.0,9.1,10.3,10.3,39.4,7.6,40.8,21.6,10.1,6.9,12.7,8.1,57.5,27.2,8.8,15.1,11.8,6.6,20.8,11.5,9.6,4.1,4.5,34.1,6.5,7.6,11.3,87.3,10.4,19.4,11.5,48.2,5.0,10.9,10.4,9.0,85.3,9.5,82.6,13.1,65.3,12.0,6.4,22.2,71.7,8.3,19.6,63.1,12.7,11.6,10.6,17.2,11.2,8.0,35.7,33.5,6.7,12.6,35.6,10.2,14.1,66.6,6.9,41.7,14.1,8.7,10.9,16.8,10.4,81.7,9.3,38.3,16.4,145.8,GADD45GIP1,22.58999999999999,26.32181818181819,1.1651977946798673
203684_s_at,11.5,70.0,10.1,9.9,10.2,7.4,6.0,20.5,10.0,9.7,12.0,16.1,30.9,8.1,34.1,25.1,16.2,13.9,11.0,14.8,7.5,15.6,11.2,26.1,52.6,11.9,10.4,15.4,3.8,13.0,8.0,7.0,12.4,9.5,6.6,6.3,13.4,16.5,7.8,33.6,9.9,11.9,7.2,13.1,4.5,17.8,11.9,8.0,6.5,51.9,45.0,60.4,12.5,25.4,6.0,11.0,7.7,8.8,42.4,7.7,2.6,8.0,15.1,9.1,6.1,9.7,10.8,8.9,17.4,29.6,15.8,7.7,12.3,12.5,9.4,5.7,3.3,8.8,9.1,7.2,6.1,10.0,10.5,4.8,28.5,53.3,86.1,4.4,35.7,16.0,4.7,7.9,14.9,9.1,15.3,15.1,25.8,41.6,21.9,56.9,16.6,14.7,37.6,12.1,10.7,BCL2,15.575999999999997,18.114545454545457,1.1629780081243875
213321_at,9.1,8.1,6.8,5.4,9.7,6.1,6.6,25.1,7.4,10.3,5.7,9.3,6.5,10.9,6.4,10.5,8.0,13.8,8.3,3.1,5.7,9.2,4.2,8.9,6.4,13.7,5.3,5.7,5.3,6.6,11.0,7.3,6.2,4.9,4.2,4.9,23.5,22.4,20.3,7.5,6.0,4.3,5.1,10.7,4.4,15.4,6.2,4.2,4.8,7.1,7.3,3.3,3.2,3.0,4.1,8.2,5.3,5.5,6.8,6.6,8.9,5.9,23.6,8.0,7.6,4.6,9.8,11.3,7.4,8.8,21.9,7.5,4.4,5.1,5.1,8.0,7.6,4.5,11.5,6.4,8.1,8.1,6.5,5.3,4.0,5.7,14.9,6.3,6.1,8.3,6.4,34.8,6.2,4.9,9.8,29.5,19.0,12.4,10.2,6.7,65.4,11.2,9.3,5.5,11.9,BCKDHB,8.569999999999999,9.958181818181817,1.1619815423782753
218694_at,26.6,23.8,32.4,28.0,23.8,28.0,35.6,11.2,13.3,27.9,33.8,36.1,13.1,10.4,15.1,11.7,29.2,14.1,8.7,29.9,11.8,27.7,38.0,28.2,20.3,7.5,12.5,32.5,25.4,4.0,45.0,33.3,4.9,11.9,18.4,19.9,58.1,23.0,36.6,32.0,14.5,19.3,8.3,28.5,25.4,40.8,17.2,26.2,12.7,18.0,62.2,27.6,15.2,14.6,21.2,15.3,26.2,26.4,24.0,22.0,16.0,25.0,22.3,19.7,16.9,32.9,26.5,47.8,20.5,4.7,49.3,40.1,23.0,18.1,25.9,37.8,19.6,42.4,22.5,29.5,15.9,9.2,9.9,42.9,21.0,26.3,40.2,25.5,11.5,42.1,28.9,37.9,36.0,19.1,31.1,23.6,20.8,29.0,39.2,31.8,7.8,4.9,66.8,39.7,19.3,ARMCX1,23.092,26.829090909090905,1.1618348739429631
210007_s_at,21.8,6.4,25.4,20.8,17.5,5.5,15.1,4.9,17.5,16.4,17.1,30.6,23.5,11.9,33.3,21.5,31.0,18.4,8.0,19.3,23.6,5.1,35.7,35.3,36.5,23.7,14.7,28.5,19.0,15.0,36.5,27.5,6.2,19.3,6.6,30.7,26.9,12.8,45.5,13.2,17.1,18.8,5.3,6.3,5.9,7.8,26.9,15.8,31.9,27.4,34.9,4.6,14.6,21.3,6.6,38.2,23.1,27.5,19.8,9.9,9.7,45.4,24.7,31.0,3.6,37.8,4.8,9.0,18.1,6.0,8.5,26.5,42.9,55.3,12.3,40.7,10.3,12.8,6.7,25.4,10.1,29.7,4.6,25.7,7.0,25.5,5.3,60.4,42.5,4.7,16.9,53.4,22.2,9.8,9.7,22.8,3.4,38.9,34.0,62.2,67.9,15.2,45.1,6.1,11.5,GPD2,19.827999999999996,23.02909090909091,1.1614429548663967
202780_at,78.3,90.3,85.1,15.1,40.3,134.5,81.6,144.0,79.3,74.9,23.1,62.8,17.4,76.7,14.4,71.2,89.0,69.9,19.4,11.1,63.4,171.9,52.0,69.4,102.1,69.6,55.1,85.3,83.8,80.2,12.8,85.6,83.2,105.9,110.1,91.0,118.1,44.4,146.5,119.2,17.7,84.5,76.0,24.3,74.0,22.5,59.9,69.9,106.5,54.6,148.5,94.8,124.8,124.1,110.4,97.2,59.5,98.9,80.7,58.3,77.0,92.1,123.9,44.7,18.1,18.3,92.5,101.4,123.1,115.2,16.6,10.5,29.4,136.7,12.4,53.6,106.3,54.6,69.2,114.7,127.6,81.5,134.4,58.1,94.8,115.4,61.7,69.7,13.7,74.1,66.5,46.3,110.0,111.0,71.4,68.1,167.1,89.8,81.5,77.9,15.5,139.7,132.0,105.5,99.8,OXCT1,72.35799999999999,84.01090909090908,1.1610452070387391
201599_at,125.3,102.7,160.0,77.7,109.1,123.8,114.6,96.0,112.0,114.4,104.9,144.2,132.9,94.3,105.1,83.7,65.2,68.8,108.9,117.3,69.2,78.6,122.6,104.2,126.4,99.8,86.2,68.9,136.3,70.2,78.9,150.9,70.1,143.7,127.4,135.1,79.5,63.4,132.7,166.1,98.9,205.3,127.2,93.1,108.1,96.8,90.1,148.4,151.5,79.7,112.8,62.7,158.5,288.6,133.4,93.5,116.2,105.9,167.0,56.5,171.7,89.6,149.0,159.8,206.1,117.1,84.8,147.4,135.2,149.4,97.8,117.0,160.1,166.0,119.6,144.9,131.7,105.7,123.1,133.3,114.0,119.5,136.8,96.9,113.6,125.8,75.6,89.3,83.6,122.6,187.0,131.6,106.4,123.1,136.9,159.4,85.1,183.0,123.2,88.7,175.9,91.6,114.1,56.7,131.4,OAT,109.40400000000001,126.84000000000002,1.1593726006361742
222216_s_at,32.7,24.6,18.1,64.1,19.1,41.7,25.5,25.4,15.2,20.2,51.4,19.2,48.1,63.8,29.5,15.8,23.8,27.1,17.6,70.3,14.5,22.6,10.8,46.4,25.6,41.3,38.8,24.9,27.3,30.1,13.7,49.3,19.9,56.7,64.8,17.7,17.7,70.4,69.6,99.5,92.5,61.4,84.6,61.4,46.5,26.4,42.9,54.6,18.2,14.6,10.5,19.2,69.8,72.8,17.0,56.6,42.3,49.9,53.0,64.8,37.0,37.4,17.5,18.1,20.0,44.7,42.2,46.6,22.3,18.1,14.9,29.6,45.7,84.7,33.3,18.7,91.1,79.3,21.6,72.4,83.7,54.6,26.2,43.6,20.0,63.1,29.3,43.7,15.5,13.8,52.9,45.0,76.9,47.7,21.0,43.4,44.3,116.3,10.5,27.8,28.5,106.8,46.3,54.1,78.9,MRPL17,38.358,44.454545454545475,1.1589380430300193
202298_at,158.1,158.5,190.3,199.2,206.7,289.9,125.8,242.5,147.3,170.0,182.3,196.6,155.6,269.1,213.5,102.0,303.6,290.5,228.2,215.7,227.4,140.9,182.8,84.9,145.7,188.3,229.4,196.2,249.6,208.5,266.3,226.7,229.5,227.5,188.3,166.2,195.3,206.6,248.4,276.9,223.5,250.3,229.4,225.0,233.3,250.0,223.9,290.0,216.1,246.3,249.0,206.2,296.3,218.4,229.1,222.7,208.0,193.7,254.8,174.8,376.7,228.2,228.8,266.3,211.4,199.6,187.6,176.3,167.2,196.7,272.0,223.5,184.3,279.4,238.2,253.4,259.1,303.9,269.1,238.6,257.5,236.2,311.2,269.1,248.5,254.2,280.6,259.9,201.3,197.1,216.7,257.2,208.7,385.3,238.0,166.2,164.6,222.1,259.6,357.3,166.0,253.2,364.6,309.6,292.9,NDUFA1,210.37199999999993,243.47090909090915,1.1573351448429887
221550_at,5.9,13.1,4.9,22.0,32.7,2.7,24.0,7.4,25.4,3.6,26.6,6.2,28.1,8.2,5.2,4.4,12.9,5.7,12.1,19.7,32.4,30.8,3.2,7.7,40.3,7.2,28.9,4.8,36.0,2.3,6.2,2.5,30.4,5.2,3.4,7.9,7.3,3.4,3.9,15.4,4.4,3.0,30.0,3.9,16.7,4.4,1.6,6.0,19.1,5.3,7.3,5.5,4.0,3.5,13.1,29.2,7.9,11.4,23.3,2.7,31.2,11.5,4.5,25.7,20.9,5.1,4.5,4.7,7.9,33.2,3.8,5.2,3.8,7.1,13.9,2.7,15.1,3.6,4.4,2.7,31.8,7.5,29.8,1.7,29.5,17.4,2.9,40.6,1.8,40.1,51.8,2.0,2.3,1.7,10.5,30.2,39.9,3.7,4.1,1.9,44.0,23.0,2.9,3.1,76.7,COX15,12.887999999999995,14.914545454545456,1.157242819253993
220094_s_at,48.1,49.9,31.2,45.8,39.2,73.5,55.0,21.4,49.3,34.9,31.8,9.6,53.2,60.1,33.4,45.1,48.7,53.5,38.1,66.3,58.8,51.3,53.2,35.5,33.1,60.8,42.4,10.7,61.2,116.7,64.9,72.7,77.5,64.1,69.7,45.6,62.4,76.5,71.1,147.1,46.6,41.7,67.0,31.8,78.9,57.4,82.5,59.9,44.4,31.8,89.3,76.4,61.5,61.4,45.5,55.6,68.7,81.9,50.9,95.7,30.1,42.8,65.5,110.4,61.9,89.0,73.0,44.0,76.0,8.6,15.3,64.5,41.8,97.8,44.8,34.7,53.7,56.0,63.3,66.9,51.9,55.5,70.7,36.5,67.6,45.9,67.2,87.4,98.9,11.2,71.8,67.7,58.6,53.3,55.1,91.6,122.7,72.7,9.2,54.6,38.3,107.4,107.3,63.2,49.3,MCUR1,54.10800000000001,62.59272727272726,1.1568109572101584
219819_s_at,3.2,26.1,37.4,23.0,21.8,47.9,33.3,51.2,16.1,3.9,6.7,7.5,6.9,9.7,30.5,24.5,24.0,22.7,7.8,43.7,43.9,20.1,23.9,12.8,34.6,34.1,6.9,59.5,29.4,22.6,11.0,8.2,8.8,30.8,38.9,3.3,10.7,46.9,9.8,6.1,46.7,31.2,18.4,35.5,33.2,36.0,3.3,31.4,13.2,63.7,27.5,6.3,32.9,40.7,43.9,21.7,37.6,12.5,14.4,3.9,32.6,15.1,38.5,38.5,7.8,17.6,13.6,48.0,57.7,15.9,77.7,8.9,8.7,53.2,11.5,9.3,28.1,9.6,55.7,35.3,34.4,3.4,33.3,40.2,5.7,4.2,12.6,10.8,9.3,6.7,38.0,9.3,6.8,62.4,4.4,50.9,23.8,7.4,50.2,12.8,36.4,109.6,53.8,25.4,79.3,MRPS28,24.456000000000003,28.287272727272736,1.1566598269247927
216204_at,13.4,12.5,8.4,36.1,14.1,4.4,18.6,16.4,13.3,7.3,38.6,41.2,22.5,38.1,10.2,39.6,13.3,12.4,49.4,8.3,14.5,8.6,9.7,10.1,12.1,37.4,9.0,11.8,51.5,26.3,8.3,8.4,23.6,5.0,14.1,35.2,26.7,15.1,12.5,9.1,7.1,17.1,13.6,13.2,11.2,9.6,34.5,7.0,23.0,12.0,15.9,9.0,15.2,31.1,23.2,7.9,8.4,5.6,12.2,20.8,35.1,5.8,41.1,16.5,19.0,37.0,12.5,24.5,7.1,11.1,79.6,13.4,14.0,6.1,28.9,21.6,3.9,10.0,7.3,16.0,79.2,12.7,19.9,23.5,5.7,17.3,19.0,22.1,31.2,20.3,9.3,14.2,9.4,9.0,11.9,12.9,16.8,99.6,55.1,18.6,8.6,30.7,5.9,20.8,29.6,COMT,18.308000000000003,21.14727272727272,1.1550837189902075
210688_s_at,26.6,41.1,28.0,47.7,43.7,56.6,43.1,10.4,35.3,33.5,49.9,19.3,44.2,48.6,9.2,21.5,26.8,24.3,59.6,41.7,53.3,30.7,60.4,36.8,51.6,20.6,35.8,49.4,62.1,33.2,42.1,65.6,38.5,6.2,22.8,3.0,29.1,42.6,56.5,23.0,20.8,32.7,19.6,68.9,34.5,67.5,32.1,30.9,51.0,63.1,31.9,64.0,17.5,25.8,33.0,49.8,33.0,48.4,41.4,41.8,36.4,38.7,62.1,31.1,38.1,37.7,28.7,28.8,20.9,37.0,83.8,67.0,47.5,59.3,42.5,32.1,38.4,58.4,57.4,51.1,53.4,57.7,65.5,87.0,78.8,72.5,71.7,8.7,7.8,14.9,39.8,54.1,41.0,19.3,67.5,40.3,10.5,47.9,13.7,7.7,34.1,78.8,16.5,39.5,94.9,CPT1A,37.90999999999999,43.767272727272726,1.1545046881369754
217204_at,16.9,21.7,13.9,8.1,5.9,8.0,7.6,2.9,19.3,18.2,16.8,4.7,2.0,4.2,21.2,27.3,3.8,5.1,19.0,0.9,1.7,12.5,2.5,21.7,16.3,27.5,8.7,15.2,15.6,21.2,28.7,24.4,1.1,10.4,1.3,2.8,2.4,24.0,23.2,6.9,20.4,17.3,33.9,37.5,4.1,15.0,0.6,1.4,9.1,27.8,9.6,1.8,15.7,10.0,4.6,2.8,3.2,16.5,31.8,4.5,6.5,4.9,4.8,1.5,39.2,3.6,0.7,24.5,35.6,18.1,8.7,18.4,28.1,10.3,11.0,30.4,12.6,28.0,24.4,5.0,36.4,3.5,27.2,1.6,18.4,6.8,7.0,6.0,40.9,9.1,13.8,5.9,2.1,15.9,5.6,1.3,32.2,13.9,49.0,27.7,49.2,36.2,6.8,5.4,2.6,MTRF1L,13.253999999999996,15.296363636363635,1.1540941328175374
221224_s_at,6.8,6.4,47.3,4.5,44.0,10.8,10.4,5.1,5.3,15.5,50.2,8.7,45.9,21.6,43.7,11.7,9.4,18.6,13.4,9.0,43.1,13.5,6.9,2.9,35.1,24.7,15.8,28.2,29.5,10.8,4.7,6.2,11.5,5.0,3.2,35.0,51.6,8.7,6.4,12.6,8.0,7.8,4.2,13.7,20.4,3.3,9.9,17.9,7.5,12.7,40.6,8.9,16.8,36.9,7.7,9.8,36.3,10.8,5.8,7.7,5.2,12.2,6.6,4.0,29.3,5.1,5.3,47.6,40.8,30.6,11.6,15.3,7.4,16.8,12.6,7.4,39.9,11.4,6.3,5.3,6.1,43.1,9.2,34.0,9.4,10.5,11.7,10.1,28.9,6.4,31.3,13.8,6.9,20.5,4.5,39.7,32.0,47.8,47.0,8.9,4.5,9.5,48.9,7.4,82.6,DCAKD,16.982000000000003,19.576363636363634,1.1527713836040296
208846_s_at,145.6,115.4,138.1,117.0,175.6,202.8,186.2,153.2,213.2,139.3,184.5,98.2,173.5,37.5,202.0,130.3,120.7,35.4,97.2,195.3,197.3,98.9,130.0,141.3,53.8,155.0,154.0,147.8,163.9,146.9,99.3,184.4,157.4,183.3,139.4,194.2,58.8,168.4,150.5,147.4,214.1,182.6,233.7,131.0,150.3,184.6,148.7,177.3,126.9,191.5,184.5,158.7,192.3,186.8,183.1,188.1,219.2,191.9,232.6,74.8,156.1,215.1,176.6,153.6,122.0,168.5,236.3,194.6,116.0,146.1,149.9,145.4,113.2,177.3,134.2,171.6,222.1,173.6,223.4,179.2,179.1,148.5,129.5,167.2,144.1,218.1,183.5,155.5,176.9,162.5,155.2,111.6,164.3,185.3,128.1,134.7,232.8,142.1,247.9,146.1,170.1,210.3,203.0,182.0,209.2,VDAC3,149.474,172.26181818181823,1.1524533911035915
205306_x_at,54.2,60.1,75.1,72.6,55.3,63.9,32.7,13.5,75.2,49.9,36.1,56.7,44.2,40.7,54.1,33.7,2.9,29.4,41.8,64.3,72.0,60.2,77.5,33.5,47.9,45.8,72.9,91.9,57.1,39.3,88.1,80.7,10.5,34.6,38.7,59.6,73.9,72.5,51.4,66.3,71.4,48.7,61.5,72.6,75.8,77.6,36.9,41.5,56.4,40.9,61.2,55.4,60.2,50.5,75.7,95.9,57.0,70.0,65.4,69.8,39.3,21.2,39.4,54.7,26.0,42.0,53.6,79.1,27.3,51.8,85.0,47.5,37.8,86.0,36.9,54.3,69.1,52.2,51.4,40.0,83.5,42.5,97.6,73.6,62.4,99.3,67.8,50.1,68.3,50.6,75.4,97.5,50.9,60.2,51.9,97.5,106.8,84.9,30.9,75.2,124.2,86.3,60.0,32.3,54.7,KMO,54.28200000000001,62.547272727272734,1.1522654420852718
214140_at,27.7,25.6,18.6,26.5,27.4,42.7,34.1,27.2,23.8,40.6,14.7,36.5,34.4,28.7,28.4,22.8,34.9,29.8,42.8,19.2,46.2,20.1,49.7,30.0,27.4,20.0,38.1,45.1,40.4,49.3,23.8,37.6,41.4,31.5,15.1,24.4,22.4,23.3,30.3,34.8,41.6,11.1,17.6,47.7,31.1,52.7,27.0,12.9,29.6,55.0,35.9,51.3,16.5,26.7,34.2,24.1,30.7,14.9,16.3,42.6,21.3,46.6,26.0,19.1,9.7,26.3,30.5,36.6,39.1,37.1,111.7,29.9,38.0,27.3,33.5,15.2,36.8,20.1,32.5,26.5,41.5,37.5,60.9,57.3,36.5,51.4,42.0,42.0,37.3,1.3,43.6,36.1,42.4,25.2,36.6,19.3,69.3,70.2,43.0,61.6,20.8,70.8,20.3,4.7,53.1,SLC25A16,31.271999999999995,36.030909090909084,1.1521779576269215
218392_x_at,73.5,33.6,81.3,51.8,60.0,49.3,58.7,71.5,78.2,26.2,70.8,98.2,27.6,51.6,51.8,23.4,58.2,13.2,74.6,21.4,83.9,75.2,36.2,91.8,90.4,13.4,11.2,46.2,82.2,33.5,104.6,37.9,72.8,14.3,59.5,74.9,52.6,53.8,99.0,69.3,11.7,88.7,41.6,79.0,75.2,73.9,33.8,93.1,46.8,43.1,130.2,77.8,63.4,64.6,71.8,41.0,50.4,21.6,32.4,12.1,48.3,74.7,116.5,12.9,82.2,109.1,53.5,101.0,57.9,74.4,133.9,66.0,78.2,71.4,58.9,54.3,58.4,11.6,55.8,16.8,84.7,74.6,56.0,63.1,24.5,42.7,34.0,92.8,81.0,73.1,83.9,47.4,84.4,51.8,12.6,114.9,100.9,24.5,64.8,63.4,79.3,112.4,55.3,66.1,137.7,SFXN1,57.290000000000006,65.94545454545457,1.15108141988924
213149_at,35.0,23.8,22.3,25.6,4.4,24.1,32.9,21.6,17.4,30.0,6.3,8.2,21.9,3.3,34.8,6.9,14.3,29.5,26.9,37.2,22.1,64.6,39.9,37.7,33.0,15.9,12.9,26.0,8.4,5.6,37.3,16.9,3.3,31.0,20.1,54.8,21.9,51.2,14.0,48.4,11.9,28.7,33.3,47.4,10.7,7.0,25.6,17.2,45.9,2.7,43.1,13.0,9.6,16.0,32.6,19.3,3.0,16.8,32.7,46.3,41.1,37.4,36.7,33.3,2.7,20.4,21.7,39.3,3.7,5.0,20.7,60.3,24.5,4.4,3.5,2.5,10.0,18.9,15.5,40.6,24.4,6.1,23.5,35.1,17.0,28.9,69.8,2.8,47.8,27.8,39.4,49.7,32.7,31.8,46.5,59.3,58.0,79.1,32.2,28.6,10.5,7.6,27.4,26.3,59.6,DLAT,24.436,28.118181818181807,1.1506867661721152
213621_s_at,42.8,86.6,85.5,27.4,69.2,77.7,81.3,58.7,45.3,66.7,75.8,154.0,80.6,100.9,103.9,84.3,56.4,91.8,91.0,61.0,63.4,66.2,70.6,26.7,58.5,90.7,69.9,40.1,56.3,123.7,57.5,74.4,76.9,55.3,83.4,66.9,68.7,91.5,18.3,78.5,43.2,30.4,49.7,71.0,66.6,98.6,82.9,67.4,84.2,81.9,143.9,73.8,58.0,40.6,76.3,34.8,49.3,29.1,77.9,109.6,39.0,85.6,89.9,99.8,70.8,56.7,74.0,126.0,78.2,106.2,90.4,65.4,94.0,119.6,82.3,52.6,36.6,96.2,77.8,60.2,85.7,70.0,83.4,61.2,90.4,85.4,110.6,97.7,89.9,139.0,48.1,111.3,95.2,44.0,59.6,133.8,135.8,86.0,101.2,107.4,148.7,124.8,73.7,12.1,5.3,GUK1,71.086,81.72545454545454,1.1496701818284127
218083_at,78.8,59.7,76.7,67.2,43.0,55.8,32.1,77.6,23.6,37.8,43.1,23.8,29.7,35.2,17.1,114.0,40.7,20.9,47.4,12.7,32.2,49.1,41.9,36.2,72.1,57.1,21.6,9.6,38.4,100.1,17.1,24.4,60.7,8.5,16.2,52.4,18.5,35.8,32.5,25.9,55.5,28.8,9.4,118.2,61.1,49.8,33.9,20.3,19.6,62.1,32.2,44.0,12.0,57.9,49.0,55.4,61.3,14.7,12.2,76.1,7.2,10.8,72.6,16.0,32.4,39.9,27.8,67.7,78.5,46.5,25.3,29.0,25.1,53.8,38.2,33.5,18.1,69.0,49.6,53.2,80.6,30.2,47.8,20.0,74.3,88.4,76.7,89.6,64.6,13.2,103.1,73.9,20.5,17.6,41.4,80.8,145.7,32.8,117.2,18.4,21.6,29.5,86.5,93.0,35.6,PTGES2,42.918,49.3090909090909,1.1489139966701827
218197_s_at,45.2,51.2,29.7,13.3,44.0,41.3,44.6,14.0,75.3,50.8,15.8,55.0,25.9,5.3,42.0,46.5,4.1,0.8,2.6,20.9,21.7,16.7,41.2,21.1,24.9,47.7,70.3,10.4,22.5,64.4,51.7,49.5,41.8,46.3,52.2,26.7,37.4,55.2,60.1,29.0,21.5,47.6,18.5,12.0,36.5,29.2,15.1,12.6,25.3,53.3,78.1,10.3,28.2,36.7,37.5,39.1,48.0,1.1,35.7,8.5,36.6,26.8,41.3,42.5,62.4,32.1,56.5,75.6,24.1,54.4,2.5,27.3,45.5,30.4,22.1,35.4,62.6,56.8,35.7,32.6,33.6,30.9,78.5,16.2,65.4,34.4,9.9,34.8,13.0,39.7,1.6,13.6,38.3,19.9,62.6,90.8,47.3,45.5,82.3,13.0,68.7,48.7,48.0,61.9,10.2,OXR1,33.81399999999999,38.82181818181819,1.14809895847336
203784_s_at,3.8,4.9,4.5,5.5,5.0,3.6,3.6,8.4,2.8,5.4,8.5,7.0,6.9,4.3,3.3,5.1,7.6,4.1,4.4,3.0,5.4,4.8,2.7,1.8,4.8,2.5,3.4,5.2,3.0,3.4,2.8,2.9,7.8,2.0,3.5,2.6,7.1,5.0,4.6,2.2,5.3,3.1,1.8,3.3,1.7,4.8,5.8,8.6,6.6,4.7,6.6,3.4,4.0,3.4,2.0,4.2,3.4,6.0,2.6,6.0,2.1,4.3,4.2,6.8,11.0,7.3,2.7,3.7,3.1,5.6,4.0,3.7,12.6,3.5,4.9,2.5,9.0,3.9,3.7,3.1,3.8,3.0,4.4,9.8,2.3,2.3,12.1,3.1,7.9,8.9,5.6,4.0,3.5,3.6,3.9,7.2,3.9,5.8,7.0,10.1,2.2,7.6,6.2,5.9,6.3,DDX28,4.498,5.158181818181819,1.1467723028416672
205208_at,56.0,12.1,64.9,48.8,51.5,36.3,56.1,48.1,51.2,90.4,59.3,18.6,58.4,69.8,65.0,83.0,23.5,21.7,51.1,8.1,51.4,14.3,84.5,40.8,40.8,13.2,51.7,70.5,23.3,38.4,54.8,28.3,63.4,62.0,26.3,8.6,24.1,20.9,31.9,49.4,54.5,67.9,59.7,50.9,40.5,74.5,26.0,42.3,38.0,22.2,17.7,11.3,35.3,44.8,65.3,87.7,9.3,30.4,44.2,161.5,67.3,67.4,40.5,33.3,75.7,16.8,39.6,61.0,26.0,29.8,120.5,50.9,32.9,6.8,46.4,39.4,70.4,69.2,39.4,85.5,28.4,20.4,55.9,38.6,19.4,44.8,24.9,70.6,116.1,27.9,111.7,20.7,55.4,35.4,71.0,35.4,87.0,25.1,78.2,17.5,77.1,19.6,70.2,88.3,70.4,ALDH1L1,44.98000000000001,51.56909090909091,1.1464893488014873
212172_at,31.6,45.8,43.9,60.6,50.2,41.6,52.5,11.4,39.3,20.6,33.1,66.6,40.1,54.3,34.5,16.2,68.8,13.7,38.8,3.7,62.8,66.0,48.9,48.7,23.3,26.0,48.3,59.3,9.7,56.4,37.5,43.4,28.0,33.4,54.9,41.2,50.8,58.7,28.4,13.4,16.8,37.7,27.2,20.5,22.6,42.1,36.4,23.8,13.0,25.0,67.3,40.7,13.8,20.1,40.3,14.4,26.6,38.9,47.6,83.3,36.3,36.2,49.2,7.4,30.4,41.0,6.0,58.7,11.0,11.6,96.2,48.3,46.4,24.6,51.8,37.2,26.9,36.7,42.4,42.5,13.9,20.5,57.8,36.5,62.7,54.2,49.6,32.5,7.3,6.7,42.4,76.2,8.8,38.1,32.0,82.0,82.7,131.5,32.2,114.1,60.6,54.5,45.0,19.9,63.6,AK2,37.43000000000001,42.89272727272728,1.1459451582347655
200789_at,147.2,192.5,181.0,158.6,140.2,292.6,141.4,181.3,204.8,203.2,126.4,307.7,259.7,203.2,192.8,115.5,313.2,332.5,183.5,282.5,211.0,142.2,305.2,217.6,207.5,227.5,138.7,293.6,264.8,185.2,234.8,260.6,251.0,145.0,289.0,167.5,264.3,192.9,166.7,167.9,261.0,132.3,298.6,142.9,167.0,101.9,211.8,219.4,275.6,218.5,131.7,113.2,245.8,282.6,177.0,343.5,162.2,324.7,192.9,173.2,223.3,343.0,150.4,202.8,222.9,239.0,312.1,184.1,204.8,190.2,226.6,175.3,286.9,244.0,196.3,245.9,287.8,318.9,256.6,346.9,233.6,258.3,366.6,218.0,245.9,284.2,326.8,310.2,138.3,227.1,159.5,115.3,258.6,332.8,98.8,191.2,162.6,293.7,206.8,328.4,238.1,275.6,366.7,314.8,298.5,ECH1,210.43599999999995,241.00000000000003,1.145241308521356
219249_s_at,10.7,11.1,14.8,7.4,8.9,8.1,7.1,16.7,7.2,6.2,7.1,8.6,6.8,12.0,10.3,9.8,11.3,14.2,11.4,7.5,9.8,10.7,7.8,8.7,21.2,7.7,10.5,7.4,15.6,18.3,15.2,13.0,16.2,7.1,7.0,9.7,8.2,9.5,17.6,5.9,5.9,10.9,6.4,8.5,21.9,25.1,5.5,14.0,6.0,7.8,14.6,8.2,5.3,3.7,12.9,8.0,7.7,5.5,8.0,15.0,6.2,8.3,16.0,11.8,7.8,12.4,8.0,8.3,19.0,18.7,25.2,6.8,8.0,19.2,15.9,7.1,10.3,8.8,7.0,7.8,9.0,7.9,11.6,9.3,8.3,6.8,15.3,9.7,9.1,19.1,9.6,25.3,8.5,40.1,9.9,18.3,22.1,24.1,21.9,7.8,15.5,10.8,6.8,17.6,9.6,FKBP10,10.725999999999999,12.281818181818183,1.145051107758548
207275_s_at,861.1,985.0,483.7,925.8,648.1,543.0,718.6,309.7,886.3,939.5,1237.7,571.0,1523.2,380.2,671.0,519.8,195.5,265.8,371.3,1141.1,371.8,309.2,1252.1,575.5,797.0,753.4,878.4,530.1,789.2,716.8,1244.9,744.7,904.7,738.9,645.7,782.1,1235.5,995.8,1227.3,1533.0,723.6,1929.5,865.4,590.2,688.8,694.2,1123.4,795.5,1070.3,685.5,727.0,810.5,768.3,1172.8,616.2,642.4,1041.0,735.8,1382.9,721.9,2286.9,746.8,530.9,1899.3,1234.8,912.2,579.3,612.9,1097.8,601.7,1075.5,1032.6,1615.9,259.9,2479.3,1644.8,822.9,673.9,938.7,1570.8,934.7,870.2,478.1,1092.1,848.7,765.8,362.3,784.2,1274.8,1264.2,1041.7,573.4,724.1,894.4,678.5,1384.9,399.9,601.9,374.5,574.4,675.4,875.5,835.8,570.6,705.5,ACSL1,807.3980000000001,924.0236363636365,1.1444462784941705
216733_s_at,37.0,41.6,35.7,21.2,31.4,46.4,40.2,37.9,30.5,23.6,50.6,10.5,68.7,30.2,20.1,45.1,35.4,50.8,58.1,36.2,63.7,28.1,51.6,20.6,16.8,27.1,31.5,30.4,38.3,40.0,26.6,39.1,17.2,40.2,54.4,29.0,41.7,31.3,56.4,60.3,28.9,14.1,32.6,40.3,10.2,63.8,20.7,31.1,16.6,42.0,38.9,37.3,21.1,36.6,46.2,38.9,16.9,49.0,9.6,71.5,10.9,62.7,48.4,15.3,13.4,50.1,39.3,23.1,42.4,50.7,12.3,52.1,55.5,41.7,23.6,26.6,34.7,22.8,36.7,31.6,51.9,35.8,47.8,77.6,30.5,50.9,51.8,47.4,34.9,69.5,39.4,30.0,61.2,31.4,54.4,52.8,26.4,57.8,5.1,40.0,44.0,66.1,3.8,25.6,163.4,GATM,35.916,41.08000000000001,1.143779930949995
221227_x_at,33.2,87.3,83.6,14.2,44.7,57.0,90.8,135.8,23.0,49.3,44.0,75.6,24.8,53.4,44.4,33.0,46.7,52.4,178.4,67.0,64.1,29.8,78.9,69.2,65.3,52.6,52.1,71.6,21.5,40.7,65.1,12.8,36.0,17.0,63.7,47.6,98.0,14.4,69.2,54.5,70.1,26.7,45.1,139.2,68.7,109.1,52.8,73.4,38.0,91.5,36.3,128.2,9.0,72.2,20.5,62.2,70.6,95.0,49.3,22.1,36.2,18.0,19.7,18.6,68.9,62.5,21.6,51.5,21.5,35.9,42.1,84.6,78.8,45.3,69.1,65.8,63.4,68.3,119.4,61.7,61.4,69.8,37.6,73.6,69.0,79.3,126.5,32.1,156.3,175.6,19.1,18.8,20.7,59.2,47.2,88.7,147.4,96.0,177.0,28.6,183.6,56.2,84.7,118.1,98.4,COQ3,59.54599999999998,68.0581818181818,1.1429513622775975
216234_s_at,29.2,17.6,24.1,20.3,13.2,11.4,77.1,15.4,42.0,17.9,10.8,40.5,23.3,21.3,13.4,21.8,81.9,40.5,47.5,9.5,13.1,16.5,14.2,9.2,8.5,21.7,59.8,9.5,18.8,15.4,47.6,20.8,45.4,9.3,11.0,8.7,10.9,37.4,45.3,33.3,21.4,21.2,31.8,64.7,28.2,10.5,9.6,10.4,4.2,13.5,13.6,26.6,17.9,6.6,9.7,20.6,11.9,15.7,12.2,14.5,33.7,11.2,33.4,11.2,71.0,32.4,7.7,27.9,11.8,13.9,23.8,14.5,8.4,12.0,16.3,70.3,8.4,7.3,80.0,37.0,9.8,13.4,18.3,14.0,10.3,12.8,63.0,62.6,5.9,52.9,13.4,11.5,32.7,7.5,14.8,92.9,16.1,77.3,15.6,12.9,117.3,85.8,47.9,22.9,58.8,PRKACA,25.012000000000004,28.579999999999995,1.1426515272669115
203371_s_at,69.1,176.1,131.1,102.9,117.9,164.5,125.1,209.6,174.9,88.2,201.1,108.8,115.9,161.5,191.1,87.3,202.9,178.5,198.1,156.0,148.7,103.5,201.3,113.9,147.1,105.1,146.4,97.6,171.4,139.8,99.7,147.3,71.1,133.9,61.0,87.9,104.3,155.2,176.8,193.8,141.7,105.6,104.9,115.9,136.4,63.5,127.6,214.9,144.0,128.3,255.2,99.3,159.7,135.6,156.9,174.3,174.3,53.4,172.9,146.5,166.9,114.6,147.7,158.5,127.3,94.4,90.7,120.5,136.2,59.2,119.3,96.8,114.2,140.8,143.9,183.9,136.4,170.5,126.6,143.4,77.3,245.1,209.0,233.1,234.0,141.5,120.7,165.2,206.3,101.6,203.8,203.4,87.0,222.5,250.9,146.1,69.8,218.0,127.8,169.4,254.1,178.2,262.1,212.3,141.5,NDUFB3,136.984,156.37454545454545,1.1415533599146284
210687_at,8.9,2.1,37.0,48.6,15.7,26.8,37.4,53.3,32.3,31.2,33.8,22.6,14.8,34.3,28.0,30.0,32.2,37.3,33.9,27.9,20.4,32.8,34.6,14.6,10.3,40.8,28.8,29.9,35.3,27.6,56.1,7.3,34.8,30.5,50.4,49.4,13.1,47.9,23.2,34.7,26.9,30.0,35.1,7.5,26.8,27.2,30.5,18.3,7.1,21.8,75.7,26.6,23.4,12.0,16.6,22.6,18.6,3.0,27.1,42.8,43.3,51.4,37.9,40.0,22.0,43.1,13.3,43.7,69.1,6.2,67.7,30.8,28.6,45.7,26.4,19.3,4.7,27.2,25.5,26.3,14.1,33.5,39.9,26.8,28.0,36.4,57.8,26.8,35.5,43.2,26.8,57.7,40.8,24.1,50.9,40.2,33.0,17.0,38.3,49.6,25.6,65.3,35.1,20.8,2.3,CPT1A,28.835999999999995,32.91090909090909,1.1413132574181264
219220_x_at,162.2,115.7,128.6,59.6,134.7,203.7,122.0,93.1,104.9,98.8,110.4,113.5,146.9,128.6,152.1,80.3,99.7,104.4,120.1,166.6,67.9,156.1,138.1,98.7,129.4,146.5,125.5,96.2,138.7,129.1,100.4,133.6,77.2,156.7,120.9,103.5,61.2,98.7,131.1,124.1,137.7,112.7,100.8,159.3,116.3,196.6,105.3,192.5,63.0,102.7,161.4,91.8,181.7,118.6,148.5,154.9,112.2,104.4,136.1,52.0,159.2,182.5,126.7,168.1,125.3,88.8,156.3,238.6,139.1,77.1,123.0,106.7,129.9,183.0,90.1,47.6,128.7,161.8,155.2,157.1,171.6,140.6,176.9,165.9,115.1,126.4,136.8,196.9,77.1,97.8,174.1,157.9,111.4,173.7,167.6,208.6,129.0,160.7,124.0,101.2,106.3,34.3,203.3,134.5,198.2,MRPS22,121.32799999999999,138.11454545454544,1.1383567309651972
209311_at,60.0,79.0,58.4,49.3,71.5,72.5,43.2,28.2,47.4,76.7,54.2,66.2,72.1,27.9,74.3,12.2,44.9,68.3,47.8,41.0,44.3,13.3,76.5,55.1,31.9,39.2,60.4,64.2,95.6,23.1,86.6,85.6,83.5,40.8,44.4,54.5,69.5,59.0,63.3,36.8,63.0,62.6,45.4,71.6,59.2,60.2,61.5,32.0,58.7,25.8,93.9,61.3,63.1,42.3,57.2,45.7,70.4,59.7,83.0,88.9,47.1,43.9,60.8,67.4,34.5,63.6,46.4,90.2,39.1,51.4,86.7,68.3,99.5,69.8,79.7,87.8,66.6,61.5,38.7,57.4,59.4,65.6,57.4,54.8,68.8,46.3,48.0,81.5,77.4,74.4,56.8,32.2,47.3,46.9,81.8,61.0,51.6,19.5,67.2,82.5,60.6,68.3,44.7,45.4,132.9,BCL2L2,55.25399999999999,62.876363636363656,1.1379513453571446
217564_s_at,2.9,29.3,45.6,25.8,56.0,44.3,16.5,19.9,39.9,37.1,5.0,21.1,40.7,5.6,38.2,28.3,15.3,30.7,19.0,42.4,40.2,17.0,20.9,9.6,36.1,50.4,20.2,44.2,1.5,9.7,14.3,16.6,5.3,14.3,3.0,25.5,27.8,21.4,18.5,44.1,8.3,23.5,9.2,34.1,7.4,38.2,13.6,3.5,22.9,9.3,2.0,20.0,2.4,3.6,4.8,39.4,22.6,17.5,6.6,97.9,29.4,37.3,45.3,39.2,45.3,5.0,28.9,10.3,57.4,55.5,8.6,52.2,6.9,32.3,48.3,60.1,28.8,45.3,6.7,61.5,31.8,3.4,33.1,41.7,43.5,1.5,4.2,3.5,4.3,21.5,36.0,36.5,28.5,26.0,43.1,7.2,48.0,2.5,10.5,48.2,2.5,5.7,48.8,13.3,2.5,CPS1,23.484,26.707272727272724,1.1372539911119366
221570_s_at,41.4,60.3,57.0,64.2,46.1,110.4,67.3,108.4,58.0,53.6,92.5,54.4,59.6,57.1,79.2,45.5,62.6,18.8,70.2,49.7,86.4,61.0,100.5,80.2,94.2,70.8,82.2,80.8,84.3,59.2,63.9,58.2,73.1,73.7,70.8,62.0,56.1,61.4,85.4,88.5,72.8,48.2,65.0,82.7,68.3,95.5,52.9,69.6,57.4,77.4,84.3,69.1,88.7,81.9,87.5,74.6,67.9,63.7,65.8,59.5,73.1,72.5,73.3,102.6,56.6,63.2,99.2,99.0,31.1,30.1,102.7,72.9,69.6,96.0,51.4,78.7,68.8,92.8,55.6,60.6,113.9,77.5,68.1,55.6,66.8,82.1,36.7,132.3,46.8,45.3,121.8,112.2,83.4,91.9,41.9,88.0,71.7,49.7,94.1,65.7,50.1,65.1,176.4,96.9,174.3,METTL5,68.77600000000001,78.20181818181817,1.1370509797286577
218385_at,86.2,90.3,148.0,95.4,110.2,129.0,91.4,162.2,82.9,117.9,94.9,113.0,108.4,135.9,127.7,91.9,105.8,112.4,162.8,91.2,159.5,55.2,146.6,116.2,109.7,66.3,118.0,142.9,106.8,173.0,106.4,109.6,99.8,98.3,125.3,93.6,101.1,91.5,146.9,146.2,90.9,127.7,102.1,127.8,89.5,27.6,119.7,94.3,72.8,90.1,179.1,117.1,85.6,93.0,89.4,108.7,110.7,134.5,114.6,118.4,131.0,128.0,103.9,80.0,89.9,84.9,148.0,167.1,135.4,152.2,116.9,145.9,101.7,83.5,93.1,107.1,113.0,85.5,135.6,122.1,110.8,107.5,134.9,101.4,145.0,127.4,131.3,160.4,114.5,155.7,132.6,115.1,96.4,92.7,82.3,156.2,110.5,155.6,181.0,172.0,206.1,164.4,155.1,131.8,177.5,MRPS18A,110.25800000000002,125.34727272727275,1.13685422125626
202148_s_at,83.1,46.9,102.5,148.5,63.1,47.2,70.6,81.8,50.8,110.5,80.6,116.9,87.6,117.4,92.1,59.1,70.5,96.6,159.1,92.2,180.0,120.8,89.4,137.6,53.1,63.2,140.6,25.3,101.7,57.6,88.3,73.0,129.5,84.9,80.2,116.3,101.2,115.2,65.8,62.7,60.0,76.3,108.0,137.8,114.8,62.4,46.9,56.7,113.4,120.4,185.8,112.6,88.3,37.1,67.5,112.2,106.4,21.5,30.9,161.2,64.5,42.0,110.1,90.0,63.2,112.7,60.6,117.3,162.5,46.9,92.4,126.4,115.6,152.5,99.9,42.2,57.8,110.0,118.4,71.3,68.1,80.0,120.3,33.7,68.8,125.6,163.6,150.7,99.0,167.5,34.8,147.6,124.9,60.3,130.2,46.8,339.7,147.4,184.4,127.2,243.9,186.1,34.0,13.8,20.1,PYCR1,91.20399999999997,103.60545454545455,1.1359748974327286
201633_s_at,90.8,80.9,90.6,49.0,99.3,69.2,97.9,73.7,84.0,49.6,67.5,153.6,77.4,81.6,64.2,67.4,87.5,108.1,68.0,87.0,90.2,100.0,48.4,83.1,77.4,54.5,52.1,52.2,59.1,49.7,69.8,58.6,82.6,71.8,35.8,73.1,41.9,57.1,113.5,48.8,83.8,54.8,93.3,86.6,82.6,79.6,73.5,77.5,86.7,55.8,132.1,62.2,58.8,54.7,98.1,70.2,52.6,57.2,51.0,73.1,63.1,74.1,57.7,82.4,69.5,68.3,117.8,109.1,93.7,128.3,146.8,71.2,42.4,124.6,63.4,87.2,47.3,96.3,76.4,76.8,68.2,66.0,44.6,124.9,47.4,54.1,57.6,123.6,65.4,87.5,75.4,83.8,75.7,68.2,96.0,72.5,68.1,150.4,157.2,133.0,108.4,86.0,119.7,90.8,137.6,CYB5B,74.82400000000001,84.88181818181818,1.134419680608069
210686_x_at,448.8,423.6,580.5,325.7,756.2,337.5,850.2,331.2,692.4,809.1,344.4,830.6,405.8,359.9,683.4,531.0,317.3,374.1,621.7,436.2,264.3,349.7,385.9,360.3,259.1,491.4,340.8,445.7,389.8,492.6,356.3,565.1,343.9,313.0,339.3,513.8,350.7,435.1,303.4,404.7,301.1,494.3,532.3,203.7,347.5,504.5,300.0,300.3,412.1,464.5,517.5,458.6,255.8,292.3,309.5,242.3,365.1,454.8,385.0,316.9,693.3,880.9,401.9,465.4,514.6,436.8,846.0,344.5,605.6,566.3,456.1,461.5,492.8,639.1,377.3,423.2,569.7,715.5,570.7,319.8,582.7,382.4,410.2,696.8,452.6,521.9,597.5,551.6,533.6,316.1,461.7,280.4,390.8,275.7,682.9,557.1,853.7,378.5,626.4,790.0,714.6,412.5,574.5,465.9,571.8,SLC25A16,440.4959999999999,499.28545454545457,1.1334619486793402
204309_at,57.0,56.8,8.9,57.0,35.4,27.9,38.3,9.3,27.1,39.0,6.7,59.6,2.5,33.6,29.8,16.2,31.3,45.0,16.5,21.8,44.7,54.0,26.6,10.7,30.9,43.7,7.3,49.2,42.2,37.1,38.3,29.4,2.4,26.1,17.9,55.1,56.5,43.0,37.0,39.3,39.2,5.4,26.8,53.6,13.9,18.9,25.8,6.3,14.4,31.0,107.3,54.5,17.2,21.1,33.4,35.2,22.1,18.0,25.1,25.7,20.8,49.7,18.9,27.5,28.6,22.9,21.1,21.9,18.7,77.5,47.0,3.0,21.1,46.3,56.8,47.6,20.6,8.8,23.3,31.5,32.5,16.9,34.6,43.7,6.5,32.8,64.0,53.2,14.4,67.5,22.3,71.4,6.2,29.7,14.5,33.1,70.2,43.0,73.7,66.1,45.0,67.8,14.7,14.6,15.5,CYP11A1,30.928000000000008,35.03818181818182,1.1328951700136385
218732_at,63.2,115.8,104.6,62.6,89.6,129.2,43.0,46.6,84.8,71.1,58.5,31.6,75.7,60.2,77.3,54.6,44.4,47.6,101.5,87.6,55.3,90.8,113.5,56.5,88.9,105.6,80.8,100.9,97.3,106.4,135.1,91.2,131.4,74.6,136.4,61.1,88.4,62.3,101.3,118.3,70.8,84.5,66.4,82.3,95.2,36.0,72.4,107.7,125.8,114.2,91.4,97.1,104.7,132.8,124.7,105.9,137.6,85.9,79.0,57.4,81.6,54.6,72.4,127.0,105.7,76.5,68.0,82.4,97.2,15.6,21.5,90.8,80.1,93.8,96.0,194.3,99.8,76.0,67.4,118.6,77.9,78.6,88.9,73.9,124.3,68.7,30.2,158.0,124.4,64.9,103.7,122.5,115.2,161.8,105.3,102.3,45.1,106.4,130.5,80.2,121.5,23.2,150.5,140.7,97.4,PTRH2,84.01800000000001,95.12545454545455,1.1322032724589317
50374_at,83.2,70.7,81.6,74.5,100.5,104.7,80.1,170.0,54.8,130.3,79.8,174.6,119.1,142.2,103.5,121.5,155.1,151.3,136.7,119.9,104.8,96.7,117.1,76.9,76.7,99.3,80.6,158.1,130.5,86.8,83.7,79.9,102.0,140.9,96.0,104.6,136.8,99.1,107.7,114.2,122.1,82.1,70.8,123.7,105.6,89.0,99.5,104.9,119.0,126.3,163.7,128.8,151.4,127.0,172.3,92.1,69.3,127.7,90.5,108.4,86.7,93.6,87.9,95.8,71.4,91.3,94.3,104.5,111.0,89.9,140.7,84.0,142.8,157.1,138.6,97.1,96.4,126.3,71.2,157.8,93.4,76.7,104.3,122.3,136.2,94.7,161.8,131.4,88.1,185.3,132.0,129.8,87.6,135.8,75.8,112.2,198.4,169.9,93.3,191.7,170.6,148.5,178.1,142.3,181.0,OXLD1,107.79000000000002,122.01454545454547,1.1319653535072405
217883_at,398.7,389.5,358.2,260.7,331.7,453.0,400.4,255.4,342.3,323.5,285.0,228.1,396.8,231.0,333.2,178.1,225.5,149.5,334.7,479.3,438.2,305.0,469.7,324.7,339.5,300.4,289.1,282.3,358.6,291.4,302.8,298.1,270.4,396.4,392.2,353.7,308.4,302.2,441.3,488.4,383.4,486.4,493.4,287.6,398.9,319.6,414.5,464.9,429.1,240.4,264.7,344.5,493.2,528.8,437.7,457.7,529.0,330.9,483.1,178.8,632.7,367.7,325.5,403.4,374.9,329.3,414.0,471.1,364.9,279.0,296.3,338.9,355.8,473.8,339.2,427.3,443.1,521.9,427.4,492.0,533.9,334.7,386.4,546.5,418.3,409.0,293.4,546.3,491.8,265.3,459.4,315.8,368.9,539.2,400.0,501.4,238.8,199.7,422.6,304.8,186.9,214.8,395.2,171.0,355.8,MMADHC,344.51199999999994,389.5727272727272,1.1307958134193505
205307_s_at,70.4,76.7,57.8,57.8,31.1,69.5,28.8,42.1,53.9,35.5,70.4,44.6,66.5,86.7,56.4,65.2,43.2,48.2,80.4,87.6,74.5,47.3,81.0,24.6,56.9,64.3,58.1,69.3,63.7,105.2,64.1,60.5,29.5,43.9,29.1,87.1,63.2,64.9,51.6,37.2,62.8,27.7,58.7,63.0,66.4,110.6,52.9,47.1,49.7,83.2,113.0,57.7,34.4,41.0,74.6,53.9,64.4,66.9,40.9,83.6,47.3,61.9,41.3,62.6,74.2,47.9,86.7,65.6,68.7,77.2,16.7,100.3,86.9,63.5,16.8,27.2,78.9,24.8,38.2,58.9,96.2,59.8,83.0,10.6,56.9,51.9,136.2,75.6,102.3,48.1,88.7,101.2,27.8,68.0,106.1,104.1,120.2,68.2,75.3,33.1,135.6,22.5,77.0,61.6,108.4,KMO,59.417999999999985,67.17090909090908,1.1304808154247719
217630_at,6.0,8.8,18.0,16.8,48.2,21.6,9.6,20.3,7.3,11.6,21.4,4.6,29.1,36.2,6.6,15.7,8.0,76.9,21.6,15.3,19.2,31.3,6.3,27.9,21.3,7.3,13.6,10.6,6.1,7.0,23.5,4.4,5.9,11.6,29.0,15.5,51.5,6.1,3.2,18.2,9.0,27.4,43.9,38.3,7.6,7.2,18.6,27.1,4.8,17.1,100.5,39.2,4.0,21.5,6.0,26.8,9.4,3.6,16.7,8.1,17.0,11.6,27.1,3.0,29.2,24.7,4.4,23.4,7.8,7.0,24.1,9.0,3.1,8.8,22.1,6.9,11.6,28.9,31.8,13.4,40.4,30.0,46.0,3.1,21.0,9.8,17.8,54.1,5.3,68.9,47.9,8.6,3.5,4.7,22.1,5.2,27.0,4.4,37.7,5.3,10.8,52.5,24.3,45.4,2.5,ANGEL2,18.482000000000006,20.89090909090909,1.1303381176771499
209092_s_at,137.4,110.4,118.9,80.3,136.5,167.5,123.4,60.6,145.1,159.3,110.0,84.7,158.6,127.4,87.6,87.0,69.4,85.5,124.3,234.9,151.3,156.9,131.8,117.1,86.7,100.6,114.1,131.1,172.9,72.1,105.2,124.6,75.9,149.7,153.6,137.3,154.1,109.2,133.3,173.6,140.6,171.3,139.2,140.3,120.6,165.7,125.2,200.7,135.3,112.0,108.0,147.5,170.7,162.5,174.2,181.4,143.0,193.4,139.4,64.8,110.7,171.9,155.0,118.0,87.8,162.2,174.8,226.1,119.1,148.0,172.9,142.9,113.7,159.3,74.6,99.0,181.5,199.7,124.2,126.1,203.8,163.6,149.6,147.1,151.4,171.9,110.8,99.3,117.0,114.7,154.8,119.7,149.3,174.7,162.8,179.4,175.3,104.5,131.5,121.8,236.0,95.1,144.6,123.4,112.3,GLOD4,128.21600000000004,144.85090909090914,1.1297412888477967
207721_x_at,41.3,72.3,106.9,267.1,144.9,311.9,80.3,330.0,90.0,38.4,224.0,84.2,184.6,455.9,279.0,41.2,209.3,382.2,58.5,291.1,208.3,138.2,264.2,150.9,382.4,178.5,134.6,135.9,137.9,59.6,57.5,98.1,270.3,191.2,166.9,168.2,204.1,132.6,67.1,195.8,211.3,184.1,186.1,50.6,147.5,162.4,40.0,232.5,49.0,160.7,87.1,198.2,305.0,209.6,309.3,269.3,98.8,201.0,231.2,264.7,258.1,154.1,158.4,103.0,224.3,126.8,164.8,171.1,207.4,74.3,199.0,132.4,117.6,222.1,211.7,223.3,189.7,306.4,228.2,169.6,202.1,252.9,295.9,178.9,63.8,190.9,66.1,150.4,313.1,113.0,185.6,78.5,151.9,207.8,203.0,276.2,330.8,106.9,204.5,207.8,47.5,242.1,252.7,53.8,316.4,HINT1,169.19200000000004,191.07454545454542,1.129335580018827
200748_s_at,4358.7,5107.6,4664.0,6481.1,4911.4,4828.0,5237.9,4253.1,4936.6,6282.5,6069.9,6035.6,7518.2,6153.3,5079.5,4722.6,4941.3,4355.6,4978.5,7212.8,6108.9,4484.7,5827.1,5007.5,6254.9,7182.0,5611.1,5409.5,7830.3,7456.8,8454.9,5695.3,6854.1,5607.6,6353.3,6977.2,5977.7,7198.9,9433.6,7611.7,5565.0,8183.7,6528.7,5277.2,5167.5,6389.2,7318.7,6152.7,7166.9,6631.7,8382.3,6216.5,6332.1,6332.1,5763.2,5702.1,6941.4,5004.4,6790.6,7365.6,8147.5,6481.4,5544.0,9101.0,7841.3,6700.1,6749.5,5614.4,8561.0,6610.4,7887.3,6642.7,6647.7,4863.8,7019.8,8794.1,6449.9,6976.7,7117.2,6944.0,6085.7,7169.2,4951.0,7318.2,6967.9,6148.4,5551.2,6798.6,8812.4,8076.5,4950.4,7444.6,6286.8,6257.9,6972.5,7009.1,6088.5,6349.7,5803.4,10095.3,6512.2,5880.9,7620.9,6780.2,9965.4,FTH1,6076.932000000002,6862.2000000000035,1.1292211267132826
212145_at,116.1,104.3,123.1,111.2,141.9,162.2,105.8,103.9,87.2,123.7,129.8,95.5,134.0,81.5,108.4,111.7,83.7,104.6,103.6,120.0,152.9,180.5,125.7,149.5,139.3,184.5,148.8,141.5,106.6,109.3,142.9,121.8,134.1,118.3,149.5,121.8,148.9,115.6,138.8,131.7,165.7,119.6,143.0,112.1,117.3,264.3,134.2,157.9,161.6,97.2,137.0,179.4,130.0,138.0,145.7,130.7,142.7,156.6,157.6,120.4,75.4,165.9,114.0,130.3,99.8,147.4,130.3,172.7,124.5,130.2,118.4,148.1,111.4,188.3,120.9,112.1,83.0,162.4,118.0,212.1,150.0,168.5,196.9,117.5,103.5,171.7,173.6,52.5,102.0,126.0,158.9,105.2,135.0,199.8,112.1,140.9,219.4,188.2,189.7,175.3,204.8,161.0,146.2,205.9,248.7,MRPS27,129.74200000000002,146.48363636363635,1.1290379088008227
209766_at,56.6,42.8,67.9,84.7,75.9,66.5,49.3,66.0,65.2,47.2,130.7,68.9,64.6,38.4,98.0,110.9,66.4,49.8,100.8,37.7,71.0,44.7,94.8,70.2,72.8,58.7,95.1,135.9,74.2,121.4,82.3,74.7,23.2,34.0,57.3,62.8,109.2,66.7,38.8,31.5,84.4,94.8,58.0,108.4,59.9,57.9,31.2,64.7,75.4,18.2,91.7,66.5,28.5,46.0,44.6,43.2,55.7,65.2,67.9,103.7,70.2,96.7,53.5,62.4,88.9,104.5,54.0,78.5,102.3,57.3,124.9,53.0,74.1,79.8,80.8,66.6,111.2,56.2,67.9,99.9,65.3,70.8,96.7,57.4,108.6,79.8,85.2,68.1,88.3,78.5,104.4,103.8,72.8,59.5,37.9,180.1,146.6,100.8,83.4,91.8,53.5,97.8,84.5,68.0,18.3,PRDX3,69.21,78.13818181818183,1.1290013266606247
207421_at,20.8,20.5,66.9,10.3,41.8,63.5,41.4,167.7,31.1,67.8,19.9,13.6,11.1,62.1,61.3,60.1,19.8,26.5,61.2,47.9,41.3,51.8,42.7,40.8,20.8,10.2,66.3,66.2,35.8,111.6,69.5,65.4,106.8,19.0,65.9,59.4,114.4,52.5,77.5,63.8,23.3,87.9,69.6,60.9,38.3,144.9,58.3,8.4,81.5,97.5,55.0,57.9,26.9,23.1,33.4,13.7,63.6,34.6,15.0,104.1,13.6,41.9,95.3,76.9,14.4,91.7,60.7,89.7,93.2,40.0,60.3,38.8,80.9,68.2,66.2,88.3,11.0,10.9,32.8,15.5,13.7,81.8,67.6,83.0,82.5,90.1,16.4,67.4,52.8,133.8,61.9,111.0,55.0,20.6,74.7,88.2,154.0,100.1,68.2,106.4,17.5,101.4,66.3,114.5,88.2,CA5A,55.35200000000002,62.44909090909091,1.1282174250088686
201619_at,158.7,204.0,118.7,143.4,145.9,189.1,163.5,24.4,180.2,146.4,143.4,105.7,172.8,19.9,109.4,148.9,19.9,22.7,67.4,146.5,134.9,213.9,197.2,62.0,181.0,108.4,127.2,93.1,148.8,121.9,194.0,186.1,138.8,178.0,236.5,172.9,125.6,169.6,237.1,220.1,144.6,162.5,327.4,191.3,172.0,104.5,184.9,279.2,182.7,165.5,159.6,149.1,302.7,308.2,159.1,154.7,284.0,285.8,141.8,164.1,177.9,151.0,61.4,140.6,188.3,187.7,117.6,207.3,178.2,162.3,46.6,175.9,135.6,105.2,82.4,224.3,178.8,159.7,149.4,242.0,219.5,187.0,171.6,206.0,114.2,226.0,17.9,124.6,152.0,210.1,186.4,136.6,243.1,175.6,216.2,150.2,199.8,169.3,102.4,151.4,109.7,92.4,145.2,76.0,452.8,PRDX3,151.85200000000003,171.22363636363636,1.127569188180836
221845_s_at,81.9,79.7,54.6,86.9,34.2,67.4,58.9,116.0,55.1,31.4,118.4,48.3,22.6,65.5,62.2,89.7,92.2,35.9,96.9,19.8,135.6,89.7,84.5,90.6,116.9,116.1,130.7,61.9,70.2,100.0,20.3,77.0,112.0,96.6,75.7,71.1,67.4,41.5,115.4,15.9,58.3,73.2,78.6,77.7,30.8,127.1,71.9,81.4,57.1,133.9,189.2,75.8,31.3,57.2,88.9,101.3,63.2,88.0,77.4,147.3,38.1,103.2,112.5,125.8,77.7,76.6,56.0,61.4,74.0,138.4,74.0,77.8,98.7,99.5,105.9,82.4,46.9,78.1,93.5,30.6,45.4,26.1,26.9,142.6,74.4,25.7,147.2,107.9,98.2,83.2,127.2,138.5,74.0,88.6,32.8,118.3,104.1,17.7,100.6,122.2,143.4,125.1,74.4,74.6,15.1,CLPB,75.934,85.54363636363635,1.126552484573924
202069_s_at,63.3,40.3,65.7,37.8,65.8,55.9,39.1,22.2,34.0,18.9,37.0,64.7,52.3,38.6,33.3,72.2,29.9,52.9,31.3,34.0,48.8,50.4,51.4,31.1,47.9,42.6,54.7,37.9,57.2,66.3,56.7,36.5,49.4,53.3,52.5,31.9,89.5,47.1,17.4,47.0,17.9,32.2,47.7,44.6,39.8,34.4,37.2,65.8,27.8,56.3,56.5,46.3,25.8,44.0,48.4,35.3,57.6,44.7,56.5,77.9,32.3,49.3,48.4,53.4,41.2,73.9,51.2,57.2,38.5,66.0,111.4,43.4,37.5,61.5,21.4,59.0,54.5,58.6,61.7,30.9,63.5,40.2,67.6,46.2,41.6,35.2,21.7,45.8,43.2,66.6,25.1,76.9,64.5,63.0,73.2,30.7,42.3,55.7,61.7,53.4,64.4,53.4,75.4,29.5,18.1,IDH3A,45.25000000000001,50.96727272727272,1.126348568558513
218549_s_at,34.8,28.6,57.5,36.6,52.7,52.0,37.1,41.2,51.1,47.9,46.6,46.7,49.4,19.2,42.8,42.7,27.0,13.0,31.8,30.3,63.2,25.9,25.3,39.4,47.8,65.7,57.5,66.0,45.3,36.8,48.5,69.2,56.1,46.4,28.5,44.1,46.6,47.7,34.9,38.3,44.3,36.7,47.5,40.1,39.6,37.4,39.0,50.4,41.2,63.8,36.1,39.2,48.1,54.7,47.6,35.3,35.9,57.6,51.7,54.1,60.5,39.2,57.2,52.4,54.6,58.2,75.2,59.1,37.2,38.0,74.4,54.1,55.1,51.0,43.6,65.2,57.5,42.9,28.3,46.6,52.4,48.2,35.8,47.9,46.7,34.8,38.3,53.5,25.4,52.2,53.5,15.8,35.0,52.4,51.9,49.2,71.6,55.9,48.7,29.4,28.0,38.0,69.1,34.3,98.0,RMDN1,43.244,48.66545454545455,1.1253689424071445
201134_x_at,146.2,242.9,280.3,88.4,257.1,326.6,150.2,384.1,210.0,169.8,247.7,276.9,260.2,269.6,302.1,151.9,187.5,209.3,244.4,287.7,328.3,365.7,346.6,172.4,251.7,239.4,268.4,158.4,224.5,384.2,314.3,237.4,270.4,184.9,156.0,172.4,184.2,277.4,186.1,192.4,154.1,220.7,183.0,261.4,234.1,167.3,190.5,185.3,172.5,254.5,404.7,261.3,460.7,294.0,334.7,172.3,173.9,232.6,281.6,210.3,325.3,145.5,309.4,248.7,177.6,216.7,276.3,306.8,264.7,220.8,253.2,196.9,89.7,356.1,131.9,323.7,199.8,247.8,231.0,135.4,212.7,323.3,356.9,281.4,231.5,242.6,163.5,261.6,258.1,220.8,141.2,222.1,284.6,352.6,324.2,230.1,378.0,331.6,316.3,393.7,268.3,112.1,393.5,200.7,411.3,COX7C,232.62799999999996,261.7472727272728,1.1251752700761424
201339_s_at,208.3,229.5,201.1,174.9,214.4,224.3,262.8,105.2,205.3,141.3,187.5,103.4,342.5,72.9,170.8,102.3,61.5,54.5,89.9,276.6,157.5,160.6,217.1,197.0,256.6,238.3,174.2,237.0,205.9,116.6,192.2,351.0,199.9,322.6,319.2,203.3,186.3,188.5,186.6,243.0,289.5,232.8,276.3,266.3,330.0,361.0,300.8,489.1,228.5,169.7,127.7,302.5,367.3,290.7,315.5,233.4,264.2,200.0,313.9,106.1,262.0,373.9,210.8,278.8,262.9,253.1,215.1,318.6,206.4,172.9,194.8,224.9,163.0,380.1,123.6,203.7,280.5,351.9,299.2,236.0,265.8,247.3,528.3,232.1,175.1,208.1,149.9,182.9,330.3,195.4,204.7,182.3,288.6,327.3,282.0,251.1,265.7,161.5,145.1,175.2,192.8,176.3,229.9,77.4,264.8,SCP2,214.528,241.33454545454543,1.1249559286179214
203340_s_at,62.5,56.0,94.2,94.7,127.1,116.2,72.6,118.3,95.5,85.1,59.4,71.4,88.7,96.8,78.2,110.2,45.3,93.8,124.3,92.5,63.5,9.7,79.2,119.7,124.3,134.3,128.3,117.4,74.5,77.5,116.6,75.2,64.7,117.1,91.6,80.8,141.2,107.9,123.6,164.6,86.5,85.3,70.7,128.7,59.1,119.5,81.5,60.9,60.9,143.1,103.5,161.6,22.2,103.6,86.1,66.0,74.0,105.8,92.8,62.3,84.7,97.1,106.0,131.6,122.9,135.3,82.5,113.0,103.4,106.3,196.0,82.8,102.5,136.8,133.9,215.2,35.0,94.6,64.6,110.4,169.2,106.2,113.0,108.0,109.1,134.2,67.2,106.0,117.2,82.3,66.9,111.8,53.9,87.4,76.9,90.2,155.4,139.3,153.9,142.0,100.7,155.4,86.0,107.8,28.6,SLC25A12,93.814,105.4745454545454,1.1242942999397256
202411_at,93.5,67.0,59.0,84.5,16.6,87.7,48.0,22.2,58.0,28.8,8.3,23.8,8.7,25.3,45.1,17.3,42.5,17.2,19.7,46.0,69.2,89.4,57.2,18.6,127.1,100.7,16.6,46.1,8.4,37.9,15.9,20.6,12.3,33.0,124.3,14.8,67.4,11.9,136.9,9.3,24.6,20.6,12.7,155.4,105.1,88.6,55.7,93.7,143.9,14.7,58.9,32.5,23.9,27.9,64.9,59.9,69.7,66.0,50.8,37.0,57.9,58.1,80.5,12.6,54.3,93.3,77.9,78.9,32.5,107.8,45.0,38.3,9.2,71.3,46.1,70.2,22.0,6.7,95.7,7.8,95.3,67.0,53.5,65.3,90.8,39.3,22.6,238.7,115.4,19.4,7.4,110.6,48.6,23.4,51.2,47.0,20.4,32.2,13.2,121.9,56.4,72.4,48.4,90.2,47.5,IFI27,51.03599999999999,57.37636363636363,1.1242331616185368
221826_at,46.3,30.5,24.2,31.3,34.9,48.0,41.0,11.2,6.5,25.6,21.8,30.4,17.5,38.4,31.8,29.6,82.9,3.6,13.5,31.3,12.0,8.9,58.0,11.9,58.0,28.6,77.3,32.7,4.2,39.1,61.2,23.3,28.7,44.8,36.8,45.1,42.9,25.0,43.4,15.2,46.2,40.5,64.5,10.5,29.5,56.9,49.7,42.3,62.9,14.6,77.6,33.6,47.8,45.8,69.1,51.3,54.1,41.3,16.6,41.6,55.7,38.9,44.1,22.2,48.4,35.4,27.4,53.5,14.3,36.5,44.2,49.9,21.3,83.6,39.6,17.2,39.9,66.2,10.0,10.3,31.5,39.3,77.0,45.9,31.3,5.5,9.5,14.2,22.0,47.3,76.9,63.9,24.6,29.1,46.2,89.5,36.6,22.6,8.5,40.8,5.0,39.1,21.8,44.5,10.6,ANGEL2,34.300000000000004,38.556363636363635,1.1240922342963158
212767_at,35.4,67.7,40.4,17.2,17.2,63.2,17.9,27.3,14.9,17.7,18.3,49.8,63.3,45.8,17.1,56.1,86.9,26.2,39.9,10.1,21.3,25.3,15.5,63.0,19.3,16.9,71.6,62.2,20.6,28.6,10.5,68.4,17.3,16.6,25.9,52.5,42.1,61.3,26.1,9.4,45.5,52.8,45.8,22.5,14.6,7.1,60.7,13.1,70.7,34.6,90.9,59.6,12.9,28.2,14.1,51.2,15.1,16.7,60.5,22.1,51.5,35.8,18.5,14.5,55.8,15.8,11.8,16.8,18.9,33.8,17.8,87.9,17.4,17.3,84.0,17.4,45.9,39.8,10.1,26.4,99.9,64.2,46.1,16.2,43.4,81.8,49.7,60.7,19.6,114.3,89.9,13.8,14.4,61.2,69.7,77.4,20.6,25.2,9.7,16.0,21.9,49.3,47.5,31.1,35.3,MTG1,35.48399999999998,39.77090909090909,1.1208124532439723
214095_at,8.8,12.5,14.2,7.2,24.7,9.0,20.5,4.6,8.0,10.1,2.9,16.9,8.5,3.5,5.1,6.8,5.4,4.5,23.8,5.4,9.3,5.2,16.2,29.2,6.2,43.6,4.5,10.0,8.8,6.6,22.0,13.9,2.1,3.9,4.1,9.2,7.4,3.6,10.0,16.3,9.3,5.8,4.1,6.6,5.2,5.9,1.5,15.2,2.4,5.4,1.7,24.0,25.9,5.7,8.6,10.1,2.0,9.9,19.2,3.5,3.3,4.4,4.1,42.7,4.1,3.3,18.6,13.4,3.2,20.6,90.3,2.8,5.3,30.6,4.5,8.3,24.8,3.4,4.8,31.0,9.0,22.6,3.9,1.3,4.4,8.4,2.6,3.6,10.5,8.5,7.9,4.8,5.9,7.7,11.8,1.4,2.1,15.2,13.0,2.8,9.1,4.7,12.1,0.9,2.7,SHMT2,9.918000000000001,11.109090909090911,1.12009386056573
218327_s_at,70.2,58.4,49.6,109.4,46.1,54.0,35.6,36.6,69.8,17.2,68.4,34.0,90.0,79.6,40.8,18.1,105.8,22.3,129.6,76.3,37.9,77.0,73.8,46.9,87.8,36.4,67.9,80.1,58.9,67.0,78.7,82.6,89.3,23.5,61.1,72.4,23.9,22.6,61.2,70.3,90.9,65.4,37.8,23.7,41.1,70.9,54.9,54.7,72.2,54.9,34.0,9.7,67.8,37.8,82.3,53.6,87.6,89.5,78.4,89.8,54.8,32.3,86.3,63.4,59.2,61.2,50.7,77.1,100.8,60.6,105.5,116.5,94.5,55.6,88.7,58.7,74.6,49.3,89.4,86.6,71.0,55.1,10.0,111.0,49.2,64.4,11.5,11.2,23.0,66.2,89.7,68.6,11.9,72.9,71.8,74.4,57.8,95.6,79.1,94.5,93.3,82.8,78.8,68.9,80.4,SNAP29,59.952000000000005,67.08,1.1188951160928742
212603_at,51.8,83.4,80.5,36.3,53.3,55.9,123.6,82.0,83.9,61.1,69.9,77.4,67.6,39.3,70.1,96.7,64.4,69.8,42.1,114.5,60.2,115.6,60.6,68.8,47.7,84.3,66.7,65.0,52.4,7.3,11.5,66.3,36.3,113.0,88.4,42.3,69.2,85.5,8.1,104.7,70.8,71.4,59.4,28.1,26.6,93.0,69.8,107.6,50.8,10.0,14.8,10.2,104.9,46.0,121.7,35.8,99.4,51.8,74.3,125.6,74.7,83.1,62.1,42.8,8.1,87.0,148.1,81.3,79.0,72.3,12.5,46.4,51.5,115.4,111.5,51.8,65.5,73.6,74.3,72.7,34.3,133.5,171.1,9.4,74.1,48.3,85.0,81.7,81.1,68.4,79.6,12.8,10.9,70.2,129.5,95.5,133.3,27.8,155.0,100.4,48.2,112.3,10.9,59.5,80.5,MRPS31,65.30000000000001,72.93636363636365,1.11694278156759
205716_at,35.9,59.1,59.5,34.8,54.0,41.2,54.0,58.2,33.6,53.5,47.8,37.4,43.7,39.3,36.7,47.6,44.3,54.6,78.2,42.2,66.5,51.0,73.7,55.8,28.7,49.2,34.6,17.2,80.1,62.7,44.4,61.6,32.9,25.4,38.5,21.5,27.1,39.2,60.9,73.1,57.5,57.9,56.9,28.3,57.0,78.1,28.9,43.9,25.2,68.1,51.6,56.2,45.0,42.7,44.4,20.2,41.5,55.6,16.1,70.1,52.8,47.0,45.0,44.3,77.0,41.6,50.8,71.3,80.8,51.5,144.1,44.3,45.9,43.4,61.7,41.4,38.6,31.8,42.3,52.4,57.6,51.9,30.0,71.7,29.1,58.5,35.5,58.6,44.6,76.9,46.0,75.6,33.2,41.5,38.6,23.1,81.4,72.1,60.7,62.6,48.1,79.6,43.8,75.3,102.4,SLC25A40,48.03000000000001,53.63272727272726,1.1166505782370861
221797_at,16.8,19.7,51.2,11.3,40.1,42.9,20.5,18.7,23.7,18.4,4.0,19.1,24.0,52.9,29.7,6.6,58.0,24.0,21.4,5.6,30.7,53.4,21.4,18.1,34.2,32.6,7.9,3.8,13.6,42.6,67.8,41.4,71.1,36.3,28.0,56.1,12.3,10.8,95.4,28.9,9.6,30.5,34.3,6.3,64.4,29.2,34.7,39.5,4.8,58.7,45.8,47.7,34.4,35.3,5.0,16.0,10.4,31.3,37.0,8.1,51.8,22.8,39.7,45.4,13.9,67.5,11.4,68.5,61.4,11.4,45.2,31.0,19.1,27.7,47.7,51.0,3.2,6.3,36.3,41.8,40.9,44.0,42.0,66.3,29.8,16.2,26.7,10.2,21.9,10.7,6.2,16.4,90.5,28.7,64.5,51.2,21.0,15.6,10.6,64.4,24.0,14.7,84.4,29.6,70.0,OXLD1,30.54,34.08363636363637,1.1160326248734898
217063_x_at,4.9,43.0,56.9,34.5,59.6,47.2,28.7,18.4,33.9,11.1,36.3,19.6,11.6,35.7,62.3,17.9,12.9,67.0,15.1,38.3,55.6,26.9,27.9,58.6,54.3,20.0,29.5,60.8,70.4,45.6,21.6,59.0,61.7,33.2,34.8,44.2,48.3,35.0,7.1,25.0,45.7,30.3,42.2,85.0,55.3,53.2,32.8,3.8,9.6,71.8,15.7,53.9,21.5,15.2,9.1,28.3,5.2,45.6,50.8,20.7,25.6,62.9,44.3,48.2,54.8,58.2,50.3,23.7,70.0,35.5,51.0,34.9,60.3,39.6,45.1,42.1,17.5,40.8,56.1,45.4,26.7,31.8,27.1,29.3,39.6,55.7,128.3,69.4,40.8,15.3,55.0,6.0,66.6,41.5,52.7,42.5,28.8,39.3,42.6,37.7,102.4,49.7,34.6,40.4,60.9,YME1L1,38.08199999999999,42.490909090909085,1.115774095134423
203800_s_at,142.4,153.8,129.4,184.2,167.5,189.5,179.6,178.8,89.3,148.4,176.1,106.7,165.7,212.9,121.9,123.0,179.0,204.9,172.6,144.7,153.3,195.4,171.0,195.4,189.3,160.7,200.4,136.8,234.6,191.9,160.4,158.6,196.3,129.2,112.2,131.8,136.5,225.5,218.9,183.2,126.4,166.2,187.4,180.6,150.2,230.4,156.6,139.8,173.2,182.0,356.1,178.3,217.7,175.6,145.5,238.3,298.8,253.3,173.9,149.4,132.2,147.9,218.5,187.4,165.2,161.3,168.3,182.2,137.3,210.8,171.2,142.7,164.1,153.7,165.4,213.5,151.2,217.7,174.2,166.5,157.2,186.8,170.0,229.1,143.5,192.0,166.0,161.9,226.9,102.8,184.0,200.9,161.4,193.0,102.6,140.0,338.8,209.4,201.8,203.7,227.3,143.9,217.6,153.7,203.4,MRPS14,166.89199999999997,186.1072727272727,1.1151359725287775
40850_at,31.8,170.5,20.3,85.1,14.7,14.3,79.4,453.2,87.0,123.8,15.5,36.3,20.5,645.8,61.6,257.6,144.4,248.9,199.7,27.7,124.5,113.0,26.4,94.4,72.3,86.8,182.0,22.6,60.8,312.6,125.2,115.9,293.0,222.9,135.6,336.1,45.0,109.1,79.7,15.0,89.2,14.8,11.3,37.9,209.8,207.2,116.0,123.8,266.8,325.2,315.0,160.3,107.4,25.3,143.9,51.8,135.0,31.1,12.1,145.1,52.9,100.2,329.3,137.2,178.9,61.6,11.6,153.5,212.9,319.7,281.0,91.1,20.4,50.6,43.7,120.8,17.5,40.2,84.0,36.7,119.5,56.6,13.7,159.8,49.8,155.7,395.4,266.5,329.0,375.4,274.7,249.6,206.9,15.1,44.1,128.4,233.6,192.8,189.1,210.6,262.1,329.7,153.7,152.3,197.5,FKBP8,134.26000000000002,149.68000000000004,1.1148517801281097
217140_s_at,137.2,148.4,122.2,62.8,114.8,78.9,113.8,29.3,137.0,96.2,49.3,78.4,127.9,52.4,77.6,138.3,57.7,29.2,76.6,178.7,115.5,137.1,104.5,136.0,143.1,94.4,76.3,59.8,118.6,146.1,70.8,39.0,113.2,135.5,103.7,140.4,99.6,70.7,122.2,124.5,82.6,69.3,117.8,152.1,152.7,106.6,180.5,210.1,108.9,97.4,111.3,92.8,144.8,134.6,130.7,80.8,80.1,106.3,106.1,18.4,83.9,156.9,142.7,131.4,125.1,108.6,118.8,103.4,90.5,142.4,121.6,165.5,135.2,125.2,94.0,103.6,176.0,120.0,89.3,81.8,160.6,137.9,158.1,155.2,135.5,119.3,105.8,120.8,114.2,104.6,99.5,144.5,191.8,124.1,93.0,99.1,171.5,142.1,131.8,84.4,190.9,79.3,130.8,76.4,47.5,VDAC1,106.71400000000001,118.91818181818184,1.1143634557619602
201413_at,190.8,182.8,110.4,175.3,147.1,143.2,190.6,37.5,180.1,171.0,161.7,133.8,260.4,76.4,144.9,154.4,94.4,63.8,119.8,208.7,127.0,96.2,219.0,197.5,147.1,115.5,204.5,125.2,288.3,200.3,173.0,212.4,166.4,150.0,173.3,151.1,196.8,168.2,164.7,230.3,233.1,272.4,158.8,131.4,127.6,231.1,166.7,251.6,184.9,169.2,120.8,169.4,191.9,176.7,207.7,147.5,177.5,188.7,190.0,147.1,173.4,230.1,278.1,199.0,175.5,164.3,164.4,211.9,273.1,125.9,181.2,155.2,153.9,105.6,149.2,170.8,204.8,133.8,309.7,160.4,253.2,156.0,267.4,245.8,139.0,188.0,151.6,139.0,192.5,164.6,206.9,78.8,150.9,190.2,328.1,185.4,214.3,217.2,176.2,175.3,291.9,31.0,236.0,241.9,201.7,HSD17B4,167.61400000000006,186.55454545454546,1.1130009751843246
210377_at,32.8,10.4,8.5,13.3,26.5,4.4,27.3,7.3,28.3,32.4,29.3,9.7,18.2,35.4,31.3,38.6,24.3,6.3,6.7,47.1,3.0,31.8,24.5,17.2,5.3,30.7,7.2,26.4,5.7,27.7,6.7,13.6,5.3,22.8,33.7,42.4,9.9,39.6,50.0,53.2,17.1,16.9,15.2,9.6,74.7,14.6,17.3,25.1,18.5,41.0,91.6,25.2,3.6,18.5,18.6,27.7,16.3,39.7,23.2,24.6,31.1,23.9,77.5,42.1,39.4,70.0,9.2,14.3,26.3,8.2,10.4,54.3,2.5,13.8,17.8,46.4,6.6,7.2,49.4,6.1,52.4,55.8,34.6,8.4,16.4,29.5,42.2,20.1,8.7,6.5,25.5,33.4,4.3,20.8,18.8,8.2,6.5,39.4,3.6,44.4,11.3,40.0,1.3,16.1,6.5,ACSM3,22.896000000000004,25.458181818181814,1.1119052156788
219693_at,14.2,29.6,29.5,22.1,15.4,40.6,8.5,10.3,9.5,27.4,17.3,44.7,12.6,18.1,9.8,13.4,13.2,18.8,15.2,18.1,14.8,17.2,11.6,6.5,20.7,49.9,23.8,41.9,35.1,11.4,6.1,11.2,7.9,8.9,22.6,25.7,15.9,11.3,12.7,43.4,8.1,20.4,12.7,19.7,9.3,39.7,11.7,4.5,11.5,42.1,15.7,5.0,5.6,13.6,9.0,12.4,7.1,27.6,13.1,15.5,36.6,10.6,34.5,28.1,27.4,9.9,50.0,11.5,15.6,27.9,15.3,9.3,15.7,38.8,46.8,35.3,46.7,46.5,11.5,10.5,38.4,9.4,18.8,16.2,69.5,14.0,15.0,13.1,14.2,13.5,15.5,124.7,11.2,16.9,9.8,4.6,6.8,28.2,17.4,15.8,19.1,6.0,3.5,15.7,11.0,AGPAT4,19.332000000000004,21.48,1.111111111111111
206902_s_at,11.6,2.7,7.5,1.2,2.4,3.4,2.8,14.3,8.5,1.8,3.9,3.1,0.9,7.9,13.6,3.3,4.9,2.6,16.0,3.4,8.8,5.0,3.7,4.4,2.2,2.3,21.8,12.6,18.4,1.5,6.1,1.4,13.4,2.5,3.5,3.5,2.9,3.5,4.2,13.0,3.9,2.3,11.5,5.0,18.7,3.6,4.7,2.1,1.3,1.2,2.7,0.7,6.9,3.7,1.6,18.4,6.2,14.6,3.1,5.5,0.9,1.9,0.9,9.6,6.4,1.5,3.4,2.2,1.7,3.9,2.7,25.8,4.7,6.2,2.0,2.0,1.6,3.1,3.3,2.3,0.8,3.5,3.2,3.3,37.6,3.1,6.8,3.4,4.8,3.3,2.8,3.4,3.0,6.3,5.3,4.8,9.1,2.2,34.2,18.9,1.1,5.7,2.0,1.8,52.5,EXOG,6.096,6.770909090909092,1.1107134335480795
211752_s_at,114.3,134.0,164.4,90.7,122.8,210.3,143.9,44.4,112.3,98.1,111.6,89.2,128.5,168.5,137.7,137.0,234.6,177.3,229.2,151.6,173.4,155.5,125.5,147.5,145.3,140.8,172.7,130.4,168.2,169.0,144.2,136.7,151.6,176.8,134.8,121.3,144.6,175.6,206.4,138.5,150.3,151.1,151.0,193.1,153.2,241.6,154.3,161.2,158.9,106.1,158.3,185.0,150.5,140.1,135.6,149.4,161.8,158.2,134.1,195.1,81.8,216.7,219.4,158.3,156.1,123.6,224.2,184.9,151.1,218.5,146.1,155.8,189.7,194.6,33.7,184.2,159.3,107.4,205.7,162.8,167.0,150.3,191.8,209.8,149.2,170.1,270.3,170.0,96.3,75.9,164.3,146.4,188.8,202.4,131.0,184.5,198.6,134.6,119.2,138.8,171.6,189.5,164.6,265.5,245.9,NDUFS7,149.60000000000002,166.15272727272728,1.110646572678658
220974_x_at,25.2,23.8,34.9,48.1,43.4,88.9,49.9,30.3,33.1,24.7,35.0,23.7,86.5,77.2,58.9,12.6,22.1,39.7,46.1,83.1,61.9,35.8,46.1,32.8,96.1,51.9,15.3,26.9,62.2,31.1,25.5,57.9,17.8,27.9,48.9,25.1,69.6,42.6,26.4,27.8,22.7,32.7,48.8,15.4,84.5,152.6,71.3,124.0,69.3,35.4,25.9,79.4,55.6,48.7,58.0,44.2,60.8,94.4,13.8,24.8,63.0,20.5,67.9,22.4,87.6,60.7,67.9,85.5,20.4,34.9,78.8,95.3,41.1,92.0,22.8,22.3,105.0,100.2,81.2,19.8,79.1,58.8,28.7,101.9,32.5,18.4,81.3,36.4,25.0,37.3,33.4,20.7,29.1,54.2,43.7,22.9,92.1,71.4,24.9,41.0,28.0,73.7,49.5,88.9,30.7,SFXN3,47.470000000000006,52.69999999999999,1.1101748472719608
209065_at,77.2,47.0,114.8,75.2,86.5,37.9,54.6,47.4,43.6,68.7,65.4,77.5,50.5,55.6,69.3,99.5,13.1,72.9,43.1,85.1,55.0,111.7,71.0,36.7,82.8,62.4,49.3,79.3,48.2,82.8,10.3,54.1,65.6,69.9,74.4,67.2,117.6,53.2,41.6,59.7,64.9,60.2,57.8,91.0,76.0,39.6,41.5,77.0,87.1,49.2,50.6,98.8,22.3,35.8,88.9,30.5,57.8,53.6,88.1,15.1,57.9,40.3,61.0,66.9,66.3,53.4,62.9,67.5,55.5,127.3,100.1,75.6,92.1,62.4,74.6,66.3,43.3,71.0,93.8,65.0,73.4,122.6,39.3,89.9,68.5,97.6,62.7,106.7,36.9,68.6,83.0,50.8,113.1,85.1,104.5,69.6,65.5,102.8,74.3,97.5,95.3,34.8,72.6,87.8,87.0,UQCRB,64.43999999999998,71.53818181818181,1.1101517973026356
214821_at,55.3,65.9,29.1,40.2,51.7,59.0,39.3,32.8,25.1,49.5,37.8,39.4,7.1,58.6,53.9,78.6,27.8,16.0,52.6,48.4,48.3,23.6,53.8,29.5,39.4,20.4,68.0,89.6,32.6,44.3,71.2,22.2,26.6,57.6,17.7,40.5,64.6,47.9,38.0,36.6,29.7,31.9,39.1,70.0,18.1,61.8,52.4,27.2,47.0,32.4,24.2,30.2,37.4,35.3,25.5,62.4,38.0,45.9,28.4,25.0,63.6,38.3,4.6,39.6,61.8,29.1,43.7,41.2,16.5,44.8,113.7,58.5,63.7,34.4,45.9,44.6,38.6,55.1,49.2,23.8,29.2,94.0,70.7,41.0,52.0,56.3,80.4,66.6,42.0,40.2,104.0,31.1,50.5,38.7,63.6,41.5,5.4,50.8,65.6,57.9,61.0,54.9,51.3,96.8,16.0,SLC25A4,43.001999999999995,47.718181818181826,1.1096735458393059
201918_at,173.1,98.0,63.6,65.6,102.8,67.8,50.8,86.5,130.0,62.8,44.3,73.3,44.2,37.1,65.8,64.1,72.5,18.9,31.5,71.8,55.1,40.5,137.7,62.0,79.6,99.7,116.2,108.4,140.7,77.8,162.5,126.3,14.8,81.3,102.1,38.0,54.8,99.3,109.1,18.5,33.2,86.5,45.2,90.4,53.1,106.9,43.5,8.2,65.8,92.4,53.8,85.8,100.9,114.5,125.8,129.9,90.9,70.4,54.3,107.0,71.2,63.2,43.4,164.3,72.7,136.3,82.5,128.1,86.5,15.2,115.3,67.6,94.6,155.8,57.2,63.2,107.7,114.5,92.0,98.1,83.0,153.6,40.0,29.0,44.2,105.5,112.1,57.3,70.0,28.1,11.4,52.7,101.3,38.5,140.8,190.6,102.5,49.0,25.9,52.8,91.6,82.7,107.7,63.9,8.8,SLC25A36,75.48200000000001,83.73999999999998,1.109403566413184
202930_s_at,67.5,47.0,55.5,46.1,53.6,62.1,64.9,37.5,81.2,54.2,58.5,52.9,34.5,51.5,60.9,61.0,35.8,30.4,29.8,62.7,63.7,53.4,104.1,52.1,50.6,48.1,60.1,69.2,48.8,35.7,33.4,75.8,59.3,85.2,66.2,61.6,57.0,38.8,40.5,58.0,69.4,52.9,43.6,56.9,61.0,75.5,50.6,89.3,55.8,51.3,45.9,48.6,91.8,59.9,59.1,47.8,61.7,38.5,36.9,48.2,70.4,82.4,37.5,48.5,23.5,51.9,73.6,94.5,68.9,47.1,57.2,36.0,48.9,93.4,35.4,43.7,75.9,88.9,61.7,51.0,47.4,48.5,100.0,46.3,51.8,56.4,47.9,68.5,63.2,65.6,101.2,55.8,46.6,86.2,73.3,86.9,108.2,72.7,66.9,72.2,77.1,50.4,73.9,59.4,80.6,SUCLA2,56.31000000000001,62.4690909090909,1.1093782793303302
201275_at,121.7,65.8,236.4,159.6,179.8,163.0,140.8,67.3,141.1,146.1,130.7,113.4,200.0,184.6,197.7,22.4,202.6,164.0,238.6,167.4,232.0,178.5,156.7,186.3,166.3,167.5,128.8,178.3,238.1,186.6,148.0,157.8,178.1,177.7,166.2,205.4,163.0,230.6,206.3,121.3,166.5,195.4,159.9,242.0,178.2,127.3,160.7,212.5,241.0,179.0,306.7,171.6,209.7,203.6,211.1,207.1,229.2,190.3,139.5,202.4,169.9,199.2,205.7,136.8,230.0,247.0,218.2,232.8,130.6,175.8,44.5,284.2,210.6,192.2,176.8,173.9,145.9,284.1,218.9,193.0,171.8,42.5,236.6,229.9,180.7,102.6,210.9,177.2,133.3,64.6,142.3,191.5,147.5,143.4,259.8,267.4,116.4,116.2,228.0,218.4,199.6,82.1,262.9,184.0,295.7,FDPS,169.58,188.12,1.1093289302983842
212894_at,102.0,90.6,136.9,87.2,102.1,102.1,89.2,38.4,91.2,24.2,79.3,77.0,72.2,67.8,85.8,102.2,52.7,77.9,108.0,33.2,77.4,87.8,73.6,97.2,65.3,69.7,48.8,119.4,72.5,53.3,49.2,63.5,54.0,90.9,100.0,56.1,62.2,83.9,111.4,42.4,110.8,96.0,72.3,62.5,92.5,67.3,53.2,72.8,78.4,39.1,104.7,65.8,79.7,88.5,59.8,117.8,74.2,97.1,101.7,90.3,60.6,117.8,62.9,78.6,100.2,100.8,108.4,115.8,46.3,41.5,80.7,136.7,81.7,126.8,44.9,62.3,70.8,64.4,66.5,56.1,57.7,53.6,93.4,101.6,78.3,93.4,67.3,124.1,144.0,117.9,63.3,82.3,70.7,94.4,52.3,58.8,114.9,93.9,118.1,50.9,97.9,74.1,92.2,81.8,102.2,SUPV3L1,76.87000000000002,85.13636363636365,1.1075369277528768
204263_s_at,66.6,24.5,19.4,43.3,14.7,40.1,50.0,30.7,46.2,30.1,14.2,11.6,71.5,21.0,34.4,15.1,10.0,11.6,13.2,56.3,75.1,11.0,5.1,37.2,48.4,40.3,55.7,21.0,37.7,80.3,39.1,65.3,79.4,23.6,60.3,57.3,22.0,45.0,7.8,16.2,52.6,48.7,54.8,59.0,98.9,100.2,14.5,58.8,53.1,61.6,59.5,41.8,52.3,45.7,51.4,40.8,18.2,100.2,13.4,19.1,11.5,61.5,37.2,48.3,50.0,28.0,95.6,41.9,24.5,111.3,22.7,84.9,34.0,25.9,22.9,63.3,38.0,43.8,54.9,65.6,89.8,47.4,45.1,35.3,36.4,87.4,27.8,13.6,27.3,24.1,46.7,15.8,67.0,68.7,21.8,22.6,15.0,106.3,31.0,32.9,17.0,29.1,64.5,35.7,85.8,CPT2,41.09,45.49636363636364,1.1072368857718091
203647_s_at,57.7,37.4,62.0,36.9,54.3,58.8,80.5,10.7,94.9,9.4,43.4,17.7,35.1,77.0,44.0,12.6,57.7,39.1,12.7,51.4,26.5,61.5,120.7,68.3,27.4,84.2,23.2,57.3,77.1,37.7,63.5,56.4,34.1,73.4,55.3,68.9,57.7,80.1,60.6,77.3,65.4,68.9,74.3,36.2,82.9,16.3,74.1,65.0,28.0,35.3,84.8,65.2,73.9,82.4,59.5,57.5,61.1,68.2,78.6,49.0,72.0,72.4,41.0,78.2,42.7,74.9,103.6,93.9,56.0,16.0,15.9,48.5,52.3,96.7,58.9,93.8,56.2,72.7,75.5,104.9,43.9,55.9,92.1,16.2,34.3,56.1,60.7,14.1,6.4,3.5,61.9,17.2,34.0,71.9,91.8,57.4,21.4,65.4,59.6,7.1,18.8,49.8,92.3,15.2,174.1,FDX1,53.01800000000002,58.68000000000001,1.1067939190463614
201266_at,302.4,231.2,217.6,291.5,225.5,249.0,262.4,138.4,228.8,302.4,373.2,282.9,394.2,143.3,193.5,206.0,169.4,178.2,203.4,330.1,186.4,204.6,479.4,241.0,267.7,269.2,325.9,341.3,293.7,180.9,305.4,330.6,296.0,313.2,273.6,321.9,289.7,322.7,264.0,377.8,377.3,360.5,365.5,192.5,275.6,340.2,295.3,259.3,305.4,271.3,278.8,279.7,311.7,327.4,257.6,271.2,285.6,332.0,386.4,305.1,444.0,338.6,276.2,351.4,330.4,361.0,280.5,181.8,300.1,232.8,365.3,265.0,409.7,221.8,342.0,322.5,349.7,359.6,381.9,386.8,382.6,313.4,238.0,294.8,373.3,251.6,213.2,268.0,250.8,243.3,340.1,308.0,270.8,362.1,375.7,280.7,262.5,332.7,257.3,340.4,213.5,323.9,367.5,193.6,261.9,TXNRD1,277.02599999999995,306.4781818181818,1.1063155870502475
219458_s_at,74.8,61.1,79.9,95.3,49.6,64.4,41.4,83.4,80.2,29.1,104.4,97.9,70.5,97.2,78.9,65.9,104.2,105.8,120.4,96.6,94.3,65.9,89.0,102.3,86.5,101.5,123.6,153.6,88.2,124.4,58.3,13.7,91.3,95.9,76.7,53.8,109.2,60.5,145.1,126.0,88.5,32.9,100.3,93.6,57.9,97.1,90.1,73.7,107.9,137.5,81.5,82.1,119.8,76.7,133.4,78.1,43.4,107.6,74.4,151.8,64.2,99.8,82.2,46.7,65.4,96.3,72.7,75.8,34.1,21.5,81.0,72.3,81.5,96.4,138.9,131.2,58.8,53.3,76.3,86.0,95.7,111.0,100.0,121.4,96.0,118.6,102.2,143.1,125.1,102.0,93.9,155.5,51.2,99.7,59.5,96.4,122.9,110.6,160.3,141.4,149.2,254.9,54.7,92.3,38.2,NSUN3,86.80599999999998,95.98181818181816,1.105704884245538
209303_at,82.5,97.8,79.5,96.5,120.3,119.9,79.6,146.3,77.0,98.0,100.1,51.8,94.9,108.0,84.8,79.1,97.3,155.5,87.7,94.0,106.4,111.5,100.5,86.1,121.7,81.0,98.2,105.5,89.8,118.9,78.0,76.7,92.4,83.5,83.1,72.2,60.3,77.0,104.6,110.6,87.0,72.2,57.7,124.6,110.7,71.6,60.3,69.6,84.4,52.0,91.3,82.7,123.4,90.4,112.6,85.7,106.2,108.2,118.4,110.1,62.9,96.3,67.2,92.8,52.1,61.1,57.0,87.7,77.4,81.8,119.5,65.2,65.7,75.7,42.4,69.2,59.3,125.5,82.8,109.4,85.1,104.3,154.6,104.3,112.4,139.2,175.9,130.2,102.4,152.5,134.9,82.6,118.3,104.2,127.9,70.5,113.3,132.9,168.0,109.1,123.3,141.0,135.4,98.4,89.7,NDUFS4,91.97399999999999,101.64363636363636,1.1051344549941982
209746_s_at,28.5,63.2,62.1,9.2,16.2,22.9,83.7,15.2,32.6,13.0,38.9,86.7,10.2,56.0,78.4,26.2,44.6,10.2,20.8,12.6,9.4,79.0,74.1,12.9,38.1,42.8,36.8,61.7,48.6,87.6,29.0,47.1,10.1,29.2,14.5,37.3,89.0,8.1,9.6,9.1,40.9,45.8,30.1,88.7,65.8,62.7,2.6,77.0,5.7,35.5,20.9,19.9,6.9,30.3,18.5,32.6,59.9,39.7,41.4,49.7,47.1,45.6,23.4,13.7,36.1,59.1,48.7,69.9,10.6,34.3,75.8,12.1,44.7,98.9,68.9,56.1,45.5,5.4,58.7,67.5,29.9,65.1,54.6,13.2,13.7,47.6,72.5,55.3,57.8,43.4,42.4,27.0,68.3,27.6,55.8,10.8,5.6,30.4,29.1,107.7,57.5,68.3,58.5,58.4,37.9,COQ7,39.19999999999999,43.27818181818182,1.1040352504638222
218897_at,9.3,17.4,23.3,37.2,8.6,53.7,25.7,37.2,26.9,11.9,20.8,5.1,20.9,32.1,31.1,10.7,33.0,16.6,44.5,29.0,40.9,24.7,17.7,23.8,25.3,20.2,61.4,48.3,34.8,35.7,15.0,41.3,11.2,24.5,4.2,27.8,22.0,45.7,21.9,24.5,59.0,8.2,3.3,55.0,50.8,31.0,28.2,20.3,20.3,35.6,24.2,30.0,17.2,29.4,18.7,42.0,16.3,51.0,2.1,21.7,2.4,46.9,9.5,11.4,31.4,28.4,64.1,34.6,12.1,46.7,57.9,31.1,47.3,24.7,9.4,51.5,10.0,35.6,46.5,56.8,31.1,4.0,8.1,36.0,8.2,6.3,59.6,5.7,54.9,8.6,35.0,22.7,28.6,18.0,29.7,43.1,50.2,72.2,6.0,27.8,21.5,80.4,38.3,4.4,60.5,TMEM177,27.552,30.39636363636364,1.1032361946996094
205681_at,151.4,123.2,101.3,110.1,143.4,73.3,85.8,252.9,141.9,81.5,166.8,65.6,65.5,185.7,242.2,99.4,92.8,75.3,100.2,136.8,113.0,201.3,165.5,100.7,142.6,142.8,109.3,113.2,99.8,153.2,128.4,203.9,84.2,147.6,135.6,81.3,116.3,109.0,140.1,145.7,103.6,211.1,84.5,103.0,161.7,71.9,131.0,106.0,150.1,135.3,240.6,118.2,149.5,136.0,100.5,77.2,130.3,55.9,205.5,75.0,386.9,68.7,143.0,136.1,181.0,139.4,97.4,121.5,93.2,73.6,128.4,113.2,116.1,136.8,225.9,407.5,89.6,114.8,112.8,135.1,131.2,89.6,126.2,259.1,165.5,104.7,92.8,154.2,134.0,170.4,116.1,165.1,97.1,168.1,141.1,191.9,90.9,139.1,103.4,128.0,163.9,123.0,128.5,123.8,131.5,BCL2A1,127.73600000000005,140.88909090909092,1.1029709002089534
218365_s_at,40.3,49.9,40.5,65.8,54.6,57.0,46.0,94.3,32.3,58.2,50.6,55.2,43.8,53.7,53.7,29.5,64.4,31.6,46.7,47.4,23.9,71.0,43.4,64.4,29.6,50.9,17.8,80.9,32.5,52.7,90.6,62.0,58.4,45.2,71.1,64.1,30.1,25.2,38.1,42.0,96.3,20.8,53.2,42.4,48.6,53.0,40.9,43.9,55.2,10.3,114.1,43.7,42.8,27.0,55.4,39.1,33.5,52.0,55.4,98.8,29.0,50.0,66.5,53.2,59.4,38.2,41.6,23.1,80.5,55.5,49.1,58.6,75.8,68.2,53.8,63.0,63.9,39.7,50.1,61.5,63.4,67.1,57.4,52.3,65.8,70.9,104.5,49.3,43.7,51.4,50.0,44.8,41.0,52.0,43.4,7.2,5.4,50.9,72.2,70.1,74.7,120.9,57.4,32.1,10.7,DARS2,49.48000000000001,54.56545454545454,1.1027779819210697
203116_s_at,298.3,264.1,190.7,224.9,175.1,168.0,132.4,215.2,149.8,122.3,349.6,190.6,177.9,332.8,174.5,309.0,107.0,312.3,221.7,133.5,236.4,211.4,127.7,153.0,317.8,223.6,392.9,136.6,157.5,626.2,224.5,205.1,306.7,240.9,273.7,150.4,271.7,283.6,323.4,139.6,195.9,198.4,138.9,351.1,732.3,339.0,234.4,217.3,673.0,212.0,518.5,210.0,246.7,135.5,297.7,169.0,136.6,180.5,152.4,545.4,101.4,174.2,355.2,262.4,239.9,207.6,223.3,202.5,311.7,470.6,147.9,127.3,161.4,253.0,287.4,389.8,88.9,172.1,184.0,164.2,187.1,227.8,471.8,216.4,206.7,349.0,315.4,268.8,266.3,505.2,129.7,593.6,349.4,168.0,260.1,152.4,671.2,517.6,363.9,760.8,203.6,290.6,126.8,260.3,232.4,FECH,250.89399999999998,276.58181818181816,1.1023851434542802
219016_at,214.4,193.2,171.7,150.7,140.2,118.0,117.5,140.8,164.8,168.2,117.8,47.1,185.1,107.8,116.3,114.0,121.4,86.6,89.8,138.0,124.9,63.5,118.2,166.8,105.5,200.5,152.0,176.3,216.7,165.4,55.2,198.4,147.6,154.0,167.0,185.4,119.2,184.8,174.4,98.5,202.5,117.7,139.8,72.8,202.2,90.3,174.8,114.7,171.0,210.6,149.8,137.6,111.2,136.5,131.4,152.3,155.6,176.0,200.1,164.7,153.3,157.0,161.9,182.3,156.8,207.1,99.1,143.3,189.2,192.0,131.5,149.6,153.1,153.9,146.2,171.9,235.7,134.5,209.0,120.6,136.6,97.6,145.8,160.3,137.8,106.0,122.8,219.6,161.0,168.9,99.2,149.1,207.0,157.6,179.2,154.5,194.5,134.1,150.0,124.6,219.6,234.8,211.0,159.4,98.1,FASTKD5,143.482,158.04181818181823,1.1014748761643847
216712_at,18.4,13.3,21.6,46.5,29.1,30.0,20.1,35.1,16.2,15.8,59.0,21.9,23.4,19.0,29.5,27.3,19.2,19.9,14.6,30.4,25.4,39.5,45.6,14.0,24.2,25.5,34.5,44.5,30.6,58.1,43.9,3.7,30.9,22.3,28.0,20.3,30.7,41.3,20.6,13.9,31.1,47.7,25.8,28.9,4.9,69.4,14.3,23.7,36.9,33.4,68.5,37.3,10.3,36.0,45.7,23.2,25.0,16.6,23.3,56.7,37.3,32.5,10.8,20.9,4.1,23.3,21.9,38.6,5.6,52.7,5.1,46.0,13.6,16.0,52.2,47.0,52.2,17.1,16.5,32.8,15.4,40.7,13.0,3.0,62.0,18.6,83.9,44.7,26.5,50.8,25.7,28.9,64.9,6.7,3.0,14.0,9.0,66.0,59.5,34.6,20.1,51.9,5.5,38.5,49.4,SLC25A30,28.478000000000005,31.365454545454558,1.1013924624430982
203270_at,67.4,82.7,126.6,18.2,52.1,79.8,38.7,81.1,30.4,105.9,25.4,6.5,43.5,48.7,58.1,62.4,55.7,18.5,39.5,33.8,45.1,57.6,7.1,22.0,11.9,67.5,64.8,94.7,75.2,25.1,86.2,53.3,104.8,50.2,67.1,47.7,12.4,39.4,114.9,41.1,39.5,21.6,51.2,42.6,21.6,12.5,40.0,61.9,9.6,84.0,164.3,67.2,42.6,63.8,49.5,54.5,33.5,43.4,65.3,62.6,7.4,27.2,15.2,23.1,26.3,66.1,53.7,90.2,54.1,38.7,68.1,4.0,11.9,89.6,63.4,66.7,40.5,51.1,45.4,76.4,57.4,16.1,59.9,71.7,85.4,55.1,123.4,49.2,93.2,75.7,10.2,59.9,15.8,58.0,106.3,34.6,120.3,45.3,14.6,41.5,13.8,110.7,88.5,101.3,12.1,DTYMK,50.95199999999999,56.105454545454556,1.1011433220571236
202002_at,16.0,21.2,9.6,9.9,32.3,31.4,5.5,84.3,8.3,69.8,20.9,8.3,10.4,24.6,38.0,15.5,25.5,76.7,35.0,20.5,21.7,69.5,9.7,8.7,17.7,24.9,18.3,17.8,16.3,27.3,50.9,11.8,16.5,15.8,23.2,9.8,12.4,13.0,63.9,13.7,6.1,21.2,34.9,16.9,12.1,22.4,53.0,8.1,24.5,18.8,25.9,17.4,43.1,14.3,15.7,12.2,16.5,39.2,24.8,15.0,25.2,10.1,14.2,14.4,13.5,11.6,9.6,7.5,30.7,14.8,22.9,16.6,9.4,56.2,13.3,14.4,36.1,63.4,9.5,13.0,33.4,16.5,58.1,48.3,12.1,10.4,28.4,39.2,75.0,64.2,19.0,14.1,69.7,20.5,22.3,63.5,59.0,28.1,14.9,22.8,49.0,15.3,5.3,19.6,68.3,ACAA2,24.892,27.4090909090909,1.1011204768235137
203128_at,24.4,26.1,73.6,102.9,90.0,80.5,77.5,16.6,100.9,86.2,15.7,21.6,14.5,16.8,98.5,98.3,14.0,17.3,15.9,45.3,25.5,7.9,47.0,16.8,36.2,21.1,77.6,38.2,140.7,96.1,78.9,130.0,46.0,75.3,58.4,99.1,63.2,81.1,74.2,98.2,49.1,93.2,69.0,20.7,39.8,125.1,8.1,8.2,10.8,60.6,13.9,70.0,33.5,54.5,50.1,55.7,41.5,12.8,84.7,55.2,87.2,73.3,119.8,108.7,40.4,91.7,78.2,130.3,82.9,90.6,44.6,21.8,25.7,67.1,57.1,67.8,90.2,72.9,100.6,57.6,76.4,105.3,13.3,80.7,91.6,72.9,72.5,11.3,41.4,124.4,49.3,9.4,79.4,13.1,40.1,39.0,30.2,21.5,35.2,21.7,133.2,89.1,43.4,131.1,24.8,SPTLC2,56.653999999999975,62.376363636363635,1.1010054653927994
205164_at,4.0,9.0,10.7,6.4,3.7,9.6,8.7,11.3,7.7,9.8,9.9,5.3,10.0,23.3,6.8,36.7,13.1,5.3,17.3,4.4,10.5,14.5,11.6,4.1,37.2,15.3,4.8,5.5,9.3,14.8,8.4,4.1,9.7,12.5,4.6,12.7,6.2,10.8,24.5,7.0,6.6,3.3,12.8,12.4,10.5,12.2,11.0,8.2,39.6,13.0,5.8,7.3,9.5,8.1,8.3,6.2,9.3,16.1,12.5,8.3,5.1,5.7,8.0,12.2,18.1,11.0,5.2,11.1,11.5,8.4,7.4,7.1,6.3,13.8,8.4,11.8,10.6,9.4,6.0,8.9,7.2,16.3,14.1,6.6,2.7,7.0,10.0,22.0,35.2,27.6,9.8,7.6,16.7,5.4,15.1,15.3,15.6,66.3,9.2,43.6,10.6,7.5,9.0,25.8,7.3,GCAT,11.414000000000003,12.561818181818184,1.1005623078516016
219307_at,11.3,13.5,34.1,36.9,8.3,51.4,25.5,32.9,35.8,29.6,10.9,18.0,31.8,14.4,32.8,17.4,6.1,11.1,23.4,58.9,45.4,53.3,83.2,45.5,74.7,24.3,66.8,50.2,42.5,23.4,31.9,44.2,30.3,40.8,58.4,31.4,41.5,6.4,36.1,34.2,25.6,60.0,16.8,67.3,71.2,40.9,41.1,53.9,46.1,44.4,37.3,63.1,75.1,85.1,55.5,44.9,36.0,41.6,5.7,28.2,5.4,50.7,32.7,40.8,26.4,37.3,32.0,64.9,42.3,57.9,63.3,14.6,54.0,47.0,34.0,32.7,54.8,5.6,76.0,23.4,66.9,31.6,28.0,56.4,57.1,11.3,35.0,25.5,28.3,7.1,65.5,45.4,78.1,47.6,64.4,55.7,7.1,46.0,13.9,60.7,24.6,7.5,39.0,5.6,45.8,PDSS2,36.718,40.40727272727272,1.1004758627178146
202366_at,98.6,95.1,78.4,85.1,77.1,60.8,69.0,176.1,60.2,89.5,77.6,80.3,46.1,80.0,61.1,51.4,91.8,90.3,166.4,69.8,78.4,109.2,26.1,53.3,72.1,58.5,83.9,95.5,94.1,82.0,35.8,47.2,53.5,76.9,70.2,91.6,97.9,40.4,75.4,37.4,71.6,59.7,65.0,68.0,86.1,58.3,69.6,103.3,71.3,53.4,98.4,74.1,50.4,41.5,64.2,82.2,43.7,55.9,58.4,93.4,66.4,63.6,89.7,55.4,82.2,77.6,78.2,44.9,69.1,179.3,116.6,100.8,18.1,132.9,102.0,79.7,64.6,74.9,28.9,46.3,61.2,82.0,113.8,100.9,56.5,76.5,109.8,80.8,66.8,170.3,98.2,139.6,56.5,72.0,61.5,64.4,133.6,161.8,71.6,95.0,64.8,68.8,76.2,82.1,185.1,ACADS,75.808,83.33090909090912,1.0992363482865808
202025_x_at,140.9,157.3,195.4,213.2,167.3,120.4,174.5,213.5,193.4,219.2,163.3,209.7,246.2,241.1,199.2,163.1,259.8,240.0,253.8,200.4,183.3,201.2,174.9,148.2,108.9,195.1,201.7,174.5,220.8,199.5,153.9,147.7,250.4,175.8,162.4,184.0,154.3,154.2,187.4,171.0,171.4,185.6,148.7,111.2,179.2,140.2,187.4,144.0,151.6,165.3,122.8,206.0,162.9,184.7,153.3,225.1,175.0,278.0,125.1,219.7,140.1,138.5,192.9,170.7,185.0,232.9,261.0,158.2,202.2,240.1,316.9,204.4,222.8,203.4,278.2,249.3,196.7,211.0,263.5,201.6,206.4,180.3,135.7,205.8,196.0,181.1,140.8,141.9,244.4,175.1,223.2,130.2,128.2,182.7,207.4,119.0,223.9,162.5,197.8,223.5,288.1,236.6,160.7,263.8,332.3,ACAA1,182.10999999999996,200.17090909090908,1.099175822804399
215171_s_at,102.9,87.4,113.4,120.4,134.5,139.7,108.3,51.7,89.0,103.4,114.3,73.8,100.8,92.3,71.2,65.9,56.9,90.5,105.9,137.2,117.0,107.9,188.8,91.9,86.2,84.1,161.5,123.3,126.9,95.5,138.2,112.3,127.5,148.0,140.8,104.2,89.7,97.4,103.4,157.7,85.2,135.5,179.9,123.7,96.9,136.4,100.4,158.3,135.2,111.0,67.3,114.9,174.3,162.5,146.9,169.1,145.0,108.4,141.4,116.2,148.8,108.2,95.7,105.3,98.5,88.3,113.0,105.1,126.6,112.6,106.5,90.7,118.4,132.9,83.0,120.7,120.6,126.9,108.5,157.9,126.0,117.3,182.6,161.8,105.4,213.6,109.7,138.0,103.0,56.4,164.3,91.0,105.2,192.5,88.7,164.8,146.5,172.7,164.3,112.7,140.2,63.0,72.6,115.4,72.6,TIMM17A,112.48599999999995,123.53636363636362,1.098237679678926
210337_s_at,68.0,22.9,31.1,84.5,15.2,31.3,42.2,92.8,50.9,47.6,67.3,17.5,61.8,17.8,18.7,18.0,48.1,21.8,23.8,51.7,77.9,57.7,88.8,84.2,18.7,14.5,18.5,75.3,15.2,13.3,95.8,62.6,57.3,49.5,54.6,57.1,86.3,63.9,76.5,15.0,83.2,63.8,62.1,62.7,99.5,105.4,69.6,40.9,66.3,46.6,13.7,110.2,80.2,89.9,55.9,50.3,93.4,90.1,83.0,25.2,64.2,100.7,44.4,86.1,22.9,71.5,61.9,56.4,32.0,104.5,37.7,70.5,14.9,46.1,60.2,59.2,76.1,61.5,113.6,36.3,85.0,36.2,18.5,73.9,27.7,62.8,23.4,20.4,47.0,120.0,42.0,25.2,86.7,104.0,62.0,59.2,31.0,17.5,59.8,16.7,19.4,22.7,47.9,17.3,120.2,ACLY,52.315999999999995,57.43818181818182,1.0979085139953708
209223_at,31.4,21.1,38.7,4.5,27.6,14.1,57.6,15.7,65.9,18.1,59.7,15.7,13.6,15.8,15.4,17.6,31.1,8.9,13.6,37.1,42.1,7.7,14.1,16.7,25.9,14.0,23.5,39.4,82.0,52.5,43.7,45.3,18.8,14.5,24.0,17.5,49.5,12.5,17.1,57.9,63.8,63.0,20.2,20.9,63.1,52.0,13.6,28.4,13.1,40.1,52.7,4.3,34.9,71.7,5.4,38.5,10.8,65.7,57.2,40.0,10.8,44.6,19.0,12.5,6.8,17.3,42.6,55.1,20.5,93.8,25.7,19.4,18.1,19.2,19.8,11.2,20.2,76.7,11.8,12.9,16.3,59.8,7.8,13.5,27.2,21.7,27.8,20.6,34.0,21.6,87.4,21.2,44.8,15.2,116.4,84.4,77.1,24.7,73.9,33.1,25.2,20.4,8.0,6.7,6.7,NDUFA2,30.401999999999997,33.358181818181826,1.097236425833229
219217_at,79.2,63.4,76.4,81.3,87.4,103.8,67.4,75.4,50.6,84.7,67.0,59.8,77.4,92.2,54.4,81.5,61.1,73.2,31.8,92.8,95.9,76.7,61.2,72.7,69.2,61.5,66.0,120.2,55.5,79.7,41.8,69.3,77.3,75.4,106.3,66.5,52.6,53.3,64.7,60.1,81.6,75.9,114.7,80.0,87.6,100.2,92.0,88.7,81.5,87.9,56.2,41.1,91.2,62.7,72.2,84.8,77.3,104.5,80.4,75.4,65.8,70.0,58.4,87.9,118.0,71.6,72.2,98.4,56.1,136.1,181.7,95.8,48.9,67.7,77.8,132.0,72.3,58.7,56.3,64.2,73.2,53.8,115.6,99.9,77.1,80.2,68.4,67.4,57.6,72.3,102.7,73.8,51.6,79.3,92.0,80.7,101.8,116.4,48.1,125.1,131.7,102.9,51.4,120.7,78.8,NARS2,75.536,82.87636363636362,1.097177023357917
208817_at,77.1,103.5,101.4,42.1,94.5,59.8,58.5,19.0,123.8,75.0,63.1,70.0,106.5,17.2,134.0,63.5,115.4,26.3,119.5,35.6,58.9,103.6,83.9,41.1,45.2,88.0,88.6,87.0,71.2,55.8,14.8,89.1,82.5,80.9,57.6,80.9,80.5,79.8,96.0,99.2,83.6,124.5,83.9,106.2,106.8,92.0,95.6,107.9,54.0,58.4,55.4,69.2,75.0,92.1,95.3,85.9,106.4,95.3,66.3,58.1,97.5,83.6,77.7,69.2,21.9,125.9,81.5,115.0,68.0,15.2,16.5,123.8,96.9,42.4,50.4,111.3,100.9,105.7,48.7,79.9,59.6,49.5,117.7,138.3,161.9,120.4,82.5,128.7,51.8,18.9,91.7,91.8,97.2,98.7,125.4,15.7,96.5,111.9,82.2,66.0,84.3,129.2,103.3,135.4,120.8,COMT,78.066,85.64363636363636,1.0970670504910762
214057_at,396.4,500.1,685.6,287.9,608.4,331.5,587.3,274.9,667.2,797.0,729.8,829.3,669.6,227.0,853.5,453.8,185.6,204.9,371.2,540.7,204.0,281.6,463.9,444.6,366.0,542.2,455.9,319.5,457.8,441.6,390.5,430.5,486.4,525.1,252.4,564.9,417.8,476.0,564.0,550.3,259.2,598.7,445.9,205.4,445.5,260.7,322.8,285.9,417.5,553.8,462.2,489.2,388.9,381.6,331.2,495.5,539.2,299.6,583.9,392.9,568.7,532.0,425.6,474.8,578.4,673.1,488.3,1081.7,675.4,518.8,864.2,736.8,463.4,508.7,588.2,602.6,423.3,583.3,436.2,319.6,461.6,713.9,340.0,465.0,602.2,329.5,362.1,691.9,515.0,503.1,476.7,435.0,387.4,357.9,446.2,573.8,311.0,535.0,553.9,428.6,645.6,301.9,494.7,169.4,293.2,MCL1,452.6420000000001,496.39818181818197,1.0966684086279705
211407_at,17.3,46.8,55.3,58.6,63.4,40.2,43.4,83.3,31.3,58.0,8.4,31.5,13.4,64.9,24.4,34.0,31.8,129.7,27.1,15.5,44.3,69.1,25.4,31.1,33.3,37.5,51.5,41.6,29.9,7.5,20.9,20.9,18.4,40.5,33.5,26.1,31.3,89.0,15.2,12.3,23.1,40.0,43.6,52.0,45.0,9.4,22.8,4.4,28.6,54.1,97.7,29.4,29.6,26.2,23.2,26.2,34.3,17.6,36.4,95.7,28.4,54.3,53.7,34.9,16.4,28.9,6.8,30.0,40.2,35.3,83.7,33.8,40.3,31.0,55.2,30.2,38.8,19.7,32.4,47.4,31.9,45.9,19.2,27.8,41.2,43.8,7.5,32.4,31.3,75.0,47.2,60.8,54.0,34.2,24.9,41.3,71.1,75.5,36.3,64.8,85.4,41.2,43.5,18.8,55.9,NDUFB7,37.611999999999995,41.24727272727274,1.0966519389363167
201135_at,308.9,258.8,333.7,233.0,307.2,274.7,396.5,298.7,304.9,273.8,221.3,327.9,401.6,216.5,403.0,309.7,280.0,341.4,362.2,400.7,288.5,221.0,195.0,320.1,242.4,382.9,231.6,306.5,376.7,215.0,270.3,295.3,255.9,294.7,299.1,225.7,363.6,215.7,236.1,275.6,311.4,337.1,376.9,233.5,300.0,305.6,297.1,307.4,261.5,281.9,166.8,282.1,347.6,346.7,326.7,353.2,284.0,410.6,428.9,182.2,366.8,338.6,244.8,256.0,312.6,536.9,333.5,416.9,266.4,244.0,169.6,390.8,449.3,324.7,314.7,342.3,413.7,361.3,380.7,313.6,451.3,384.7,239.1,330.0,270.6,265.5,292.9,220.9,433.1,325.6,260.3,223.2,385.3,252.1,337.6,290.6,385.3,407.5,351.4,341.2,226.7,227.8,463.3,246.4,302.7,ECHS1,295.57200000000006,324.02000000000004,1.0962472764673243
201128_s_at,212.1,205.3,251.8,234.7,248.9,260.6,261.3,204.4,241.5,243.9,216.8,230.3,337.9,236.0,254.0,218.7,145.1,223.6,168.5,238.4,204.6,240.2,276.2,175.2,255.9,208.9,197.3,247.6,268.7,214.7,220.9,227.0,196.2,222.9,278.9,250.1,179.8,262.4,246.0,275.6,268.2,280.5,296.8,193.1,295.5,230.8,251.0,285.7,248.7,229.0,177.1,331.5,244.6,227.5,184.3,225.8,182.5,357.4,321.0,270.2,288.2,363.4,312.1,206.3,181.8,221.0,239.2,294.1,365.0,187.9,170.1,272.4,331.4,246.5,218.7,213.9,293.0,320.8,297.6,208.4,309.0,214.4,305.2,245.2,278.0,334.2,299.2,271.5,227.4,196.4,233.9,300.4,267.6,350.4,392.2,257.1,214.9,217.7,304.0,214.9,385.3,124.7,217.2,170.7,216.2,ACLY,237.24399999999997,260.0254545454546,1.0960254191695242
204607_at,18.7,40.6,7.4,27.4,23.4,19.4,10.6,35.8,28.2,6.7,38.3,43.2,40.2,19.7,14.7,23.1,37.7,50.4,7.6,18.2,23.3,3.1,16.2,21.0,18.3,23.0,6.5,29.3,6.8,15.5,5.3,2.9,27.4,5.1,27.2,30.4,30.5,26.9,18.5,4.1,38.6,6.5,13.9,22.8,22.1,35.0,30.3,23.4,12.5,42.9,5.2,22.9,8.7,15.7,24.7,8.0,24.1,12.7,22.3,38.3,40.6,42.5,42.0,43.4,22.0,6.6,1.9,41.2,31.7,49.5,16.1,13.4,15.8,30.8,16.6,3.5,36.3,7.6,8.2,34.4,23.6,30.7,7.2,2.6,60.0,43.4,13.5,36.2,17.9,51.9,12.1,23.5,55.2,5.4,21.0,3.6,14.5,7.1,60.3,16.2,11.5,13.8,6.8,56.3,45.9,HMGCS2,22.011999999999997,24.12545454545454,1.096013744569078
205843_x_at,15.6,67.7,10.7,75.0,39.2,28.1,64.8,57.7,69.6,28.5,18.6,21.0,19.2,41.1,23.2,25.5,44.8,25.6,43.7,25.7,26.4,16.1,11.0,26.0,22.2,25.5,16.1,23.9,39.6,13.7,35.2,14.7,8.5,7.0,9.1,15.3,19.1,16.8,21.8,14.2,13.1,9.2,11.0,25.9,16.9,19.2,13.9,11.8,22.1,19.0,19.9,66.7,14.2,10.2,20.9,15.9,17.4,14.5,15.7,65.3,11.7,15.0,17.0,12.4,11.9,8.7,49.1,125.4,55.3,60.7,14.2,15.0,15.1,24.7,69.0,11.3,14.5,12.0,14.7,14.4,17.3,35.4,11.1,31.6,19.4,21.7,61.3,18.7,139.5,21.2,16.0,54.7,30.1,13.0,22.2,19.5,21.5,31.8,18.2,14.7,25.0,23.4,15.2,18.1,21.1,CRAT,25.792,28.26363636363637,1.0958295736521544
213374_x_at,75.7,60.3,60.0,65.6,40.9,83.5,81.7,11.5,63.1,55.7,78.1,67.6,53.8,39.5,39.6,60.4,50.2,39.1,51.0,75.6,73.5,52.3,50.9,56.7,48.0,82.6,54.0,67.5,48.0,47.3,44.5,72.3,50.1,71.0,74.0,42.8,37.4,39.3,51.7,54.5,43.2,61.7,65.2,11.6,68.5,75.9,67.1,75.0,74.6,40.6,80.8,36.6,75.7,66.4,64.5,67.1,48.9,44.2,75.2,29.3,79.8,73.1,72.3,61.6,41.8,60.0,66.9,64.3,38.7,62.4,86.9,79.8,35.5,93.5,81.8,45.0,47.8,50.2,67.3,57.4,54.5,34.2,105.1,60.0,46.0,75.4,45.1,84.3,73.8,6.6,66.7,55.0,52.5,75.2,75.0,45.9,66.8,67.2,46.2,88.8,73.8,56.7,99.6,81.2,49.7,HIBCH,57.09399999999998,62.54727272727272,1.0955139371435307
201093_x_at,227.7,238.8,183.0,339.5,308.5,520.6,286.7,368.5,166.3,228.7,223.8,147.8,176.1,384.8,117.1,239.3,339.9,372.9,317.1,315.2,238.9,280.4,257.4,339.5,359.6,299.5,237.2,166.1,253.2,301.9,275.3,189.3,234.8,357.5,527.2,303.7,275.6,291.4,284.5,237.9,280.3,322.2,303.4,329.8,213.1,318.0,351.5,469.6,355.5,285.6,161.4,395.8,262.5,388.5,411.4,436.0,458.4,301.8,314.2,359.5,226.6,287.2,353.4,293.8,237.4,274.9,283.0,334.6,51.5,274.7,416.7,295.2,192.2,379.1,303.1,379.4,183.9,399.9,314.2,344.3,406.9,402.4,246.6,218.0,347.9,316.6,356.9,238.8,282.3,321.2,186.6,307.1,253.6,329.0,337.6,228.3,524.1,416.0,316.8,383.5,261.8,338.4,398.4,257.9,394.2,SDHA,288.84399999999994,316.1,1.0943623547658947
202000_at,85.1,84.1,96.8,114.5,120.1,99.4,111.0,164.3,88.4,88.1,138.9,86.1,133.7,107.6,106.0,79.9,125.1,140.8,102.9,120.7,110.1,127.0,148.8,96.4,158.7,81.0,137.8,139.1,106.6,114.7,136.4,97.8,98.8,118.8,79.1,87.7,110.0,80.2,99.1,132.8,131.5,89.7,92.8,87.5,77.3,173.0,89.0,118.7,124.8,133.9,81.8,127.6,104.8,138.7,142.7,148.3,101.3,121.1,134.6,114.4,137.5,90.3,87.4,90.9,108.8,79.7,104.2,166.5,112.2,100.4,149.2,161.4,58.8,148.9,85.0,128.4,74.3,136.1,106.3,74.8,115.9,167.6,135.9,96.8,134.5,144.0,175.3,152.8,191.7,122.8,74.0,148.2,128.3,101.6,128.5,126.2,111.7,107.8,166.1,100.1,169.7,182.8,117.1,133.9,57.7,NDUFA6,111.45199999999998,121.95272727272732,1.0942174862068634
221425_s_at,97.7,160.6,113.2,104.3,87.2,70.7,54.4,96.0,102.7,52.3,84.2,87.9,51.1,185.5,55.0,69.1,53.1,96.6,63.3,95.1,118.0,131.6,77.0,38.6,63.3,72.9,153.4,23.0,46.6,101.6,75.2,67.2,149.2,98.0,70.4,36.1,74.9,58.3,110.7,110.3,102.2,40.3,68.3,133.2,67.9,67.4,40.3,52.3,184.9,48.4,210.1,78.4,56.8,58.2,58.6,91.7,54.1,16.4,92.3,294.2,32.7,51.0,66.0,136.3,142.7,68.9,96.8,51.3,55.8,134.9,132.3,48.8,65.0,72.8,115.0,103.0,32.2,83.3,45.1,66.7,41.0,97.3,145.4,22.3,102.6,107.8,67.4,133.7,104.2,60.5,47.2,150.7,150.7,22.8,128.5,75.4,246.1,134.5,112.4,100.4,159.4,37.9,83.5,67.1,118.2,ISCA1,85.22999999999998,93.24363636363634,1.0940236579096136
207004_at,44.4,68.0,50.6,76.8,35.6,59.5,34.7,70.6,45.3,39.4,74.1,37.7,42.6,78.7,46.1,60.7,31.9,46.4,31.4,44.9,44.6,51.1,47.7,15.0,54.7,72.0,93.4,39.9,46.8,104.0,55.7,60.4,59.7,42.4,67.5,40.8,55.6,42.9,34.8,49.1,33.9,19.0,71.0,93.5,53.1,49.8,47.7,11.6,33.3,67.9,81.8,91.2,21.2,28.7,34.8,42.3,51.0,92.7,60.6,9.8,5.6,47.6,52.8,30.7,63.4,41.9,4.7,31.8,66.7,88.1,114.6,80.6,66.2,108.3,54.3,41.3,70.1,40.5,54.3,53.3,41.5,62.9,55.8,15.6,56.9,81.6,11.5,30.2,57.7,16.3,41.6,61.4,20.1,44.1,58.0,51.1,75.1,87.5,61.3,66.7,160.2,64.3,73.1,65.9,110.4,BCL2,51.56600000000001,56.394545454545444,1.0936381618614093
211855_s_at,28.2,23.0,5.6,12.2,8.1,10.3,10.9,14.6,22.0,8.1,17.2,44.3,18.0,13.7,7.4,11.7,13.3,21.7,6.4,33.5,6.3,12.8,12.8,16.4,9.1,14.0,27.5,52.1,46.6,5.5,5.1,7.9,14.0,49.3,5.3,11.2,18.5,4.8,11.1,44.3,26.2,51.4,53.7,5.6,6.7,15.9,9.5,51.4,6.0,39.4,72.3,20.7,31.0,26.5,26.3,30.0,5.0,30.1,4.8,6.2,6.8,3.7,28.3,25.4,45.4,8.8,10.1,21.4,5.1,4.1,69.3,5.4,10.2,6.8,15.9,32.4,8.1,17.8,53.6,4.2,30.3,49.0,11.7,49.4,7.1,14.0,22.5,6.5,15.2,62.2,8.7,18.8,49.9,29.5,12.9,11.1,22.1,14.4,9.5,7.7,14.1,8.5,12.2,32.6,11.9,SLC25A14,19.412,21.227272727272727,1.0935129160968848
201674_s_at,37.1,28.1,46.2,36.2,77.8,95.7,71.8,28.3,96.4,47.6,28.3,93.2,50.6,39.7,88.1,58.3,29.3,22.7,75.8,61.5,101.8,17.2,94.1,95.5,53.3,83.2,72.5,88.6,76.4,73.7,60.7,97.4,76.7,67.6,61.2,61.0,48.4,83.1,105.0,37.6,88.5,55.9,46.6,67.8,56.3,61.5,51.6,72.5,87.1,24.1,40.4,92.5,106.8,76.8,67.4,92.1,104.9,84.9,86.1,95.3,51.5,98.7,84.7,83.4,12.5,93.3,94.0,78.9,37.1,7.7,46.8,88.7,130.9,123.2,49.5,19.6,84.3,52.7,68.1,43.9,66.9,17.0,95.8,79.9,34.1,68.8,29.1,34.0,42.7,36.7,67.7,26.9,44.3,25.0,83.0,64.7,112.6,111.8,19.7,95.0,74.9,91.2,53.4,158.3,90.3,AKAP1,63.592,69.46363636363637,1.0923329406786446
212773_s_at,88.6,85.9,120.8,92.3,89.1,114.5,106.3,83.2,89.8,93.4,73.4,104.8,105.7,85.9,91.6,67.1,89.7,83.3,74.2,112.6,112.4,136.5,137.0,109.5,82.1,114.0,95.7,62.8,95.9,102.5,99.4,131.7,104.5,112.3,107.3,125.1,93.0,125.8,109.3,122.1,99.5,103.3,96.0,62.9,99.8,98.1,101.9,99.4,98.4,119.1,186.6,90.1,140.9,116.0,124.7,101.4,110.7,83.6,88.5,39.7,116.4,92.6,103.5,134.5,92.9,125.1,106.1,97.7,86.1,80.5,137.9,114.3,119.0,112.4,64.6,94.8,108.8,148.2,97.1,107.6,94.7,109.7,144.0,84.2,72.4,101.8,134.4,90.9,85.9,65.8,90.6,157.9,104.7,118.9,101.7,87.0,119.8,93.6,73.3,109.7,87.6,124.0,166.7,141.2,233.3,TOMM20,100.19,109.38363636363637,1.0917620158063317
202799_at,22.0,25.2,69.6,78.8,19.8,59.0,57.3,77.1,61.2,43.6,52.6,14.2,59.6,104.8,42.2,23.3,119.4,105.1,34.9,110.1,8.3,54.9,88.9,78.2,107.4,21.8,92.2,52.3,76.4,14.3,56.3,18.5,21.7,11.1,48.1,60.9,55.3,117.4,8.9,11.7,60.1,106.8,81.9,59.4,66.2,22.9,54.3,49.4,61.5,116.2,129.8,48.1,63.4,57.8,67.0,86.3,73.9,89.1,18.4,26.6,32.9,45.4,20.9,10.0,71.4,12.6,68.8,91.1,23.2,70.8,22.7,53.1,93.2,106.1,116.3,22.6,38.1,91.1,110.1,91.1,130.6,26.4,72.4,31.1,57.1,78.7,106.7,29.5,10.6,31.9,109.2,73.2,71.1,87.7,19.8,19.7,35.3,58.4,23.8,19.8,86.7,6.5,119.0,102.4,178.6,CLPP,57.26200000000001,62.51090909090907,1.091664788007912
218440_at,89.2,96.1,52.4,73.6,44.0,134.4,74.5,65.2,85.1,68.8,97.3,92.0,90.5,64.8,15.5,99.9,59.9,49.0,73.5,90.1,69.8,138.7,110.3,72.2,84.5,75.6,35.5,86.7,84.8,86.5,118.1,128.2,83.5,114.2,94.7,99.9,97.8,108.7,83.7,91.3,117.5,96.9,87.3,108.1,94.9,115.8,106.6,86.0,100.1,53.1,30.2,86.2,144.8,127.7,107.8,108.8,154.1,129.1,79.8,61.4,79.8,150.4,88.9,93.8,100.2,98.4,105.7,186.3,103.0,114.7,60.9,100.4,91.7,117.7,50.4,89.6,126.1,105.8,88.1,70.2,85.0,90.9,122.0,74.6,88.6,60.3,87.1,89.5,67.3,63.4,62.2,63.2,107.3,121.7,113.8,87.9,87.1,45.8,84.8,70.2,68.9,98.7,129.3,87.0,111.1,MCCC1,86.93600000000002,94.90363636363637,1.0916494474514165
209932_s_at,175.7,193.5,154.9,92.6,227.1,127.9,211.5,139.3,203.8,255.6,98.0,168.7,170.1,79.6,217.7,137.6,81.2,78.7,155.9,198.7,129.3,65.8,192.8,159.4,145.5,237.1,154.3,156.1,132.1,121.8,172.6,202.1,174.8,212.9,221.8,166.3,85.6,86.7,152.7,213.0,164.4,177.9,174.4,71.7,162.0,85.2,122.0,111.1,164.4,128.8,171.0,86.5,198.5,203.7,283.9,217.4,179.0,138.3,210.0,68.1,148.3,124.3,132.9,169.4,113.6,182.0,142.3,218.9,145.8,175.7,135.7,182.3,183.5,280.6,170.7,123.8,141.3,193.4,114.3,186.1,194.5,171.2,244.3,113.6,94.3,130.5,162.7,208.4,80.1,198.8,163.4,104.2,111.0,180.7,230.9,209.7,225.0,101.6,131.8,137.7,96.3,145.3,310.2,171.1,319.6,DUT,154.25400000000002,168.3309090909091,1.0912579841748615
201490_s_at,78.5,165.4,118.0,116.7,117.7,61.2,92.4,45.3,137.1,202.3,171.9,103.7,159.5,35.4,97.4,134.5,56.4,14.7,79.8,207.6,76.9,83.1,120.9,126.3,111.6,108.4,148.1,78.7,136.6,89.0,115.0,148.3,180.5,186.8,123.9,190.1,108.4,147.8,179.1,136.1,143.9,239.1,149.6,165.8,130.1,62.2,132.4,98.7,189.6,122.5,92.6,177.4,160.6,184.0,160.5,113.9,147.7,136.0,113.9,32.3,161.2,96.1,124.9,150.0,148.3,158.0,134.1,178.4,94.9,167.3,121.8,86.8,155.6,82.8,245.1,230.2,207.8,144.9,151.7,147.5,102.2,156.8,103.5,199.8,207.1,99.4,37.9,67.6,205.7,178.0,103.9,132.1,161.6,158.4,127.6,154.9,57.8,92.2,102.9,143.7,222.8,32.3,151.4,52.7,111.6,PPIF,124.50000000000004,135.8218181818182,1.0909382986491418
207746_at,43.5,33.4,48.4,45.3,52.3,47.7,45.6,100.4,32.9,29.9,25.8,51.2,35.3,28.0,39.5,74.9,45.0,56.8,61.6,50.5,43.5,27.6,29.9,43.7,45.9,38.9,56.7,47.4,21.1,57.2,50.5,31.5,49.9,37.3,16.7,56.9,33.9,18.9,50.1,26.5,37.1,38.1,35.9,67.1,26.9,38.6,18.9,38.1,19.5,58.4,28.4,35.4,16.3,20.9,40.2,30.1,28.1,64.7,55.7,60.2,17.7,52.4,31.1,53.0,53.8,45.4,56.7,39.4,68.3,79.8,74.8,27.1,40.4,39.1,28.8,47.1,23.7,33.7,42.8,42.7,42.2,45.3,32.3,47.0,48.7,36.8,57.7,42.5,30.0,72.8,49.1,53.4,92.1,35.4,29.6,65.9,20.8,84.1,65.6,77.8,74.0,52.5,24.2,4.8,69.5,POLQ,42.214000000000006,46.034545454545444,1.09050422737825
209645_s_at,32.5,80.7,42.5,103.2,67.5,59.1,36.5,41.6,58.0,88.3,37.6,66.7,58.9,71.2,27.2,68.2,71.4,44.4,37.3,37.6,36.8,73.1,49.5,38.9,53.1,61.5,40.9,35.3,51.5,39.9,35.4,40.0,53.5,40.4,53.3,40.9,66.1,26.9,27.7,10.2,53.1,16.7,29.8,68.3,60.2,85.4,19.5,33.7,44.3,55.9,14.2,57.0,56.4,37.0,60.8,51.9,42.0,38.6,35.3,73.1,23.7,50.2,56.1,48.8,60.2,16.2,46.9,54.0,85.3,71.1,157.0,81.8,76.0,44.7,64.3,51.3,54.6,39.9,50.1,54.1,18.9,22.1,64.7,49.0,32.8,84.5,52.4,16.3,54.8,71.4,36.2,32.0,5.0,36.9,33.8,70.7,52.5,76.6,59.8,62.2,114.9,97.9,33.6,47.0,85.7,ALDH1B1,49.44400000000002,53.89636363636363,1.090048613307249
204330_s_at,30.5,44.9,27.2,40.9,37.6,26.6,36.1,61.1,11.1,34.3,31.1,38.1,25.2,20.2,43.3,37.4,43.3,41.4,15.3,39.4,56.3,41.8,54.4,49.9,29.0,43.1,42.8,36.1,55.9,50.6,78.1,45.7,66.7,59.2,44.6,47.1,27.8,41.4,53.4,46.5,47.6,33.2,49.0,70.9,41.1,30.6,48.8,42.5,7.9,10.1,42.4,42.5,28.0,16.0,26.9,23.0,39.9,14.5,31.2,45.6,13.5,37.3,51.8,48.7,65.6,29.6,66.3,34.5,107.8,71.7,62.0,78.2,19.8,49.0,48.5,57.2,25.9,37.3,29.3,44.0,27.3,62.0,23.2,34.6,38.9,54.0,44.9,56.9,28.9,73.5,11.5,45.6,7.8,13.1,55.8,33.0,131.4,100.7,24.2,16.4,54.9,53.6,59.5,82.7,20.1,MRPS12,40.74199999999999,44.40909090909091,1.0900076311690863
219162_s_at,64.8,30.7,87.0,90.3,75.7,138.0,91.3,16.8,60.2,26.8,55.0,20.3,123.3,29.6,106.3,25.8,105.9,133.3,39.3,95.9,10.0,30.1,115.4,72.4,138.2,90.8,92.4,58.9,62.9,25.5,22.6,43.0,109.1,85.4,117.8,63.2,19.2,64.6,42.5,98.6,79.9,92.4,122.4,72.8,140.8,97.0,45.8,80.3,93.1,26.6,25.6,83.0,94.5,88.5,64.7,121.0,84.6,90.0,82.1,24.8,108.6,83.0,120.2,103.3,143.6,89.9,130.0,134.4,10.6,123.1,92.1,41.2,34.3,126.4,112.7,21.7,107.3,54.7,88.4,50.2,56.7,78.3,81.6,109.6,111.6,88.4,93.7,48.5,133.6,59.9,17.6,102.6,75.2,94.1,117.9,18.0,44.8,17.1,25.2,70.9,77.2,109.2,98.4,73.0,14.7,MRPL11,72.60000000000001,79.13272727272722,1.0899824693213114
201347_x_at,191.8,138.5,175.0,154.2,137.0,165.8,136.3,188.6,133.4,229.0,132.3,189.1,95.0,199.7,167.6,205.9,268.9,142.8,214.4,188.4,138.9,214.8,139.9,152.5,181.4,160.5,142.1,206.5,154.7,190.6,147.0,140.4,179.8,102.0,165.4,144.7,159.5,171.3,260.7,140.9,151.8,155.8,211.7,202.8,103.4,243.6,176.3,170.5,156.6,197.2,170.5,173.3,147.8,128.7,166.0,153.5,200.1,131.3,94.9,256.4,112.1,175.1,180.4,112.4,140.8,171.0,184.0,152.3,162.7,279.4,96.6,257.5,156.3,202.2,153.9,194.9,200.7,161.0,275.5,216.8,205.6,135.8,102.2,165.1,151.5,235.3,119.3,138.2,191.3,133.0,233.9,314.9,202.4,178.1,183.9,157.5,360.6,244.1,261.7,255.4,278.3,171.1,189.7,172.0,218.2,GRHPR,170.34000000000003,185.58545454545455,1.0895001440968328
202785_at,4.9,6.0,23.6,45.5,46.5,126.7,10.2,7.7,10.8,7.0,7.5,7.9,6.0,14.4,5.9,13.2,8.2,15.4,12.1,15.8,50.5,8.1,48.9,16.0,12.7,29.0,15.3,50.8,55.8,18.1,35.7,20.4,15.7,63.6,15.8,59.6,9.0,12.7,57.8,18.9,18.2,90.5,17.6,17.6,13.4,87.0,12.0,11.5,5.6,12.6,13.9,41.4,93.8,67.6,15.4,53.1,13.3,70.8,14.5,16.0,61.4,16.7,8.0,42.0,7.0,63.1,27.4,16.0,13.5,11.8,19.6,11.1,7.1,36.2,16.2,18.7,69.7,11.4,25.4,102.0,17.2,8.0,8.5,12.9,5.5,50.3,20.8,17.4,15.9,9.9,7.5,23.6,10.5,67.9,6.2,41.5,10.5,21.2,6.0,18.4,16.3,11.5,86.2,50.5,24.3,NDUFA7,25.91399999999999,28.22909090909092,1.0893374588674436
212434_at,109.1,87.8,17.2,127.9,38.7,193.3,51.6,85.2,61.1,52.6,53.0,12.6,69.1,85.7,31.5,115.5,19.6,86.4,49.5,103.0,113.2,142.4,78.2,83.6,24.5,102.9,119.7,135.3,59.9,87.0,109.7,122.1,86.5,43.7,124.0,118.2,70.4,170.8,140.5,86.9,142.6,32.0,115.8,130.6,107.1,104.3,102.5,105.5,94.5,93.2,86.2,53.7,191.8,157.5,156.6,114.2,128.4,96.3,162.2,97.4,64.4,123.0,70.9,141.7,108.9,57.5,170.5,113.8,72.9,92.3,37.3,56.0,78.3,126.7,75.8,99.5,96.5,75.6,103.5,195.6,76.3,122.4,104.6,112.0,152.0,64.7,14.3,113.6,110.4,31.7,62.8,65.3,62.3,154.6,94.3,110.0,112.7,107.8,48.8,52.1,14.4,20.3,87.4,119.5,167.5,GRPEL1,89.96,97.94181818181822,1.0887263025991354
212173_at,3.5,9.7,5.2,6.7,11.5,27.7,11.3,11.3,6.9,12.9,10.1,13.2,6.3,11.4,4.4,8.3,14.9,5.6,15.0,6.6,9.6,7.9,5.6,6.7,9.2,18.3,4.6,22.7,7.9,5.8,9.0,14.6,8.9,3.2,7.4,42.8,3.5,3.0,6.0,5.1,45.3,4.6,7.7,25.0,2.5,8.8,3.3,6.9,15.3,7.8,15.5,19.5,8.3,22.4,13.6,22.5,23.9,15.2,9.1,14.1,8.3,10.0,7.6,6.9,6.8,7.5,2.9,8.8,6.7,5.5,4.3,18.8,8.6,2.6,10.9,8.4,8.1,8.1,27.4,13.8,10.6,16.8,6.1,12.2,4.9,18.5,6.8,17.6,4.5,5.0,38.8,55.9,16.4,3.4,10.6,10.0,4.7,6.0,7.4,5.6,6.2,7.3,6.1,5.3,3.7,AK2,10.63,11.572727272727274,1.0886855383562817
201060_x_at,179.3,140.2,121.5,122.2,150.1,176.6,167.3,105.4,152.2,184.2,166.9,301.4,170.8,151.4,258.6,163.2,100.3,150.6,129.3,160.6,201.5,158.9,151.3,113.9,254.2,193.9,198.7,191.3,160.2,238.6,153.9,126.0,176.7,230.0,177.0,144.9,154.5,140.4,218.7,181.6,149.4,190.5,206.1,137.7,246.7,303.0,252.5,223.5,317.7,235.0,329.5,202.1,267.5,153.0,222.5,145.6,158.9,149.8,171.7,152.3,195.5,136.0,274.3,168.6,233.9,203.1,248.1,280.6,243.1,193.5,203.0,235.8,137.7,315.1,172.7,190.5,228.4,260.6,166.5,137.4,233.5,200.7,149.0,152.3,204.4,131.2,204.0,191.0,197.6,157.9,215.1,258.0,217.0,153.9,183.0,250.3,226.4,199.6,187.8,204.7,170.9,89.0,192.4,73.2,244.0,STOM,181.608,197.53090909090903,1.0876773550224055
208629_s_at,277.0,159.1,157.6,129.0,192.6,77.7,255.5,15.2,191.0,187.0,94.0,193.1,139.8,67.0,188.3,213.5,53.7,11.7,110.2,58.3,66.9,12.9,102.1,136.7,106.0,180.3,162.1,68.3,186.2,197.6,128.8,202.7,194.1,214.3,176.6,165.8,212.7,95.4,35.0,58.7,146.5,120.2,119.7,185.1,176.2,197.5,82.0,184.4,223.8,178.9,88.3,163.8,68.9,95.0,113.4,142.7,141.9,118.2,118.2,126.1,100.9,195.7,191.5,121.3,206.7,175.2,32.0,182.5,68.8,124.8,137.1,162.3,211.2,148.2,94.6,143.7,122.8,189.9,110.1,168.2,140.9,130.6,266.5,172.8,179.9,169.3,96.5,164.0,160.4,129.9,216.1,167.0,241.3,25.2,272.0,264.4,211.7,212.9,182.8,78.1,263.4,149.3,171.2,229.8,118.1,HADHA,141.77599999999998,154.1472727272727,1.0872592873777842
200692_s_at,135.6,112.2,135.2,58.7,135.7,125.6,125.3,42.3,117.7,81.9,44.9,96.0,137.5,37.1,121.4,120.2,39.5,58.4,47.9,139.2,105.7,90.5,76.1,96.6,82.8,131.5,85.1,61.6,100.4,74.1,47.3,91.0,82.4,138.3,158.4,103.1,61.2,50.6,142.4,113.3,81.0,147.6,101.8,99.5,131.0,76.4,91.7,155.7,102.3,79.0,75.6,84.4,118.2,122.5,72.7,132.8,126.2,105.1,92.4,64.0,142.4,90.6,130.3,97.9,79.1,126.2,117.5,105.0,82.9,90.8,84.0,132.4,100.2,180.3,77.1,103.8,98.7,103.4,121.4,55.1,130.7,111.5,154.7,89.5,110.8,126.7,119.9,86.1,75.3,78.9,150.4,122.6,57.7,146.7,101.6,140.6,105.8,56.7,146.0,38.7,61.4,99.9,150.7,129.2,119.5,HSPA9,97.414,105.90181818181816,1.0871313998174612
204331_s_at,93.1,146.9,120.8,163.7,130.5,171.6,141.6,135.6,93.5,121.5,60.2,154.6,124.8,114.2,130.7,111.1,159.5,125.4,127.3,100.1,167.0,185.4,138.4,122.1,139.0,174.2,164.3,132.2,193.7,200.8,136.6,139.3,152.4,162.9,151.3,148.9,159.6,153.8,196.5,118.4,210.4,146.0,142.7,195.2,202.7,179.2,166.6,183.1,112.9,124.9,189.6,152.8,128.1,151.2,155.2,154.3,147.7,156.5,140.0,157.7,121.8,209.9,136.2,112.7,142.4,145.1,183.8,164.9,139.2,189.5,131.0,135.6,179.2,273.8,138.7,173.9,181.2,206.3,214.0,167.2,156.7,138.8,189.5,176.7,131.0,189.2,109.4,174.0,54.5,122.4,113.0,189.8,137.7,201.1,167.3,130.6,176.3,135.4,114.7,203.9,155.6,194.7,183.9,174.3,153.4,MRPS12,146.54399999999995,159.15272727272722,1.0860405562338087
205942_s_at,50.7,85.9,51.3,74.2,55.1,86.6,19.7,28.5,62.4,43.3,12.9,74.7,9.6,21.9,66.2,65.6,81.1,45.0,33.3,40.2,38.3,46.3,63.2,40.4,14.9,20.5,55.4,59.9,35.9,18.9,49.4,34.7,37.5,42.5,12.5,60.9,8.7,15.1,13.3,14.1,21.4,27.1,9.7,36.8,44.3,49.4,27.1,8.0,20.2,12.2,44.4,29.4,18.8,22.7,38.5,47.8,22.3,52.5,42.9,48.7,23.3,59.6,20.6,42.7,31.1,37.2,87.0,40.7,18.8,43.8,87.7,9.1,111.8,45.3,36.6,61.9,35.1,6.9,99.9,97.7,54.5,70.8,24.9,36.5,32.1,40.3,40.7,12.9,33.1,7.7,13.5,40.1,27.8,7.2,28.4,93.3,30.9,45.3,63.9,51.5,69.6,18.9,62.3,13.4,41.2,ACSM3,38.936000000000014,42.28363636363637,1.0859779218110837
217612_at,7.4,8.8,6.4,4.3,10.8,3.9,13.7,10.0,11.9,17.3,6.2,8.4,4.7,4.2,6.2,6.4,7.5,9.3,10.4,4.6,3.2,12.1,4.5,6.3,3.5,4.3,12.1,10.5,4.4,5.2,5.2,10.9,9.5,3.6,4.3,3.7,7.7,10.3,7.1,4.0,3.3,8.6,6.0,7.2,5.6,24.9,4.5,2.2,4.5,4.9,17.1,5.8,4.4,7.4,3.0,2.9,4.8,32.4,6.0,9.1,25.1,7.0,8.9,3.5,4.6,3.7,5.2,4.7,4.4,7.8,6.5,16.1,4.0,4.9,6.5,5.0,5.3,3.6,10.9,5.0,6.2,4.1,3.5,3.3,16.9,11.1,19.3,4.4,4.7,9.0,3.1,11.9,12.8,3.5,9.3,4.9,12.6,7.2,5.2,10.1,7.0,6.7,6.0,5.2,14.2,TIMM50,7.330000000000001,7.959999999999999,1.0859481582537513
204660_at,6.9,6.6,7.3,5.4,8.7,6.4,4.9,11.9,8.9,5.6,7.9,6.2,4.7,9.3,4.5,17.4,7.4,15.0,14.3,9.2,6.9,11.0,6.7,5.8,5.7,9.5,8.0,11.0,5.8,10.6,6.9,4.4,7.7,3.6,6.1,6.3,9.1,5.1,9.2,6.8,4.3,6.5,6.5,9.5,7.5,9.5,4.0,3.2,3.5,6.2,19.8,11.9,2.6,2.6,6.3,5.9,3.9,4.8,4.1,8.6,6.7,5.3,5.6,5.0,7.4,8.9,7.3,9.1,9.5,9.5,11.7,7.0,7.7,5.2,6.0,5.7,5.5,13.6,6.5,4.8,7.9,6.2,12.7,7.0,8.9,8.2,7.7,6.6,10.9,6.8,7.6,5.9,15.6,5.9,10.9,15.4,11.5,6.1,12.7,11.6,13.5,8.8,4.3,6.2,10.9,GFER,7.508000000000001,8.150909090909089,1.085629873589383
217981_s_at,97.8,89.5,78.8,112.7,113.3,91.4,104.9,122.0,102.3,90.2,89.3,129.2,81.5,71.7,81.0,70.9,83.9,70.9,104.2,91.7,95.3,70.1,124.8,99.2,84.8,85.1,83.5,113.1,109.0,92.6,63.7,70.2,91.0,103.3,75.2,69.1,120.8,60.7,45.7,86.4,99.1,84.3,112.6,121.9,80.9,134.3,70.6,77.5,73.7,57.9,135.9,102.2,98.4,68.0,86.9,80.4,70.8,102.0,86.6,96.4,48.3,104.7,65.1,84.9,78.4,102.1,84.0,151.4,60.4,134.6,85.0,87.5,78.8,99.2,62.5,103.4,69.7,129.7,77.7,72.3,111.7,148.8,127.4,103.8,110.6,93.3,126.4,105.4,73.5,76.5,133.6,145.8,78.7,148.7,121.0,112.0,134.0,29.3,113.4,111.1,111.8,75.8,92.8,101.8,118.4,TIMM10B,90.67199999999998,98.41636363636364,1.0854107512392321
218946_at,42.2,44.6,58.8,58.2,55.1,36.9,54.8,74.1,48.5,55.1,57.2,62.8,62.4,74.6,45.8,37.8,41.1,54.4,61.8,71.1,45.1,54.9,69.7,42.3,42.0,66.3,41.7,40.6,44.0,48.5,59.8,52.7,80.4,52.1,55.7,50.6,56.0,61.2,23.8,55.6,35.8,54.3,59.2,64.0,45.4,73.4,37.8,62.1,36.8,32.7,39.3,28.1,70.4,57.3,70.2,56.5,51.0,62.7,55.5,44.4,56.8,37.8,41.2,66.6,59.9,69.2,65.7,64.6,53.9,44.1,45.3,52.7,36.2,63.7,34.2,59.0,59.2,65.2,30.1,57.0,66.5,112.1,60.6,60.3,64.6,64.6,41.0,60.5,44.8,54.0,67.1,56.6,66.0,68.9,43.2,30.4,27.0,53.8,66.9,45.7,73.4,31.8,68.6,79.2,147.2,NFU1,52.836000000000006,57.32,1.0848663789840258
221789_x_at,109.3,183.9,140.0,83.5,105.4,69.4,45.6,218.3,145.7,88.8,74.7,89.5,48.7,86.6,70.6,174.0,22.8,48.6,110.9,63.6,138.0,63.6,27.7,100.8,212.5,65.9,104.4,87.2,80.4,173.7,169.5,46.1,132.1,57.0,89.1,29.9,129.3,13.5,194.0,122.2,90.6,152.8,61.8,137.0,107.8,75.6,107.8,45.6,139.1,18.0,207.2,145.5,108.2,43.9,72.2,65.4,96.1,49.6,173.2,60.9,54.4,18.5,73.3,76.4,32.0,95.4,123.3,32.4,125.7,167.5,221.1,112.1,16.1,27.1,130.0,130.6,68.5,72.8,105.0,154.8,82.2,125.0,94.2,48.2,148.5,112.0,118.0,220.6,108.5,152.8,87.4,149.4,116.0,102.7,136.7,32.9,244.2,90.2,50.5,229.6,102.9,116.6,177.8,43.0,158.5,RHOT2,99.05800000000004,107.41090909090906,1.0843234175019587
208967_s_at,190.4,195.4,171.6,164.1,204.9,214.4,183.9,179.0,199.5,238.6,189.8,225.1,144.1,278.9,170.2,222.0,203.0,240.3,187.7,196.1,190.0,208.2,165.0,182.3,143.0,227.2,177.7,263.8,190.0,153.3,175.4,208.3,190.8,230.9,214.2,205.2,181.6,177.8,243.0,166.3,194.7,177.4,246.5,244.6,236.3,268.9,202.1,235.9,274.9,278.5,265.4,229.1,205.7,129.6,237.7,205.2,191.4,192.0,189.3,180.1,119.0,198.2,219.2,169.6,209.7,178.9,145.1,211.8,187.0,270.1,187.2,257.2,255.6,129.0,145.7,223.1,192.6,170.7,236.7,225.7,192.3,186.2,293.7,328.8,249.9,220.5,222.4,344.0,303.9,208.8,232.9,287.9,265.9,259.0,288.0,228.8,208.8,230.3,285.2,286.7,252.2,211.8,209.4,273.8,191.3,AK2,205.05599999999998,222.18363636363628,1.0835266286460103
206504_at,9.2,8.9,8.4,19.3,6.1,9.7,27.0,20.8,2.2,11.8,14.7,22.0,4.1,25.6,11.3,17.1,6.5,12.9,27.3,2.5,22.6,26.9,12.3,27.2,16.9,16.7,36.3,4.0,21.9,17.5,34.5,19.8,12.0,15.2,9.0,2.5,12.2,5.4,2.9,2.5,5.6,6.0,28.5,24.9,3.0,3.4,7.6,17.9,13.5,26.5,23.9,11.6,10.8,1.2,3.6,9.1,13.0,6.9,6.5,2.4,8.5,1.9,31.4,3.2,22.1,26.0,20.9,26.4,30.4,48.2,30.4,3.4,13.0,5.1,18.1,23.0,17.1,2.3,21.7,22.7,4.5,14.8,4.4,2.5,11.0,26.4,10.3,1.3,38.6,35.0,12.0,13.0,10.8,18.1,12.3,14.6,7.4,3.2,6.2,45.4,30.1,36.3,23.2,7.9,7.0,CYP24A1,14.451999999999998,15.656363636363634,1.0833354301386409
218617_at,102.5,68.8,104.9,91.9,72.8,114.5,99.8,78.0,65.5,99.3,111.9,94.8,94.1,50.9,78.4,74.3,78.0,37.6,79.7,140.4,87.7,95.7,125.3,71.7,80.4,135.1,132.4,111.9,68.5,112.1,111.1,116.0,108.0,88.1,79.1,95.1,72.4,133.8,92.7,172.6,85.1,83.9,96.3,70.2,104.2,23.0,89.4,76.7,114.9,114.3,93.2,106.6,67.6,93.8,88.7,78.4,107.7,124.4,99.3,103.9,97.8,150.0,122.5,121.1,104.9,102.9,102.3,123.9,12.2,58.9,60.5,132.5,104.1,74.8,53.3,116.4,72.0,74.0,85.6,120.0,98.0,117.5,122.0,104.8,80.5,54.2,81.3,111.2,99.4,99.2,128.1,83.1,118.6,120.0,89.6,100.6,105.4,104.5,130.5,127.7,172.2,212.1,94.6,88.3,84.8,TRIT1,93.71599999999998,101.48181818181821,1.0828654464746492
212324_s_at,40.4,41.5,56.9,11.4,34.3,34.2,63.4,13.8,42.2,13.0,82.6,8.3,35.0,79.5,22.2,59.6,61.5,23.1,18.1,10.0,41.4,18.5,51.5,48.4,16.9,25.6,53.3,51.6,47.4,36.3,9.3,62.9,54.9,29.8,35.7,52.1,6.4,10.7,27.5,9.9,43.2,51.0,88.8,8.9,11.1,16.3,33.6,59.1,12.3,16.1,17.6,39.2,24.8,6.0,25.7,14.5,30.9,21.0,58.3,129.2,45.7,22.8,51.5,10.9,51.3,44.6,76.7,85.2,33.4,9.8,21.5,45.3,14.0,19.9,33.7,65.2,52.7,5.7,11.5,39.4,9.6,12.5,14.1,26.7,69.2,35.5,64.1,11.9,20.7,23.9,8.6,7.7,16.2,64.3,6.1,52.4,54.6,15.0,109.9,73.1,44.4,19.0,64.1,65.5,124.4,VPS13D,35.63,38.57272727272727,1.0825912790549332
215798_at,22.1,58.2,34.5,15.8,10.3,51.2,39.7,26.4,16.7,38.0,66.5,34.0,14.4,21.1,46.1,18.4,46.6,28.3,17.8,16.3,64.7,44.3,34.7,49.6,55.0,11.7,49.2,82.3,8.7,16.9,44.1,15.4,10.2,36.3,18.2,15.8,23.9,21.8,61.2,52.1,32.1,19.8,42.9,21.6,12.4,22.0,66.6,38.2,60.6,61.7,46.5,57.9,44.8,33.2,61.3,44.9,89.0,51.7,18.2,40.8,6.0,52.7,20.5,13.9,59.6,28.3,22.9,28.7,23.1,6.1,36.9,29.3,60.8,22.0,7.3,48.2,41.0,51.8,26.3,50.3,10.5,25.1,74.8,10.3,20.2,14.0,68.4,81.1,17.1,7.9,3.2,24.4,82.3,37.0,28.3,37.9,60.5,30.1,77.6,22.7,10.6,20.7,83.5,21.7,49.9,ALDH1L1,34.327999999999996,37.16,1.0824982521556747
202264_s_at,166.3,180.9,103.4,166.9,207.9,141.7,155.1,273.4,163.8,182.2,112.5,171.8,118.1,247.1,123.3,135.9,184.1,216.7,319.5,178.6,244.9,216.7,118.4,128.2,170.2,112.2,238.7,133.5,116.5,256.6,172.2,181.4,103.6,156.0,138.8,160.3,127.6,180.2,221.8,211.7,192.3,132.7,157.9,282.6,204.4,212.2,124.9,94.0,217.5,149.5,350.3,150.1,132.3,89.9,119.0,183.9,205.2,177.1,122.3,210.0,132.1,195.7,157.2,168.5,140.8,145.8,192.5,158.1,303.4,256.9,261.5,213.5,162.4,193.0,193.4,172.5,120.5,203.9,132.2,148.7,143.8,185.2,184.2,150.9,183.9,129.1,227.4,153.7,191.9,138.2,61.3,272.6,245.3,139.5,168.0,133.7,220.4,274.4,120.8,247.5,294.5,355.3,198.5,228.2,324.1,TOMM40,174.134,188.4563636363636,1.0822490934358804
204389_at,14.9,4.5,11.4,3.7,3.2,3.1,14.7,23.0,20.5,11.4,28.5,25.7,3.6,33.2,14.1,7.3,3.5,3.9,3.6,5.2,36.0,2.3,22.4,16.3,2.1,6.7,4.0,26.2,26.2,3.4,6.3,28.7,3.1,2.4,20.3,3.1,16.5,23.2,3.2,1.8,17.9,3.3,15.2,3.3,17.2,13.8,12.6,25.1,4.0,5.0,6.9,8.7,8.7,10.8,17.4,13.6,9.3,6.2,2.0,9.1,3.1,28.0,11.5,11.1,5.7,19.2,2.9,49.1,2.2,41.2,7.3,8.5,1.6,3.9,2.0,3.4,24.9,3.3,4.3,27.5,19.0,1.6,7.9,6.5,49.5,23.8,47.8,3.3,41.4,8.3,28.8,6.3,2.4,2.1,20.6,10.2,8.1,6.6,1.6,3.3,1.9,30.5,23.2,7.6,11.2,MAOA,12.212,13.216363636363637,1.0822439924962035
212739_s_at,60.2,63.6,124.8,90.9,52.4,71.9,75.3,192.8,72.8,44.5,50.0,79.1,71.0,233.8,60.0,52.7,83.1,162.9,71.2,83.6,63.6,130.1,108.0,117.9,92.3,75.7,111.4,185.5,81.0,76.1,50.9,30.5,66.8,60.8,54.6,83.3,91.1,80.4,109.2,56.7,121.3,83.8,87.0,187.8,139.8,72.9,91.3,84.9,127.2,106.8,133.8,81.3,87.4,59.0,72.6,135.5,66.9,78.3,69.3,69.7,44.9,89.4,108.3,51.6,87.0,117.4,140.5,67.4,93.2,106.2,70.1,73.2,86.6,108.9,116.5,68.4,57.5,46.7,145.8,33.6,52.8,90.6,90.3,81.8,112.8,95.4,95.0,215.4,248.1,101.4,113.4,104.6,95.3,75.0,21.6,69.4,194.9,136.2,133.8,222.9,150.8,131.4,91.8,108.3,105.3,NME4,92.50599999999999,100.09636363636366,1.0820526629230933
65770_at,132.7,118.7,45.2,113.9,55.8,84.8,137.1,62.9,130.0,44.4,29.2,51.1,30.0,190.4,42.0,50.7,142.9,74.7,156.4,73.8,37.6,61.8,43.5,31.6,32.2,33.2,35.4,34.9,32.6,28.0,24.9,37.9,44.1,128.2,43.8,36.1,68.1,30.2,41.0,96.1,125.8,127.3,154.9,37.2,31.1,28.9,106.5,114.4,37.3,42.9,47.4,172.9,23.5,80.2,19.9,27.8,31.3,33.6,73.0,44.6,123.3,79.1,89.5,28.8,66.9,83.9,113.9,43.8,95.9,38.9,41.5,242.7,43.1,41.6,35.1,98.2,179.8,83.9,108.7,145.1,67.7,30.0,38.6,35.2,104.9,153.3,40.6,43.0,49.2,97.3,27.2,43.5,82.7,51.8,34.7,150.3,32.1,96.0,64.0,130.5,34.0,48.4,149.2,118.8,97.3,RHOT2,69.88400000000001,75.60363636363634,1.081844719301075
203093_s_at,17.2,17.8,9.7,13.5,13.8,6.3,17.8,23.8,4.0,26.7,49.8,48.1,15.0,10.3,12.7,30.6,49.0,81.6,77.8,11.9,35.2,11.4,5.4,12.6,9.0,9.9,5.9,9.0,6.2,11.1,3.8,54.7,11.4,13.6,4.6,10.1,20.9,4.0,7.0,10.7,24.6,5.9,16.8,26.9,6.3,5.1,8.1,4.2,7.3,5.6,16.7,6.1,5.4,19.5,4.6,12.0,11.0,23.1,47.4,7.8,11.1,11.8,8.2,8.0,13.3,13.3,11.2,15.6,5.3,6.1,15.3,27.4,5.9,6.5,17.2,7.2,3.9,36.7,12.1,4.7,9.0,40.5,6.3,21.5,10.0,49.5,10.6,17.3,6.5,10.8,13.0,6.5,7.9,56.0,57.2,8.8,61.6,59.7,17.8,7.3,48.5,8.5,48.4,45.2,53.6,TIMM44,18.094,19.570909090909087,1.0816242451038514
208822_s_at,198.9,148.6,207.5,212.6,246.1,293.7,248.0,78.5,237.5,219.3,276.2,69.4,275.1,43.0,306.2,138.3,122.4,78.0,219.1,303.9,227.1,236.4,220.0,272.7,220.4,231.9,194.4,228.8,200.6,201.1,186.2,277.7,287.6,317.1,313.7,274.3,222.9,206.0,273.8,272.9,228.3,315.6,260.7,46.5,201.5,326.8,233.3,284.9,196.2,157.7,174.4,237.4,365.2,386.6,271.6,435.7,303.0,252.9,237.9,177.4,237.4,181.7,249.3,239.3,218.9,312.5,240.6,208.8,233.2,229.1,107.6,256.3,204.5,285.3,193.2,237.8,303.0,343.3,210.1,177.5,292.2,283.5,287.2,182.9,214.2,269.2,267.9,250.2,161.5,174.2,237.8,145.9,262.6,255.7,129.0,247.2,232.0,185.1,221.9,205.2,295.6,97.2,253.2,230.2,241.2,DAP3,220.78799999999998,238.80545454545472,1.0816052255804425
212833_at,98.4,120.7,102.3,85.9,115.4,133.9,88.6,106.8,100.1,80.8,131.1,124.2,85.2,105.3,114.2,67.3,44.8,40.7,94.2,92.6,70.3,181.6,150.0,87.0,115.3,71.5,117.3,103.3,66.9,154.4,121.7,113.9,48.2,121.0,106.2,79.8,95.5,114.9,115.2,167.3,121.1,133.8,148.6,136.8,82.4,109.3,87.4,91.2,88.2,113.4,116.1,95.8,112.3,125.1,133.4,122.2,113.6,126.1,108.0,63.8,137.8,96.5,55.6,144.2,121.9,137.1,204.9,90.5,111.8,106.0,124.6,111.7,95.3,168.7,103.7,103.8,148.5,127.6,83.7,150.0,99.8,73.7,132.3,102.6,107.4,94.2,67.8,94.4,89.5,129.9,102.2,128.3,120.8,128.7,152.6,157.5,114.5,92.8,66.2,125.9,77.2,84.0,84.3,80.0,193.4,SLC25A46,104.92,113.45999999999997,1.081395348837209
208905_at,293.0,266.1,186.8,134.1,189.1,290.6,321.9,191.4,268.3,155.5,322.1,228.6,243.6,209.9,198.0,195.6,145.9,122.2,173.3,280.1,250.3,346.6,307.2,233.3,325.5,222.6,204.6,308.8,231.6,218.1,208.4,344.4,250.8,382.3,310.7,199.1,188.9,325.8,193.0,308.4,251.8,242.3,346.8,253.3,200.9,280.1,254.4,382.9,343.9,207.9,235.2,335.8,494.5,380.2,410.7,252.9,431.6,284.0,288.0,159.7,321.8,205.3,258.5,281.8,275.3,249.1,266.2,335.7,292.2,148.1,176.3,211.5,197.2,411.9,142.4,233.7,287.6,279.9,250.4,334.2,255.2,174.8,470.6,173.2,172.0,324.6,199.0,295.4,148.9,207.2,367.6,181.2,312.9,400.9,314.2,299.7,328.3,227.0,249.0,241.6,242.3,210.7,292.7,167.7,227.9,CYCS,250.81599999999995,271.2054545454546,1.0812924795286372
222006_at,46.7,63.1,69.3,11.4,37.6,43.3,47.9,11.7,59.3,42.1,35.7,42.7,63.9,38.1,23.3,35.1,42.9,24.3,51.8,42.6,16.2,57.4,64.1,18.3,20.8,15.9,14.0,47.2,58.7,46.4,15.6,63.7,16.2,52.0,14.4,42.5,27.8,13.1,56.9,25.1,37.4,60.3,31.0,20.2,20.5,60.1,29.8,54.4,26.9,43.4,65.6,25.7,42.8,42.5,32.7,47.2,28.4,27.9,31.7,8.6,7.0,52.6,83.2,62.6,50.1,42.9,35.8,90.2,19.7,6.7,53.4,15.4,43.4,50.9,14.6,45.7,35.5,25.0,73.7,51.6,57.7,5.5,16.9,72.0,9.9,13.1,60.2,42.2,5.9,55.2,60.4,45.2,46.0,49.5,61.9,100.5,18.7,11.8,62.2,11.1,114.8,16.2,45.9,44.4,22.9,LETM1,38.062000000000005,41.14909090909092,1.08110690213575
207618_s_at,109.4,171.7,187.2,170.3,167.8,235.9,156.8,219.9,118.4,178.0,146.5,170.2,158.2,226.8,174.8,178.6,207.6,231.5,258.1,155.8,194.4,224.3,201.9,166.3,180.3,190.0,200.0,226.0,136.2,213.5,138.5,155.2,155.5,150.3,162.8,131.9,188.2,141.6,188.7,163.7,174.8,149.1,191.7,261.7,157.9,206.9,167.5,142.1,140.8,197.3,288.9,211.0,124.6,132.7,160.6,205.8,120.1,186.7,195.6,233.8,103.3,229.6,190.5,164.6,106.5,101.0,171.3,227.9,168.0,188.0,201.5,174.8,207.0,241.2,166.2,176.9,175.1,173.3,218.2,188.3,158.3,211.0,217.6,214.5,217.0,187.0,276.6,222.8,175.3,243.6,166.0,199.6,245.4,155.3,170.9,213.4,148.4,201.6,258.3,254.4,180.2,236.5,206.5,209.6,194.2,BCS1L,178.45199999999997,192.67272727272731,1.079689368977245
220942_x_at,87.1,75.6,129.0,108.8,55.2,323.2,150.0,78.7,74.6,83.7,104.3,121.7,135.6,95.1,138.3,51.4,185.8,156.2,188.9,130.8,111.3,70.1,115.4,92.4,80.7,161.8,59.6,146.1,168.2,119.5,101.4,143.4,93.3,185.8,157.9,131.0,145.9,133.5,114.1,154.1,182.8,206.5,100.9,108.9,98.5,108.6,92.1,70.4,108.8,46.7,13.3,135.4,130.7,137.7,176.1,140.7,143.9,102.6,115.6,94.8,153.5,171.0,148.0,88.5,98.7,127.0,198.3,203.7,96.2,56.2,128.3,126.0,85.4,234.5,94.4,10.7,237.1,160.9,106.1,141.9,158.7,125.4,140.1,229.4,67.1,106.8,199.1,202.0,111.7,122.8,169.2,81.2,39.5,261.1,99.1,83.0,114.7,51.0,234.4,93.6,157.2,4.2,169.2,137.8,208.4,FAM162A,121.67399999999999,131.34363636363636,1.0794716731893121
218558_s_at,53.0,36.8,61.0,52.9,52.0,72.4,66.4,112.4,59.6,51.8,68.5,46.8,9.2,74.5,56.2,87.7,84.9,117.2,50.1,24.0,61.5,46.3,51.1,76.0,76.8,66.6,84.9,67.2,70.9,59.7,51.5,63.0,25.7,44.1,54.8,61.9,91.0,82.8,71.1,64.5,92.6,59.4,69.1,91.8,95.8,77.1,63.6,98.9,62.5,11.5,66.4,73.2,99.1,76.4,86.4,53.6,80.3,57.0,58.3,82.1,66.4,78.0,72.7,83.4,50.9,75.0,54.6,36.8,57.8,36.1,16.1,27.8,20.5,117.3,42.5,36.0,55.3,20.0,81.1,52.5,77.8,78.7,99.0,12.6,66.9,98.5,124.4,87.6,51.5,61.6,102.2,115.8,93.9,104.3,57.0,74.8,109.1,59.2,93.0,86.6,93.8,61.9,69.2,84.7,58.0,MRPL39,64.62200000000001,69.74,1.0791990343845745
217720_at,582.0,669.0,754.1,915.3,933.5,1393.8,756.5,1149.7,677.6,541.1,903.9,942.7,960.5,938.4,851.2,468.7,1024.3,912.6,830.7,1247.3,971.2,877.7,1176.6,758.3,836.1,1054.4,1059.2,1011.9,1200.4,1000.6,937.1,806.0,1055.1,1191.1,909.7,1193.7,858.5,817.5,914.3,1122.7,911.1,897.7,1084.1,886.4,1106.2,867.3,825.8,1172.3,997.7,1086.7,997.7,930.6,1225.3,1241.8,1224.2,1035.2,949.8,1035.7,1135.6,523.3,1071.0,1094.0,1116.0,994.1,1036.7,974.5,865.3,1047.7,1134.7,844.7,954.1,1052.6,871.3,1134.0,669.1,1031.6,1486.2,1098.6,1007.7,903.1,1047.5,844.2,1288.8,846.2,940.7,1279.0,770.1,1011.9,1007.6,735.3,777.1,1086.4,993.3,1503.1,929.2,1113.9,703.4,998.2,868.9,1040.0,773.3,1060.4,1127.9,958.3,1440.4,CHCHD2,940.8059999999999,1015.1145454545455,1.0789839195908035
209368_at,14.9,20.4,76.9,7.8,13.2,49.9,10.9,12.8,10.8,11.8,79.6,26.4,42.9,15.4,39.5,28.4,51.2,45.8,22.6,38.2,42.0,48.1,36.8,74.8,26.0,56.0,28.0,62.9,20.9,9.2,11.8,32.2,55.5,62.9,40.0,32.1,38.1,28.7,46.5,41.4,6.7,44.7,30.6,50.7,44.0,18.6,12.3,6.4,36.6,46.8,48.6,8.1,25.5,65.9,43.6,49.6,21.7,41.8,59.9,53.5,7.3,7.1,64.7,72.3,45.0,53.6,51.0,38.0,25.2,10.9,72.5,9.9,81.9,78.6,68.2,68.8,48.7,20.7,42.5,28.2,10.3,33.7,50.6,58.6,9.1,67.5,41.0,30.2,13.7,40.3,5.7,8.5,6.3,70.2,10.4,6.1,41.8,7.6,39.8,40.6,5.4,16.1,46.3,13.6,43.3,EPHX2,34.214,36.9090909090909,1.0787715820743233
206069_s_at,16.7,15.7,7.9,22.4,57.2,6.9,5.9,10.1,26.4,39.7,6.8,38.0,5.2,9.3,4.7,21.8,11.0,9.7,49.5,5.3,16.4,6.6,30.1,15.5,14.1,5.4,32.3,8.7,5.5,3.6,19.9,7.0,6.0,6.9,5.1,6.2,4.1,22.9,21.6,6.1,5.4,42.2,2.6,54.4,5.8,7.3,3.7,5.8,5.1,6.3,8.4,8.1,2.7,2.3,4.2,4.5,4.0,7.3,19.1,9.8,2.6,29.0,25.8,2.4,13.1,5.8,52.3,13.4,7.6,7.1,4.5,7.2,6.6,4.8,7.8,13.2,5.4,36.2,26.5,4.9,39.7,6.4,7.1,5.8,16.3,26.7,5.4,25.6,7.5,7.9,17.4,8.7,16.7,4.8,27.4,29.1,7.0,68.4,14.2,5.8,28.4,53.8,49.3,24.5,42.2,ACADL,15.056000000000001,16.230909090909087,1.078035938556661
212891_s_at,5.1,3.8,4.1,2.5,7.0,26.3,2.1,13.9,3.4,3.2,7.9,3.6,22.8,16.2,37.1,5.5,8.2,11.2,13.8,8.4,31.3,18.0,37.9,9.4,4.4,3.3,2.3,46.3,17.8,4.2,55.0,8.2,10.4,22.1,28.1,20.1,14.9,4.0,3.0,38.0,9.0,5.8,8.2,11.9,36.5,21.9,27.9,11.5,5.7,13.4,4.4,9.2,39.3,37.5,30.5,49.9,27.9,4.4,33.2,4.1,4.1,27.6,2.5,23.2,6.6,4.7,27.3,40.7,12.8,2.5,26.3,52.8,7.8,15.9,2.2,26.5,34.8,36.6,2.5,5.4,3.0,45.5,7.3,5.2,3.9,2.0,10.6,39.4,6.7,9.2,9.0,19.3,4.1,11.4,2.1,4.6,12.7,3.5,2.6,6.8,6.6,6.9,36.7,7.0,4.1,GADD45GIP1,14.731999999999998,15.880000000000004,1.0779256041270708
205811_at,91.6,79.4,73.4,10.3,72.9,77.2,72.3,49.4,42.2,106.9,51.6,92.9,77.2,98.6,55.5,37.9,60.3,26.9,119.3,93.0,79.1,79.6,86.3,66.1,101.3,85.8,110.3,70.7,48.3,33.8,134.0,62.5,88.2,89.7,98.3,59.1,55.0,59.9,109.6,54.8,46.8,49.9,114.3,103.4,65.1,119.3,90.8,73.6,73.7,81.0,55.0,77.1,82.6,80.0,95.3,122.8,93.9,151.3,47.4,83.5,56.2,100.5,79.9,114.6,102.6,135.5,58.2,72.6,16.0,44.8,78.8,78.7,101.1,21.2,63.2,62.4,63.5,60.2,93.7,60.1,58.1,39.3,91.2,118.5,10.7,148.9,99.3,87.2,99.6,136.7,62.6,29.5,100.5,111.2,109.5,126.8,88.9,76.5,106.4,92.4,129.4,48.2,80.6,25.1,50.4,POLG2,75.58200000000001,81.4581818181818,1.0777457836281361
209019_s_at,79.3,205.1,151.7,217.0,144.5,168.8,107.5,96.9,136.0,169.8,219.5,164.5,207.8,203.0,144.2,129.5,199.7,201.0,232.3,234.3,144.3,268.7,97.4,99.3,211.2,184.2,156.5,126.4,172.6,274.0,292.4,213.9,180.6,152.7,161.3,219.3,207.1,192.9,204.2,245.4,140.3,220.2,120.8,179.5,152.0,196.7,251.3,132.9,210.5,201.9,275.7,213.3,142.0,124.8,126.2,192.3,144.0,114.4,189.7,268.6,191.6,147.1,261.0,243.9,250.8,146.6,146.1,114.4,200.7,249.7,259.2,215.8,173.4,137.6,230.1,239.1,139.8,153.1,99.9,242.0,161.5,218.3,151.2,115.3,102.3,136.4,238.0,218.1,202.1,267.5,217.7,160.2,175.0,168.3,219.9,185.5,171.4,420.9,273.4,311.5,158.3,71.3,130.3,138.7,447.1,PINK1,180.45799999999997,194.42,1.0773698034999835
210418_s_at,106.2,94.6,191.5,203.1,115.6,158.2,159.2,21.8,122.3,120.9,73.9,67.2,108.3,25.7,138.5,123.7,105.2,101.2,66.8,122.5,151.7,18.5,173.0,175.5,92.7,152.3,174.4,178.0,175.3,161.1,245.0,142.3,53.1,79.6,173.2,161.2,147.2,56.7,89.8,152.2,187.2,112.7,140.9,101.6,160.5,108.6,131.9,210.8,138.5,154.1,33.1,181.8,172.1,181.3,191.5,210.1,144.3,150.5,152.6,58.2,145.3,171.0,204.5,129.8,50.6,132.5,202.1,95.2,129.2,184.8,200.6,107.0,201.3,184.0,111.6,161.9,124.0,154.9,139.3,196.3,198.7,120.8,202.7,154.4,45.3,147.2,182.6,139.5,201.5,93.9,202.3,109.9,42.4,238.7,94.7,37.4,164.3,76.2,160.0,41.5,179.8,31.9,160.1,61.8,24.0,IDH3B,128.52,138.41818181818178,1.077016665251959
201066_at,62.3,57.7,180.4,78.6,128.6,146.9,56.7,29.3,116.2,92.7,48.5,22.9,105.8,95.0,134.8,60.4,80.9,60.2,143.5,101.3,114.1,112.6,103.3,111.1,85.0,80.9,106.6,184.7,173.2,116.9,138.4,92.5,76.6,97.6,99.2,107.6,128.1,96.4,119.1,96.0,48.1,105.3,101.5,60.6,157.3,109.0,102.7,47.4,63.7,5.2,125.4,106.8,93.1,100.7,68.2,135.3,108.7,89.9,80.3,20.0,122.4,111.0,97.5,101.4,78.8,122.3,117.9,109.8,121.4,98.2,110.5,121.2,57.7,54.5,63.5,239.7,106.4,147.9,78.2,164.2,73.2,74.9,139.3,102.6,99.4,67.1,67.6,127.6,187.5,7.8,9.3,106.1,67.2,172.6,96.7,149.9,12.0,114.1,94.7,124.1,114.0,128.8,137.7,175.2,133.0,CYC1,96.86799999999998,104.27818181818182,1.0764977269911822
201849_at,60.2,59.8,53.4,55.7,39.7,76.4,57.0,45.9,57.3,30.5,72.9,71.1,44.0,51.0,63.0,48.6,45.5,18.9,78.8,80.3,75.6,73.1,64.0,64.8,70.2,48.6,72.1,77.9,46.2,67.6,51.6,83.7,51.6,54.8,77.7,59.5,43.4,47.0,45.5,52.7,42.5,44.7,41.8,55.0,62.9,24.3,60.6,39.2,66.9,35.6,55.2,42.1,89.3,92.1,90.8,64.7,54.7,49.1,52.0,37.5,47.5,61.2,48.9,65.5,56.5,56.4,19.1,58.1,62.2,67.0,104.9,35.7,30.3,52.6,74.6,73.6,61.0,48.0,43.9,50.8,46.3,75.8,49.0,69.6,71.1,70.7,78.3,48.1,7.5,71.8,49.3,76.9,34.0,53.2,85.4,91.9,9.5,82.6,52.8,93.9,84.5,52.8,59.8,75.9,90.1,BNIP3,56.22199999999999,60.47454545454547,1.0756384592249562
204125_at,89.5,115.4,103.4,83.7,111.7,102.7,113.2,83.9,85.3,103.6,111.0,68.5,136.4,106.6,131.6,90.0,102.5,117.6,87.5,121.8,90.4,139.8,73.9,108.1,76.8,60.7,106.0,123.1,125.0,137.7,111.3,144.2,120.2,92.1,92.0,123.2,120.6,141.2,112.5,112.5,119.8,112.5,93.3,129.3,151.4,191.3,107.9,121.5,122.4,57.5,147.8,105.1,124.9,131.4,116.8,145.1,164.0,127.6,132.4,101.4,126.1,94.1,156.0,149.3,94.9,112.8,92.5,106.8,84.5,116.1,106.3,103.5,98.8,129.7,111.3,126.7,122.0,111.3,98.2,110.2,138.2,139.8,84.6,128.7,106.3,146.0,98.7,124.2,160.6,106.6,170.4,80.0,113.8,141.2,137.0,150.5,107.5,62.0,93.0,117.2,30.5,133.5,90.3,173.6,105.4,NDUFAF1,109.68199999999997,117.94909090909091,1.0753732691698814
215272_at,25.0,33.5,17.0,46.9,23.6,21.8,28.1,31.1,7.8,32.0,71.3,17.5,23.8,31.2,12.7,10.4,45.9,49.5,22.9,19.0,18.0,29.3,7.0,31.8,49.3,18.3,15.0,28.3,18.0,35.5,15.5,31.4,3.7,46.8,37.2,50.8,10.4,14.6,14.7,38.4,25.2,31.4,28.7,56.0,2.8,35.6,49.5,23.4,28.1,34.7,17.7,32.6,25.4,22.7,12.9,23.0,20.5,24.0,26.9,83.1,10.3,48.6,41.4,50.1,23.3,63.8,25.5,28.8,6.9,16.7,49.6,14.6,18.3,3.3,38.9,40.7,13.8,23.1,41.1,4.4,24.6,37.3,52.4,2.4,10.5,9.3,69.5,29.9,42.8,45.9,11.1,41.0,2.2,13.3,18.2,15.3,33.7,66.2,63.4,37.4,19.9,44.6,37.7,56.1,19.3,OGG1,28.007999999999996,30.109090909090913,1.0750175274596871
219589_s_at,12.6,8.3,14.0,11.7,6.0,40.2,14.5,15.3,24.1,8.5,9.6,13.9,6.7,10.4,20.9,8.5,53.0,15.3,9.4,3.2,12.3,9.3,15.8,19.7,8.2,10.5,8.5,9.4,5.2,6.5,7.9,47.5,6.7,4.7,25.1,5.2,3.8,4.8,7.2,6.1,3.0,6.9,11.1,13.9,28.9,35.5,37.7,29.8,2.3,5.1,15.6,5.2,4.7,4.8,23.2,4.1,7.1,3.8,6.2,69.3,3.7,38.4,9.1,31.8,4.5,6.9,37.5,44.4,18.1,44.3,17.8,9.9,4.4,6.3,8.2,6.1,8.0,4.6,10.5,9.6,37.1,6.3,6.0,12.9,4.0,4.2,6.5,9.7,24.0,5.5,8.0,8.7,8.2,5.0,32.1,30.0,6.6,10.6,21.4,12.8,62.6,10.3,9.4,10.4,12.5,TMEM143,14.093999999999996,15.143636363636364,1.0744739863513812
203606_at,207.0,190.3,275.1,216.5,270.2,363.7,215.2,367.9,209.5,243.6,334.4,176.4,343.4,167.4,309.9,198.4,276.9,320.3,289.8,255.8,149.5,247.6,250.2,257.6,257.0,219.5,248.1,304.7,332.2,377.8,324.6,249.3,235.7,235.1,271.8,231.1,244.7,265.0,345.0,146.3,282.0,248.7,198.2,198.0,223.1,369.7,282.0,338.0,253.1,275.7,290.6,322.9,242.1,151.3,268.3,306.4,240.9,218.4,268.5,202.7,325.6,251.8,308.6,245.9,287.4,248.7,360.2,343.8,233.6,315.0,388.3,294.9,364.1,343.0,229.6,238.2,364.9,303.8,274.8,300.0,278.0,245.2,320.8,338.3,135.7,282.1,229.4,203.5,260.5,304.3,279.8,220.9,239.6,307.7,253.6,345.0,318.9,128.8,279.6,392.5,249.6,295.4,285.1,316.7,426.5,NDUFS6,261.8600000000001,281.30545454545455,1.0742589725252212
213396_s_at,334.8,260.8,173.6,234.6,163.9,199.7,139.4,146.3,306.7,103.5,144.1,204.0,158.7,153.9,204.5,278.8,131.9,127.4,156.0,120.9,181.6,164.4,224.8,115.6,138.8,156.0,156.7,152.6,96.4,268.8,214.0,230.9,259.2,202.1,174.2,106.4,316.7,102.0,141.9,203.5,197.5,128.0,117.5,153.8,135.2,234.0,113.6,146.9,170.0,335.5,226.0,250.4,137.4,244.6,181.1,164.6,222.5,201.5,208.4,311.1,111.0,132.2,219.4,277.2,209.9,109.9,68.4,220.9,237.1,241.2,186.7,172.8,199.5,275.9,153.7,206.6,168.8,150.9,214.7,265.4,177.6,233.8,128.2,141.3,205.9,205.0,211.3,311.5,171.7,157.4,179.9,117.1,154.2,146.3,150.9,194.1,157.9,173.8,251.2,273.9,267.6,229.5,237.5,107.7,170.1,AKAP10,181.64199999999997,195.00363636363633,1.073560279911234
200658_s_at,42.7,56.8,62.5,83.2,73.2,78.9,70.0,112.6,56.9,68.5,68.1,58.7,59.3,86.0,52.8,50.2,70.5,96.7,81.4,88.3,102.6,78.7,58.7,59.7,51.4,96.5,56.0,97.4,81.7,75.4,94.3,84.3,69.6,64.5,90.7,58.6,70.0,77.1,69.6,40.0,35.1,52.2,71.8,61.1,77.0,63.3,48.9,79.3,81.4,72.6,112.8,90.2,84.8,88.8,88.0,60.0,72.8,41.1,64.4,43.2,51.2,47.6,49.7,87.3,66.0,78.0,147.5,75.4,42.0,60.6,63.9,101.8,75.2,115.1,66.5,90.7,55.3,94.0,51.5,70.5,78.5,57.5,80.2,114.3,86.6,99.1,40.0,98.5,13.6,69.2,81.6,51.1,71.9,60.2,65.7,82.3,40.1,64.0,41.2,109.3,126.0,56.6,107.6,145.2,97.9,PHB,70.73600000000002,75.89272727272724,1.072901030207069
203945_at,98.2,122.7,113.1,50.0,141.3,110.3,100.3,158.5,110.5,124.7,117.4,148.8,100.3,133.2,109.5,99.5,63.3,161.7,92.8,125.4,50.2,167.2,108.5,81.8,143.2,92.7,90.5,118.8,98.2,117.4,103.7,92.5,111.6,66.1,84.9,123.4,146.7,92.1,137.2,119.8,102.1,75.7,108.3,144.8,106.3,155.8,49.9,99.0,131.9,75.8,224.7,125.0,72.6,46.0,88.8,87.8,65.1,90.5,95.3,124.5,83.7,120.7,121.7,119.2,136.7,126.2,107.7,94.0,127.9,140.2,193.9,96.4,113.1,123.7,125.0,130.2,101.2,85.8,120.4,110.1,114.6,136.6,98.7,84.8,115.4,120.4,140.7,101.8,72.0,200.1,132.4,134.9,99.3,112.2,139.6,164.7,147.3,136.5,136.1,168.3,84.7,173.2,50.3,115.2,85.3,ARG2,109.55199999999999,117.51272727272728,1.0726661975384044
218202_x_at,67.0,69.2,63.9,43.7,58.8,44.2,71.7,42.5,40.0,74.0,57.0,95.0,58.1,60.3,59.6,67.3,52.4,66.3,51.1,40.5,55.9,63.6,51.9,55.5,80.8,53.4,61.2,65.1,31.5,75.5,14.2,41.1,38.2,55.9,30.6,41.7,63.8,40.2,17.2,58.5,29.8,12.0,55.1,11.1,78.8,20.9,31.8,39.6,69.8,42.4,24.7,51.8,38.8,36.4,43.7,25.8,60.2,35.6,36.9,57.7,38.4,58.2,93.9,48.2,73.3,77.9,52.2,70.3,62.2,78.5,73.8,62.6,32.0,54.7,35.4,35.1,49.7,75.5,31.1,61.0,43.7,81.5,53.8,28.0,50.0,50.7,33.3,77.8,49.5,57.0,58.3,74.0,82.7,66.0,56.6,16.9,9.3,59.2,84.0,73.3,57.8,65.7,53.2,56.1,116.9,MRPL44,51.394000000000005,55.10727272727272,1.072251094043521
218773_s_at,267.2,266.0,257.7,347.4,310.7,239.4,245.5,273.0,171.0,303.8,221.8,231.0,359.2,241.1,369.8,207.8,452.6,256.9,394.2,315.4,255.2,273.8,361.0,305.6,342.5,209.6,283.6,234.4,329.3,251.0,288.2,328.9,295.3,248.1,285.8,320.1,307.6,354.3,298.6,317.6,364.4,332.6,312.0,173.0,248.4,162.6,347.8,256.6,197.5,360.2,269.1,172.3,264.1,365.0,307.1,361.4,203.0,350.8,374.2,351.6,455.9,243.3,306.7,303.4,305.5,354.5,230.5,205.5,304.7,338.8,337.1,289.8,334.0,262.5,400.1,298.4,427.3,246.4,422.3,364.5,254.1,224.0,213.5,197.3,368.8,309.9,306.9,377.1,378.3,220.4,272.1,311.0,339.3,389.0,201.8,198.3,243.4,477.5,255.8,263.7,194.8,448.7,252.1,518.4,291.1,MSRB2,287.54200000000003,308.310909090909,1.072229132060391
221437_s_at,7.6,8.4,19.9,16.4,5.6,29.2,22.3,13.4,16.9,5.0,10.4,1.9,17.5,8.1,22.4,7.4,11.1,12.3,13.4,11.7,34.8,45.2,35.1,48.7,42.6,3.5,3.5,3.9,20.1,49.7,5.6,5.6,32.9,66.8,25.5,33.7,6.4,27.1,13.4,22.2,11.0,35.1,23.5,28.6,28.3,17.6,25.5,32.5,19.1,33.0,2.7,5.5,42.2,34.0,15.3,39.2,43.5,30.8,4.8,22.6,26.7,16.3,39.1,27.5,4.7,5.6,31.0,7.1,7.4,49.4,60.5,34.9,5.2,25.0,11.9,8.7,14.8,49.5,24.7,5.6,5.7,9.4,27.9,27.9,37.1,54.1,4.8,13.5,7.0,35.9,25.6,5.6,23.6,30.7,38.9,19.3,12.0,9.3,3.6,37.9,24.9,5.4,63.8,3.6,4.3,MRPS15,20.828000000000003,22.32727272727273,1.0719835186898756
212741_at,46.8,25.9,92.0,26.2,15.8,22.3,8.0,19.8,27.4,16.0,43.6,27.5,7.4,21.8,23.9,16.8,26.6,13.8,22.7,15.1,16.5,17.3,34.7,25.3,12.4,29.5,15.6,22.8,12.4,22.6,17.4,54.4,25.5,14.8,11.4,9.6,60.5,16.6,11.9,14.2,55.3,27.5,46.6,18.0,10.1,26.9,28.2,17.7,27.6,28.3,20.8,15.5,16.5,14.5,11.7,21.0,6.7,14.5,10.7,22.7,16.5,39.5,18.7,18.0,19.3,10.3,44.5,19.1,15.9,74.8,13.9,72.6,76.9,17.0,12.4,18.2,31.7,11.6,11.6,27.9,12.8,50.0,14.7,69.6,74.9,10.4,19.6,8.6,14.6,94.9,21.2,32.5,12.5,11.4,56.7,30.7,17.7,20.9,89.3,13.2,27.0,12.3,11.6,19.4,3.6,MAOA,25.019999999999996,26.820000000000007,1.071942446043166
220741_s_at,92.0,83.2,111.8,77.2,83.7,72.8,90.4,106.5,86.8,56.1,87.1,110.5,110.9,73.3,118.2,93.3,97.7,76.5,107.5,120.6,133.2,118.6,102.6,51.2,89.8,107.2,84.9,87.6,62.9,107.4,143.3,92.2,141.9,154.3,124.8,109.8,72.6,73.7,126.5,145.5,99.3,162.4,107.9,90.2,122.9,94.8,112.7,86.2,86.9,99.2,57.3,115.8,103.8,127.8,101.5,94.5,103.5,42.1,135.9,63.8,160.5,122.5,64.5,136.1,135.4,96.0,103.0,110.7,70.2,104.4,87.1,107.9,98.6,181.9,80.6,124.1,135.3,93.8,99.5,79.5,160.3,85.1,106.9,155.8,91.1,101.7,93.1,123.2,80.1,85.9,117.2,133.4,110.2,131.6,133.5,125.4,144.4,98.6,131.5,156.8,36.1,103.1,100.0,86.9,123.0,PPA2,100.97199999999997,108.22727272727273,1.0718543034432593
213540_at,83.2,105.4,125.7,79.6,107.0,122.0,75.3,161.9,82.2,88.5,107.6,64.4,70.3,152.3,95.2,108.9,143.0,146.9,127.5,120.7,134.1,140.8,114.7,53.9,79.5,101.5,108.0,122.6,61.0,102.9,95.2,109.3,99.7,88.5,63.8,122.6,75.7,101.3,89.1,71.1,91.3,104.7,111.5,98.5,73.8,81.5,94.5,64.1,26.4,74.1,144.5,98.5,58.7,74.4,73.1,99.4,74.3,111.6,68.5,132.9,65.4,102.3,143.5,92.5,87.1,134.5,79.8,100.6,90.4,121.5,146.8,111.6,123.4,148.3,84.3,83.4,109.8,54.6,111.1,43.6,119.3,124.4,120.3,87.1,98.3,134.0,117.7,91.9,128.9,202.9,85.2,121.7,63.6,134.7,82.8,99.3,152.8,41.4,112.3,90.6,151.4,146.1,81.5,152.4,91.1,HSD17B8,98.46600000000001,105.4927272727273,1.071361965274585
211152_s_at,13.3,66.0,77.9,43.3,85.4,68.6,61.7,96.8,40.6,39.0,42.4,74.0,69.3,78.4,93.7,59.8,55.9,79.3,64.3,73.5,47.2,61.9,80.6,44.9,45.8,89.1,64.0,74.8,73.8,72.9,102.2,66.7,59.8,63.0,14.2,53.9,87.9,78.6,102.5,112.6,17.7,76.1,61.8,80.9,80.0,93.0,57.6,20.6,50.5,71.3,11.9,72.4,80.3,37.5,50.6,65.3,64.0,60.9,103.1,69.0,79.5,48.2,72.3,84.5,52.1,93.7,97.4,62.0,79.6,16.4,37.9,55.3,89.5,102.1,102.2,79.9,102.5,120.2,32.5,61.3,47.0,98.5,69.0,111.7,75.5,30.9,71.2,16.1,68.4,114.8,58.4,76.5,14.8,102.4,64.3,37.5,66.8,104.3,87.9,29.4,72.7,76.0,37.2,90.0,169.5,HTRA2,65.782,70.45272727272729,1.0710031204999437
36830_at,4.8,3.2,6.2,5.3,5.7,11.9,6.7,7.8,4.6,3.7,5.6,4.8,7.0,4.0,4.5,6.0,5.4,5.6,5.6,5.9,9.1,5.2,4.3,4.7,12.5,6.9,5.9,9.0,6.6,6.7,3.8,5.8,6.9,8.4,5.0,4.7,8.3,7.2,5.0,5.2,5.4,4.6,13.4,9.0,6.6,4.0,4.0,8.1,6.4,9.9,10.8,5.9,2.6,6.1,5.9,4.7,4.2,5.1,3.6,7.5,6.7,7.4,4.3,5.9,3.2,5.2,8.3,7.2,3.8,8.2,10.2,4.5,5.5,8.5,15.0,5.4,2.9,5.7,4.2,7.0,16.6,5.2,6.7,7.7,5.2,3.1,5.3,5.5,2.4,4.3,5.5,5.7,4.7,10.3,14.7,11.0,9.8,4.5,8.3,4.7,4.4,7.7,4.6,14.4,15.5,MIPEP,6.337999999999999,6.787272727272726,1.0708855675722195
200807_s_at,407.3,359.5,372.8,224.8,317.6,404.6,335.3,198.3,382.0,247.6,294.9,251.1,242.1,250.6,307.1,382.6,304.8,346.9,323.5,390.8,422.6,579.5,304.8,383.8,295.4,363.9,371.5,417.5,321.1,270.9,292.5,385.1,350.8,444.7,475.2,379.6,356.9,287.2,399.6,437.0,383.4,427.6,391.4,345.9,471.7,362.4,333.8,511.4,363.8,275.6,291.7,320.9,563.3,478.4,503.3,519.4,610.0,444.2,346.5,293.7,384.5,360.9,389.5,536.8,419.0,414.5,481.2,384.5,290.2,344.6,310.4,299.1,324.9,427.5,244.0,288.8,519.8,374.4,332.6,500.8,401.2,371.4,380.0,379.4,334.3,441.7,262.7,363.2,330.0,209.6,513.4,218.0,483.6,541.7,332.4,422.4,293.3,368.4,352.0,323.2,286.2,238.8,493.1,312.4,253.2,HSPD1,355.0160000000001,380.0909090909092,1.0706303633946332
201489_at,168.3,289.6,237.5,292.9,100.0,167.0,170.6,131.9,254.3,296.6,180.9,134.8,255.5,174.1,144.0,115.5,290.1,94.1,151.4,337.8,183.0,167.0,190.8,212.1,257.5,169.7,228.7,221.7,276.6,138.5,275.1,174.2,322.9,308.0,175.8,177.7,197.7,317.4,172.1,225.7,194.8,354.3,218.7,136.3,198.0,147.8,264.1,184.8,199.2,355.9,122.6,265.2,256.8,230.9,256.4,182.3,258.7,224.5,191.1,194.6,232.7,135.5,170.0,353.8,331.5,255.2,167.0,295.0,332.0,164.7,246.5,284.0,237.3,91.6,333.5,238.3,199.4,164.5,298.3,138.5,212.1,259.8,236.6,309.3,205.2,172.2,158.4,123.1,320.5,196.1,268.7,195.8,228.2,263.7,208.4,326.6,102.1,280.6,232.9,212.4,252.5,238.8,181.0,257.7,219.4,PPIF,212.65999999999997,227.53636363636366,1.0699537460564454
212973_at,244.5,296.1,131.1,196.9,155.9,231.9,111.5,306.2,208.1,142.0,270.3,119.6,146.7,192.9,67.3,317.5,74.3,174.9,181.1,217.3,349.8,202.7,174.9,156.7,410.5,244.8,332.6,180.1,126.3,503.9,245.6,185.3,298.2,270.1,232.0,182.4,171.3,263.6,267.5,123.5,233.5,249.1,132.4,329.5,553.4,299.9,253.7,245.6,420.0,314.0,534.6,232.3,263.5,172.8,311.7,202.5,140.2,188.6,169.3,293.3,152.7,143.1,275.5,250.7,288.0,154.0,182.6,182.5,270.3,362.7,264.4,287.8,183.0,188.3,203.9,321.3,144.7,250.8,83.8,139.0,202.3,219.8,468.2,180.2,262.2,229.9,315.0,332.4,266.0,357.0,169.1,484.4,316.7,212.9,192.9,211.9,437.6,380.6,347.4,435.6,263.9,147.1,183.0,150.0,205.9,RPIA,234.78000000000003,251.0890909090909,1.0694654183026275
222148_s_at,215.5,197.6,177.6,125.6,191.0,204.3,204.6,224.4,321.6,226.0,219.0,222.8,229.8,121.5,188.8,177.6,145.7,102.6,93.9,182.8,198.5,148.5,283.2,124.0,224.7,230.6,229.3,131.8,189.5,195.3,202.1,296.2,226.0,219.0,263.1,192.1,204.0,210.0,188.0,247.8,116.3,280.5,241.2,142.4,212.1,176.8,149.8,179.9,216.0,203.7,189.4,197.8,272.9,228.4,268.9,189.3,282.6,93.3,144.2,235.4,486.3,180.1,149.6,284.8,255.7,292.9,230.6,254.6,198.0,195.4,232.7,167.1,228.7,133.1,259.4,318.3,239.4,164.4,223.1,200.6,180.1,204.7,170.5,178.9,212.5,195.0,98.3,324.8,160.7,190.0,161.6,190.3,222.8,189.9,293.0,234.4,201.0,124.4,128.5,168.4,226.3,195.5,218.9,136.8,219.9,RHOT1,197.90200000000004,211.34909090909082,1.067948231493824
212604_at,45.8,34.3,56.4,55.2,55.9,73.1,61.7,25.7,68.2,48.7,64.3,107.7,35.0,24.0,57.6,45.3,31.6,29.3,26.1,61.8,52.6,19.1,39.8,44.9,11.5,83.4,52.5,40.0,50.3,35.9,47.6,48.2,50.7,64.9,72.4,53.6,50.0,23.0,46.2,61.0,48.0,95.6,18.5,16.8,68.6,60.8,45.2,90.0,44.8,8.7,5.1,82.9,73.4,74.7,80.0,50.1,41.9,37.2,35.5,12.5,43.4,67.3,59.5,46.9,66.2,22.2,37.3,62.7,26.9,67.0,53.8,58.2,41.8,60.9,44.8,32.0,73.1,61.6,52.9,68.8,62.1,40.8,60.9,47.9,66.2,49.8,34.1,65.6,68.0,2.7,51.6,88.0,38.0,50.5,70.3,55.7,86.5,62.6,11.6,75.2,55.0,10.0,78.5,95.6,11.1,MRPS31,49.04600000000001,52.34363636363635,1.0672355821807353
200662_s_at,182.9,162.3,168.1,124.7,140.5,293.4,224.9,158.3,175.3,194.7,183.6,202.1,216.6,106.3,136.5,140.7,111.9,104.7,145.1,178.5,204.7,257.5,266.3,140.6,222.2,172.5,207.9,212.6,167.1,163.1,145.3,256.5,152.0,315.7,254.1,190.9,213.4,151.9,186.2,277.4,208.3,225.7,242.7,204.0,286.5,178.4,209.8,316.4,262.2,253.9,156.1,272.4,376.2,291.0,322.8,201.9,204.8,227.9,192.8,146.2,241.0,245.0,172.1,229.5,233.4,183.1,157.7,194.4,200.3,153.8,92.4,179.8,218.8,238.6,108.4,201.1,286.4,238.9,244.7,234.3,235.3,137.0,299.8,154.6,175.6,232.3,128.7,161.9,209.7,181.4,329.0,130.5,230.1,223.1,224.4,369.0,271.6,166.3,258.1,147.3,140.8,157.1,228.7,128.3,248.7,TOMM20,197.93799999999996,211.18363636363637,1.0669181075065748
216591_s_at,85.6,99.5,106.9,43.6,100.9,35.3,149.2,49.7,129.3,108.2,77.7,197.6,65.6,41.1,97.3,106.4,87.5,51.1,101.6,62.3,106.7,115.0,69.8,67.2,53.9,96.9,60.9,57.3,62.8,75.7,11.2,41.1,58.9,89.5,140.9,89.2,74.6,95.6,77.8,73.6,60.5,44.5,83.7,69.8,88.4,36.0,59.1,108.0,75.8,62.7,72.0,85.1,44.2,66.6,89.1,91.0,82.9,51.6,32.4,56.5,66.6,89.6,85.4,73.0,66.3,92.4,98.9,78.4,71.7,98.9,140.3,100.0,114.3,119.7,101.1,94.3,68.4,102.4,49.7,78.8,96.6,101.4,99.4,97.0,78.2,105.5,58.0,57.4,114.6,141.9,90.6,96.6,94.8,72.7,67.2,91.4,121.6,59.6,112.8,10.7,84.8,60.3,92.2,58.3,171.3,SDHC,80.07,85.3909090909091,1.0664532170714265
211801_x_at,52.3,53.2,49.5,88.7,29.1,54.8,71.1,77.7,51.4,26.0,24.4,77.7,43.6,76.7,39.4,64.4,85.8,72.6,61.6,28.7,43.6,41.1,44.7,51.1,45.6,69.0,72.2,57.0,45.3,116.2,46.5,73.1,44.7,49.3,59.4,62.0,45.3,41.3,90.3,55.3,47.8,40.1,87.2,53.9,53.1,48.6,28.1,36.9,19.0,30.9,78.1,32.6,55.6,50.8,43.3,31.6,63.7,65.7,41.2,82.4,21.8,71.9,40.5,39.7,66.7,43.9,64.0,73.3,65.1,99.3,79.1,23.1,30.3,40.1,58.0,58.4,35.9,32.9,59.8,69.1,75.6,32.4,40.4,59.1,49.1,52.5,63.9,49.2,32.6,42.0,58.3,96.7,43.2,32.7,108.0,50.7,84.5,103.9,93.7,47.1,13.2,166.1,71.6,48.5,65.5,MFN1,54.546000000000014,58.15272727272725,1.0661226721066115
214082_at,52.6,47.6,58.6,11.3,36.5,54.1,19.3,11.3,14.8,6.8,9.1,9.8,33.7,52.5,34.3,8.0,16.5,27.7,35.4,5.3,39.6,29.2,11.7,30.9,14.0,68.2,24.5,10.3,8.7,25.4,8.2,7.7,31.7,3.5,4.9,16.5,50.9,33.7,53.3,10.6,9.8,16.9,37.3,11.5,6.2,26.9,7.3,24.6,5.3,10.1,18.6,13.8,24.5,38.9,4.4,66.7,7.1,59.1,30.0,48.1,15.2,13.6,6.0,10.4,6.5,7.6,18.3,7.9,6.3,44.4,13.7,33.2,10.7,44.9,6.5,16.3,32.1,25.3,9.7,14.7,46.4,34.2,30.4,4.4,6.3,6.7,17.7,45.6,24.0,8.5,56.0,12.8,27.9,9.2,11.9,50.3,8.9,49.2,11.6,77.2,6.6,32.7,46.6,16.8,92.3,CA5B,23.692000000000004,25.249090909090906,1.0657222230749157
210154_at,107.2,97.3,67.0,71.8,83.3,99.1,80.8,14.4,92.5,15.5,71.6,17.2,115.0,77.5,73.6,72.8,70.8,49.4,40.8,80.8,69.3,94.4,49.8,71.2,69.1,64.7,75.8,72.6,118.2,100.1,61.3,73.5,61.6,109.5,134.7,100.6,93.4,82.1,93.9,102.4,110.8,106.8,138.3,114.5,114.1,109.5,111.6,152.9,85.0,113.1,145.3,76.6,104.6,127.2,105.4,85.3,106.6,85.3,96.2,73.3,121.1,72.8,75.9,87.2,102.4,100.1,94.3,98.2,98.6,86.0,72.1,114.9,83.6,92.5,96.4,90.1,96.5,123.1,68.1,111.2,118.8,114.3,89.3,62.9,73.6,92.3,90.5,67.6,98.3,59.1,135.8,67.0,15.6,111.4,94.9,60.1,101.2,65.6,59.5,27.5,124.7,19.3,69.1,76.0,199.0,ME2,85.06400000000002,90.62363636363638,1.0653582756940227
33494_at,17.7,46.5,7.0,3.8,17.5,20.0,20.6,43.2,19.6,21.4,10.7,10.8,6.1,8.0,32.1,5.3,22.9,7.2,24.2,22.5,20.4,5.6,33.0,6.6,4.7,3.5,6.6,42.0,24.8,13.7,7.4,15.9,6.6,26.7,2.6,8.1,35.1,6.2,9.2,14.6,7.6,22.2,38.1,3.7,24.0,13.9,8.7,14.6,7.0,26.6,4.2,3.2,23.9,9.5,21.8,3.1,10.4,6.4,21.1,3.3,18.4,7.8,23.8,3.6,6.1,19.2,33.6,27.1,9.9,8.4,9.3,27.1,36.1,26.3,5.5,21.9,28.8,22.7,8.2,29.8,19.7,38.8,17.1,22.8,7.2,11.3,10.1,4.2,25.4,40.7,13.8,12.9,17.4,12.9,7.2,22.2,41.2,9.6,8.8,5.0,44.2,40.3,5.2,6.1,44.3,ETFDH,16.53600000000001,17.616363636363637,1.0653340370321498
206781_at,75.3,126.5,71.6,170.1,84.9,80.8,83.4,277.7,59.0,99.6,170.9,69.7,40.8,204.6,75.3,100.8,96.1,177.8,145.4,37.4,142.3,196.0,80.0,116.6,182.2,16.1,37.2,114.5,111.0,79.0,73.0,41.5,113.2,83.3,78.3,87.0,134.2,37.3,14.5,46.2,109.5,92.9,23.8,176.2,109.7,90.7,42.1,98.8,163.8,169.9,121.3,121.3,92.8,58.7,120.5,110.4,65.4,130.8,36.4,195.3,16.3,36.1,92.5,111.4,82.2,71.4,94.9,53.5,158.9,165.7,263.2,177.3,104.1,43.8,84.2,80.6,88.0,117.6,43.1,18.5,82.2,155.4,99.9,69.5,138.7,47.4,169.6,160.7,136.7,244.5,19.1,266.2,148.2,32.3,112.7,157.2,173.8,187.5,191.2,45.7,62.5,54.7,24.8,121.3,126.0,DNAJC4,102.16999999999999,108.79999999999998,1.064891846921797
209460_at,65.7,69.7,74.4,60.0,61.1,67.7,39.6,40.1,81.6,78.8,83.1,62.8,65.8,86.5,58.9,61.6,84.4,37.5,89.6,58.4,67.9,75.2,25.9,65.5,32.6,84.6,39.9,67.7,106.2,49.9,69.4,108.8,103.8,54.9,49.9,116.8,62.9,67.2,99.7,51.8,59.6,110.9,91.6,59.5,65.2,64.2,46.7,35.7,58.6,68.8,28.6,103.4,57.1,49.3,63.1,74.4,104.6,92.2,48.2,62.7,87.3,56.4,55.2,69.8,64.9,77.4,64.8,66.7,100.3,45.3,65.0,54.5,82.6,61.5,72.3,48.7,73.2,63.8,86.1,85.4,91.7,80.6,68.6,117.4,67.1,36.8,17.7,60.5,70.5,54.7,52.3,117.1,104.0,71.2,77.6,7.5,51.0,170.1,69.4,101.7,86.0,96.3,43.5,106.3,81.3,ABAT,67.774,72.10363636363635,1.0638834414913736
218024_at,114.9,156.6,127.1,102.8,129.6,76.1,146.6,256.6,150.9,136.8,149.7,182.1,164.9,238.3,111.6,141.1,178.3,207.7,217.5,183.3,189.3,273.2,176.8,102.1,137.2,195.5,91.4,95.6,114.5,117.3,151.3,167.4,127.5,163.2,103.7,149.6,92.6,122.6,153.8,201.6,162.4,147.3,179.1,129.4,136.3,95.5,138.8,137.2,150.8,162.9,178.6,123.9,162.5,139.3,87.5,146.8,160.5,85.9,163.4,111.4,151.0,121.4,126.0,164.0,222.8,205.6,140.1,144.4,209.2,123.6,183.7,131.8,94.5,200.8,133.4,149.8,162.0,199.8,199.4,163.2,173.9,154.8,133.2,135.4,101.8,142.5,182.9,189.4,153.8,128.1,167.6,187.4,94.1,145.9,183.2,162.1,200.8,174.4,246.4,173.4,166.0,155.9,193.4,171.1,317.7,MPC1,150.76800000000003,160.3909090909091,1.0638259384677722
213758_at,15.0,9.7,11.5,7.1,19.5,50.2,43.1,11.0,10.8,11.3,16.2,11.6,40.8,13.2,11.9,10.3,26.4,14.6,9.2,33.6,11.5,21.5,7.7,8.4,30.0,61.2,11.0,10.5,11.8,7.6,42.7,9.7,13.2,13.1,27.1,11.4,47.9,11.9,9.7,7.8,9.9,10.6,8.5,8.8,50.5,6.6,13.4,32.5,9.9,12.8,7.8,9.7,38.2,46.1,13.9,12.4,10.5,10.3,7.3,14.1,32.8,25.0,18.0,5.5,14.0,21.3,14.6,9.8,12.0,31.2,16.5,5.8,9.0,22.5,8.3,7.9,46.7,13.7,10.7,9.1,22.7,10.5,50.4,24.2,13.6,12.9,14.9,10.9,35.1,14.8,15.6,12.2,14.7,44.6,9.6,35.9,15.3,59.6,30.0,26.5,9.0,15.7,16.7,41.7,10.2,COX4I1,18.323999999999998,19.490909090909096,1.0636820067075474
214763_at,14.0,18.8,18.3,12.4,22.8,18.0,31.5,24.8,37.3,40.6,5.0,33.7,5.4,67.3,46.9,8.8,16.4,20.7,15.6,23.4,6.3,13.3,11.1,7.7,9.9,9.3,17.1,15.1,7.2,9.2,12.2,10.0,9.7,9.6,19.8,11.0,40.2,4.4,7.6,28.1,7.3,45.3,30.2,38.4,29.8,61.6,7.7,17.6,10.2,30.3,23.2,70.4,4.7,9.1,5.1,10.5,6.7,14.6,13.3,18.5,31.1,55.4,15.2,9.6,13.8,13.1,42.2,7.5,7.7,39.4,11.7,37.7,6.9,10.6,11.6,7.6,11.8,48.5,37.9,23.8,25.5,8.9,11.0,40.3,24.5,14.9,12.3,8.0,10.0,16.7,7.0,21.3,9.8,8.2,42.6,19.6,34.9,17.2,16.8,28.3,81.5,9.4,50.3,33.2,20.6,ACOT11,20.378000000000004,21.67272727272727,1.063535541894556
218470_at,37.4,23.3,41.7,52.0,47.4,60.5,42.5,33.9,43.1,24.4,45.6,84.2,50.2,17.1,50.5,17.6,43.7,27.8,31.2,39.3,29.6,47.3,47.9,56.0,33.9,19.4,37.0,13.8,19.4,44.8,55.3,41.0,65.6,30.8,24.4,9.2,7.7,12.1,42.3,35.8,22.0,31.5,35.5,4.6,23.8,10.4,27.8,50.5,26.2,7.5,19.0,52.1,29.8,38.4,42.9,44.5,59.1,42.1,34.1,5.5,21.5,51.6,44.2,30.7,5.1,21.8,67.3,55.4,46.4,45.3,29.2,16.2,6.0,56.3,5.2,21.1,15.3,6.5,40.8,27.6,36.2,56.7,40.7,5.3,16.4,27.2,26.8,53.0,40.3,34.4,37.8,51.1,29.7,24.8,73.5,68.7,24.3,50.0,11.7,69.2,18.9,47.5,54.6,54.6,84.4,YARS2,34.53,36.70545454545455,1.0630018692572993
207088_s_at,67.2,24.9,81.0,84.2,88.6,23.2,81.5,22.0,72.3,92.2,75.9,44.4,104.7,19.1,76.3,18.4,69.0,18.7,79.0,37.6,25.0,23.8,74.3,58.8,47.4,66.3,66.0,13.2,105.2,86.6,45.9,81.7,79.8,79.0,87.0,102.5,90.9,38.2,33.4,36.7,81.5,76.8,98.4,101.6,79.5,50.2,88.3,92.2,87.9,73.9,81.1,38.3,79.4,83.3,97.1,120.4,65.9,75.1,38.1,15.9,85.8,61.7,54.8,78.0,28.9,86.8,52.2,119.1,93.4,47.9,100.3,42.6,118.1,93.9,25.2,70.7,112.4,109.0,75.7,57.6,62.8,99.4,86.6,62.4,87.1,56.2,25.7,28.0,39.1,30.4,79.5,23.8,14.2,67.0,82.3,97.5,51.7,39.1,55.6,101.4,116.6,17.6,76.9,48.5,144.3,SLC25A11,65.044,69.13454545454545,1.0628888975854107
207813_s_at,8.8,9.3,9.6,34.9,11.6,8.2,6.7,18.6,7.0,6.0,26.1,6.8,22.2,12.2,6.9,9.1,13.6,12.7,13.5,41.0,27.4,14.3,15.7,14.3,31.5,5.6,6.0,9.4,10.1,7.8,11.3,5.0,12.1,4.5,23.8,11.9,8.7,4.3,9.6,4.0,7.4,5.2,7.5,10.0,6.9,9.8,5.5,7.7,10.6,8.2,5.4,39.1,7.1,5.1,5.9,7.8,9.5,7.8,5.2,54.9,22.9,9.3,6.2,5.3,8.1,4.5,10.7,9.2,4.9,53.0,10.3,4.9,7.7,3.9,13.0,5.5,30.3,10.1,3.0,3.9,8.1,6.5,6.7,5.5,8.4,4.4,35.7,7.3,15.4,10.9,7.4,48.0,5.9,5.8,3.6,8.5,6.0,5.6,43.4,44.9,11.3,11.3,7.3,5.5,4.3,FDXR,12.018000000000002,12.76727272727272,1.0623458751267032
218497_s_at,195.5,135.8,147.9,192.9,148.4,205.5,216.2,156.5,163.8,190.3,171.3,151.0,130.4,166.6,158.5,201.1,145.4,160.5,131.3,138.9,135.4,87.8,163.0,178.6,148.8,152.8,189.1,185.2,188.1,190.9,176.6,176.0,220.6,233.8,177.5,202.1,181.7,253.5,123.2,186.9,201.7,206.0,177.7,231.9,170.6,288.6,123.1,165.1,166.1,245.9,169.9,288.1,193.1,157.9,223.5,178.0,170.6,154.1,156.3,154.0,121.4,185.8,313.5,153.7,199.8,203.9,252.3,190.9,170.7,150.3,105.0,109.6,191.7,259.1,156.6,215.2,133.6,172.5,188.4,152.5,194.9,191.4,261.4,131.7,223.7,222.8,180.5,331.6,204.0,120.9,157.6,108.6,287.7,179.8,239.5,146.1,174.4,139.7,292.8,109.2,271.1,140.9,201.1,247.7,93.4,RNASEH1,176.72200000000004,187.71818181818185,1.0622230498646563
201351_s_at,250.2,291.7,264.8,178.5,223.4,238.6,256.0,177.3,311.9,212.1,253.9,155.6,223.0,163.3,217.4,299.0,143.4,152.0,148.5,211.6,286.4,216.7,208.4,225.0,248.1,196.5,202.6,153.1,197.8,152.5,192.5,236.6,159.6,294.5,262.7,241.7,229.0,226.4,219.3,217.6,199.7,262.6,210.1,219.6,274.7,202.8,191.6,208.6,299.3,182.8,200.9,178.7,241.0,199.9,254.2,227.9,260.0,175.6,255.8,156.7,319.8,218.0,319.4,250.0,426.2,173.0,220.3,355.2,214.2,161.2,162.5,277.5,171.8,261.7,267.3,241.5,237.7,233.5,201.7,225.6,190.8,198.8,247.1,421.2,229.5,229.3,233.7,205.8,252.9,208.3,187.2,165.8,211.3,183.5,270.5,231.1,260.9,223.2,292.4,271.9,219.4,126.2,216.1,177.3,298.2,YME1L1,219.82000000000005,233.47636363636363,1.0621252098824656
215560_x_at,68.4,42.1,57.5,15.2,90.0,76.9,53.3,17.4,108.6,8.9,61.1,51.8,47.6,74.0,102.5,66.2,41.2,77.3,87.3,60.5,8.7,49.0,65.6,57.1,41.5,86.3,72.6,51.0,43.7,63.5,13.0,41.5,19.3,64.0,20.4,100.9,52.8,52.9,64.3,83.4,70.0,95.8,31.4,61.0,60.9,14.2,46.3,76.3,92.9,74.9,103.7,77.2,28.8,44.6,6.2,88.2,80.8,73.7,76.6,26.3,38.0,31.6,38.3,57.1,27.9,65.3,45.6,117.9,79.1,91.5,158.8,55.2,47.4,96.3,64.9,69.3,55.4,8.9,13.6,100.5,57.1,64.0,38.3,20.5,89.9,89.0,9.0,109.1,48.0,28.7,56.3,62.6,76.7,72.5,102.7,44.4,63.1,130.5,25.9,74.6,13.7,47.1,54.1,104.5,16.2,MTRF1L,57.66000000000002,61.221818181818165,1.0617727745719414
203775_at,66.2,40.5,82.8,45.2,44.6,48.3,38.4,35.7,50.7,49.0,47.8,45.2,70.3,54.3,40.0,52.6,27.0,29.2,35.1,34.7,72.3,78.9,12.9,40.0,44.4,41.8,38.5,98.9,60.5,49.9,64.0,36.1,50.6,45.8,44.0,48.5,69.5,63.4,39.2,50.0,50.4,63.1,43.5,70.3,36.7,53.5,53.0,63.8,38.2,62.1,80.4,52.9,50.8,38.9,43.8,38.0,57.3,68.2,68.8,159.1,47.6,42.7,70.3,35.9,27.5,70.5,44.3,20.9,108.3,77.7,57.9,45.0,57.8,59.8,57.1,50.4,50.9,54.5,52.4,86.3,30.2,4.4,75.1,38.1,39.2,34.5,112.3,39.2,59.8,33.6,55.4,44.5,22.3,68.6,40.2,74.8,6.1,41.0,45.3,14.0,49.6,65.9,59.3,42.4,71.8,SLC25A13,50.428000000000004,53.52000000000002,1.061315142381217
201007_at,550.8,647.2,569.7,625.1,466.6,780.5,572.6,427.9,546.4,636.1,715.5,475.7,802.4,405.8,562.4,518.7,467.6,434.7,500.7,830.0,592.4,562.1,636.7,541.8,677.7,677.9,613.7,721.7,797.2,677.1,677.4,735.8,772.4,682.6,867.6,664.4,688.3,689.7,837.9,776.5,715.8,838.3,807.9,747.2,673.4,773.9,841.3,743.7,816.1,750.2,613.6,663.8,914.1,690.4,614.7,742.5,828.4,691.3,898.2,717.2,759.2,687.2,683.1,839.0,603.5,886.4,813.4,564.4,647.3,621.4,691.1,617.0,713.1,643.7,689.8,648.3,687.2,687.0,718.8,823.8,648.8,809.5,754.7,849.5,574.5,562.7,522.9,709.1,655.1,613.7,819.8,726.0,618.9,939.1,609.6,670.1,767.6,734.0,553.6,569.1,591.5,857.7,742.2,660.3,709.2,HADHB,662.7020000000001,703.0563636363634,1.0608936801705189
203033_x_at,207.7,263.3,247.0,232.5,278.5,315.8,281.9,198.3,238.7,301.8,261.4,191.8,313.3,226.9,252.7,250.5,226.3,378.4,259.3,274.1,266.0,417.6,285.3,173.5,280.1,218.2,266.5,335.8,310.0,266.3,277.5,275.6,229.2,213.2,236.7,211.7,370.0,272.1,184.1,204.7,335.1,298.6,303.0,300.4,302.4,339.4,243.1,306.8,269.7,266.9,239.7,323.0,144.3,163.8,295.5,274.1,249.4,384.9,247.5,259.4,178.3,328.3,291.1,216.5,235.5,275.6,198.5,223.3,314.5,306.7,251.8,266.2,265.6,242.6,210.1,241.5,261.7,318.2,375.3,352.8,283.5,264.9,461.2,235.7,288.4,403.9,332.1,298.5,344.7,326.0,242.2,229.4,269.5,342.2,456.3,251.1,503.6,366.3,331.0,279.4,344.7,239.0,259.2,256.9,159.2,FH,269.19400000000013,285.5381818181819,1.0607152530078001
218046_s_at,19.2,11.7,14.0,17.3,16.2,23.0,28.4,20.4,19.0,11.0,17.0,20.3,45.5,13.1,8.4,14.1,15.0,55.9,17.0,52.0,19.8,20.2,17.9,18.8,13.8,29.3,14.4,15.1,43.2,11.2,14.6,11.6,25.6,69.5,16.3,6.2,10.8,55.1,14.4,17.3,34.8,14.0,17.3,12.5,7.5,48.4,54.8,20.6,45.8,7.7,15.7,20.8,54.3,56.8,23.9,59.8,94.8,27.1,18.0,23.5,22.3,9.7,15.7,11.2,56.1,11.5,15.1,29.6,22.0,12.5,9.4,20.0,17.5,83.5,9.9,7.0,43.1,12.2,12.7,12.1,18.7,18.5,15.6,30.6,16.9,6.6,23.3,25.3,17.3,13.1,16.4,9.6,10.1,33.6,12.0,57.2,14.5,23.3,17.2,16.8,19.1,9.1,14.8,58.9,12.0,MRPS16,22.939999999999994,24.33272727272727,1.060711738131093
201682_at,134.9,165.2,240.9,166.6,140.9,251.8,209.5,21.7,153.8,183.1,201.8,189.9,189.4,18.9,191.7,86.7,96.4,89.1,93.8,172.1,135.9,221.9,184.1,206.0,95.7,191.6,145.1,122.5,145.2,86.2,8.4,186.2,67.4,248.4,112.1,158.7,161.2,153.4,126.1,177.0,177.5,175.2,212.3,35.6,147.5,158.5,166.3,183.1,173.3,145.1,40.3,123.7,250.3,305.0,193.8,214.4,184.6,111.0,197.7,13.5,160.0,160.5,177.6,164.9,163.8,161.8,267.8,180.3,107.4,140.8,56.0,206.7,203.2,253.3,100.2,200.0,263.6,217.3,139.8,94.9,172.6,148.9,234.3,169.8,155.8,186.7,127.8,116.8,75.1,97.2,22.7,127.8,41.3,214.6,239.3,253.6,241.6,198.2,170.7,163.0,136.5,31.1,84.7,48.5,241.3,PMPCB,150.114,159.16545454545462,1.0602972044276657
213830_at,273.8,163.6,235.2,277.2,243.1,197.2,422.0,292.2,154.3,146.9,210.1,196.6,165.3,372.0,152.3,230.6,165.9,169.5,241.6,258.5,593.3,247.5,157.8,319.9,234.9,176.5,137.6,367.0,144.8,214.1,286.6,322.6,269.8,226.9,305.1,146.2,294.3,103.6,116.2,153.6,364.4,209.3,181.3,228.1,107.6,527.2,582.9,339.1,168.3,191.6,224.9,381.7,330.8,293.3,311.3,280.0,317.1,462.5,197.8,243.2,346.3,604.4,236.7,210.0,271.5,313.2,268.7,202.1,183.9,53.2,457.9,394.7,214.5,256.2,247.1,92.5,174.0,327.1,339.1,114.4,245.8,224.4,232.9,176.5,220.7,231.5,249.1,549.2,79.1,359.9,232.9,385.4,425.9,63.8,274.2,172.4,242.0,362.5,215.4,142.2,229.5,214.4,174.4,148.1,122.4,YME1L1,245.72000000000008,260.44909090909084,1.0599425806165177
205676_at,15.1,30.5,18.4,15.4,76.3,48.7,14.7,48.3,13.1,37.7,38.6,41.2,41.5,46.1,52.7,76.6,48.7,16.5,15.8,9.8,40.1,21.5,10.7,7.3,64.5,42.5,17.2,33.0,8.1,25.7,28.7,42.7,68.6,27.6,26.5,9.2,38.4,10.9,34.7,31.2,38.5,57.9,2.3,37.0,12.6,43.8,13.8,36.8,50.3,40.3,19.9,24.7,20.5,22.8,31.1,31.4,49.8,40.6,30.3,23.0,22.7,13.7,50.7,33.5,60.2,26.9,31.2,10.6,14.2,16.7,11.3,27.8,15.1,9.6,11.6,31.6,26.7,40.8,72.5,47.5,13.3,44.3,49.7,15.5,38.0,69.4,70.5,14.8,107.1,59.0,6.2,102.9,30.3,5.8,27.7,14.1,20.5,60.7,10.9,61.9,90.3,64.3,3.8,44.4,3.1,CYP27B1,32.562000000000005,34.5,1.0595172286714574
219200_at,39.5,44.6,46.7,16.7,32.9,58.4,34.5,34.9,45.2,50.2,12.7,27.4,52.2,17.1,43.6,13.6,55.7,44.5,8.5,44.8,39.4,64.6,25.0,49.3,19.5,57.8,22.1,49.4,28.4,3.0,2.0,57.3,44.0,50.2,33.9,42.1,21.6,47.5,57.1,65.1,25.5,46.8,43.6,33.2,33.8,53.2,33.1,41.8,42.0,31.7,34.0,61.9,57.7,39.2,37.0,28.4,29.7,35.8,48.6,2.3,55.1,36.6,53.1,45.7,39.2,52.6,22.3,35.3,36.8,27.1,7.6,58.0,42.1,59.5,36.0,55.6,37.5,31.5,34.0,57.7,65.7,23.1,52.3,42.3,37.4,33.6,23.8,52.3,45.9,32.2,35.5,5.3,54.6,55.2,58.7,48.4,60.4,38.1,32.2,6.2,48.5,37.9,59.7,38.3,13.3,FASTKD3,37.75399999999999,39.97818181818183,1.058912481278324
217043_s_at,45.1,71.0,86.6,4.4,35.7,30.6,80.7,56.6,89.9,69.7,62.0,53.1,48.2,47.6,73.8,33.4,12.4,10.2,9.4,29.3,13.8,71.1,77.4,18.6,95.1,92.7,73.9,49.3,22.5,32.8,8.6,79.0,49.2,83.9,46.9,72.4,61.5,60.5,27.9,89.0,24.9,57.3,40.7,12.6,66.2,64.0,42.0,87.2,68.6,47.3,53.9,48.7,82.0,66.0,87.5,75.0,70.8,10.7,67.5,130.4,75.2,51.9,76.6,61.5,32.5,96.6,51.6,116.4,44.0,50.8,26.5,81.0,38.9,63.8,56.6,46.2,72.4,44.2,50.2,50.0,50.5,66.2,88.4,56.7,31.1,28.7,6.6,46.1,59.8,18.5,32.0,30.7,69.0,14.9,76.3,91.2,33.7,10.4,47.5,49.1,14.8,77.3,48.9,51.0,33.7,MFN1,51.732,54.772727272727266,1.0587784596135326
213564_x_at,1298.3,1281.0,1722.9,1173.0,1315.1,2446.9,1500.8,977.9,1199.7,1070.0,1101.1,809.2,1338.0,1059.5,1629.1,810.4,1760.0,1936.6,1892.3,2062.4,1769.6,1052.6,1034.9,1741.9,898.4,1650.1,1329.0,1700.1,1376.0,838.6,1281.6,1446.6,1389.9,1846.2,1691.1,1612.6,1067.2,1269.0,1616.6,2129.1,1799.3,1803.2,1648.4,1227.5,2112.3,1591.1,1440.5,1522.5,1597.5,943.9,1244.3,1288.8,1794.5,1724.3,1723.6,1867.4,1593.6,1113.7,2053.0,908.2,1209.0,2042.8,1738.9,1543.7,1233.7,1014.9,1442.3,1511.0,1191.9,1311.2,814.9,1107.7,891.7,1621.5,822.3,1289.3,2127.3,1489.0,1209.9,1822.0,2090.5,2136.4,1811.9,1573.2,1477.6,2657.3,1712.3,1391.1,1641.3,1204.7,1711.8,1107.0,1986.7,2660.2,1226.0,1764.7,1791.5,975.0,2174.8,1133.2,1323.4,1332.2,2137.1,1742.6,1255.7,LDHB,1456.2299999999998,1541.1745454545458,1.0583318194615865
218670_at,41.2,20.6,68.6,28.3,31.8,24.4,53.4,23.0,54.1,28.1,33.6,9.3,14.1,75.2,64.2,38.8,52.0,62.2,5.6,51.0,73.2,29.3,5.5,73.4,4.5,33.9,49.5,71.6,53.3,19.3,32.0,41.8,60.9,39.0,40.4,24.4,23.1,32.0,62.6,20.4,37.7,14.8,55.3,24.7,50.8,68.8,31.6,42.7,60.9,32.9,19.8,42.0,40.4,35.5,66.8,30.5,41.3,6.0,4.5,27.0,25.4,12.8,68.7,55.1,6.9,3.0,45.2,10.0,47.6,115.2,53.7,84.8,20.9,87.3,3.3,55.6,59.5,43.7,28.7,22.7,33.8,27.7,37.4,89.7,2.9,79.9,107.5,55.0,30.0,11.8,44.9,25.0,66.4,44.3,51.0,41.6,41.8,6.5,29.5,41.5,47.9,76.4,55.4,35.5,69.0,PUS1,39.79600000000001,42.114545454545464,1.0582607662716217
218809_at,335.5,335.2,356.7,462.8,354.5,339.9,362.8,273.2,430.4,471.7,340.6,365.9,409.1,218.0,319.4,293.1,282.2,253.9,296.9,433.7,397.2,257.1,452.2,368.7,463.6,401.7,373.2,349.2,374.2,331.4,457.2,412.6,358.8,353.4,407.7,392.2,439.7,356.6,433.9,418.2,402.9,571.7,413.9,466.9,366.6,390.4,490.5,428.4,390.7,374.7,353.8,373.1,403.2,414.1,329.5,382.0,437.0,486.6,433.3,351.1,418.0,372.7,310.2,326.7,376.5,400.4,407.1,332.8,363.1,439.8,337.1,399.2,524.7,379.9,447.5,443.8,389.7,412.5,393.5,415.9,432.7,450.8,395.3,530.8,464.5,467.7,290.2,420.9,434.1,335.3,347.0,359.8,421.7,402.8,532.7,430.2,426.7,467.4,365.2,441.7,459.3,369.3,356.0,403.2,289.6,PANK2,380.6200000000001,402.7218181818182,1.058067937002307
222132_s_at,105.7,76.4,137.5,118.6,76.3,63.6,77.3,87.1,90.7,118.4,102.6,109.3,58.8,77.3,101.4,94.0,115.3,88.6,137.3,50.4,107.2,87.4,57.2,75.2,115.9,83.1,83.8,108.7,66.1,120.3,73.0,61.3,84.7,63.5,46.5,64.9,58.5,72.6,22.6,94.0,118.3,100.7,88.4,148.2,73.8,105.0,69.5,87.2,78.2,113.2,94.4,57.8,82.6,67.4,37.3,64.3,84.8,79.1,79.1,61.1,104.0,102.4,59.5,85.0,65.5,78.0,69.3,100.7,127.2,130.2,112.5,81.8,68.6,93.9,130.6,99.7,75.2,116.3,83.1,63.8,77.7,77.2,79.3,52.7,17.4,115.2,128.5,108.4,106.2,137.6,90.0,163.4,74.7,69.8,146.2,82.5,161.6,157.1,103.7,70.8,141.0,59.7,92.5,102.4,166.6,AGK,88.31199999999998,93.40727272727273,1.0576962669543521
209095_at,140.6,138.0,117.1,105.8,144.7,158.2,148.7,106.4,138.1,94.3,109.9,107.0,92.2,119.5,113.8,113.4,67.9,93.4,52.6,100.4,124.7,158.0,166.9,66.7,113.5,111.3,137.3,119.6,80.3,114.4,129.8,100.8,87.2,181.1,118.3,117.8,94.9,116.9,108.7,128.1,165.3,118.0,133.1,145.6,108.6,133.4,137.8,136.1,90.7,164.4,95.4,118.0,176.8,145.1,147.0,78.3,140.6,115.8,162.7,67.1,147.7,135.2,88.5,95.1,145.2,133.6,151.3,124.3,87.1,90.7,149.1,150.7,67.2,119.8,112.3,133.0,139.6,153.3,166.2,137.8,158.2,79.1,174.3,105.9,173.1,175.3,51.3,109.6,112.3,113.3,161.6,92.7,175.5,168.1,145.2,139.1,149.5,80.8,118.1,106.2,116.8,90.5,128.0,116.8,131.6,DLD,119.42600000000002,126.31636363636368,1.057695674613264
220690_s_at,34.2,38.5,44.3,83.0,44.2,73.7,58.0,19.5,52.9,37.3,49.3,40.1,54.4,23.7,58.6,11.3,46.3,13.1,11.3,57.8,60.5,18.4,66.9,45.4,28.3,34.7,41.6,30.0,66.7,41.0,54.5,34.7,53.7,63.9,90.3,50.5,55.1,74.2,89.2,25.1,68.0,42.9,42.1,28.1,60.4,35.4,75.6,52.4,32.7,66.3,49.7,67.9,71.5,53.5,53.3,69.6,72.9,30.4,73.9,25.3,58.4,58.8,88.1,62.9,60.7,63.4,40.0,53.0,53.5,34.6,10.8,27.6,89.9,48.5,64.1,56.4,46.8,54.1,58.0,67.7,42.6,50.2,30.1,80.2,53.0,20.3,8.0,106.4,68.5,9.9,45.5,70.7,65.4,67.7,68.7,23.9,5.4,4.8,48.5,16.0,21.9,30.7,35.5,51.1,78.7,DHRS7B,47.602,50.34545454545453,1.0576331781323165
201885_s_at,459.7,531.4,383.7,474.0,396.7,437.1,527.3,251.2,439.7,573.5,325.3,450.6,332.3,479.7,405.7,568.0,491.6,446.3,455.8,320.5,395.2,482.1,335.5,453.2,374.8,566.7,395.9,380.1,557.7,512.0,432.4,391.0,441.2,507.0,372.4,456.4,492.6,512.3,355.5,456.1,607.9,396.2,410.3,602.6,502.5,549.1,513.8,449.2,462.0,488.7,366.6,564.1,425.1,443.3,379.6,501.3,480.7,550.3,369.5,497.3,360.0,358.6,476.1,411.0,326.3,455.1,495.5,323.2,613.8,537.8,311.4,430.9,672.9,404.0,408.5,404.5,322.3,442.5,428.4,566.4,641.1,515.7,637.2,425.6,429.9,722.1,655.1,542.8,580.4,666.0,469.1,438.7,539.5,385.1,390.2,407.6,382.5,563.2,469.6,682.5,673.1,491.0,368.7,676.4,205.2,CYB5R3,452.05,477.91454545454536,1.057216116479472
207686_s_at,109.6,71.3,49.5,81.0,97.1,58.7,129.0,78.4,114.5,114.1,96.0,82.1,67.2,44.7,79.8,105.5,39.9,38.6,52.3,107.9,62.1,60.7,112.7,68.7,115.9,81.4,95.1,98.8,81.0,52.2,54.7,87.6,114.6,131.4,122.9,103.4,104.5,49.1,45.2,100.9,100.5,104.1,110.4,77.8,61.0,83.5,99.4,97.4,141.9,106.9,80.9,65.5,83.5,117.0,69.2,46.5,77.9,89.7,93.9,78.3,92.5,94.9,60.5,41.5,71.2,91.5,74.6,103.9,113.6,137.3,90.1,83.8,80.0,48.4,92.4,46.3,51.8,72.1,69.5,153.1,50.5,102.5,63.6,94.3,74.1,102.4,101.3,72.0,72.5,103.7,137.1,115.4,52.7,46.4,110.1,99.0,190.1,89.0,66.9,60.9,123.8,181.0,141.8,149.6,173.5,CASP8,86.86,91.73818181818183,1.056161430096498
214664_at,50.0,47.1,44.5,25.2,26.5,33.2,46.6,4.2,33.4,54.9,4.8,41.7,9.1,48.7,35.9,10.2,31.4,1.8,37.7,27.8,45.9,20.1,31.2,52.5,28.1,5.4,44.7,21.2,24.2,59.5,36.0,42.1,2.6,5.8,26.4,41.2,6.2,58.9,29.9,26.9,36.6,29.0,53.0,47.9,2.8,58.7,23.5,25.3,20.1,15.9,12.7,41.4,11.4,16.3,20.9,5.5,27.1,44.7,68.0,22.2,34.4,1.4,19.4,1.7,54.8,2.5,34.9,5.3,6.9,54.2,54.7,38.8,11.0,25.3,3.4,49.0,25.1,1.2,38.3,58.5,33.2,1.5,30.6,4.4,42.2,44.6,86.9,42.6,36.8,27.0,62.1,141.8,31.7,34.8,1.4,2.7,7.8,85.3,54.0,2.9,65.2,2.2,27.2,14.4,109.7,PAICS,30.72600000000001,32.43636363636364,1.0556650275455193
218323_at,135.6,171.2,148.5,92.4,103.3,163.3,92.2,159.1,176.0,109.8,222.1,168.3,168.8,92.5,117.7,97.0,50.6,65.7,70.9,93.6,183.7,119.2,271.6,98.4,178.0,130.8,185.9,100.5,121.6,132.5,115.6,174.3,155.9,184.7,166.0,94.8,136.1,170.4,145.7,149.3,95.3,203.9,137.7,135.4,129.3,88.2,122.3,139.9,184.4,153.3,212.0,153.2,243.8,198.4,205.9,164.6,203.1,89.3,154.2,87.9,308.5,121.4,100.6,198.8,153.3,206.8,131.7,202.2,167.5,95.9,147.2,128.7,171.2,172.5,126.4,179.6,157.6,148.8,171.8,137.1,101.1,108.9,136.2,134.8,99.2,87.9,61.8,150.7,97.5,104.2,157.0,105.0,119.9,130.1,111.9,210.4,122.8,114.1,55.2,178.0,113.8,112.3,219.6,70.9,171.0,RHOT1,138.06599999999997,145.71454545454546,1.0553977478491843
208787_at,146.8,142.3,136.2,113.3,140.1,275.9,154.5,179.8,176.1,94.9,153.4,116.3,136.0,94.2,202.0,157.2,103.7,118.5,133.4,145.1,137.2,174.8,208.7,95.2,224.0,144.0,171.9,152.5,91.2,157.4,119.5,138.7,171.4,202.1,189.7,91.3,130.4,138.3,114.9,135.5,135.0,152.4,153.9,205.0,162.9,160.9,142.1,182.0,176.3,138.7,138.6,134.4,263.0,227.9,252.4,181.2,195.5,164.6,163.8,160.3,147.6,116.9,131.6,224.6,174.9,85.5,91.4,154.3,133.5,102.5,128.3,101.1,145.8,167.9,87.1,152.2,225.1,169.4,137.2,118.2,147.7,112.2,139.3,172.7,158.5,163.8,168.1,193.8,148.1,185.8,133.8,231.1,164.0,184.0,202.5,120.0,163.0,205.3,155.3,159.3,122.0,117.6,199.4,126.0,177.3,MRPL3,150.35199999999995,158.68,1.0553900180908804
213314_at,25.5,37.2,28.5,29.6,12.7,21.9,37.0,44.0,30.4,28.3,38.0,62.1,42.5,40.2,33.1,39.1,35.6,30.1,47.2,51.0,14.5,36.6,34.1,23.0,28.4,33.4,62.9,8.8,19.8,9.0,49.1,46.9,31.3,39.6,8.1,30.7,66.9,44.3,41.4,24.4,23.0,61.8,40.7,76.0,62.7,53.8,22.0,28.4,29.0,45.4,41.0,44.8,18.4,27.1,13.2,33.0,9.9,36.6,27.6,64.8,26.0,34.0,19.5,49.1,35.7,54.8,28.2,8.8,46.9,10.2,4.4,54.1,35.0,31.1,45.3,48.1,46.5,49.7,64.0,63.2,40.2,59.8,40.3,40.5,26.5,26.0,43.0,50.1,2.0,63.8,57.0,13.2,31.9,26.7,26.3,13.0,7.2,50.7,3.7,79.9,39.8,76.7,51.7,80.0,79.7,SMIM8,36.2,38.19454545454546,1.0550979407332999
202486_at,72.7,107.3,89.0,90.1,133.8,83.9,26.4,61.2,89.0,79.4,49.9,93.6,166.8,58.6,66.8,76.8,95.2,84.3,50.7,86.4,65.5,65.4,108.2,90.5,48.7,59.5,91.5,98.7,87.7,23.7,63.9,87.0,81.2,73.8,72.1,43.4,74.9,108.8,68.0,115.9,82.0,123.0,113.8,72.4,65.7,20.6,78.8,48.1,38.7,17.0,73.6,35.1,80.5,93.2,52.5,52.2,57.3,62.5,78.2,91.0,83.3,109.3,72.9,46.9,104.6,73.7,40.4,77.1,98.7,67.3,15.1,87.7,113.6,162.4,39.5,75.4,83.5,62.9,82.2,64.7,93.9,70.5,73.3,104.0,63.4,118.1,93.9,99.4,43.0,112.9,43.6,114.7,82.1,85.7,28.2,61.6,111.8,24.5,133.2,113.6,129.8,50.7,78.6,140.4,159.9,AFG3L2,77.008,81.23818181818179,1.0549317190185667
209343_at,28.1,34.4,57.0,59.3,47.5,48.7,34.2,15.4,45.4,77.6,44.7,71.5,24.6,36.1,51.5,38.5,42.8,54.4,66.3,38.7,51.5,76.3,64.6,41.8,24.2,76.5,20.8,29.2,29.5,41.9,65.2,30.8,16.7,20.8,53.8,78.9,21.8,21.4,65.1,6.3,41.7,44.3,51.1,88.9,66.1,130.8,72.5,11.6,79.9,77.9,118.9,12.3,46.6,32.8,35.1,54.6,9.3,71.3,58.0,118.5,36.8,13.3,95.9,36.2,31.7,52.6,16.3,27.2,43.5,61.3,46.0,65.3,56.7,43.9,75.1,71.8,69.3,44.5,53.8,61.6,60.9,28.7,10.7,28.2,95.5,70.7,32.3,43.6,55.6,71.3,44.3,78.9,37.4,24.9,14.4,50.6,53.2,65.5,106.0,106.6,19.0,21.3,8.6,61.8,54.5,EFHD1,48.372,50.99454545454546,1.0542161881779843
208844_at,87.9,79.4,79.1,80.0,106.0,86.2,70.9,105.8,73.1,115.2,76.8,160.7,82.2,59.6,92.1,92.8,69.0,49.3,85.8,66.4,85.6,88.6,45.2,55.0,87.5,70.5,17.6,103.3,61.1,48.3,92.5,54.8,110.6,63.7,31.3,41.1,123.2,44.3,86.1,60.3,61.5,62.7,66.0,83.9,127.5,91.4,56.6,60.5,101.0,83.0,87.4,81.8,56.4,77.4,75.1,70.0,91.1,71.1,79.6,113.0,90.0,67.9,133.6,86.6,120.7,67.7,65.3,51.1,68.2,116.4,152.0,116.7,83.4,114.0,114.5,67.2,107.1,80.7,80.0,57.0,105.1,106.7,51.2,91.0,76.6,105.0,89.6,101.4,65.6,102.0,105.9,100.4,73.6,71.4,62.7,97.3,53.2,35.2,149.9,7.4,106.4,23.1,55.4,14.9,7.8,VDAC3,77.66,81.85090909090904,1.0539648350619244
215067_x_at,133.7,132.7,228.4,137.4,230.8,94.9,220.2,168.7,192.3,278.8,87.0,298.1,184.5,170.7,260.2,210.1,181.2,246.2,240.4,140.7,145.4,163.0,156.3,163.3,105.7,216.8,98.8,130.2,225.0,174.7,226.0,140.7,201.2,120.9,145.9,173.6,156.8,148.6,51.6,182.2,106.3,219.0,207.1,72.7,175.7,229.2,125.4,133.8,215.2,247.9,122.6,187.1,194.6,163.5,91.4,117.8,105.6,66.7,213.0,114.6,328.2,150.2,225.3,178.8,209.4,244.7,197.8,205.0,198.7,166.9,235.0,235.4,119.1,250.6,175.9,221.6,161.3,247.2,127.3,135.5,154.0,190.9,232.7,191.4,244.8,172.6,337.8,130.9,183.0,158.7,178.2,202.2,126.8,164.4,183.6,101.4,223.8,134.6,201.5,212.8,166.3,242.0,158.6,179.1,218.0,PRDX2,173.92,183.28909090909087,1.0538701179225558
203007_x_at,108.4,92.6,80.1,53.5,147.0,41.5,167.1,74.6,150.4,172.6,52.4,209.9,62.6,62.1,112.9,103.3,30.2,31.3,43.5,50.6,51.3,37.4,68.6,79.2,56.3,100.2,96.7,26.3,53.9,86.4,66.1,78.8,69.6,83.3,86.8,117.3,70.9,58.3,43.3,67.6,45.5,71.6,57.6,85.2,69.5,58.8,74.4,72.8,84.3,63.8,97.0,101.7,73.8,111.2,67.0,72.0,78.8,56.9,40.4,77.7,87.0,66.8,61.7,68.4,115.8,109.3,99.8,106.5,76.0,77.7,2.7,65.0,58.5,101.4,87.9,77.6,83.7,98.3,75.8,79.8,87.3,83.8,65.9,80.5,69.6,31.6,70.5,72.5,60.1,77.5,101.7,74.1,90.6,70.6,148.8,113.1,78.4,90.1,66.2,115.2,123.3,85.9,95.3,93.4,131.7,LYPLA1,78.56800000000003,82.79818181818182,1.0538410271125878
205750_at,45.8,40.6,37.5,25.2,38.3,48.0,43.9,76.5,38.3,36.7,21.0,34.0,25.0,43.7,35.4,24.9,30.3,50.6,10.7,17.9,21.8,14.8,51.3,36.9,55.2,12.8,65.9,27.2,64.4,53.8,79.1,73.7,18.9,29.8,49.6,31.1,39.6,17.0,36.9,83.1,16.9,10.6,22.0,4.8,43.7,54.8,34.5,24.1,9.3,17.7,92.8,41.3,36.6,31.1,23.6,11.5,24.5,36.2,52.6,17.6,8.3,69.3,8.2,15.4,44.4,22.9,35.3,37.6,23.0,14.6,7.9,40.1,12.1,75.2,3.3,58.3,51.4,41.4,13.4,64.8,35.8,29.8,20.9,62.0,10.4,54.0,45.7,30.5,35.7,4.6,16.5,45.6,12.3,42.2,46.3,29.3,53.3,28.7,66.8,99.8,80.5,64.3,33.7,72.4,80.2,BPHL,36.511999999999986,38.47272727272726,1.0537009003266673
221641_s_at,119.3,27.7,110.6,73.9,197.5,97.6,25.5,224.4,139.2,200.2,96.4,171.3,93.3,31.9,128.6,108.6,102.2,150.0,57.9,160.0,85.2,97.2,87.1,111.9,98.9,54.5,164.7,104.2,129.1,119.7,73.3,61.8,78.7,90.9,121.1,15.6,96.8,136.8,71.8,119.3,131.8,113.8,65.1,86.1,117.2,155.2,138.3,119.6,112.6,118.8,110.3,184.2,92.4,114.3,131.5,127.2,136.3,131.5,100.4,26.7,133.7,111.9,113.8,116.0,43.3,135.7,133.5,95.1,95.5,92.4,259.3,117.2,81.3,107.6,103.7,162.1,140.7,99.0,83.3,138.3,99.0,119.0,108.5,125.5,161.7,115.8,115.9,103.1,95.4,113.1,135.1,33.2,22.1,128.7,148.2,153.1,103.7,20.8,91.5,125.8,103.0,111.3,112.7,103.5,183.0,ACOT9,107.86400000000003,113.6527272727273,1.0536669071490699
207348_s_at,96.3,81.2,115.9,76.5,85.8,135.4,97.6,187.2,95.5,123.9,61.6,140.4,85.0,126.3,92.7,128.4,88.0,58.0,103.3,120.7,95.7,115.3,118.8,103.9,98.5,110.1,124.8,145.0,93.7,107.2,98.0,135.1,67.5,64.4,103.9,79.5,103.8,106.0,155.8,40.3,110.0,50.6,118.6,93.8,148.7,131.5,117.5,103.8,127.8,70.3,136.9,168.2,74.4,86.0,90.5,74.8,108.1,124.6,89.2,148.8,61.8,98.0,64.0,89.1,136.4,106.2,75.4,81.9,98.0,209.5,145.3,131.2,89.5,130.3,99.9,135.7,66.3,133.7,92.8,76.7,64.8,83.6,96.3,66.2,134.9,86.2,104.4,134.1,73.7,134.8,92.9,112.6,89.9,91.2,59.3,90.2,123.2,138.2,134.4,256.6,164.7,157.0,112.0,103.9,143.8,LIG3,104.79200000000004,110.40181818181816,1.0535328859246709
204387_x_at,205.5,158.4,259.4,197.9,278.4,268.8,285.3,201.3,267.7,282.8,140.8,397.5,253.7,158.5,272.9,209.0,271.4,264.9,229.9,200.2,160.0,170.5,168.0,203.6,155.3,208.8,156.8,128.8,291.8,232.4,259.6,326.5,220.9,270.9,187.6,226.9,129.3,176.7,242.6,249.5,117.9,211.3,267.9,143.2,185.4,203.4,189.4,179.6,217.0,226.3,140.4,227.1,212.9,210.9,184.0,155.0,172.7,153.9,201.1,208.7,263.2,233.2,281.4,179.9,210.7,237.3,181.3,303.1,220.9,199.1,325.9,222.0,262.5,306.4,192.1,235.4,249.8,266.1,137.9,178.0,243.2,282.4,234.8,247.0,323.0,235.3,247.1,226.8,209.2,204.8,222.2,220.1,224.6,185.1,204.9,224.6,232.8,313.2,229.9,210.4,299.7,163.4,311.7,270.9,325.8,MRPL57,218.24399999999997,229.92363636363635,1.0535164144885374
209512_at,66.8,47.4,38.3,18.1,34.1,35.2,29.5,44.5,44.5,56.9,106.3,28.4,37.8,29.4,41.7,51.4,23.9,11.2,28.3,48.6,48.9,44.4,72.7,32.5,36.7,8.0,36.3,43.8,67.2,43.1,33.7,48.4,54.5,51.0,61.4,42.9,38.2,22.3,56.0,48.7,41.6,44.0,34.9,31.2,22.2,45.3,42.4,46.6,61.9,45.7,82.4,31.5,54.6,56.2,56.4,47.6,54.3,47.4,37.5,54.6,71.3,54.4,31.8,52.4,58.7,32.2,23.8,11.1,47.1,6.4,23.3,41.6,76.1,46.2,45.0,47.3,45.4,75.8,42.7,51.9,56.2,62.2,11.2,45.6,45.3,27.0,26.1,46.2,41.4,49.7,58.2,24.0,76.1,36.3,78.5,70.3,59.1,39.8,7.5,23.1,23.5,4.2,38.2,39.4,69.2,HSDL2,42.57599999999999,44.82363636363636,1.0527911584845069
211673_s_at,67.8,67.3,45.5,63.7,72.1,71.5,67.2,74.5,42.4,61.1,98.3,70.0,47.8,68.3,73.5,59.6,93.2,124.2,95.0,43.9,10.9,17.1,85.2,70.1,67.8,52.2,60.9,111.6,70.4,68.5,40.0,35.5,115.6,43.8,50.3,16.5,98.0,112.5,102.9,25.1,30.6,24.6,71.0,109.0,53.7,26.5,37.4,21.7,71.1,67.9,114.7,69.5,50.5,46.9,107.0,83.8,36.7,99.5,46.2,90.7,52.4,80.1,32.1,120.2,19.5,52.3,63.9,48.0,86.3,37.2,131.4,70.2,15.7,50.6,41.2,5.7,63.0,48.2,33.2,72.8,84.5,41.6,45.2,8.0,34.5,43.4,123.0,74.2,155.0,123.0,51.1,140.1,72.7,74.2,25.7,68.0,76.2,123.3,47.8,65.9,57.0,48.7,77.4,52.5,94.6,MOCS1,63.50599999999999,66.85636363636362,1.0527566471886693
221229_s_at,40.1,47.6,66.4,36.3,39.3,77.8,111.1,42.4,36.7,69.5,54.2,83.6,36.6,31.0,47.7,20.6,27.2,9.1,48.0,110.6,19.8,54.3,79.7,56.4,64.5,46.6,76.7,74.4,46.7,44.2,61.2,68.9,47.8,65.1,75.9,52.3,33.8,35.4,92.3,73.3,45.1,67.4,77.2,40.0,47.9,37.5,37.3,70.4,43.1,45.6,80.1,78.4,105.0,76.0,62.6,63.8,62.7,75.7,66.6,11.3,64.8,67.2,32.5,76.6,83.8,82.8,100.5,85.0,30.6,45.9,36.7,65.7,20.1,69.0,32.8,55.9,78.8,75.4,12.3,47.7,82.1,66.8,71.9,63.7,13.7,60.8,23.3,65.5,36.8,7.6,38.3,49.7,64.9,57.5,85.0,80.1,14.7,47.4,36.1,67.4,45.5,48.9,44.6,63.9,63.0,TRMT61B,54.332000000000015,57.19090909090909,1.0526192499983265
214364_at,35.2,46.2,72.3,72.6,16.8,47.3,68.8,75.3,14.3,17.4,27.0,26.6,60.4,63.3,68.2,79.8,27.4,67.4,40.8,56.3,73.9,79.2,47.2,28.5,50.6,31.8,85.2,97.2,61.0,75.0,33.4,55.1,50.5,53.2,71.3,80.2,44.3,64.7,88.8,31.9,71.6,51.6,67.1,97.3,79.1,45.4,34.4,34.2,58.3,106.9,31.1,8.7,57.7,59.8,54.2,64.9,56.6,79.5,63.7,66.4,43.9,80.5,100.2,24.6,51.8,64.2,53.0,62.1,19.4,24.1,54.1,63.7,42.5,67.8,40.6,85.9,67.8,33.4,49.3,106.8,47.7,57.0,47.9,56.1,41.4,4.5,86.3,124.9,63.2,103.4,97.4,17.1,65.7,66.8,16.0,72.1,86.3,81.4,59.2,50.1,124.3,134.8,28.0,34.1,34.4,MTERF4,56.646,59.60727272727273,1.052276819674341
203105_s_at,45.9,35.9,50.9,34.7,71.4,60.8,74.8,84.5,72.5,62.1,75.7,75.4,34.8,59.9,59.5,40.7,34.6,53.0,73.0,49.3,42.5,88.3,49.9,28.8,64.5,45.4,48.6,58.2,52.2,49.9,49.9,40.8,78.6,51.3,61.3,44.6,33.7,57.1,64.4,52.3,56.4,41.6,50.5,75.8,54.0,55.6,54.1,45.2,57.0,54.9,71.3,29.8,58.6,65.6,48.8,41.7,84.2,57.6,35.3,2.2,57.8,63.6,73.7,59.8,54.7,49.3,58.0,77.0,54.1,46.1,71.0,67.9,56.8,51.7,24.8,35.6,52.9,26.7,64.6,39.4,49.0,70.7,98.1,6.9,63.6,100.8,57.3,49.9,59.7,90.3,56.0,42.7,44.5,52.3,55.2,95.0,85.4,67.2,92.1,62.5,61.8,30.6,59.7,83.0,75.2,DNM1L,55.136,58.001818181818166,1.0519772595367485
201754_at,139.6,150.2,221.2,146.2,212.7,226.2,125.1,255.9,117.4,115.9,181.0,145.2,125.2,187.8,194.5,122.7,160.1,216.0,170.4,163.9,296.5,263.6,292.5,160.5,225.9,127.1,224.5,196.9,123.0,204.8,149.1,201.5,143.6,207.2,137.2,119.4,103.1,110.8,192.5,174.4,147.1,145.5,121.7,192.9,168.5,184.4,99.9,190.6,131.0,217.0,224.6,181.3,210.6,183.0,197.8,203.1,145.8,143.3,179.5,158.0,236.8,151.5,176.3,134.1,101.3,149.9,141.9,159.9,153.7,174.2,185.5,62.6,142.7,297.7,168.3,222.4,149.4,194.8,258.0,183.3,125.2,153.8,273.9,154.0,173.8,193.0,197.6,144.1,160.8,162.4,155.2,136.5,188.5,204.1,135.2,185.4,135.2,153.3,195.5,261.0,145.5,234.9,241.2,185.6,414.6,COX6C,172.59799999999998,181.48363636363638,1.0514816878737667
206317_s_at,9.8,5.5,11.5,6.5,9.0,7.2,7.5,12.9,5.3,8.4,6.3,14.1,11.8,12.5,5.5,11.2,9.1,13.2,10.3,4.8,11.4,18.6,2.8,4.9,11.9,10.9,12.7,10.8,8.6,12.1,26.4,44.5,25.3,9.2,6.5,9.8,18.9,8.8,14.2,8.1,10.8,8.7,4.8,11.8,8.6,7.4,5.8,3.7,9.1,7.6,25.6,6.5,10.0,4.2,3.9,5.6,4.4,7.2,6.5,22.2,8.8,9.3,14.3,8.6,12.9,40.4,5.5,10.6,7.9,20.1,12.3,10.3,7.4,19.2,8.6,40.6,7.9,36.6,7.3,6.4,5.4,8.6,5.2,4.4,6.7,9.2,9.4,6.2,11.7,9.2,8.3,9.1,38.5,3.7,4.8,7.4,4.5,9.3,12.0,10.3,6.1,16.5,4.2,5.5,13.7,ABCB8,10.742000000000003,11.290909090909091,1.0510993381967126
201030_x_at,891.5,800.9,1230.1,893.7,975.9,1934.5,779.8,695.4,641.8,546.1,659.3,736.5,1046.3,686.7,1055.1,655.8,1730.5,1315.7,1149.0,1342.5,1172.0,592.1,679.5,1197.8,746.1,1018.6,872.5,1208.0,960.1,514.0,1048.0,1115.7,1018.8,1099.6,1114.1,1225.5,748.8,1076.0,1202.1,1727.9,1421.3,1454.7,1146.0,937.0,1414.7,1153.1,931.6,897.8,976.0,765.9,855.9,989.3,1200.6,1107.5,1201.8,1220.6,1006.0,749.4,1537.1,649.2,881.5,1234.7,1223.1,1179.2,675.6,971.9,1088.4,1070.5,1029.1,760.5,678.8,669.8,536.4,1243.1,632.7,1033.4,1357.5,1020.5,1032.6,1314.8,1775.7,1491.3,1316.6,1204.0,917.7,1852.6,1259.3,1161.4,927.6,919.2,1040.0,679.7,1303.8,1753.8,840.7,1170.0,836.2,621.7,1258.3,936.8,882.5,759.4,1808.0,1089.0,1207.7,LDHB,1024.0479999999998,1075.7181818181816,1.0504567967694696
218105_s_at,12.4,13.7,15.7,13.4,13.2,15.6,13.6,22.2,17.3,17.8,9.0,14.7,16.6,19.4,12.8,18.8,9.9,26.2,37.0,13.7,9.2,21.6,8.2,10.3,7.8,13.4,11.2,22.0,10.9,8.3,6.3,10.9,10.0,25.0,13.5,13.5,18.3,6.6,5.6,12.1,16.5,5.8,40.7,21.1,9.6,17.8,8.4,6.3,14.8,18.8,29.5,14.7,6.2,11.8,10.6,8.0,13.1,20.8,20.1,14.8,7.8,13.9,12.0,33.2,7.4,19.6,16.4,6.8,19.5,19.6,25.6,16.1,17.7,16.3,16.8,24.1,10.8,8.0,8.3,8.1,8.6,11.4,18.0,8.8,15.2,14.0,27.6,25.3,20.1,11.4,8.7,23.8,15.3,19.2,8.1,12.6,20.2,8.5,10.4,12.3,21.3,27.7,12.3,10.5,23.2,MRPL4,14.749999999999995,15.492727272727276,1.0503543913713411
201509_at,99.5,126.8,163.1,141.0,123.7,129.1,106.8,143.0,91.4,155.2,88.2,139.0,144.6,157.1,135.6,113.9,172.8,168.7,96.1,162.9,81.7,118.5,90.8,123.4,132.5,124.0,98.1,105.4,105.2,133.6,117.1,82.3,72.1,91.1,96.3,124.3,118.7,89.2,181.1,129.0,74.7,96.9,134.5,127.7,171.8,105.7,120.0,103.4,99.0,38.5,140.6,156.1,140.7,124.9,70.4,103.8,116.9,78.4,136.7,121.3,80.2,97.2,144.2,108.7,55.0,148.1,175.3,142.9,95.5,124.5,134.5,142.6,108.0,150.1,150.6,151.3,84.6,137.3,106.4,66.4,123.8,129.7,133.8,116.1,111.8,160.1,93.1,185.6,155.2,150.9,88.4,81.9,167.4,151.1,127.1,88.3,94.3,138.6,150.4,145.0,146.3,156.5,140.2,160.9,77.9,IDH3B,118.90199999999999,124.86545454545455,1.0501543670035371
49327_at,281.4,243.6,302.2,238.9,247.1,229.1,145.2,389.2,248.1,219.0,245.4,292.4,217.6,412.8,230.1,245.7,240.5,429.8,312.7,280.7,224.8,313.9,167.1,269.2,249.6,214.2,272.0,462.2,182.4,226.0,254.2,216.7,263.9,311.5,287.1,196.9,381.1,296.2,220.2,195.3,235.7,164.7,222.5,345.8,299.3,199.7,254.4,225.6,270.0,407.9,486.3,185.6,213.6,166.5,231.4,246.6,223.6,214.3,197.2,373.9,159.5,264.5,250.2,155.7,316.5,199.9,195.9,259.3,307.3,381.2,441.4,293.3,262.4,309.3,224.2,285.7,201.5,227.4,246.6,275.6,212.3,377.2,258.1,202.4,352.1,321.9,433.6,359.2,295.6,353.9,305.7,379.6,249.6,237.5,234.3,372.9,364.3,417.9,227.9,343.2,309.7,291.5,190.9,275.6,172.4,SIRT3,265.63200000000006,278.83090909090913,1.049688701251766
209857_s_at,8.4,10.1,18.0,11.6,4.6,7.2,8.2,12.4,6.4,6.2,5.6,10.7,5.4,19.0,6.1,7.0,7.5,15.6,7.1,4.8,8.8,24.3,10.2,9.1,7.8,10.4,13.8,15.3,7.9,5.6,11.7,11.2,12.4,6.5,5.5,4.6,11.0,8.3,7.0,8.6,4.8,9.0,12.4,10.8,5.0,10.4,5.4,22.2,5.4,12.0,15.6,12.1,2.9,5.2,4.6,4.5,2.9,10.4,11.1,8.4,4.7,7.7,11.4,6.1,11.8,14.1,5.7,5.4,7.6,19.8,21.9,13.5,7.7,8.5,9.7,7.9,3.5,9.7,6.7,6.6,36.4,10.8,4.7,8.2,7.7,9.4,9.5,9.1,9.8,18.2,12.0,8.1,7.6,11.9,10.1,10.8,9.8,14.3,9.5,15.7,15.6,9.0,9.0,11.0,7.2,SPHK2,9.585999999999999,10.056363636363637,1.0490677692847525
218357_s_at,114.3,111.9,135.5,142.7,133.6,193.7,94.6,255.3,157.6,113.9,183.5,132.5,170.8,214.4,147.5,115.6,143.7,124.4,163.5,145.9,206.6,184.1,169.5,123.8,175.5,134.8,138.3,131.4,133.8,163.5,167.6,170.8,165.1,160.5,137.4,100.0,143.8,204.7,125.3,109.8,148.0,124.1,199.6,134.6,95.0,167.8,152.1,102.1,150.4,158.3,183.2,190.9,169.8,179.5,190.2,160.0,191.9,177.0,129.0,158.8,138.2,149.7,149.6,98.2,154.3,156.4,84.6,204.5,154.0,172.4,163.4,160.7,134.7,240.6,81.1,148.9,163.3,146.7,147.4,107.2,170.1,151.3,292.3,148.8,125.8,131.6,208.1,153.6,184.4,149.4,129.4,78.3,104.1,193.9,177.5,133.0,166.4,114.6,117.1,101.6,182.4,142.8,205.8,165.0,209.8,TIMM8B,149.46400000000006,156.78727272727272,1.0489969004393878
202502_at,90.6,41.2,43.1,77.9,78.0,111.6,62.1,44.1,88.3,30.1,100.2,108.1,45.2,47.5,83.6,64.2,36.2,34.3,33.5,44.7,69.6,66.4,122.6,75.4,60.4,62.2,61.4,55.6,46.3,50.7,44.4,49.0,88.4,70.9,76.3,41.8,55.1,55.6,28.4,120.4,65.7,69.3,61.8,52.8,104.2,61.2,46.3,89.2,91.6,46.1,88.2,32.6,157.6,102.6,112.8,88.6,65.6,31.4,87.8,74.2,62.1,28.6,57.1,81.1,43.3,58.1,73.1,63.4,44.9,44.2,82.7,61.8,41.9,43.9,43.6,83.7,46.5,78.8,47.4,62.2,57.8,43.7,102.2,13.3,75.1,63.1,51.8,120.8,40.7,69.4,80.1,68.0,26.1,66.2,67.6,49.7,129.3,116.7,89.9,70.0,75.4,85.0,70.9,47.0,83.3,ACADM,65.07200000000002,68.23454545454545,1.0486007108210205
214029_at,17.3,5.9,6.5,28.4,3.3,5.2,12.6,2.4,6.8,3.6,3.1,23.8,17.7,8.5,15.7,8.0,9.8,6.1,5.5,4.2,6.1,5.5,6.4,10.8,13.6,1.9,5.8,5.6,14.0,7.8,2.2,1.6,3.3,1.4,1.2,16.1,2.1,9.3,6.1,7.5,5.8,3.8,10.2,57.0,4.1,18.7,3.6,7.2,17.4,5.2,10.9,5.8,4.2,4.0,4.4,3.1,28.2,3.8,5.5,3.0,4.8,4.0,4.6,24.5,16.1,6.0,24.5,12.5,15.5,5.3,32.0,3.2,22.0,5.5,6.4,14.8,4.2,2.7,2.3,9.0,5.6,5.2,8.3,5.5,1.9,1.7,3.0,25.3,9.0,5.3,3.7,17.1,2.9,6.9,1.9,7.4,3.9,6.9,24.5,8.0,3.6,62.9,4.7,4.6,2.8,SLC25A42,9.114,9.552727272727271,1.0481377301653796
214170_x_at,136.3,167.7,272.1,218.8,240.8,284.0,277.9,113.8,223.8,220.9,363.0,246.9,356.4,105.8,254.8,176.2,174.2,191.2,269.0,301.8,207.6,220.2,450.1,197.3,201.1,189.9,251.5,290.7,243.9,145.2,232.8,232.7,267.9,256.7,161.3,273.2,261.2,190.9,163.5,232.1,303.3,284.4,323.4,290.7,221.6,322.6,195.7,199.6,187.6,233.6,121.2,251.6,294.0,287.9,250.2,338.5,171.8,297.5,362.8,127.5,137.3,413.4,186.7,189.8,194.3,212.9,189.7,269.1,224.8,181.7,246.2,306.2,224.1,224.5,149.3,167.2,293.5,330.0,224.7,289.3,319.9,269.1,295.3,254.6,281.6,289.7,320.2,186.7,243.7,144.0,255.0,241.9,238.8,312.2,240.5,262.1,295.2,218.0,361.7,235.2,293.1,224.7,217.8,241.7,235.7,FH,236.55400000000006,247.92909090909106,1.0480866563621456
210544_s_at,73.5,55.6,89.2,46.9,81.4,30.7,77.6,67.5,57.6,68.7,60.7,84.4,69.2,54.5,89.5,84.3,70.4,38.1,81.1,44.6,79.0,14.0,10.5,22.9,53.2,58.1,135.9,10.6,25.8,26.2,81.7,47.3,53.5,43.9,33.5,113.4,147.0,80.7,25.6,68.2,67.7,30.4,74.4,25.0,89.6,26.4,50.5,54.9,81.7,12.4,139.4,29.9,73.3,65.3,12.9,50.6,35.4,84.0,113.4,110.4,48.9,117.0,32.1,38.6,44.9,85.2,28.2,69.5,78.2,94.1,65.0,23.6,76.4,92.5,32.5,41.7,60.6,84.3,46.9,63.5,71.4,53.8,48.1,23.8,115.8,56.7,13.6,12.4,61.8,53.4,70.6,124.6,64.8,78.2,85.3,45.7,11.0,13.2,55.2,45.2,9.3,91.1,42.5,73.5,162.0,ALDH3A2,59.38999999999999,62.20545454545454,1.047406205513631
213379_at,33.7,70.8,82.8,52.9,75.4,79.5,53.1,28.9,51.2,66.3,39.3,80.3,55.3,48.7,61.4,36.1,35.5,62.4,16.5,76.2,86.4,73.5,60.0,38.2,65.4,57.5,59.7,44.1,76.0,37.1,75.3,50.0,66.0,59.4,74.7,76.3,69.5,48.6,19.7,72.4,32.4,85.6,66.4,88.7,75.0,56.9,37.7,53.4,36.0,61.1,59.0,50.5,50.5,65.0,56.0,55.8,75.4,72.3,63.5,68.3,58.1,37.1,51.9,91.6,62.7,78.0,82.8,97.9,47.5,6.4,79.3,49.6,82.6,49.2,79.6,81.9,67.2,57.5,25.8,56.7,62.1,55.8,74.3,58.5,16.2,65.1,63.2,71.4,23.9,40.9,60.0,25.2,71.5,75.6,78.8,59.2,8.1,62.3,30.9,80.6,94.0,64.9,74.3,75.5,99.7,COQ2,58.18599999999999,60.94,1.0473309730863094
220305_at,65.4,70.7,86.9,72.4,66.1,57.6,94.8,81.2,98.8,46.1,34.5,72.8,60.0,82.7,54.1,86.4,73.7,95.8,57.6,62.7,32.7,92.3,63.8,97.2,39.5,69.2,71.3,55.6,66.3,54.7,62.3,37.4,71.8,69.3,87.5,95.9,47.8,58.0,75.4,44.3,68.2,82.8,76.4,54.5,82.6,17.4,83.2,49.1,58.3,58.3,76.2,81.6,80.0,67.3,107.7,59.2,71.0,62.9,63.2,78.8,83.7,83.9,72.5,47.7,101.8,63.9,56.5,62.2,62.4,82.5,16.3,112.2,55.1,91.4,55.0,52.1,78.9,53.5,77.3,65.9,87.9,33.4,64.4,84.8,68.2,108.3,77.9,27.6,48.2,54.8,50.4,75.2,97.9,85.4,59.6,76.2,116.8,62.2,99.5,47.8,100.4,12.3,62.7,63.5,63.4,MAVS,66.86800000000002,70.02727272727275,1.0472464067606735
222248_s_at,3.9,6.1,6.9,4.3,6.5,4.0,3.0,9.6,3.4,5.8,4.3,7.0,3.0,8.4,4.2,4.3,5.9,5.0,9.0,3.1,5.3,5.8,3.9,4.7,8.2,4.3,4.7,4.3,8.5,4.2,9.7,4.2,2.9,3.4,4.1,6.5,4.6,7.1,5.1,4.4,4.9,4.2,4.2,9.7,2.8,5.5,4.7,3.6,2.7,8.0,4.0,4.2,6.0,3.3,4.4,3.7,3.8,3.6,2.3,6.7,4.3,3.9,5.0,3.5,4.2,9.3,5.1,8.1,3.7,5.8,4.6,4.6,5.7,4.1,8.1,7.4,3.9,3.8,4.1,9.9,5.0,4.0,5.3,7.4,5.6,5.8,5.9,4.9,5.6,4.7,2.7,5.6,4.6,2.1,8.2,7.0,7.9,3.4,5.8,7.3,6.1,14.0,4.8,11.7,7.5,SIRT4,5.277999999999999,5.527272727272727,1.0472286334355303
203225_s_at,35.9,26.2,24.1,53.0,34.2,25.3,41.2,34.2,35.4,32.8,36.7,34.4,9.5,34.2,36.4,27.7,16.5,23.5,9.4,21.0,20.5,16.8,26.0,36.9,38.3,33.9,20.4,35.1,30.4,2.4,20.0,3.1,47.3,24.9,19.9,45.1,27.6,39.9,30.7,15.2,22.2,35.1,53.9,25.2,29.7,34.2,27.2,27.8,34.8,30.0,39.7,43.4,25.1,23.1,41.4,48.2,20.7,60.3,46.0,56.3,25.6,9.7,5.4,57.2,39.7,27.9,47.6,54.5,11.6,59.5,58.1,39.4,18.0,39.8,17.9,31.7,30.6,28.9,33.4,32.0,29.5,8.2,37.1,6.2,7.9,3.7,10.9,3.9,3.1,23.4,30.5,16.2,5.2,35.0,46.7,6.1,43.7,51.7,38.5,48.2,45.0,29.3,31.0,5.4,26.7,RFK,28.921999999999997,30.28727272727274,1.0472053359820463
200797_s_at,2397.5,2001.1,1707.4,2573.7,1720.4,2225.1,1705.1,1689.9,2528.6,2428.2,3308.0,1965.1,2289.7,1980.3,2068.8,1546.4,1920.7,1455.2,1568.9,2265.1,1927.5,2630.8,2856.2,1984.1,2206.8,2419.4,2080.9,1637.3,1865.0,1772.3,2191.3,2431.8,3214.8,2822.9,2440.9,2310.1,2177.4,2696.5,2503.5,3267.0,1980.0,3706.5,2984.2,1491.0,1965.8,1594.5,2527.3,2205.5,2624.7,2724.5,2351.7,2324.6,3463.1,3269.8,2435.6,3935.9,2656.8,2124.6,2371.4,1909.8,3336.5,2181.4,1722.9,2219.4,2413.9,2557.3,1702.9,2197.9,2353.0,1846.8,2713.4,2082.9,2169.8,1664.2,2603.0,2429.7,2404.8,2635.6,2432.0,2728.4,1729.6,2725.4,2564.1,2752.1,2216.2,2033.1,1484.1,2541.0,2604.9,2518.1,2058.4,2111.7,2453.8,2667.3,2217.4,2028.8,1703.8,1983.1,1693.4,2459.9,1576.3,2338.1,3032.0,1810.6,3092.4,MCL1,2251.714,2356.994545454546,1.0467557360546438
222275_at,115.5,148.0,93.1,113.5,52.5,88.2,103.9,64.9,89.0,90.6,78.1,108.8,86.1,120.6,104.7,117.2,116.0,92.6,104.4,109.3,138.0,101.9,80.9,108.5,80.7,74.1,96.5,68.5,19.4,78.9,66.7,66.0,87.1,92.2,86.0,72.7,79.9,27.3,40.1,66.3,52.5,61.7,73.9,89.3,80.0,100.9,68.2,91.1,116.6,58.7,126.8,76.5,72.3,109.5,109.3,105.9,90.9,68.9,113.6,85.3,81.4,75.3,98.5,69.0,98.5,114.6,15.0,70.0,92.8,116.3,145.9,116.7,97.7,89.4,61.6,79.4,55.4,110.8,72.3,72.9,63.4,116.8,129.3,97.3,17.0,39.8,136.7,49.7,113.2,83.0,89.5,41.5,74.2,85.6,142.9,95.8,128.4,117.7,52.4,194.0,86.8,124.9,65.3,75.8,61.7,MRPS30,86.432,90.45818181818181,1.0465820739793341
202942_at,9.1,13.2,19.0,12.0,21.2,54.6,43.2,23.6,22.9,7.5,38.2,16.8,66.6,18.5,8.1,16.8,56.7,43.3,13.8,55.4,25.8,27.7,55.2,14.5,19.5,12.7,16.3,27.4,22.5,16.9,58.7,12.0,54.9,50.4,41.0,45.8,37.0,11.2,9.6,18.0,30.5,69.4,24.5,10.5,8.2,20.1,27.1,17.9,20.7,49.6,12.2,9.9,38.6,59.7,35.8,63.9,48.1,37.2,76.5,26.7,43.2,10.2,16.3,15.3,9.2,24.1,19.2,69.9,20.3,22.9,10.5,14.4,19.8,62.7,17.7,29.4,67.4,33.2,52.5,27.5,29.8,8.5,53.0,9.0,18.1,73.1,22.3,45.9,28.8,20.2,50.8,18.5,12.8,14.1,7.5,5.8,17.2,14.6,34.1,9.2,14.3,22.8,51.8,41.6,11.2,ETFB,28.322,29.62363636363635,1.0459584903480104
219680_at,149.4,180.5,191.2,242.0,181.7,173.0,159.5,201.7,175.0,196.8,225.2,158.3,223.6,200.8,147.6,190.9,264.4,169.0,228.4,227.8,177.1,215.5,249.7,167.5,181.6,172.4,226.7,146.6,214.5,179.8,215.8,124.9,126.0,154.0,171.3,263.4,208.5,186.4,184.8,143.7,245.3,155.2,186.0,118.3,115.3,253.1,224.7,210.1,242.6,230.3,295.5,191.9,159.3,163.1,161.6,197.3,138.2,260.0,214.1,305.6,150.4,173.9,204.6,175.1,157.6,192.3,211.0,56.8,231.2,209.3,117.5,190.2,212.2,179.8,222.9,168.4,186.3,135.0,144.2,223.3,152.7,183.4,183.5,212.9,229.8,258.5,193.2,183.4,195.1,203.1,320.5,204.0,209.2,204.0,193.9,156.5,326.6,186.5,215.5,285.5,174.3,262.8,197.9,249.5,204.0,NLRX1,191.558,200.27090909090904,1.0454844438285482
200883_at,232.5,228.0,309.7,275.8,233.0,322.8,212.2,157.4,226.3,216.4,230.0,122.7,270.5,213.1,212.4,177.4,187.8,131.3,227.6,250.8,344.2,175.8,236.1,227.7,216.2,227.3,266.0,242.2,272.7,228.1,231.2,192.6,286.1,301.0,277.2,206.3,184.3,238.8,229.3,211.6,297.4,239.8,315.1,270.7,286.4,203.8,260.4,344.6,277.5,282.8,202.8,283.7,322.4,303.0,297.0,315.4,291.4,231.5,251.3,217.5,239.0,218.9,209.9,244.9,248.4,220.4,246.1,176.0,229.4,182.1,232.9,251.5,285.6,266.9,208.5,216.2,221.9,256.9,284.9,237.1,308.3,248.7,356.2,247.3,249.4,307.1,267.4,298.7,338.8,261.8,252.4,224.9,326.2,363.7,238.7,209.9,193.1,155.8,187.9,180.3,208.1,197.4,310.0,256.0,228.5,UQCRC2,240.21799999999996,251.09272727272725,1.0452702431654883
217874_at,176.1,145.1,240.7,264.5,196.8,224.3,237.7,129.6,164.3,208.4,197.1,147.4,226.5,146.1,246.2,116.9,175.4,156.8,106.1,278.8,237.3,128.3,153.6,214.4,230.4,210.5,192.2,243.6,323.3,246.9,243.3,265.2,194.5,267.0,169.5,230.0,186.1,211.1,273.2,219.3,273.5,248.2,314.6,125.9,299.3,146.5,265.9,273.6,207.1,195.1,259.0,223.8,306.1,252.1,197.1,247.3,269.8,144.1,278.0,166.4,197.4,195.4,242.1,206.4,253.8,209.1,227.0,258.1,214.1,153.1,211.2,305.9,250.9,334.6,236.7,262.8,219.2,189.4,230.4,276.9,183.7,204.9,196.9,253.8,223.7,191.9,200.3,214.4,154.0,183.9,212.0,100.4,228.1,183.8,315.8,284.0,158.0,123.1,266.8,187.6,184.9,133.7,231.3,198.2,320.6,SUCLG1,211.484,220.9818181818181,1.0449103392304766
215794_x_at,102.4,132.9,110.5,98.2,93.5,106.1,125.5,64.1,157.4,126.9,99.2,70.3,106.3,107.3,71.9,149.3,80.7,76.1,91.6,104.4,124.8,123.5,118.7,103.8,124.1,78.1,100.5,91.9,100.4,71.9,51.2,121.3,129.0,200.9,127.8,106.4,88.1,74.0,88.8,126.9,116.6,100.8,99.3,115.2,107.7,110.8,97.0,82.9,120.6,146.7,109.4,107.9,117.6,112.6,105.2,80.0,122.6,106.4,73.4,99.3,98.7,117.3,136.0,115.2,73.9,84.2,112.2,145.7,89.0,143.9,131.4,78.5,135.6,99.3,118.9,88.6,85.3,88.6,81.2,99.0,105.3,66.2,129.8,141.9,155.2,129.4,113.4,112.8,97.5,75.0,99.7,107.1,149.9,115.9,139.7,131.3,92.9,88.5,118.7,113.5,149.2,121.3,137.3,118.5,150.7,GLUD2,106.486,111.2290909090909,1.0445419201499813
208997_s_at,299.3,486.3,488.3,450.0,367.5,385.5,391.1,571.9,308.0,490.8,418.0,446.7,437.2,670.9,512.5,448.5,639.0,995.0,674.3,510.0,584.5,512.1,349.1,686.2,490.0,336.8,441.8,556.5,503.6,586.9,283.0,404.6,274.9,595.1,525.7,499.8,559.6,223.9,389.1,303.6,856.5,247.9,483.3,653.8,528.7,778.5,444.3,615.2,508.1,643.7,672.1,392.1,404.4,447.8,494.3,493.2,519.7,664.7,315.3,784.1,324.4,512.3,562.9,456.3,471.4,344.0,448.0,424.2,413.9,491.1,369.8,572.3,439.6,626.3,343.2,330.4,529.4,302.6,603.5,461.4,448.6,436.6,683.2,469.6,606.9,582.7,709.6,564.3,612.9,535.4,548.6,654.1,711.2,379.1,554.9,506.2,734.9,473.0,472.7,550.0,586.5,854.4,466.7,783.1,418.8,UCP2,497.1519999999999,519.249090909091,1.0444473539462602
218200_s_at,172.8,245.0,209.2,222.4,281.0,423.2,179.3,419.9,226.6,232.2,295.3,314.6,276.7,273.9,201.1,230.8,310.7,248.2,351.0,269.2,268.7,244.3,294.5,198.3,343.6,262.0,257.1,248.6,228.0,406.4,378.2,302.5,281.0,258.8,333.4,215.6,279.4,294.2,287.7,265.9,313.0,250.3,281.6,292.7,261.3,305.9,301.8,363.3,281.7,350.5,289.6,323.7,386.9,316.0,457.4,298.5,321.7,264.6,227.9,244.9,295.5,223.7,274.4,233.7,264.8,284.9,263.9,339.2,231.9,355.4,243.9,298.9,226.7,498.5,226.6,405.4,293.1,274.2,297.0,235.7,285.6,272.5,409.3,275.3,328.7,212.1,279.4,268.5,249.0,259.4,224.3,344.9,341.1,308.3,283.9,251.8,289.1,223.7,209.7,224.4,217.9,276.0,453.2,386.5,348.2,NDUFB2,280.668,293.1163636363636,1.0443526288581655
218034_at,360.3,312.6,395.7,447.3,338.6,470.9,279.6,710.0,330.2,369.1,458.5,232.6,368.1,638.3,316.9,387.5,452.9,400.6,359.5,532.8,517.0,346.4,339.3,338.9,507.8,421.0,400.3,481.9,422.0,782.8,607.3,407.1,608.4,407.8,393.8,392.4,372.7,506.2,460.4,389.1,418.2,234.0,214.5,550.8,535.8,360.0,480.5,443.3,596.7,332.8,1026.9,399.0,456.1,507.8,528.9,459.6,516.2,306.4,465.7,702.0,251.7,299.0,494.1,426.7,282.0,403.3,459.7,381.3,505.8,590.2,425.4,350.0,322.0,647.0,388.7,444.6,365.9,355.0,377.2,254.9,397.3,349.5,591.3,463.3,374.3,326.6,598.1,446.0,490.4,503.3,391.3,633.8,453.2,347.5,419.7,255.5,427.0,483.0,432.6,628.6,402.1,351.5,481.4,403.4,557.3,FIS1,428.62399999999985,447.2927272727272,1.043555020887135
37996_s_at,78.8,74.0,56.3,66.0,52.7,74.1,54.7,84.4,57.3,77.6,74.4,55.1,11.0,66.3,58.4,66.5,69.6,74.8,57.0,51.9,62.0,51.7,93.2,58.6,63.4,47.0,88.6,81.8,51.4,8.1,38.0,44.9,42.2,37.1,31.6,64.7,112.4,48.1,72.1,57.4,55.2,29.7,32.9,107.2,42.3,50.0,55.9,66.6,57.6,30.9,102.2,40.3,43.8,32.8,55.5,65.2,40.4,97.9,70.5,60.2,40.0,69.5,73.3,38.8,72.0,49.9,54.8,73.8,45.7,75.7,25.5,49.3,74.7,60.0,43.9,70.2,65.1,54.5,75.2,82.6,34.8,61.1,50.8,58.3,47.9,76.6,21.2,62.0,70.3,50.0,74.2,92.4,69.0,33.1,11.7,76.3,37.9,50.4,82.5,105.0,97.9,61.4,78.0,72.3,100.4,DMPK,58.86999999999999,61.43272727272728,1.0435319733773958
200642_at,377.0,308.9,579.9,497.5,495.2,773.8,368.6,424.5,371.3,297.7,470.9,364.0,497.6,366.3,429.7,330.3,572.9,584.9,487.5,686.1,567.4,502.4,472.1,520.1,383.1,498.6,453.3,436.4,536.9,354.8,500.5,615.4,510.7,605.6,444.7,376.4,336.5,513.6,451.5,712.8,562.3,493.9,595.8,445.2,640.9,668.8,466.9,744.8,515.2,289.9,414.4,553.3,784.9,623.2,591.8,585.9,532.7,444.4,464.2,313.0,537.3,568.0,583.0,416.5,413.0,396.5,474.3,554.9,311.6,407.4,255.0,477.2,319.7,769.5,276.6,472.8,616.5,575.1,428.1,582.9,586.3,577.8,688.6,576.6,438.1,612.7,488.8,588.6,482.8,353.4,548.0,380.4,556.2,848.8,460.3,450.8,478.9,321.9,478.2,571.6,389.8,358.2,800.5,644.4,666.0,SOD1,490.02200000000005,510.7527272727272,1.0423057072391182
206848_at,67.8,75.5,43.3,83.3,101.7,50.1,107.8,46.9,77.8,85.4,57.1,101.8,42.8,76.1,92.8,68.1,32.3,54.2,52.0,26.7,34.4,30.7,61.9,88.7,85.8,45.1,101.8,41.6,64.3,95.0,44.1,62.1,84.7,54.6,65.2,83.8,49.6,68.6,59.7,64.6,42.7,57.7,43.0,81.2,42.5,95.0,22.9,35.2,64.8,90.7,11.0,94.0,32.1,43.0,57.7,87.3,48.0,57.9,70.8,63.3,48.0,95.1,81.8,93.4,63.4,49.1,88.8,90.0,39.2,112.0,83.7,59.0,61.5,76.8,94.9,75.4,72.5,36.8,48.6,57.4,95.5,100.4,97.5,76.1,60.6,67.5,65.8,75.6,79.2,72.8,46.2,61.8,79.0,29.8,30.9,55.4,123.0,64.3,45.1,35.1,118.3,89.2,71.2,35.9,5.9,COX20,64.10999999999996,66.81090909090909,1.0421292948199834
211552_s_at,164.9,186.3,187.2,112.0,100.6,119.1,121.4,187.3,121.5,36.9,126.3,109.9,105.5,178.5,141.7,154.9,213.7,250.3,213.4,21.2,135.6,212.8,74.3,117.0,163.0,116.5,144.4,175.0,151.9,89.4,157.7,163.3,72.3,88.1,98.3,133.7,132.4,109.4,93.5,83.4,127.8,132.4,92.2,220.0,99.3,143.3,58.4,111.0,100.7,193.5,281.2,151.1,86.1,78.6,93.7,131.7,105.8,128.6,83.3,185.2,77.2,166.3,99.3,114.7,187.9,85.2,140.7,50.6,124.3,180.9,35.1,209.2,107.8,33.5,131.8,123.0,85.1,22.5,82.7,90.7,154.9,134.4,173.5,127.6,105.5,204.3,169.4,209.3,196.4,138.7,175.7,179.1,183.2,131.9,177.4,123.6,132.6,247.4,200.3,55.7,194.4,307.3,104.7,122.3,188.2,ALDH4A1,132.86399999999998,138.39272727272726,1.0416119285338938
202945_at,120.8,38.4,120.8,197.2,132.3,41.6,115.3,218.1,89.4,145.3,183.7,49.9,82.5,139.1,116.9,139.9,91.3,127.5,34.8,94.8,130.0,167.5,95.9,83.2,160.5,84.3,194.5,169.6,104.8,157.6,55.2,111.7,44.9,93.8,124.3,107.8,85.3,195.5,154.4,146.9,133.0,55.8,121.8,108.6,98.6,101.8,141.9,105.8,119.0,14.9,189.5,177.0,113.9,118.1,142.0,132.7,125.9,144.3,107.5,139.4,38.3,174.3,152.4,122.6,38.1,175.2,90.5,114.8,122.7,143.9,209.3,109.5,117.8,152.4,85.5,120.5,128.0,79.4,156.7,72.4,113.1,24.4,46.3,109.6,117.0,94.8,190.5,107.3,147.3,47.0,26.9,143.9,99.5,82.6,33.1,117.7,43.2,153.9,72.6,147.0,101.8,205.2,119.2,213.6,231.9,FPGS,114.97000000000001,119.7090909090909,1.0412202392719048
217942_at,176.8,187.6,163.1,135.3,206.8,241.8,148.0,186.4,151.5,146.5,133.6,182.1,141.8,141.3,174.5,143.9,134.2,113.6,154.7,138.2,97.2,192.9,254.1,151.9,183.4,156.9,179.8,161.2,148.7,146.5,153.8,205.9,171.2,212.4,258.2,121.9,155.1,169.7,203.2,149.0,222.6,227.1,222.8,149.4,150.7,168.5,163.3,174.5,288.1,160.0,197.0,215.9,303.8,228.5,221.2,211.7,212.3,158.5,273.3,123.2,148.9,171.2,182.7,213.9,155.7,173.6,156.4,203.0,157.4,138.2,146.5,173.1,157.6,258.1,200.8,237.9,200.8,178.9,190.1,134.1,134.5,179.4,177.9,138.9,175.8,189.4,146.8,141.6,133.8,113.6,126.1,106.8,173.8,247.3,185.3,158.4,275.5,147.9,187.4,131.1,136.1,163.1,254.8,88.2,209.6,MRPS35,172.034,179.0436363636364,1.0407456454168154
214299_at,77.7,107.5,91.5,67.5,78.8,82.0,69.5,16.3,63.0,61.7,55.8,84.0,72.6,18.8,70.4,78.4,71.5,19.6,58.4,56.6,72.0,45.5,107.3,64.7,24.2,49.0,33.6,99.8,29.4,100.6,11.8,44.9,48.5,10.2,75.4,41.0,109.4,42.2,16.5,58.0,53.6,20.2,50.5,93.7,48.9,18.0,37.8,57.9,85.8,9.6,118.2,14.8,57.1,58.2,70.4,83.6,47.0,72.6,68.1,74.9,41.4,74.0,62.7,38.2,38.3,36.9,12.8,42.4,59.4,69.5,120.8,25.4,40.6,11.1,47.8,67.4,62.3,68.7,116.5,55.7,73.9,64.6,96.7,53.1,27.2,45.8,17.8,18.5,57.3,86.1,52.5,77.8,23.1,66.5,47.3,54.9,94.1,25.5,126.5,109.0,102.8,50.7,60.5,67.7,18.6,TOP3A,57.232,59.550909090909094,1.0405177014766056
203157_s_at,171.3,173.0,189.4,172.9,223.1,158.9,203.5,117.8,190.8,172.0,152.9,237.0,118.8,122.2,193.5,156.4,53.0,208.1,205.8,181.9,123.7,195.6,145.6,138.1,84.4,133.2,171.6,139.3,132.5,133.4,85.2,107.3,161.7,131.2,197.1,145.4,161.8,101.7,153.3,162.7,197.6,116.2,174.4,112.4,146.9,132.8,161.2,163.1,211.4,70.3,227.1,67.3,166.3,124.4,211.4,214.6,108.4,184.0,135.6,165.6,85.2,181.5,168.7,133.8,105.7,179.3,199.1,159.7,127.6,175.3,36.0,197.7,231.8,191.4,196.7,149.8,188.4,182.6,192.3,123.3,125.6,161.2,182.0,179.4,187.2,155.1,136.0,251.0,229.9,163.9,135.6,169.7,198.1,109.7,102.3,191.2,154.9,122.7,266.2,35.6,188.1,156.2,153.9,123.0,110.9,GLS,153.868,160.0,1.0398523409675826
205661_s_at,52.7,76.4,80.9,100.6,63.6,67.0,63.2,53.5,59.9,82.6,58.1,57.3,106.0,85.3,53.8,83.9,83.5,114.7,73.2,93.3,97.5,104.9,59.0,91.2,132.2,65.0,95.4,93.7,59.3,92.0,85.2,56.4,99.0,89.5,71.4,43.8,101.0,80.5,95.1,53.7,83.7,29.3,67.1,114.5,80.8,78.4,89.7,85.3,116.8,92.4,63.1,69.0,61.0,84.2,98.8,83.1,80.4,46.2,55.1,128.5,39.4,99.9,78.6,67.9,98.6,90.2,102.3,71.2,79.8,76.5,160.7,87.5,58.6,104.4,104.4,101.5,70.2,103.9,70.1,55.9,84.7,10.6,70.9,58.8,72.5,119.1,107.6,91.7,82.7,86.0,120.7,73.3,96.2,89.5,95.3,69.7,111.6,134.8,70.6,16.9,39.5,115.0,88.9,109.2,83.0,FLAD1,80.26600000000002,83.45090909090906,1.0396794295331653
211023_at,127.8,102.6,115.2,56.2,176.4,90.1,197.0,71.2,153.2,174.1,149.4,243.4,211.0,109.1,190.0,144.0,97.3,94.8,47.6,94.5,103.5,68.4,52.3,151.3,80.7,134.3,119.6,71.7,157.2,81.4,69.3,90.6,103.5,99.4,92.4,111.9,59.8,128.9,167.7,90.1,113.1,151.5,131.3,94.5,119.8,103.6,133.6,155.0,151.8,141.9,108.7,99.5,178.5,265.1,61.5,140.8,79.4,86.9,114.4,23.1,86.6,124.4,221.8,189.8,155.1,120.5,115.3,110.2,110.9,27.1,134.0,98.3,130.7,131.2,86.5,185.4,115.7,184.9,135.5,139.9,168.4,70.7,109.0,111.8,50.9,110.5,85.9,137.4,97.9,220.1,94.6,75.1,33.6,146.6,149.0,235.1,155.9,173.8,88.4,71.3,169.4,110.6,159.1,115.6,128.0,PDHB,119.50000000000001,124.18909090909092,1.03923925446938
221622_s_at,162.2,146.2,155.3,105.8,199.3,197.6,162.7,188.3,187.4,128.1,153.1,183.6,164.8,140.5,167.8,167.1,100.3,110.6,132.2,162.7,125.0,164.5,212.5,136.8,227.9,112.8,152.3,154.4,123.6,135.8,112.8,209.5,172.5,162.2,134.0,146.3,144.7,134.5,140.5,145.4,154.3,152.0,118.6,151.4,147.0,102.4,114.3,141.4,151.6,112.0,172.4,166.8,258.0,179.6,201.8,147.4,149.8,164.5,139.0,97.1,194.6,152.6,158.7,132.3,146.4,143.2,196.0,223.7,112.1,167.8,127.4,76.1,162.8,211.3,119.8,167.6,211.3,130.8,158.0,171.6,167.2,105.3,207.1,143.2,75.4,173.9,151.7,133.4,102.9,131.7,174.0,158.9,142.9,165.0,167.0,166.3,142.5,234.6,151.4,121.4,180.5,96.7,178.6,101.3,167.9,TMEM126B,150.172,156.0236363636363,1.038966227816346
206348_s_at,7.5,11.3,5.5,24.2,6.9,11.9,31.5,5.0,8.4,7.9,8.4,5.6,38.0,7.1,32.0,6.5,12.0,4.5,4.4,4.5,28.5,7.3,8.8,26.2,3.9,7.6,10.1,19.1,33.2,41.6,6.8,7.6,4.2,24.2,4.0,52.2,10.3,8.3,36.1,32.0,8.8,9.6,29.2,3.0,12.9,3.4,49.2,6.3,6.4,5.7,9.8,7.8,3.5,41.7,2.4,31.8,11.8,29.3,16.3,4.9,19.5,7.8,10.1,19.1,7.4,39.9,6.2,5.7,22.9,5.7,16.2,4.0,36.5,3.4,7.0,14.2,35.9,45.2,20.1,5.9,7.9,6.2,2.0,9.8,11.7,6.5,8.7,4.1,4.0,25.8,4.6,52.3,7.6,31.5,19.6,7.2,8.2,11.3,11.1,13.1,3.3,11.0,3.8,38.2,55.0,PDK3,14.992,15.572727272727272,1.0387358106141455
213626_at,116.2,81.0,69.4,51.3,75.1,131.9,95.2,66.3,107.2,68.9,60.4,84.7,99.2,80.5,70.0,77.5,52.5,19.5,95.6,112.5,84.7,201.2,135.6,69.9,97.4,86.5,74.1,48.0,62.1,82.8,100.3,95.5,92.9,147.8,123.3,85.3,81.7,109.3,122.6,101.9,66.2,90.2,67.8,91.4,70.8,58.7,122.1,153.9,51.5,61.8,15.9,77.1,181.2,115.7,154.9,87.5,90.5,84.6,77.9,44.3,101.7,116.2,96.1,119.5,133.1,111.3,117.4,140.3,87.3,95.2,81.8,51.1,66.5,176.3,74.1,82.0,128.0,105.8,91.0,75.4,94.7,112.4,81.7,82.4,49.1,78.6,68.7,96.3,72.1,95.1,46.3,51.4,112.4,152.3,82.7,107.1,81.9,82.6,80.3,49.9,90.4,113.8,78.7,94.3,52.2,CBR4,89.04400000000001,92.49272727272727,1.0387305969265448
202891_at,224.4,226.0,177.8,201.6,126.9,210.5,167.7,188.5,150.6,179.2,174.8,138.8,184.9,289.2,160.9,237.8,285.7,320.2,184.9,231.5,255.8,225.6,256.6,164.5,224.0,172.3,236.1,379.7,163.6,150.9,163.5,171.7,222.9,204.6,199.3,92.5,237.7,249.9,216.0,174.8,310.0,139.3,234.1,206.7,227.3,186.2,274.8,202.4,261.9,217.6,142.8,207.7,211.3,203.2,182.2,202.3,257.6,273.2,208.3,329.8,109.2,199.7,164.8,259.0,179.0,221.5,280.0,172.9,301.2,226.5,150.8,261.5,306.6,209.0,273.4,150.3,187.8,152.0,211.0,254.3,202.1,216.0,174.8,233.6,294.1,213.3,188.9,263.1,244.1,231.2,202.6,226.1,218.4,224.3,208.8,196.3,257.0,184.1,246.9,243.3,252.7,148.7,176.2,245.1,197.4,NIT1,209.68399999999997,217.7818181818182,1.0386191515891448
207180_s_at,148.6,140.2,136.0,129.7,128.7,80.2,139.0,149.5,143.8,112.8,132.7,86.4,135.7,84.8,103.6,90.3,88.6,74.8,191.3,101.3,90.6,24.3,137.3,92.0,101.5,140.5,140.1,130.3,123.5,126.4,137.4,117.0,113.5,90.7,115.4,111.5,129.2,104.0,173.6,137.9,106.6,182.8,161.7,93.6,121.2,114.9,109.2,111.4,86.2,152.8,106.2,126.9,101.1,130.0,111.7,116.7,115.0,134.4,144.5,115.9,171.9,119.2,132.6,133.9,48.6,124.7,81.3,71.5,150.6,126.9,228.9,149.7,170.6,116.8,158.3,152.8,131.8,135.1,159.8,91.1,146.7,82.8,113.0,116.3,133.2,129.6,64.8,122.2,94.8,107.2,165.5,69.6,131.0,146.3,120.2,108.1,84.6,179.1,66.9,95.7,116.0,163.3,130.8,147.3,131.8,HTATIP2,119.50200000000001,124.09636363636369,1.0384459141802118
201155_s_at,208.0,233.6,132.8,259.7,172.2,165.9,126.9,255.3,131.3,239.7,153.4,159.2,214.3,293.4,125.2,134.2,272.7,273.1,254.8,195.8,173.0,163.9,253.1,181.9,186.0,159.8,174.9,202.3,212.7,298.5,275.1,112.1,195.3,124.7,198.1,193.9,200.9,229.5,235.9,177.9,182.7,225.5,210.2,266.7,295.1,221.2,163.6,177.6,268.3,313.7,282.3,133.8,110.6,144.0,169.5,122.8,172.7,216.5,192.7,252.1,94.1,205.7,204.8,249.5,271.9,154.1,170.8,191.8,328.9,299.9,202.1,235.7,183.5,154.3,399.5,239.6,211.8,158.4,212.0,192.7,246.1,219.6,200.7,220.1,234.6,193.2,180.1,155.3,212.8,298.8,243.0,248.8,253.3,180.2,226.2,198.7,284.0,208.8,268.3,195.9,161.0,246.3,161.5,278.9,263.2,MFN2,205.51200000000006,213.4090909090909,1.0384264223456092
218642_s_at,21.6,35.4,75.1,45.9,86.1,94.2,67.8,33.9,30.5,36.7,45.2,110.5,68.6,21.5,53.6,18.6,18.8,44.5,56.9,27.0,25.4,99.5,63.1,20.9,46.6,56.6,45.6,33.2,53.3,20.9,56.9,75.4,59.2,28.3,66.9,92.4,68.1,35.7,20.4,59.7,69.8,27.4,85.5,25.2,55.9,82.3,27.6,65.0,76.8,66.3,20.1,16.6,57.5,87.4,101.3,64.1,86.5,49.7,60.6,16.6,79.5,38.9,17.1,67.0,9.0,49.4,39.5,62.6,52.3,35.8,68.8,52.1,84.4,86.8,10.4,47.7,42.5,53.6,84.3,44.6,63.4,29.4,87.9,40.9,67.0,84.1,114.8,56.9,7.2,85.7,19.2,22.3,62.6,55.1,55.2,95.4,80.7,41.0,42.9,23.6,19.9,15.5,88.5,68.2,57.8,CHCHD7,52.04600000000002,54.034545454545444,1.0382074598344815
202428_x_at,171.3,162.6,204.4,178.5,243.3,245.8,191.0,313.2,205.8,189.0,251.8,153.7,147.8,178.9,208.3,190.6,190.3,293.1,228.7,129.2,233.9,235.8,212.3,138.3,228.9,146.4,223.0,151.8,117.4,215.8,144.4,144.1,137.9,153.2,144.4,132.6,150.9,177.2,229.6,216.4,164.9,151.9,204.4,155.4,112.6,186.8,170.7,212.8,154.3,179.0,199.3,130.1,204.8,200.6,236.0,185.5,168.7,232.3,178.9,127.5,226.8,171.9,171.1,146.3,145.7,168.8,158.4,214.2,157.8,121.4,89.3,174.1,186.7,233.6,182.3,112.5,201.0,220.2,233.9,235.0,228.7,142.1,221.4,187.8,253.1,209.2,201.1,288.7,201.1,194.6,247.3,222.4,177.8,277.0,177.3,188.3,226.1,156.9,183.2,160.7,204.2,192.4,183.6,243.9,232.4,DBI,186.0879999999999,193.01818181818186,1.0372414224355249
203782_s_at,22.8,19.2,70.6,58.8,60.1,94.9,33.8,36.9,20.2,8.8,53.9,35.1,22.4,84.5,106.0,51.6,106.2,96.2,109.6,56.5,61.4,98.7,26.5,88.3,19.3,17.5,56.5,96.6,100.6,29.2,15.3,60.4,21.2,82.5,56.9,87.2,22.4,43.8,20.7,75.9,94.7,24.5,52.6,47.8,54.9,18.0,74.6,33.5,61.9,49.8,113.9,84.0,77.4,68.2,92.8,95.8,68.6,54.3,22.3,33.3,63.7,74.4,67.7,16.1,53.6,51.7,74.7,79.8,21.3,105.2,30.7,99.0,69.5,105.4,22.1,87.2,42.3,18.2,21.1,21.9,83.7,62.0,21.1,17.1,57.1,19.0,24.8,18.9,44.4,61.9,52.7,90.5,79.9,109.5,16.0,56.1,27.9,63.8,64.4,25.0,22.1,35.2,104.4,39.1,93.5,POLRMT,54.826,56.841818181818184,1.0367675588556193
209248_at,382.3,340.9,361.6,232.5,286.5,325.9,423.8,167.5,346.7,391.1,434.3,434.9,440.3,141.9,334.3,327.7,204.7,176.4,236.5,365.6,285.1,262.8,457.3,251.7,241.3,349.6,248.5,240.3,312.9,262.4,326.6,333.7,230.3,340.7,294.1,310.4,231.8,388.8,356.3,465.7,279.4,478.1,405.6,269.2,277.8,279.4,267.5,379.3,303.6,256.7,197.9,287.9,429.7,375.0,309.1,291.6,346.3,303.3,382.6,286.1,460.5,313.4,201.9,346.6,306.9,420.0,419.9,380.1,255.4,265.3,308.9,352.4,344.5,438.3,253.5,352.9,427.6,371.7,337.0,471.5,350.5,332.3,350.3,357.2,283.0,354.4,195.4,295.4,262.7,181.3,390.2,270.6,266.0,455.6,332.6,449.7,298.0,263.9,219.3,323.7,208.9,286.6,392.2,248.7,340.5,GHITM,314.846,326.30545454545455,1.036397014875382
201526_at,276.8,255.6,305.9,433.5,206.4,414.1,331.5,439.3,313.6,253.7,402.4,348.1,377.9,424.6,319.8,399.9,424.1,401.2,458.6,419.2,360.8,355.6,230.9,309.6,311.1,246.1,418.4,333.2,380.2,445.0,355.3,326.8,275.1,365.9,326.3,246.0,433.1,437.9,413.6,300.7,374.4,306.2,319.2,525.6,278.0,317.9,463.4,439.3,384.9,440.4,489.9,334.4,339.8,339.0,416.3,410.7,364.9,463.0,346.7,464.7,240.6,340.0,288.0,282.8,403.0,452.3,314.5,358.8,474.0,458.1,452.8,286.0,453.4,270.8,375.4,338.3,304.1,268.6,404.1,214.8,331.6,411.0,387.2,415.8,272.5,371.1,311.3,313.0,500.1,308.4,337.3,462.7,268.0,411.0,392.5,355.9,391.0,451.0,369.5,404.0,419.0,378.2,325.5,554.4,344.9,ARF5,358.54200000000014,371.57636363636374,1.0363537985406552
210820_x_at,54.9,15.9,70.6,12.9,47.2,23.6,23.3,7.3,16.8,12.6,43.2,61.4,45.2,10.7,30.6,16.4,35.8,36.0,16.2,7.7,58.8,14.2,60.1,44.5,29.8,37.7,7.9,11.7,6.9,14.9,30.0,60.5,9.9,45.1,43.0,90.1,9.0,27.2,12.6,61.4,40.8,8.0,51.6,16.3,49.2,49.9,32.9,12.1,66.4,9.3,13.7,46.6,48.6,43.0,36.0,23.9,9.3,46.0,31.5,13.6,42.0,60.9,52.7,11.8,8.4,21.5,59.4,64.4,11.3,19.1,46.0,14.4,45.5,12.9,68.4,37.3,18.2,26.4,24.2,10.6,7.0,45.8,8.9,80.9,8.8,42.6,18.4,29.1,21.7,36.4,48.8,18.9,13.3,19.6,2.7,40.3,18.3,19.2,11.3,67.4,13.2,123.4,38.3,28.7,93.2,COQ7,32.002,33.160000000000004,1.0361852384225987
221920_s_at,952.1,1754.7,654.9,1344.0,876.9,604.4,823.6,720.6,873.3,1076.5,1592.0,694.7,978.6,1197.7,984.8,1810.2,1121.8,1025.7,554.1,651.6,1259.4,232.4,547.2,1256.1,1225.1,1352.1,1297.5,803.7,1231.9,1360.5,982.4,813.2,1764.0,1323.7,952.3,1228.3,1217.6,889.6,899.6,582.5,1219.4,984.9,679.7,950.9,1685.4,878.4,1092.7,966.2,1290.0,978.7,1648.0,1020.6,651.7,912.3,873.6,804.0,845.8,767.5,779.5,1789.4,1150.0,782.4,1272.6,1154.8,1146.0,894.1,744.0,1007.4,1564.9,2088.0,1178.3,881.8,1240.6,725.8,1138.7,1217.1,705.8,753.6,667.1,699.3,1004.9,823.3,1081.3,898.3,910.6,1207.5,1482.1,976.4,1318.2,1160.5,1027.9,2100.8,1644.1,537.4,902.5,872.7,1411.0,1012.0,965.0,2059.5,1202.2,962.4,950.5,834.6,1085.9,SLC25A37,1044.7519999999997,1082.4781818181818,1.036110179083823
216540_at,73.5,102.3,84.9,82.6,114.6,59.3,119.8,92.4,93.4,78.8,82.4,79.1,58.3,120.5,96.3,99.2,56.3,121.1,66.1,71.7,57.1,96.7,90.7,83.2,46.8,79.5,73.5,100.1,80.3,45.2,81.8,77.4,66.6,59.3,78.8,95.6,72.2,65.5,74.9,52.2,48.7,116.5,51.3,97.8,60.9,55.2,55.4,80.3,53.7,98.5,88.9,118.4,77.9,55.2,64.8,47.6,60.9,80.9,54.3,125.5,61.0,97.7,89.4,46.7,81.9,84.5,90.0,62.4,62.3,89.6,42.3,84.8,87.8,98.1,51.1,72.8,88.1,88.6,77.4,79.4,72.5,96.7,98.9,71.1,69.8,116.7,66.1,88.0,86.7,104.8,61.3,67.6,80.5,84.7,67.9,100.1,131.7,111.3,78.8,105.2,148.1,71.8,53.6,64.5,90.5,YME1L1,78.96600000000001,81.80363636363636,1.035934913299855
221917_s_at,91.5,57.2,74.2,89.1,111.0,98.9,95.3,61.2,99.1,77.2,29.5,77.2,84.0,131.2,99.2,56.8,73.8,36.3,67.0,69.8,85.6,49.0,61.9,88.2,45.0,79.1,89.3,48.0,44.8,116.3,58.3,59.8,22.0,54.5,55.5,43.8,139.2,53.8,60.8,70.6,77.7,96.3,65.8,110.9,96.7,88.9,54.7,51.0,107.9,94.2,116.6,72.8,63.5,62.3,82.8,67.1,80.4,60.1,84.8,62.9,39.0,71.7,88.0,59.0,68.0,73.1,44.9,62.9,76.1,92.7,108.1,111.5,126.6,81.8,104.3,72.5,45.7,109.5,14.3,90.0,53.6,92.2,73.3,78.5,76.7,71.3,81.8,79.6,92.5,104.4,78.0,39.6,67.3,73.0,85.2,77.5,88.1,86.0,128.6,63.6,86.3,60.0,95.7,99.6,46.6,GRSF1,74.98200000000001,77.67272727272729,1.035884976030611
211922_s_at,175.3,304.1,336.7,267.3,154.9,296.7,425.1,7.8,310.2,269.9,413.0,139.2,478.9,13.0,215.0,402.5,36.6,5.6,73.9,441.6,325.7,90.2,314.6,226.7,248.4,139.3,184.7,189.6,282.9,281.6,465.9,307.4,308.8,328.7,501.7,556.2,242.1,95.2,158.6,339.9,233.2,243.6,230.2,170.6,282.6,282.5,449.2,395.0,319.4,303.3,283.1,321.5,328.8,288.0,263.3,272.6,202.1,184.7,159.9,38.8,510.9,248.0,351.2,276.0,306.1,365.6,364.9,356.5,342.0,214.4,218.6,224.3,215.3,304.6,237.1,220.2,305.2,342.7,107.9,244.2,331.8,225.3,250.8,413.6,178.6,207.4,91.8,149.7,267.2,170.8,363.0,260.3,344.9,347.5,444.8,338.1,278.2,226.2,283.9,331.2,68.4,215.0,491.5,266.0,469.4,CAT,265.30200000000013,274.7981818181818,1.0357938568807685
204946_s_at,73.2,22.0,48.2,49.8,87.5,20.0,70.0,59.8,70.8,95.8,60.7,63.6,47.5,55.6,33.9,49.7,85.3,65.1,151.8,63.7,6.9,94.8,14.0,91.5,39.1,63.2,85.5,49.3,75.9,28.4,71.7,46.2,57.4,65.9,49.2,44.8,32.9,25.5,62.6,14.9,65.7,45.3,67.2,13.2,93.7,20.0,75.5,54.5,51.7,41.8,7.6,26.9,46.3,65.5,16.6,73.8,33.7,47.0,58.6,18.4,63.6,82.7,52.7,79.7,50.9,63.5,112.4,71.8,28.5,97.8,97.3,86.6,76.1,37.6,139.9,39.6,62.5,71.0,56.8,7.5,54.4,7.7,51.7,92.6,100.2,20.2,75.4,41.6,39.2,11.6,66.8,120.3,22.9,90.5,39.7,92.0,82.9,61.7,82.6,33.6,57.5,31.9,77.8,82.2,5.2,TOP3A,56.446,58.45636363636362,1.035615697062035
203404_at,14.7,5.6,30.8,37.8,25.5,56.4,10.0,44.0,34.4,10.9,9.8,32.3,5.8,56.9,9.0,27.4,28.1,65.2,81.0,51.7,33.0,42.6,6.8,38.0,9.0,29.3,38.6,30.8,3.3,5.2,35.4,8.6,23.7,27.6,66.8,2.9,8.4,66.7,8.6,6.9,6.9,8.3,26.6,85.1,35.5,58.9,19.0,25.0,6.4,9.6,26.2,38.9,27.0,20.2,44.6,22.3,39.4,29.4,36.1,29.7,5.0,40.8,7.9,14.4,83.5,28.2,58.8,6.5,9.2,86.1,5.2,7.8,58.2,43.8,42.3,7.6,27.3,62.6,31.3,16.1,5.3,6.9,41.8,14.2,15.3,64.9,79.9,43.1,42.4,9.8,15.5,24.2,27.9,35.4,77.8,6.1,5.0,85.8,8.9,7.2,12.0,5.6,7.4,4.6,3.1,ARMCX2,28.216000000000005,29.20909090909091,1.0351960203108486
203342_at,104.4,88.9,112.6,214.0,125.8,96.1,77.7,154.8,89.6,84.0,160.3,141.3,97.5,82.7,81.2,92.6,166.4,159.5,128.0,66.9,181.4,91.4,113.4,92.0,144.8,87.9,177.6,69.0,26.4,140.7,104.1,38.7,111.1,79.6,89.5,86.5,118.1,113.7,64.1,88.9,92.3,72.0,97.9,122.2,127.0,159.3,105.7,96.3,123.2,77.8,221.4,82.4,116.8,126.7,80.2,65.2,81.5,73.4,77.2,158.0,48.8,58.7,88.1,134.3,79.3,111.5,113.2,149.4,79.9,40.8,69.4,143.7,87.0,69.4,121.5,133.6,145.2,149.8,96.1,129.8,115.9,94.9,100.5,128.6,126.9,72.8,154.2,107.3,85.5,104.7,144.2,160.2,133.5,99.3,132.2,94.7,44.7,85.3,124.8,185.7,156.9,142.7,146.7,171.4,117.8,TIMM17B,108.338,112.06727272727271,1.0344225731255212
201767_s_at,13.9,13.1,29.3,33.9,16.7,36.7,36.3,28.4,32.7,43.0,33.7,17.5,49.6,14.2,25.5,6.7,39.2,34.6,18.6,15.7,17.9,16.5,52.6,32.0,8.9,32.9,35.6,17.7,60.6,5.9,36.2,7.9,11.8,50.2,40.3,9.0,38.2,25.8,30.2,22.3,34.3,37.2,61.2,10.8,11.2,17.5,62.0,45.4,30.4,43.4,24.7,77.2,28.9,24.7,15.4,52.9,28.8,32.6,82.3,34.4,28.9,17.2,36.0,36.0,38.6,9.4,56.5,7.9,31.7,12.0,46.6,9.7,49.8,21.0,13.3,15.3,44.5,11.7,14.1,3.9,50.3,17.1,42.9,40.4,50.8,27.5,10.4,38.0,36.0,19.4,17.5,48.9,21.9,44.8,17.6,4.3,31.5,31.3,13.7,71.0,14.7,14.4,23.9,8.1,41.9,ELAC2,28.90400000000001,29.896363636363645,1.0343330901039176
202763_at,30.4,46.1,80.6,6.6,80.5,85.0,32.1,30.3,63.0,59.1,76.7,81.4,66.5,30.6,46.5,21.0,31.2,34.8,11.9,78.9,44.9,71.2,114.9,34.4,69.5,45.4,44.0,58.9,26.5,39.8,57.6,76.2,40.3,52.4,63.2,73.6,7.8,30.1,33.6,68.3,45.5,33.5,39.7,52.7,31.5,15.4,45.2,66.9,74.0,38.6,6.4,42.9,62.1,95.6,52.6,60.9,66.6,51.0,37.3,57.4,50.8,55.9,31.1,30.5,71.3,50.4,58.3,117.6,29.1,10.7,57.5,16.8,33.6,105.7,58.2,80.8,44.2,81.2,56.7,66.7,47.1,62.1,21.5,52.8,64.2,68.2,25.4,45.3,71.1,54.8,85.0,10.1,86.6,91.2,5.9,71.3,27.2,65.9,59.2,16.5,6.7,4.2,53.7,11.2,83.4,CASP3,49.775999999999996,51.46363636363635,1.0339046199701936
218160_at,116.1,138.7,189.4,136.5,148.7,268.0,127.4,176.9,199.0,134.4,173.1,123.7,131.4,204.1,169.0,153.8,192.9,192.2,188.3,205.8,134.9,223.6,152.8,226.1,137.1,138.0,136.4,171.0,212.9,181.6,172.3,182.5,132.5,182.7,184.0,138.0,140.5,149.5,185.8,111.1,151.3,206.8,102.2,137.7,150.5,145.2,203.0,169.2,140.8,174.9,146.9,133.8,182.9,198.0,166.3,203.4,172.7,179.7,159.6,83.8,144.7,135.7,156.7,160.4,215.4,147.3,202.7,171.0,194.6,144.3,164.0,159.0,189.7,299.8,82.2,202.5,200.9,138.9,194.9,147.2,151.4,145.7,189.5,175.0,157.3,162.1,194.5,191.9,134.6,113.8,204.8,192.1,147.4,207.6,204.1,166.4,108.3,153.8,207.7,86.9,211.3,167.6,252.0,204.8,166.5,NDUFA8,164.88600000000002,170.47454545454542,1.0338933897028577
216862_s_at,40.7,75.0,86.5,177.7,104.8,123.2,12.4,121.4,59.7,87.5,168.6,123.6,84.5,32.9,111.2,32.4,83.9,61.1,90.5,160.4,108.8,162.7,124.2,39.7,89.2,19.0,140.9,62.2,93.4,92.9,140.9,62.4,133.2,150.5,131.5,68.6,60.9,90.0,151.5,117.6,111.7,120.5,138.9,14.3,91.6,189.1,166.1,101.2,106.1,120.8,28.2,174.2,139.4,98.9,158.4,137.4,141.2,47.2,110.4,86.5,97.6,100.3,100.4,55.8,115.6,72.7,88.4,145.5,101.5,111.9,82.9,196.0,86.6,178.9,41.6,84.6,129.3,97.0,57.5,89.3,115.9,35.0,101.9,168.4,130.2,97.2,136.9,165.7,14.6,22.2,107.7,89.4,120.4,178.5,119.6,113.6,92.0,46.3,103.7,43.4,84.2,120.6,117.2,61.6,187.4,CMC4,100.76800000000001,104.16,1.033661479834868
207889_at,4.9,7.3,50.5,4.5,30.9,3.8,36.5,9.1,15.2,14.2,4.6,37.0,5.1,9.0,31.8,31.3,5.0,8.6,3.3,6.9,6.4,6.4,8.3,4.9,6.4,8.2,42.7,10.5,2.9,7.3,8.2,2.6,17.1,16.3,4.0,25.2,3.3,2.1,6.6,20.2,13.5,20.9,5.0,11.9,22.1,7.1,3.7,24.4,14.4,31.3,3.3,5.2,7.4,2.9,5.8,2.5,2.6,4.5,5.6,11.1,4.0,17.9,9.1,18.3,5.9,9.6,11.6,25.6,21.7,34.4,11.5,16.3,13.4,31.5,16.2,8.6,26.8,6.7,4.0,16.0,3.8,38.1,7.0,7.7,6.4,7.0,3.9,30.2,23.4,25.1,14.9,3.4,35.1,2.0,26.7,37.6,5.2,28.1,6.0,10.3,25.0,35.7,19.3,5.8,9.3,SARDH,13.667999999999997,14.127272727272727,1.0336020432596378
220474_at,21.3,16.0,11.0,19.3,18.2,43.3,12.9,51.5,21.0,27.3,1.6,35.9,25.3,30.0,15.5,11.2,35.1,52.5,38.6,6.7,15.6,18.7,52.0,36.3,16.9,4.7,3.8,73.5,2.1,43.5,34.5,32.1,36.0,11.0,31.7,5.6,7.9,3.2,30.4,20.1,13.2,3.1,12.4,45.7,19.9,2.0,17.8,13.9,20.6,4.9,28.4,30.8,11.2,4.9,11.4,12.0,17.5,20.6,12.5,59.2,14.0,8.6,7.0,1.1,52.1,4.3,23.4,13.7,15.0,47.0,46.0,28.4,4.2,48.5,35.6,21.4,36.7,9.4,16.4,15.5,8.3,20.1,11.8,22.7,15.5,33.0,46.6,7.0,32.5,22.6,10.0,28.2,40.3,18.7,3.5,35.7,37.1,27.3,17.4,43.4,65.9,2.2,23.6,39.8,11.0,SLC25A21,22.546000000000006,23.290909090909096,1.033039523237341
203524_s_at,116.5,85.6,108.8,111.2,79.9,69.6,117.0,124.6,128.8,124.0,77.5,98.4,69.5,124.2,109.3,76.2,79.7,75.4,113.2,100.3,61.0,53.9,86.8,81.2,102.6,126.0,95.5,48.0,127.4,79.3,90.5,94.9,84.6,131.0,128.2,110.3,55.1,90.9,74.1,77.4,97.0,91.7,91.2,115.2,82.3,60.8,92.2,99.4,140.2,158.3,128.6,141.9,73.5,72.2,102.6,95.5,55.3,106.6,78.3,46.9,87.3,104.0,117.2,84.9,89.8,101.0,118.8,56.2,110.8,98.2,138.7,127.4,91.5,112.4,122.3,149.6,94.2,121.7,107.6,134.6,109.8,53.5,100.6,81.9,117.9,80.9,118.0,93.5,104.7,53.7,99.1,131.4,99.9,71.0,117.3,135.6,13.1,79.3,87.1,134.3,59.6,19.2,149.8,160.5,131.9,MPST,96.334,99.51272727272729,1.0329969405685147
219006_at,40.0,65.1,66.9,39.7,73.1,63.3,49.3,110.1,9.5,10.5,39.9,11.2,62.3,69.2,38.0,56.3,45.2,48.0,87.5,45.7,50.6,55.7,54.2,61.6,51.1,14.1,53.5,68.8,73.5,75.9,33.6,41.7,30.6,42.7,67.6,67.5,52.9,33.1,57.1,15.9,68.9,55.5,53.0,35.0,59.5,70.1,44.9,40.2,47.9,56.3,56.1,49.5,40.2,62.9,76.7,50.7,52.4,58.4,29.0,57.2,49.4,21.1,42.2,37.9,28.5,30.8,52.3,52.9,41.4,87.2,66.2,62.5,58.6,51.9,75.7,65.3,37.7,64.2,27.6,58.2,48.7,11.3,51.6,30.2,96.2,32.7,29.9,72.4,93.7,80.5,95.0,64.9,20.1,46.8,72.2,39.9,5.2,71.4,53.2,64.7,48.7,42.7,69.9,66.8,59.4,NDUFAF4,51.275999999999996,52.96,1.0328418753412905
212694_s_at,60.4,64.0,53.0,89.1,61.4,65.9,70.9,19.3,43.4,52.0,14.6,65.8,84.1,44.5,71.7,63.3,60.4,69.3,40.0,54.0,47.9,88.1,52.7,57.4,66.5,55.1,54.4,42.6,49.4,69.9,91.9,63.9,75.2,69.1,68.7,38.5,138.2,60.7,82.2,50.8,57.3,45.8,70.0,93.4,83.3,91.1,69.4,61.0,120.5,56.2,124.9,79.2,64.1,66.8,78.1,77.7,95.5,97.6,61.4,108.2,84.2,57.8,49.8,50.2,50.4,73.6,42.0,29.8,47.8,92.0,88.5,70.3,67.2,99.8,74.4,49.6,58.7,85.1,16.4,52.8,63.9,41.6,108.9,56.6,79.0,65.2,81.1,47.5,67.4,37.6,106.1,14.9,48.3,71.6,40.0,94.2,127.3,69.9,76.9,61.9,11.4,27.4,83.6,59.6,19.8,PCCB,64.366,66.46545454545455,1.032617446251974
201035_s_at,138.2,137.5,128.5,94.9,133.0,169.2,171.0,177.2,173.9,146.8,146.8,198.6,116.1,200.5,169.6,176.6,156.9,218.2,179.5,101.2,157.9,137.3,161.9,121.1,124.1,134.5,156.2,217.1,109.1,115.0,101.8,131.6,137.0,152.1,100.5,124.4,113.8,105.4,131.9,114.1,156.5,67.1,151.5,205.1,113.3,229.0,130.4,92.0,131.5,160.6,106.6,138.6,121.9,149.5,78.4,126.9,146.5,170.6,174.8,147.6,47.0,138.6,107.6,128.0,79.8,153.7,31.1,138.1,117.6,204.9,88.3,114.0,140.8,215.3,53.3,67.8,126.8,138.0,118.1,149.3,129.8,201.5,179.4,189.7,161.0,162.7,190.2,204.6,203.7,182.3,111.5,124.6,184.5,146.8,161.8,169.5,197.3,247.9,194.6,249.5,186.2,248.6,149.4,177.9,120.1,HADH,144.36000000000004,148.99272727272728,1.0320914884505905
217491_x_at,238.5,298.2,309.1,226.9,363.9,312.2,264.6,438.5,216.6,200.8,273.5,350.9,248.4,378.6,333.2,267.8,300.6,412.4,267.7,277.8,319.6,367.4,380.4,313.5,396.7,379.8,379.8,225.7,271.2,436.7,426.8,374.4,308.6,325.9,242.8,240.0,242.0,282.6,261.5,190.5,264.1,282.7,187.5,399.2,300.8,284.6,229.3,378.7,304.5,370.8,705.7,348.9,504.9,411.7,382.5,269.0,343.2,222.7,328.7,308.8,271.8,362.4,284.6,228.4,262.9,229.2,196.7,298.4,241.7,279.4,290.9,179.0,180.6,292.8,232.1,435.0,287.0,372.5,356.8,149.3,277.4,211.3,431.7,230.5,270.7,419.5,402.5,322.4,244.6,245.8,397.2,503.3,358.0,335.3,298.7,271.1,299.2,382.9,415.2,260.5,277.4,325.9,361.0,341.5,278.5,COX7C,306.966,316.72181818181815,1.031781429154428
201520_s_at,198.3,186.3,230.2,129.5,149.8,176.8,197.7,140.4,143.1,124.1,141.6,125.5,186.7,157.6,125.1,137.8,146.9,108.0,130.7,166.9,152.8,143.8,178.2,127.8,127.7,151.8,155.1,176.1,178.9,114.2,181.5,189.9,138.1,167.5,173.6,145.5,153.8,160.8,155.7,163.3,198.5,150.5,228.5,137.4,131.0,161.6,179.8,148.7,155.2,95.1,208.0,170.3,188.5,200.0,184.5,184.4,198.0,150.2,195.8,126.2,161.5,182.0,181.0,187.8,113.2,157.1,169.1,212.9,155.0,129.7,190.6,137.1,112.6,185.4,148.4,175.6,190.4,249.7,137.9,144.7,162.7,127.1,138.5,153.9,171.0,199.4,193.3,141.6,129.1,122.1,87.2,166.0,174.2,202.8,183.0,188.7,140.0,79.4,174.4,154.1,133.8,89.1,222.2,90.2,121.6,GRSF1,156.508,161.3272727272727,1.030792500877097
218716_x_at,126.7,97.1,176.5,94.9,100.2,133.9,137.9,105.7,83.3,104.8,88.5,79.6,134.1,57.8,107.4,108.3,68.5,115.2,143.1,93.4,82.9,96.9,139.5,117.3,114.9,91.3,55.7,98.6,34.9,92.5,58.1,101.9,99.8,120.0,103.9,138.7,120.3,132.7,136.5,108.2,81.0,113.4,175.5,140.4,78.8,76.2,72.7,146.8,92.4,94.1,66.6,73.2,118.0,100.7,117.1,144.3,101.3,159.3,132.1,60.3,109.1,89.5,163.7,58.8,111.2,92.1,118.9,156.7,95.5,91.9,117.0,137.4,108.0,133.3,118.2,86.0,131.8,112.2,87.8,67.3,147.2,112.7,128.7,124.5,150.0,144.4,84.8,163.5,127.4,11.5,95.8,72.2,85.5,130.7,92.6,101.3,116.1,73.3,94.1,113.6,51.0,149.5,92.2,128.5,124.4,MTO1,105.456,108.6327272727273,1.0301237224314148
218557_at,66.3,79.9,86.8,64.0,69.2,139.2,58.1,66.0,68.6,52.8,92.2,47.7,72.0,57.6,78.2,46.5,103.5,127.2,103.0,92.8,71.1,97.9,98.3,82.7,77.7,96.0,98.2,66.6,76.2,58.7,95.1,78.9,66.7,76.9,80.5,82.4,91.5,59.0,60.5,94.9,83.8,52.8,44.8,66.3,90.2,92.3,87.5,78.2,68.8,68.6,70.9,108.8,72.3,84.6,85.4,101.9,103.7,96.8,98.6,78.6,66.3,82.3,82.3,82.2,58.1,42.4,85.6,89.4,89.9,48.6,82.5,44.0,46.0,153.9,80.0,76.1,112.8,105.9,98.8,92.7,73.5,68.5,88.0,107.8,61.9,72.6,132.8,84.7,65.9,106.1,78.1,99.3,74.5,96.8,68.8,78.0,103.9,82.6,75.3,64.8,55.4,7.8,69.9,29.1,66.2,NIT2,78.29400000000001,80.61272727272728,1.0296156445286646
208907_s_at,66.2,76.0,83.2,66.6,109.7,45.4,88.6,11.3,110.9,67.5,71.5,78.5,93.2,24.4,80.2,52.8,35.5,8.8,18.4,54.2,51.0,75.5,42.9,62.9,78.3,68.2,64.0,19.3,60.1,79.9,61.4,55.5,81.7,83.3,95.8,71.1,63.9,93.7,97.7,75.5,90.8,85.0,88.9,71.3,98.7,98.2,80.7,80.3,106.8,63.3,66.7,93.1,93.1,64.0,85.9,88.9,72.5,77.6,45.7,8.0,15.6,42.7,91.5,87.5,41.3,85.8,110.0,91.4,90.4,85.7,52.3,41.5,81.8,103.7,16.5,77.4,74.0,102.3,90.2,118.1,104.4,55.8,98.6,86.1,105.7,99.9,87.5,87.5,104.2,7.8,62.8,50.6,56.9,61.2,69.2,12.6,122.8,66.1,103.5,27.7,84.2,10.0,107.8,60.6,22.2,MRPS18B,69.772,71.83454545454545,1.0295612201820994
204386_s_at,271.0,271.4,533.1,288.8,382.4,608.7,484.4,447.2,373.3,343.1,260.0,467.4,503.6,236.4,443.2,213.7,405.9,473.5,496.7,395.8,387.8,435.2,402.2,435.4,333.4,430.9,306.9,372.8,404.2,383.7,394.6,331.1,331.3,364.3,421.7,368.5,308.6,339.9,301.1,510.5,281.0,429.6,440.8,373.3,270.8,468.6,267.3,424.7,334.4,246.5,215.9,502.9,349.3,481.1,401.1,448.8,334.4,303.0,471.2,186.1,333.7,486.3,342.7,318.5,306.8,434.1,438.5,514.4,410.2,316.1,316.0,461.5,390.1,553.2,308.4,287.7,687.4,500.7,445.9,286.7,575.3,339.6,563.9,334.3,318.0,494.3,336.8,409.3,265.3,289.7,388.3,287.0,337.7,529.6,388.8,392.2,349.7,395.8,370.8,325.7,431.1,261.6,506.4,373.2,413.6,MRPL57,380.01399999999995,391.10363636363627,1.029182178455626
218538_s_at,40.5,29.9,37.1,12.5,45.2,52.6,31.8,3.6,34.8,29.8,28.2,47.7,10.3,33.4,26.2,44.1,20.8,1.5,27.7,33.4,44.3,20.8,37.6,51.6,47.7,23.5,29.6,50.7,15.4,32.0,41.2,31.6,27.0,32.5,33.9,23.8,35.0,30.4,38.1,44.1,18.1,35.3,24.1,26.3,28.3,18.7,38.4,60.1,22.1,40.2,1.2,34.4,35.2,39.4,43.9,17.2,24.1,26.5,35.4,37.3,30.9,37.2,34.4,45.0,24.5,37.9,32.8,34.9,27.7,9.8,68.4,19.4,2.5,48.3,40.9,36.9,43.8,52.0,29.7,33.0,42.9,36.0,22.7,1.5,39.6,31.2,19.5,20.1,31.3,48.0,55.8,21.1,42.0,32.6,44.4,26.9,31.4,43.5,12.2,30.4,1.7,38.2,37.0,20.3,87.0,MRS2,31.869999999999994,32.76181818181818,1.0279829991157259
219967_at,92.5,72.8,131.2,118.5,142.5,76.2,108.3,214.9,51.1,101.3,72.3,103.9,55.4,126.1,81.1,102.6,98.0,95.5,98.0,46.4,115.4,115.7,74.0,42.2,70.7,81.3,58.6,127.5,72.5,117.6,72.7,59.9,122.3,22.2,56.2,95.0,68.4,47.4,163.9,81.2,82.0,72.5,82.4,60.3,76.6,174.0,80.4,66.7,103.5,58.6,270.0,51.3,67.0,55.0,77.2,63.2,129.9,83.6,72.9,56.7,42.6,49.6,82.3,65.2,50.2,89.6,105.1,89.1,97.1,104.4,237.4,115.7,40.7,139.1,84.4,48.1,79.2,99.1,84.7,64.0,59.2,63.9,123.8,43.7,112.1,93.7,54.0,95.0,151.3,82.4,87.9,144.6,46.2,36.8,146.3,129.9,197.5,103.1,56.7,162.1,63.7,106.0,57.1,62.2,125.9,MRM1,90.20599999999999,92.7181818181818,1.0278493871602976
200955_at,180.8,253.3,306.6,254.9,271.6,294.4,254.4,130.0,254.0,266.1,217.3,281.1,319.8,183.0,293.1,321.4,244.8,201.5,209.8,414.2,223.0,183.3,271.5,227.3,187.1,263.8,221.9,320.1,308.0,137.2,214.2,240.5,237.4,224.9,212.5,192.3,309.4,212.4,203.7,263.6,237.6,241.8,264.9,151.4,185.4,334.8,277.2,301.6,184.3,171.9,231.3,232.4,305.3,242.2,177.8,374.1,292.7,323.3,338.2,209.1,272.4,277.5,238.3,220.4,145.0,256.3,289.1,246.7,202.1,152.0,164.5,281.4,202.8,300.3,198.5,197.0,315.2,266.3,244.9,203.9,242.1,300.8,351.6,194.5,204.4,344.9,286.6,227.5,245.7,217.6,382.2,182.5,215.9,380.1,264.4,201.0,284.1,207.5,247.1,115.8,248.6,200.3,305.9,235.3,252.1,IMMT,243.14199999999997,249.8090909090909,1.0274205645634689
215919_s_at,28.1,24.6,30.0,30.4,36.5,37.8,36.4,36.1,22.7,51.8,30.1,29.0,33.1,24.3,34.3,26.2,37.3,18.1,30.8,18.7,43.3,27.8,42.9,35.8,20.3,18.3,38.5,46.5,17.6,35.2,40.7,24.6,32.1,35.2,32.4,24.9,28.1,17.0,31.5,43.5,13.6,32.3,19.2,24.6,25.2,40.0,18.4,33.3,7.0,32.3,36.1,24.3,24.7,23.2,20.4,38.7,16.1,8.5,18.0,9.1,39.7,42.8,42.8,16.8,35.7,30.3,1.7,31.2,54.5,35.6,65.8,18.6,14.8,58.6,17.4,51.6,15.5,33.5,28.1,9.7,37.1,32.5,38.3,40.2,17.7,39.8,55.6,4.0,41.2,34.5,7.9,32.4,46.8,39.2,16.3,21.3,5.7,44.5,61.1,48.2,9.7,21.5,5.3,55.5,73.1,MRPS11,29.967999999999996,30.785454545454545,1.0272775809348154
203658_at,177.7,214.4,195.1,228.4,277.6,119.8,185.6,341.3,229.2,241.8,194.2,312.4,266.2,222.9,263.0,209.1,179.3,202.0,222.7,192.1,59.1,161.7,238.8,217.0,180.5,128.0,195.0,249.4,191.0,185.6,187.6,188.5,287.6,196.0,180.9,130.4,236.1,163.8,255.8,202.2,256.9,180.5,200.2,241.6,169.1,241.2,203.3,187.2,229.1,258.4,223.3,200.7,197.4,174.4,230.8,206.2,152.0,225.0,174.0,115.6,192.5,238.7,247.8,193.1,247.0,178.7,241.0,202.5,243.5,181.5,144.0,295.9,248.4,405.7,195.2,139.1,262.9,128.1,205.7,243.8,254.3,272.4,274.5,212.1,300.9,271.0,242.2,262.3,217.6,205.1,228.9,270.1,164.0,159.1,188.2,218.2,225.2,219.5,288.5,221.9,180.0,119.9,222.2,155.9,130.8,SLC25A20,209.54600000000005,215.26,1.0272684756568962
201622_at,190.0,231.1,245.5,190.2,223.5,214.7,235.3,346.3,196.8,209.1,187.3,202.5,246.0,234.0,180.7,138.6,211.2,229.4,296.9,294.0,261.2,301.6,182.5,207.3,187.5,256.2,193.6,266.5,194.6,295.3,256.1,229.3,328.1,179.6,199.0,213.1,216.3,248.1,195.7,193.7,204.1,323.1,313.5,218.9,284.1,346.7,260.2,206.7,183.8,161.8,342.2,254.4,168.0,161.2,184.8,224.3,261.7,303.6,232.1,405.3,191.3,210.6,257.4,204.4,239.4,226.1,202.9,201.1,236.0,229.5,269.6,288.9,230.8,174.8,237.2,182.5,197.2,240.5,247.3,190.2,230.9,235.4,232.7,276.9,192.0,163.7,248.9,244.6,203.0,304.4,186.7,326.1,271.8,256.8,215.1,218.9,325.0,264.6,188.5,234.3,256.9,287.1,251.2,314.1,178.0,SND1,232.22600000000008,238.23454545454544,1.0258736982704149
200736_s_at,2892.1,3282.8,1878.8,1937.7,2334.4,2700.4,2751.8,3770.8,2786.1,2284.9,2638.7,1853.8,2622.0,4009.4,2366.3,3263.8,2475.8,3364.9,1599.4,1940.3,2377.1,2587.2,1690.1,2997.5,3311.8,3429.4,2286.2,2191.8,3458.8,3581.8,4439.5,2136.6,3788.7,2707.7,3512.4,3057.5,2938.6,1762.4,4029.9,2703.8,3156.6,1554.3,1272.8,4541.8,3849.3,4364.3,3345.2,2933.0,4600.0,3274.3,5867.4,2871.2,3183.4,2420.8,3256.8,2595.1,2819.9,1281.7,2307.5,7230.2,1327.7,2209.8,3390.9,2840.0,3058.3,1903.7,2710.9,2048.2,4548.4,4054.6,2559.2,2041.0,2514.7,3055.6,3264.9,2384.5,1920.4,2197.2,2666.5,2182.6,2133.1,2316.3,4134.5,2337.4,3021.5,3082.2,2863.6,2561.7,3181.6,3012.4,2860.1,5813.2,4634.1,2439.8,2206.2,2324.9,4049.6,3701.7,2936.4,2666.8,2018.5,4067.9,2686.4,2619.7,2813.6,GPX1,2892.692,2967.205454545455,1.0257592078746907
209397_at,318.7,311.5,218.7,285.8,236.7,298.5,251.3,207.2,268.8,252.0,311.6,352.8,297.4,316.9,275.9,331.0,293.9,239.3,213.7,265.0,360.3,403.7,293.5,306.3,286.7,267.5,228.0,309.1,232.5,187.9,289.8,221.8,216.4,335.9,276.9,305.8,297.0,352.3,189.8,288.2,274.3,327.4,343.3,277.8,304.1,205.6,400.9,387.8,250.2,315.8,198.7,262.2,338.2,309.6,293.5,239.9,312.7,250.4,299.0,182.5,415.2,297.9,224.8,341.8,253.6,295.1,289.9,252.9,284.0,257.5,198.2,253.0,350.1,311.8,294.5,253.9,302.9,289.2,352.4,451.8,373.1,204.3,268.5,373.2,371.9,265.1,277.1,245.2,445.1,322.5,307.2,240.0,325.0,329.3,323.9,319.0,266.2,284.6,280.1,330.1,220.9,243.1,279.2,294.2,269.7,ME2,285.6659999999998,293.0127272727274,1.025717891778257
211150_s_at,6.2,6.7,4.3,21.4,5.4,7.1,9.8,16.9,10.1,4.2,9.4,4.7,4.7,14.9,4.5,8.7,10.8,10.2,11.2,3.3,10.9,14.3,9.9,6.9,11.3,4.3,5.8,6.6,5.7,5.5,10.5,8.7,7.4,11.5,7.1,4.5,13.6,3.9,6.5,5.5,6.6,10.0,6.8,10.8,7.4,11.5,7.8,5.0,8.3,9.6,5.4,4.8,3.3,10.9,9.3,24.3,3.7,9.6,5.7,6.9,9.1,6.1,5.2,5.9,4.7,3.4,35.8,14.8,4.8,5.7,8.9,9.9,5.2,4.4,4.8,12.5,2.8,8.1,15.0,10.8,4.7,8.2,5.9,8.2,3.9,8.6,13.8,16.8,9.4,7.9,2.7,5.1,10.0,3.0,3.4,5.0,9.8,11.8,8.9,3.8,4.5,6.7,11.8,9.2,27.3,DLAT,8.374000000000002,8.585454545454546,1.0252513190177386
212674_s_at,119.2,166.0,99.8,112.5,101.6,120.0,121.1,201.5,92.4,117.6,106.7,87.4,146.3,207.2,107.9,123.2,221.6,166.7,216.2,142.1,104.1,147.1,97.7,122.9,74.4,113.2,107.1,154.5,145.3,116.6,110.0,105.9,102.6,66.1,113.9,124.9,82.7,121.0,116.2,112.3,108.7,131.9,97.8,126.1,170.7,123.4,78.9,86.7,91.1,93.3,116.2,111.4,79.1,105.6,102.4,124.3,80.7,147.1,88.5,118.9,147.0,124.6,113.9,106.2,134.0,134.6,151.8,126.3,105.0,111.6,108.2,192.2,133.6,128.7,120.9,161.4,126.5,127.0,103.7,124.5,117.0,112.7,98.8,121.9,123.6,141.9,98.1,100.5,87.3,130.0,108.9,149.8,163.3,113.1,57.4,104.0,109.1,195.2,144.9,132.6,196.2,210.8,88.8,159.1,185.5,DHX30,122.48199999999997,125.5709090909091,1.0252192901071924
209078_s_at,135.1,162.9,102.7,151.3,111.7,121.0,218.0,188.2,137.6,180.4,154.8,151.2,130.4,136.7,165.1,106.5,157.7,135.1,122.9,86.9,173.7,160.7,127.4,143.7,114.6,129.7,119.2,183.9,149.7,183.9,100.9,101.9,137.6,115.1,135.6,94.8,156.5,138.1,129.8,127.9,140.2,126.8,150.0,135.9,131.1,114.8,118.0,159.3,101.1,166.4,217.2,231.5,149.6,120.7,116.6,124.0,130.5,155.1,148.8,83.7,117.9,163.6,112.1,131.7,114.4,171.7,153.7,135.4,212.1,53.7,177.9,142.0,106.8,162.8,90.6,160.7,154.2,151.2,133.6,117.6,137.7,159.7,179.1,157.1,153.4,154.7,165.8,115.8,122.6,134.7,129.9,140.8,153.4,92.5,136.7,126.0,170.1,142.6,210.9,47.0,137.6,24.2,144.5,223.4,204.7,TXN2,138.49,141.93272727272725,1.0248590315021102
216103_at,31.8,53.7,50.7,20.6,36.7,27.5,3.5,59.9,42.1,45.5,22.9,33.7,29.6,81.9,42.8,42.6,26.9,49.9,5.9,11.0,8.1,34.3,7.0,19.9,42.9,14.7,4.0,4.4,40.1,24.9,11.3,30.0,47.1,25.1,23.4,5.3,6.9,41.9,1.6,0.8,44.3,16.4,37.7,45.1,35.9,34.9,12.3,31.2,21.7,30.5,3.7,15.9,4.9,31.2,15.3,17.8,46.0,33.4,19.9,23.7,8.5,36.1,12.1,23.4,5.1,11.9,17.3,28.2,60.2,13.1,64.5,3.4,30.2,17.0,55.0,4.9,39.9,21.8,7.7,39.7,30.1,39.0,2.0,38.1,52.3,36.0,16.2,28.7,6.4,4.3,23.8,45.2,52.5,14.1,40.7,54.7,8.6,46.7,38.4,17.2,44.1,50.2,37.7,30.1,134.7,ACOT11,28.458000000000002,29.15636363636364,1.0245401516748767
212326_at,115.0,107.3,134.9,79.9,119.9,146.0,123.2,48.7,101.6,98.0,51.9,122.7,53.8,122.8,97.5,141.5,109.9,88.1,107.9,37.5,98.9,91.5,122.2,132.2,64.3,77.3,41.1,112.1,12.4,12.8,17.1,96.2,126.2,74.1,90.4,26.4,96.1,9.0,27.7,18.4,64.6,10.1,90.2,114.2,75.2,48.1,104.4,134.0,110.6,22.9,94.1,106.4,109.8,16.7,17.6,47.1,68.7,62.0,66.3,51.3,18.6,78.4,64.0,21.1,76.9,147.1,93.5,19.8,70.8,125.2,102.1,106.5,87.7,112.8,124.1,79.1,66.8,47.5,110.2,131.5,72.4,27.5,122.4,67.9,127.3,103.6,81.1,95.7,22.2,81.7,152.9,139.1,104.3,24.9,81.9,58.0,15.9,141.2,108.9,110.8,20.2,144.4,185.5,187.4,52.0,VPS13D,82.57599999999996,84.5981818181818,1.0244887354459145
209513_s_at,87.4,86.1,78.9,94.2,79.7,109.4,103.4,61.2,77.9,56.1,136.6,41.2,103.3,97.5,94.0,45.8,70.6,24.2,61.2,97.8,96.7,33.1,134.0,54.2,106.6,93.5,88.8,77.9,71.6,56.6,98.2,119.9,113.6,108.7,101.2,70.3,71.0,88.8,82.4,117.4,78.1,134.3,75.8,42.8,86.3,32.2,57.7,74.1,73.7,70.4,103.0,77.8,74.5,162.1,79.7,46.4,101.9,82.0,98.4,40.0,133.3,84.5,50.1,93.0,120.3,53.5,96.9,121.1,49.4,118.3,81.0,102.8,84.4,80.6,87.2,105.1,80.7,82.2,86.4,127.7,63.2,56.8,91.0,55.7,43.7,49.0,73.1,88.0,44.3,79.0,96.5,87.6,57.7,88.7,112.7,134.2,61.3,36.9,79.7,142.1,46.3,60.4,104.2,94.3,87.7,HSDL2,82.32799999999999,84.33454545454542,1.0243725762139908
210131_x_at,308.3,246.8,271.7,288.3,288.2,307.4,313.1,223.5,236.5,255.3,275.0,298.7,227.9,257.1,291.2,276.9,254.7,174.1,220.1,200.2,299.7,298.6,295.7,232.0,248.5,248.9,422.0,331.5,262.1,317.7,296.4,248.7,247.5,298.0,254.6,253.9,330.0,248.3,244.3,175.9,334.6,215.8,289.9,323.4,250.1,292.0,262.9,281.1,311.4,273.0,324.7,304.6,296.8,290.5,327.9,294.4,399.0,324.3,258.9,284.4,213.9,335.9,230.8,254.4,212.9,234.8,217.1,252.2,277.1,271.0,310.8,276.6,280.8,297.8,256.4,280.4,221.3,239.0,271.0,261.7,248.4,247.4,353.2,279.1,282.1,350.5,319.1,235.4,361.8,239.3,313.1,250.6,290.5,246.7,306.0,282.3,228.8,213.3,346.7,331.2,237.3,251.6,236.0,254.6,318.9,SDHC,272.06999999999994,278.6418181818182,1.024154879927292
218447_at,54.6,34.5,63.4,51.9,90.6,86.0,34.2,119.0,75.6,25.2,87.2,71.8,75.2,72.5,106.3,89.0,43.9,40.0,32.2,101.0,81.6,70.5,104.6,74.9,31.0,66.7,54.1,92.3,29.9,101.3,86.0,80.2,107.7,94.2,71.9,49.6,51.6,85.5,75.9,89.2,107.9,70.1,90.6,76.5,79.4,88.3,68.7,108.5,96.0,68.8,109.8,16.4,99.8,61.2,68.1,110.6,78.7,92.0,63.3,13.0,85.1,71.9,109.3,69.0,43.4,63.2,69.9,83.1,60.8,137.7,57.7,61.1,47.5,110.1,50.2,75.2,77.0,92.5,68.6,66.8,59.2,25.1,100.2,97.1,135.6,84.4,72.2,53.7,80.7,96.7,79.6,58.7,68.6,89.6,115.4,107.2,24.2,74.8,79.6,70.1,80.6,57.0,65.5,78.7,108.4,CMC2,74.152,75.9254545454545,1.0239164762306412
201822_at,18.5,46.9,29.4,26.7,21.6,52.2,27.8,75.4,27.1,37.0,8.6,42.6,53.9,29.8,30.0,52.3,56.6,77.8,65.2,2.4,52.6,41.2,41.2,22.7,38.6,9.0,45.3,36.4,40.8,39.3,32.2,19.2,8.5,7.4,8.6,11.0,5.1,30.0,44.1,19.6,19.2,18.4,4.2,58.3,29.1,31.8,4.6,27.1,48.3,6.2,48.1,6.8,17.3,17.7,26.5,36.3,4.8,45.4,7.9,13.9,25.0,28.7,74.0,42.6,8.0,49.2,15.9,28.1,11.5,55.9,7.9,30.3,48.7,20.9,41.3,33.5,7.1,4.4,14.2,37.6,46.8,27.7,11.0,28.8,27.5,35.1,54.0,10.1,9.4,30.9,70.2,48.5,56.5,11.2,80.2,51.6,15.3,42.4,58.6,40.0,46.3,15.2,38.3,18.1,98.2,TIMM17A,31.635999999999996,32.38909090909091,1.0238048713203602
212218_s_at,73.4,107.9,100.3,59.7,56.8,74.1,91.3,118.4,70.5,93.0,108.6,91.3,41.0,89.0,80.0,95.0,78.1,115.6,96.9,54.4,97.6,87.5,65.4,57.7,64.2,93.1,97.8,99.2,110.7,52.3,82.0,83.2,78.7,100.0,73.9,70.8,56.9,109.2,91.0,80.3,85.2,70.7,100.6,132.0,103.1,109.4,67.0,74.7,69.2,98.4,129.5,55.9,69.9,50.7,73.7,68.8,69.3,76.0,76.8,125.1,38.7,77.9,100.3,80.0,52.1,51.3,72.7,91.7,92.2,96.9,47.5,72.4,92.9,153.7,57.2,63.0,83.9,94.3,107.3,102.4,86.4,81.3,73.9,57.4,71.8,103.5,128.4,84.3,67.6,44.1,87.0,94.9,84.4,91.2,47.9,60.2,150.2,111.1,133.6,162.8,99.5,214.4,58.3,130.7,44.2,FASN,85.14199999999997,87.14909090909092,1.0235734526918672
209177_at,85.8,104.4,122.9,73.1,132.1,154.1,120.0,101.3,114.5,94.0,101.0,92.7,135.1,125.4,98.9,83.6,176.0,162.9,103.1,136.3,79.0,132.9,72.9,111.8,140.2,103.9,65.3,125.7,155.8,167.4,123.7,143.4,97.6,102.8,99.9,150.8,140.9,124.2,87.6,113.2,101.4,94.6,125.3,89.7,144.9,109.7,169.7,189.7,86.3,78.7,138.3,105.9,123.6,135.0,142.6,110.0,165.0,82.4,143.9,94.4,88.7,130.8,161.2,123.0,99.2,108.1,147.8,118.1,136.8,116.8,67.8,142.1,117.4,183.3,65.6,95.2,131.2,117.2,119.8,139.0,108.2,101.2,120.0,108.9,97.9,119.1,137.0,114.6,90.5,84.2,92.1,127.4,109.1,169.7,129.7,122.8,108.5,66.0,99.0,137.4,77.1,100.3,137.4,171.7,201.5,NDUFAF3,116.92399999999999,119.66363636363636,1.0234309154975572
200946_x_at,100.4,113.7,105.3,114.2,125.2,124.2,112.8,69.0,87.9,113.5,104.0,143.5,128.3,74.8,102.2,105.6,72.1,84.7,95.5,99.6,114.4,116.8,104.4,91.7,125.5,88.8,90.0,139.5,116.6,79.3,92.2,134.2,81.9,138.7,157.5,126.7,129.1,70.3,98.2,82.0,158.1,136.3,135.0,134.8,125.3,116.2,97.2,158.3,145.1,125.0,77.8,106.8,159.3,113.2,118.1,116.8,94.3,126.3,88.7,160.3,101.1,101.4,94.9,104.3,127.5,88.7,114.4,119.7,113.0,113.6,89.3,124.7,109.2,127.9,112.2,120.9,81.2,94.4,53.7,118.4,103.2,117.6,168.4,120.2,94.8,121.3,99.0,78.1,103.6,85.4,152.5,118.8,198.6,96.9,136.1,162.1,130.0,77.7,75.8,159.6,180.8,142.3,136.5,29.2,124.7,GLUD1,111.71200000000003,114.27818181818185,1.0229714069946094
216205_s_at,122.0,118.9,69.9,120.8,133.9,97.6,98.7,29.5,116.5,145.5,116.0,80.3,78.0,144.7,104.0,170.8,109.8,122.0,88.5,15.5,64.8,126.7,63.1,79.5,38.6,55.6,96.9,129.7,99.5,17.6,120.7,93.2,31.5,100.2,78.0,95.2,125.6,74.5,86.0,72.2,86.4,31.4,78.3,99.5,133.3,118.1,68.9,54.4,83.3,36.7,92.6,115.8,105.2,70.6,56.8,66.0,53.3,102.1,96.5,150.1,57.6,121.6,86.2,106.3,113.7,43.1,161.2,89.8,157.0,95.8,170.3,82.3,92.8,12.2,133.4,150.4,75.6,88.8,126.2,142.5,100.4,90.8,95.3,44.5,128.7,67.6,91.4,85.3,149.6,62.7,159.8,52.5,70.5,47.9,81.7,56.8,41.1,56.0,84.8,188.1,48.8,120.6,13.3,74.6,57.7,MFN2,90.44599999999997,92.47818181818185,1.0224684543062368
202139_at,79.1,83.6,113.0,98.4,92.0,165.5,87.6,60.6,61.3,94.4,96.0,71.8,128.5,119.2,90.3,83.8,93.6,101.5,106.2,124.3,70.6,81.5,95.6,67.6,94.5,108.9,98.8,129.5,109.3,106.0,118.0,91.1,76.8,108.8,107.8,61.3,131.9,88.0,139.8,123.7,108.6,109.4,92.6,149.9,82.0,154.9,110.0,117.2,78.9,114.3,72.4,108.1,123.1,134.0,101.2,116.3,123.2,110.5,126.1,116.2,118.3,115.5,80.4,124.8,77.0,92.2,121.4,91.7,87.7,102.6,92.1,82.7,113.8,112.5,102.4,111.3,112.7,115.3,93.2,119.7,112.7,99.7,130.1,134.5,68.3,75.0,61.7,107.5,113.3,47.2,122.0,64.0,105.5,139.7,75.8,65.6,165.8,162.6,122.1,30.2,72.7,31.8,91.8,144.1,166.5,AKR7A2,101.56,103.79272727272729,1.0219843173762042
217980_s_at,147.1,145.0,141.9,122.6,154.7,130.8,147.0,144.6,157.4,174.7,144.5,142.9,130.6,144.8,156.5,139.2,137.5,209.4,164.8,129.0,124.5,128.0,71.6,131.5,88.3,144.6,106.3,142.6,170.3,119.5,140.6,139.4,105.3,95.2,116.9,124.7,159.8,138.5,153.3,175.7,145.1,156.6,181.7,139.9,182.2,124.6,139.0,154.0,89.3,146.3,202.1,149.8,141.6,136.9,125.1,142.2,112.2,138.5,138.5,111.8,146.4,176.8,179.9,147.6,159.6,109.7,163.8,137.6,139.6,95.5,198.9,158.4,115.4,169.3,99.9,150.5,122.4,183.2,167.7,122.9,151.0,128.6,82.7,127.4,88.1,151.5,197.6,176.1,138.1,114.3,124.7,93.4,163.1,193.1,144.6,165.8,153.4,110.1,162.4,155.6,122.6,192.3,92.5,118.6,177.7,MRPL16,140.00600000000003,143.0745454545455,1.0219172425077887
207464_at,54.7,82.9,79.7,53.0,81.3,43.2,49.8,107.8,78.5,64.7,58.7,90.4,51.6,56.4,59.4,75.8,69.7,59.0,70.1,42.6,102.7,39.4,59.8,54.4,32.6,68.6,52.1,70.0,47.3,72.8,34.1,59.5,73.6,55.2,48.7,67.8,83.0,51.6,35.8,51.1,52.3,54.7,53.1,105.1,74.3,57.2,51.3,50.1,52.3,62.5,94.2,41.2,42.7,35.2,58.1,68.6,45.9,65.8,54.4,136.6,26.6,54.3,50.5,40.6,33.5,63.2,51.3,47.4,72.2,65.1,80.5,103.0,59.8,55.2,86.3,46.7,56.6,49.5,50.6,67.6,53.1,73.0,64.6,45.4,82.7,48.3,28.3,66.5,94.9,46.8,85.0,120.7,48.1,49.0,40.3,92.8,82.1,57.7,69.3,73.1,33.1,82.3,95.3,46.4,104.6,AHCYL1,62.04599999999999,63.39272727272728,1.0217053036896382
210014_x_at,270.0,274.0,392.1,281.4,375.3,327.4,328.9,317.9,282.0,325.6,269.9,304.0,317.1,259.7,356.6,280.8,327.8,388.6,317.6,257.2,333.6,285.6,362.0,296.4,269.6,238.1,313.5,419.7,346.6,268.0,330.8,312.1,193.5,294.2,230.6,297.4,277.6,304.5,265.8,291.8,302.7,285.0,313.2,322.3,279.4,248.6,256.6,312.6,260.8,256.5,293.2,359.2,250.5,270.1,259.4,369.6,184.5,285.0,357.8,258.1,216.9,261.5,324.9,250.5,194.7,329.6,365.2,320.6,329.9,261.4,318.3,280.5,376.7,304.2,255.5,304.7,256.3,273.3,303.3,347.1,278.6,325.3,405.7,340.3,316.2,351.1,327.0,337.1,338.7,239.0,330.7,400.9,306.6,217.3,293.8,288.5,413.1,237.3,333.2,306.2,386.3,389.3,360.8,370.0,222.2,IDH3B,300.4600000000001,306.86727272727273,1.021324877611904
217139_at,68.4,46.2,54.0,55.2,58.9,58.6,59.7,26.5,42.9,100.0,4.7,49.8,27.7,33.4,23.9,18.1,44.3,103.9,59.2,11.8,10.3,63.3,49.5,29.4,55.1,49.4,37.4,21.2,47.6,35.3,50.4,36.1,74.2,44.4,40.1,50.8,49.5,8.1,55.0,51.9,25.4,6.6,47.6,91.9,7.9,51.4,25.8,32.8,9.0,36.9,62.9,47.4,17.6,31.4,30.4,43.5,28.6,75.8,55.0,23.3,36.2,6.8,55.1,24.7,28.3,49.4,25.5,34.0,12.4,75.2,37.1,46.9,6.8,88.6,59.4,56.8,45.8,5.4,60.2,34.0,48.3,32.9,85.0,39.1,48.0,48.5,58.9,37.2,13.0,96.8,64.0,58.0,61.3,7.4,38.9,45.1,78.7,48.4,56.6,41.5,7.5,10.3,57.9,69.9,47.4,VDAC1,42.83000000000001,43.729090909090914,1.020992082864602
217722_s_at,147.9,149.8,190.0,152.0,194.5,195.8,185.0,185.6,133.8,86.6,93.3,108.4,157.1,183.8,165.9,165.4,165.8,188.2,176.8,184.5,219.3,261.2,159.8,145.6,165.3,162.4,165.2,192.4,110.6,211.2,117.0,172.1,155.1,193.0,227.3,147.0,130.4,129.9,224.2,151.5,163.5,182.9,154.4,231.8,143.8,258.0,220.2,195.6,156.4,158.5,165.3,239.9,235.4,166.4,144.4,153.1,134.7,123.2,229.2,135.4,133.9,187.0,211.9,109.3,96.9,175.2,179.3,275.4,120.3,146.0,179.8,200.3,213.4,246.5,150.9,166.0,137.3,116.0,237.7,232.8,226.2,175.5,215.6,198.9,123.8,125.6,170.4,182.1,147.0,140.2,164.1,181.6,177.7,206.0,147.8,204.2,193.0,147.5,196.4,135.9,131.2,147.3,213.4,170.3,196.9,NGRN,170.31599999999997,173.84545454545454,1.0207229769690138
221669_s_at,47.1,76.7,105.1,74.9,56.9,51.0,70.5,35.8,59.0,75.1,86.5,78.8,74.1,79.8,85.3,86.3,59.6,68.9,60.4,59.7,92.4,80.3,86.1,80.7,53.8,84.0,58.2,89.1,53.4,67.5,59.2,72.9,61.1,72.1,46.1,60.5,101.9,96.9,52.8,69.6,71.9,57.2,95.6,95.0,59.5,63.3,69.4,77.8,61.0,74.9,70.8,55.9,96.9,48.3,47.2,71.5,68.6,113.2,60.8,92.5,56.2,74.6,60.2,67.6,90.8,57.2,80.2,100.2,39.7,35.4,97.3,62.8,83.2,96.4,53.4,83.3,65.4,61.9,64.8,88.9,54.7,71.4,87.1,85.4,66.3,93.3,67.8,83.2,78.9,46.4,35.4,63.9,77.9,102.0,92.8,86.1,57.5,64.1,96.6,57.1,92.9,52.3,56.9,103.9,72.3,ACAD8,71.114,72.57090909090913,1.0204869518084922
203621_at,209.8,260.8,253.2,179.8,161.0,400.5,229.9,224.2,236.4,235.4,243.2,239.4,196.3,189.6,265.8,180.7,259.9,195.9,233.1,254.2,264.7,337.9,336.7,209.3,323.0,248.8,187.4,356.1,248.5,228.7,253.3,294.8,180.7,277.9,284.5,237.0,262.2,273.2,265.8,242.0,222.9,237.1,302.1,342.5,221.2,245.0,203.0,407.0,239.5,215.8,204.5,267.5,390.7,350.6,333.8,308.0,301.6,312.2,266.1,255.8,268.4,236.2,216.4,247.0,231.1,235.9,287.6,199.8,121.4,212.0,154.8,181.3,249.1,255.1,182.0,213.4,243.9,345.2,277.6,280.9,267.0,226.5,219.0,252.4,223.1,313.7,211.5,311.0,190.3,225.0,354.8,245.1,290.2,328.5,270.6,198.2,212.3,287.9,252.1,327.7,187.3,305.8,284.0,198.2,328.8,NDUFB5,251.954,257.10727272727274,1.0204532284753278
204862_s_at,22.4,28.9,24.6,28.3,20.4,29.2,72.7,35.0,23.8,39.8,22.1,27.2,77.8,22.0,23.3,27.5,20.5,17.6,21.2,27.9,34.4,48.1,17.7,25.9,16.5,10.5,23.4,13.8,33.8,24.1,15.8,22.9,25.7,20.9,30.5,21.2,26.2,70.1,30.4,19.3,41.4,14.2,24.0,13.9,25.0,16.8,23.4,77.6,24.1,20.2,15.0,22.1,91.8,74.8,98.0,75.8,24.8,16.9,25.1,19.9,23.5,14.6,26.7,17.0,13.6,16.0,17.2,87.2,10.4,16.3,21.7,25.8,20.0,102.6,21.9,13.8,33.0,59.2,12.9,15.4,32.8,21.8,11.9,19.6,20.8,24.1,40.7,20.8,17.4,15.4,39.8,23.0,19.7,76.8,17.6,13.4,23.2,14.5,14.0,16.3,19.0,13.8,12.2,17.8,19.0,NME3,28.480000000000004,29.06181818181818,1.020429009193054
201848_s_at,36.8,51.2,59.0,28.6,45.6,57.7,28.6,46.2,45.9,21.0,9.8,46.7,43.3,34.3,64.7,61.1,58.9,83.4,33.7,38.0,44.2,44.1,54.9,47.2,31.8,46.1,33.7,11.1,62.3,32.1,38.6,84.8,49.8,36.1,57.5,65.2,29.5,53.2,54.5,50.3,52.2,32.5,41.2,49.7,67.1,68.5,44.7,35.7,42.6,12.3,20.2,49.6,45.2,41.4,70.3,27.4,48.6,30.3,37.2,40.8,22.0,63.5,52.4,23.7,61.6,52.1,79.6,59.7,88.4,48.3,12.2,56.5,31.0,51.5,44.3,31.5,23.6,43.4,51.8,47.7,40.8,43.1,48.5,82.6,12.2,37.0,60.9,89.0,58.2,43.1,59.9,81.8,30.1,46.9,63.1,60.9,16.6,11.8,48.2,15.9,73.8,62.1,22.1,8.0,72.2,BNIP3,45.35999999999999,46.26545454545454,1.01996151996152
205369_x_at,55.9,28.1,11.6,30.3,46.4,10.7,46.3,11.9,31.8,17.7,7.0,17.9,13.5,29.1,12.8,33.8,49.1,22.5,16.9,27.4,14.6,25.2,18.3,26.8,36.8,11.0,21.2,54.1,24.7,41.1,19.4,22.2,27.8,32.1,10.6,15.5,72.6,49.2,6.8,6.6,11.0,40.4,16.0,11.0,10.3,38.9,32.5,34.0,22.4,58.7,13.4,8.1,35.0,8.5,31.6,19.1,31.2,14.2,30.9,43.0,34.7,8.9,9.8,11.4,18.9,22.3,17.6,10.4,18.7,10.0,96.3,51.6,45.6,27.7,11.1,36.4,7.9,23.7,45.6,43.4,18.7,9.7,22.0,34.4,14.3,23.2,44.4,49.1,12.9,8.7,24.7,30.7,9.1,21.8,9.4,22.8,85.0,91.0,18.0,60.0,9.2,21.9,25.4,24.5,16.7,DBT,26.650000000000006,27.174545454545463,1.019682756268122
203711_s_at,33.4,29.9,26.5,2.9,42.3,37.1,25.2,33.9,28.0,33.7,5.0,40.7,42.5,40.2,45.1,38.4,36.8,27.8,27.0,36.8,12.1,25.9,41.8,36.8,10.2,46.5,40.0,46.1,22.5,41.2,25.5,53.3,25.4,31.8,30.8,21.6,20.6,28.0,48.5,25.4,29.8,37.4,30.3,28.5,4.9,49.5,34.7,33.3,13.6,45.8,10.1,21.6,19.5,45.1,32.8,50.0,35.5,8.7,35.4,29.9,80.2,40.3,50.5,36.3,43.2,32.5,19.5,67.5,38.8,8.0,10.5,49.2,30.5,55.9,44.5,13.6,19.3,35.1,33.4,27.5,44.2,34.2,62.8,43.2,35.9,37.0,38.2,28.4,4.7,5.7,14.5,10.2,8.8,66.3,27.7,19.1,44.0,29.9,20.1,10.1,42.6,5.4,40.6,40.7,27.3,HIBCH,31.499999999999996,32.118181818181824,1.0196248196248199
217900_at,66.5,61.2,120.7,61.3,94.3,108.5,105.8,8.4,87.3,74.6,104.4,112.8,98.6,12.1,74.0,67.4,36.6,65.2,36.1,105.8,106.6,98.0,79.6,96.6,87.0,61.6,38.5,90.6,76.3,38.6,76.3,105.6,54.3,87.1,69.9,69.9,59.0,46.0,62.7,105.4,63.3,91.9,159.1,79.2,92.2,62.6,61.4,122.5,63.7,61.9,40.5,99.7,116.1,95.9,73.2,110.7,104.9,100.8,112.3,5.4,132.1,120.2,66.0,78.0,81.5,94.3,105.8,121.9,3.4,73.7,113.6,84.9,68.2,99.1,46.4,80.9,115.4,89.7,61.4,55.4,78.9,43.6,111.4,102.7,74.0,53.8,63.7,70.1,67.5,53.2,81.4,34.2,88.5,97.8,58.2,94.1,76.0,17.9,97.7,44.8,26.5,32.4,137.1,107.0,74.5,IARS2,77.37999999999998,78.88,1.0193848539674337
201014_s_at,8.1,7.8,26.9,39.7,47.2,9.2,12.4,10.7,6.2,8.5,46.5,17.7,7.8,28.6,8.5,59.5,8.0,10.1,6.3,7.3,44.7,40.6,3.8,22.4,10.7,50.5,7.0,5.4,6.6,6.9,10.7,17.1,37.2,47.0,35.4,29.0,7.4,4.6,11.5,8.9,8.9,3.2,11.1,31.5,40.9,4.7,49.3,13.6,50.1,25.2,34.5,4.1,8.2,6.6,38.5,45.7,42.0,22.8,10.7,50.9,20.1,3.9,7.4,36.9,45.6,6.0,9.8,17.0,52.8,25.1,8.2,31.0,25.5,6.4,7.8,18.6,8.9,7.0,6.1,10.4,41.2,7.9,64.9,34.2,47.4,9.0,20.6,13.5,5.8,10.1,30.3,50.9,6.1,22.1,7.4,9.3,13.4,9.5,41.4,44.8,7.0,8.2,4.5,8.0,10.9,PAICS,20.458000000000006,20.85272727272727,1.0192945191478768
201501_s_at,75.9,68.5,42.0,37.7,72.0,77.0,53.4,52.9,85.3,43.5,39.6,41.6,79.6,55.2,43.9,61.5,48.5,59.0,38.3,45.9,53.6,66.6,75.4,53.2,62.1,51.9,69.1,62.2,36.6,48.5,58.5,60.1,44.2,63.7,86.6,44.5,54.8,48.0,8.1,62.3,37.6,36.0,45.0,47.7,53.6,57.4,34.8,75.5,24.9,72.1,47.6,13.7,66.5,68.1,56.1,67.0,86.5,73.8,80.9,13.3,74.2,52.2,60.2,63.5,48.5,50.9,138.9,66.8,32.2,82.9,17.5,68.8,63.3,103.7,55.7,45.4,82.4,34.4,36.9,60.4,48.1,42.9,29.6,22.6,47.5,64.5,36.1,40.0,85.0,40.5,56.9,27.1,50.8,32.6,41.2,67.0,54.9,34.9,64.2,6.7,100.8,52.3,29.9,49.1,107.0,GRSF1,54.31799999999999,55.354545454545466,1.0190829090641311
205996_s_at,146.3,151.5,157.1,111.2,135.5,103.0,153.5,66.3,193.9,167.8,140.6,82.3,152.5,84.6,132.7,199.8,31.5,85.8,79.8,138.4,165.4,166.6,128.2,140.1,169.2,94.8,111.4,131.3,86.3,142.2,159.5,201.0,210.1,146.8,154.6,109.1,154.0,85.1,110.9,110.8,176.6,149.3,208.3,177.8,166.9,184.1,118.7,175.0,132.8,120.6,107.8,179.8,195.7,121.0,152.6,165.2,141.5,191.8,100.4,129.9,115.8,121.6,110.4,123.4,107.1,133.8,118.1,104.9,136.0,178.5,108.7,129.6,154.2,109.5,73.3,113.1,157.6,178.0,102.8,120.4,183.7,123.5,160.1,122.2,89.7,163.4,154.6,168.9,111.7,121.5,93.9,186.7,197.8,208.2,207.8,121.7,122.5,71.2,158.0,198.1,175.4,153.9,118.7,153.2,185.9,AK2,138.03200000000007,140.63272727272724,1.0188414807633532
219350_s_at,187.9,235.8,226.2,261.5,274.4,338.4,258.6,333.3,229.0,215.6,257.5,258.7,225.1,354.4,246.9,268.1,330.4,261.6,327.6,272.1,337.3,247.2,271.6,281.3,278.7,230.0,255.0,358.4,237.1,268.6,245.1,292.1,302.2,246.6,280.4,268.3,296.6,386.6,281.5,249.9,382.3,261.8,300.4,345.3,238.3,269.3,280.0,286.6,231.5,346.3,235.3,286.8,271.1,286.2,308.6,281.1,226.4,389.9,319.7,350.0,188.8,334.5,184.0,296.3,168.6,242.1,284.9,289.2,256.4,282.8,358.6,330.5,329.9,288.4,244.3,288.2,258.0,242.6,399.0,365.7,260.5,236.6,273.4,244.9,271.0,323.4,485.8,300.4,273.5,294.4,320.0,240.4,284.5,304.2,266.2,367.3,244.6,309.7,259.2,226.9,303.0,283.1,220.2,229.8,188.6,DIABLO,278.388,283.6272727272728,1.0188200379587942
205412_at,144.0,151.1,160.8,122.9,161.0,237.3,166.6,116.4,170.3,140.6,180.3,86.9,116.3,105.3,147.4,103.9,114.9,160.6,159.8,208.9,169.5,124.5,266.0,167.0,178.7,106.0,152.7,197.4,176.9,228.0,166.4,205.3,176.4,177.6,203.3,159.8,198.8,112.6,125.3,142.2,174.4,115.5,233.8,215.7,175.7,138.2,152.9,212.2,148.2,136.0,133.9,102.6,221.0,167.2,212.7,229.1,160.2,177.4,137.7,123.2,213.3,141.5,161.4,178.5,191.8,124.1,161.7,250.7,72.2,126.9,54.7,132.0,168.4,263.2,86.6,107.1,167.1,204.5,180.3,166.8,189.6,123.7,270.3,197.4,182.9,180.9,136.1,186.5,114.8,101.4,244.5,179.7,131.2,235.0,133.8,202.1,144.7,201.8,200.2,177.0,154.8,122.6,152.0,147.6,133.6,ACAT1,161.84599999999998,164.76363636363635,1.0180272380141393
218126_at,95.7,151.2,115.4,136.2,173.2,149.2,146.6,318.8,139.6,141.1,168.6,116.5,170.6,269.6,136.2,169.0,252.6,156.1,286.2,145.7,172.7,152.8,169.6,95.2,187.6,105.6,190.3,245.9,100.9,186.5,132.2,145.2,107.0,131.9,117.5,136.1,187.2,140.2,162.6,104.5,170.5,112.2,123.5,179.5,185.1,194.0,159.1,162.1,157.4,184.1,154.9,185.7,173.2,140.7,90.4,115.5,169.3,189.0,142.1,78.0,130.9,216.9,151.0,137.3,153.8,97.2,166.9,164.4,141.7,144.9,213.6,144.8,153.1,119.1,201.1,136.6,144.1,195.8,204.1,167.6,199.6,154.4,205.3,157.0,147.6,186.6,300.3,103.1,67.0,136.3,205.1,177.3,185.0,138.7,179.0,254.0,242.2,186.2,191.9,195.1,226.5,163.7,130.0,73.3,162.9,RMDN3,160.742,163.48727272727274,1.0170787518338253
222343_at,22.1,33.2,31.4,25.1,15.9,15.0,26.3,72.9,20.6,23.0,14.1,25.9,15.4,65.1,5.9,47.6,12.9,44.2,44.9,28.2,64.1,38.7,23.8,19.0,30.4,32.0,25.2,42.4,7.3,27.3,42.3,25.8,29.0,26.4,19.9,31.4,4.7,51.6,15.4,13.2,9.6,26.9,8.5,25.4,42.0,20.9,5.8,11.6,41.6,9.1,14.6,24.1,21.8,23.8,16.8,34.1,30.0,20.5,37.3,47.0,12.4,29.1,26.4,5.4,44.3,12.9,19.7,31.2,4.4,28.1,78.8,48.8,3.5,22.8,17.6,28.6,21.8,13.0,29.7,22.6,21.6,56.2,4.5,41.1,31.9,14.7,18.8,34.6,52.9,52.5,50.0,59.5,21.0,16.4,7.2,33.1,12.8,12.6,66.3,5.3,30.3,36.8,35.8,7.8,27.3,BCL2L11,27.22,27.67454545454545,1.0166989513058577
202054_s_at,105.5,90.4,80.4,45.2,54.8,144.6,88.1,115.0,79.6,74.4,91.3,73.4,104.1,69.3,79.0,73.7,95.3,89.9,93.2,114.1,96.9,106.1,88.3,72.1,90.3,114.8,79.0,66.3,93.6,43.1,105.8,88.9,125.8,152.6,107.0,94.7,81.1,88.4,118.4,114.6,84.4,89.2,103.1,92.1,76.6,99.5,99.0,115.7,75.2,83.5,116.4,102.6,135.9,122.2,92.4,114.4,131.5,91.2,69.4,73.6,66.3,114.6,103.8,55.2,77.0,104.2,114.8,35.6,63.4,22.4,143.3,79.5,59.5,89.3,65.4,98.8,82.9,124.6,136.4,51.3,123.6,76.4,121.6,97.6,73.5,100.0,88.6,22.9,77.6,86.5,132.5,135.0,118.5,103.9,105.2,8.6,141.8,163.1,115.5,91.2,71.2,6.1,90.8,145.0,115.6,ALDH3A2,92.148,93.64000000000003,1.0161913443590749
208714_at,234.7,244.0,324.3,322.6,323.8,274.4,269.0,231.3,222.3,296.8,231.7,199.8,435.1,245.8,296.5,210.4,278.8,290.6,295.9,342.4,279.4,213.1,255.1,284.0,270.4,333.9,297.1,450.1,366.9,245.2,309.6,278.0,298.4,240.2,342.5,264.8,333.3,297.9,340.0,305.7,283.0,235.0,313.8,280.5,340.7,278.8,302.4,278.2,295.1,360.8,254.6,311.4,243.6,270.6,257.9,265.0,220.6,276.3,424.3,314.0,202.1,273.9,391.7,297.0,174.9,278.0,454.7,254.3,356.8,374.5,430.6,374.2,245.4,444.0,312.9,188.2,305.9,307.2,258.0,212.1,292.0,301.4,279.9,389.5,311.4,336.4,344.9,316.9,305.9,191.9,306.0,199.5,191.2,287.9,407.5,264.9,388.4,214.6,340.1,228.5,238.6,223.0,263.5,395.1,263.3,NDUFV1,290.882,295.58181818181816,1.016157129632697
212568_s_at,51.8,37.0,48.5,37.9,58.3,32.0,55.1,37.3,51.3,23.6,53.7,56.4,30.2,16.9,48.8,39.2,4.4,26.8,4.0,44.3,44.6,46.2,55.5,35.4,30.4,43.6,64.3,60.5,40.2,49.5,35.1,24.4,54.4,38.4,35.5,46.4,26.1,71.8,102.1,33.7,48.4,37.8,21.3,23.6,36.4,73.2,54.8,64.1,81.0,42.7,3.9,29.9,53.0,55.9,51.4,49.9,11.2,32.3,65.1,60.4,45.4,41.3,43.3,58.1,71.1,23.3,59.7,15.9,3.3,20.4,22.1,63.3,35.5,51.9,66.3,33.4,49.0,37.4,22.7,22.9,50.0,66.9,53.1,53.0,38.0,47.2,32.8,27.5,14.9,42.1,78.9,81.7,20.4,53.3,51.2,61.8,8.8,73.1,86.6,47.5,63.8,47.0,44.3,71.7,20.3,DLAT,43.578,44.27636363636365,1.0160256009078812
201709_s_at,116.1,117.1,130.7,166.4,140.8,107.9,243.4,213.3,168.1,190.2,137.9,183.9,181.2,197.0,154.1,31.8,214.9,236.8,251.0,135.7,96.6,248.3,133.6,149.6,112.5,131.7,140.2,150.4,176.5,237.0,162.6,149.7,175.0,174.1,119.4,138.6,129.3,134.4,158.1,252.9,118.2,128.5,139.7,165.6,131.8,151.4,142.1,39.2,120.7,148.4,81.4,254.8,164.8,128.5,126.9,147.2,77.7,141.5,161.2,187.7,98.0,234.1,88.1,133.7,169.4,177.0,104.8,160.1,172.3,102.3,66.6,231.7,132.4,178.1,148.5,184.9,146.2,188.7,120.8,69.8,146.6,252.4,177.6,200.0,221.7,239.8,280.9,177.9,78.1,174.5,182.0,111.7,144.8,209.5,158.6,124.0,265.9,143.4,133.8,61.7,28.0,261.1,114.7,261.2,157.3,NIPSNAP1,155.488,157.93454545454549,1.0157346255308801
209252_at,128.8,187.9,154.3,159.7,188.0,150.7,178.7,148.8,154.1,222.5,161.4,93.3,153.7,160.5,199.3,130.3,153.2,196.2,133.0,203.0,129.8,184.7,177.2,133.6,145.4,158.7,122.2,184.0,164.8,117.8,183.1,156.1,150.6,192.1,152.8,171.0,125.0,156.1,188.9,225.0,156.2,247.0,199.5,145.2,177.1,154.9,160.6,200.0,159.8,169.0,169.5,198.1,161.9,137.6,118.9,140.1,170.2,173.1,146.8,111.6,181.2,147.3,201.3,179.2,157.3,177.9,165.8,163.8,207.6,159.6,144.1,204.5,181.3,174.6,147.2,172.9,169.6,190.6,120.8,220.6,207.1,184.5,203.0,113.4,165.1,199.4,196.8,156.2,169.4,159.5,149.9,115.0,161.4,160.3,124.5,172.9,218.3,88.2,199.2,194.7,155.8,158.9,174.0,184.9,202.4,HARS2,164.91200000000003,167.45090909090905,1.0153955387777058
211207_s_at,52.6,63.0,52.9,43.9,55.6,63.9,43.9,72.4,56.8,34.1,78.2,58.9,36.1,98.4,44.7,42.9,43.2,70.1,36.2,48.4,52.9,40.1,66.8,59.1,72.7,50.2,62.4,57.4,36.2,90.1,43.5,45.8,72.5,68.6,85.7,50.8,59.1,61.2,58.8,34.9,41.0,49.6,61.5,60.3,60.3,51.9,37.4,45.6,77.2,33.6,75.6,63.2,42.2,43.1,48.0,47.2,62.5,73.0,61.2,76.2,30.8,35.7,87.8,41.9,62.2,30.9,46.0,49.1,61.9,76.9,120.3,52.4,34.0,29.4,47.5,50.0,39.1,42.2,28.1,40.7,31.0,49.5,30.6,51.5,20.9,46.3,60.1,47.5,62.1,43.1,47.3,95.1,71.4,55.9,19.0,63.2,144.1,80.5,52.0,96.0,83.0,103.7,67.0,39.0,49.9,ACSL6,55.668,56.523636363636356,1.0153703449672407
212216_at,29.7,7.9,6.2,33.5,36.3,31.4,9.1,28.3,35.0,32.6,2.2,19.1,37.9,32.1,38.4,41.8,30.0,14.3,25.0,35.1,32.6,32.7,28.2,39.6,24.0,27.0,40.8,45.1,24.5,14.4,5.7,22.8,4.3,31.8,5.6,2.3,26.0,5.6,53.2,35.6,26.6,21.9,29.9,58.1,4.6,38.0,23.3,27.6,45.9,6.7,31.1,29.6,32.4,31.7,25.6,14.1,14.1,45.3,16.7,39.5,2.9,37.4,31.9,31.2,32.2,8.9,24.4,5.4,3.7,25.0,33.0,33.8,28.0,61.5,29.1,25.2,20.7,5.8,49.3,8.7,12.0,26.2,13.5,10.6,23.2,25.3,8.0,54.2,22.0,38.6,50.5,21.2,16.9,41.2,49.9,3.8,6.7,55.0,1.9,80.5,12.2,41.1,1.7,33.3,34.3,PREPL,26.206,26.581818181818186,1.014340921232473
205142_x_at,102.5,123.9,125.3,82.8,99.0,100.5,103.1,142.9,109.3,141.6,92.2,119.4,151.8,197.4,155.2,129.3,214.9,216.4,219.3,90.5,81.5,148.2,103.3,109.4,83.0,83.7,100.8,95.3,152.8,102.0,110.3,73.6,113.7,104.4,87.3,143.6,101.4,113.7,103.2,142.3,150.2,106.1,86.1,107.3,123.7,114.5,117.5,133.6,155.9,126.8,180.0,118.7,70.7,86.0,106.4,76.0,126.3,120.8,85.0,188.4,47.5,176.9,105.6,40.1,106.1,124.5,97.2,158.4,195.4,124.8,188.6,157.4,108.2,149.4,112.9,143.7,115.8,125.1,67.2,140.5,109.5,120.4,100.5,151.0,78.0,71.3,189.3,95.5,181.2,165.0,79.9,152.7,94.0,92.1,272.7,102.9,88.5,138.7,167.8,57.2,49.2,241.5,44.5,178.8,127.7,ABCD1,121.85000000000002,123.5181818181818,1.0136904539858989
203682_s_at,82.5,104.1,114.7,97.0,110.5,96.0,126.7,122.1,109.2,95.9,143.5,165.6,71.8,120.5,108.7,182.5,113.5,168.4,58.6,103.4,60.4,118.6,70.2,92.6,144.3,85.2,179.4,69.3,93.8,133.3,102.7,86.7,77.0,118.9,88.4,47.5,137.2,90.3,24.8,65.7,39.2,79.0,124.0,150.3,92.3,96.8,88.7,65.6,132.8,96.0,39.0,110.7,58.6,95.8,143.1,73.9,81.9,68.3,122.6,171.7,61.2,133.9,96.9,57.4,57.0,119.6,67.3,87.6,109.2,95.6,62.2,76.9,110.3,103.0,74.4,99.0,67.7,100.1,80.9,90.9,104.6,151.2,139.4,100.0,209.5,131.1,103.9,85.1,123.0,94.5,96.8,70.3,148.9,58.8,65.7,86.2,136.4,83.3,135.2,157.1,179.7,167.0,99.1,130.1,164.4,IVD,102.92400000000002,104.32727272727273,1.013634067149282
222083_at,12.4,15.9,14.8,11.9,17.9,11.4,9.6,19.8,12.5,12.7,19.1,19.7,7.6,23.9,15.6,21.8,14.8,21.2,18.2,6.4,17.7,7.0,8.0,22.4,15.8,7.6,12.9,16.4,7.9,7.1,6.1,9.4,17.2,7.6,13.6,14.8,14.1,8.1,10.3,11.5,13.7,8.8,4.5,28.0,15.8,16.0,8.8,9.7,10.5,7.1,10.3,7.9,5.3,16.3,27.4,8.2,6.7,13.3,13.2,26.7,27.5,11.1,6.3,9.1,12.9,11.2,7.3,13.0,8.1,13.6,12.7,8.7,12.5,14.1,10.4,17.2,6.1,8.2,10.3,10.3,10.0,17.0,18.4,11.9,20.5,8.9,44.1,19.7,14.0,28.6,10.7,12.7,7.6,12.4,9.4,14.6,13.0,12.0,21.2,13.3,15.7,6.5,8.9,9.0,16.0,GLYAT,13.311999999999998,13.490909090909094,1.0134396853146856
208158_s_at,89.6,42.9,92.3,54.9,74.9,48.2,105.3,108.2,97.2,123.0,69.0,68.9,72.8,47.7,85.3,61.3,75.3,74.6,50.8,94.7,56.8,89.6,84.5,45.9,88.4,101.8,132.5,74.1,63.3,127.0,114.3,86.1,72.2,44.6,69.7,36.7,126.7,55.0,121.8,96.2,76.2,74.4,83.9,77.1,31.4,55.4,62.2,128.0,80.7,74.5,13.8,61.7,56.9,66.6,77.3,53.9,87.0,31.7,83.7,135.1,57.0,64.2,56.5,105.3,106.1,79.8,64.7,61.9,56.8,131.6,181.0,101.9,87.4,65.5,55.3,94.4,122.9,67.3,89.4,57.5,68.4,76.0,68.6,66.6,79.7,80.0,40.8,84.2,91.0,107.4,92.0,74.0,101.0,80.5,66.7,123.2,64.2,48.9,98.8,94.1,67.0,96.4,90.7,84.7,104.0,OSBPL1A,79.35799999999998,80.41999999999999,1.013382393709519
201061_s_at,229.0,345.2,312.0,339.9,546.7,584.4,459.7,448.6,500.6,326.5,418.0,477.2,410.6,532.2,412.0,353.0,344.2,337.9,335.7,341.8,619.1,260.9,507.2,302.2,692.8,460.0,424.2,352.1,447.8,942.7,479.5,382.6,571.3,469.7,297.4,298.2,340.8,435.4,395.3,348.5,372.0,263.5,433.2,486.6,573.7,471.4,551.5,401.6,638.9,423.0,732.9,488.3,582.5,356.5,497.3,417.8,354.6,415.3,367.7,542.2,548.8,353.1,520.8,428.4,495.1,291.2,373.6,631.1,669.6,451.3,522.7,412.9,345.2,737.2,352.2,468.5,284.5,556.3,497.6,316.2,381.3,303.1,474.4,267.3,293.3,295.3,422.7,554.8,450.5,338.6,261.1,523.2,464.2,275.8,361.0,351.7,456.2,310.2,334.6,1194.7,338.8,196.6,492.0,367.7,445.6,STOM,433.96600000000007,439.3836363636363,1.0124840111060227
212217_at,59.0,58.6,65.5,75.1,52.1,59.4,51.0,52.8,55.3,66.9,100.6,81.7,56.7,48.3,54.4,69.0,57.1,43.3,58.8,49.0,46.4,76.7,70.1,43.3,70.1,56.5,50.7,44.7,51.2,54.1,59.9,70.4,52.5,65.2,59.2,36.0,66.3,46.5,48.3,56.1,81.8,70.1,75.8,88.0,52.9,73.6,54.1,51.5,59.7,66.8,79.9,53.4,77.6,60.3,80.6,48.9,54.1,56.0,69.9,31.9,41.1,62.1,52.4,76.3,84.0,41.4,68.7,60.0,63.9,41.6,17.7,21.7,42.2,78.4,87.8,53.9,60.2,47.7,51.3,76.4,50.5,57.8,60.8,60.6,87.1,58.9,71.7,47.1,68.3,64.2,64.8,70.6,54.5,82.7,74.3,90.3,106.5,60.2,58.9,77.0,88.4,53.5,63.5,34.2,7.9,PREPL,60.26200000000001,61.012727272727275,1.0124577224905789
201226_at,267.3,189.4,301.5,445.5,209.3,352.8,194.8,267.6,177.0,357.1,207.7,146.8,326.7,332.0,226.9,293.7,336.8,282.7,318.9,366.3,323.8,327.4,290.2,272.6,341.2,284.9,321.2,330.6,328.0,364.9,323.2,252.8,315.8,310.5,257.7,408.9,237.4,212.5,393.0,327.6,219.9,219.8,269.1,319.9,325.9,376.3,300.9,243.1,332.9,444.2,314.9,243.1,325.1,267.3,317.7,326.2,231.9,383.8,317.0,252.1,246.3,265.9,314.3,268.8,319.5,330.0,230.2,319.2,297.6,285.5,344.2,299.5,354.5,431.0,370.6,376.8,318.5,245.4,210.9,193.4,180.8,230.2,365.8,324.0,258.2,353.7,305.3,188.4,274.2,253.3,292.3,211.6,316.9,318.4,301.6,330.6,286.8,257.1,516.0,279.3,323.4,276.1,387.3,361.2,370.2,NDUFB8,297.5399999999999,301.16181818181815,1.0121725421180958
218982_s_at,81.8,63.9,102.3,88.5,66.5,89.7,64.2,134.0,54.4,47.3,64.5,113.2,74.5,86.8,74.4,90.1,99.8,135.5,133.9,66.7,59.7,80.4,46.9,85.0,62.3,102.6,76.0,137.9,99.8,79.9,105.3,84.0,77.4,72.9,87.9,58.6,90.7,122.8,66.6,87.2,88.2,89.5,83.6,89.6,88.6,78.7,79.5,101.4,62.9,109.1,95.6,49.4,87.6,71.9,77.2,100.4,109.3,55.8,107.5,50.6,79.9,107.6,113.7,80.6,53.3,47.6,92.2,79.4,67.6,102.8,77.0,65.9,79.0,100.7,68.1,43.9,94.2,85.1,67.2,81.2,92.6,76.5,91.3,112.7,83.7,141.3,143.3,104.3,133.7,97.6,58.2,77.1,70.3,121.9,84.3,76.4,134.6,107.8,92.2,83.2,56.9,65.8,102.7,98.2,74.1,MRPS17,85.74,86.78181818181817,1.01215090018449
220103_s_at,4.1,41.5,15.4,26.6,28.6,26.3,10.5,52.5,22.6,15.0,51.6,38.9,8.4,95.0,35.7,25.3,26.7,16.3,19.3,44.4,2.8,29.4,32.5,19.1,18.4,23.2,34.9,24.7,1.8,8.3,24.8,22.1,61.2,4.8,11.9,45.1,49.5,41.9,6.0,24.1,20.2,2.5,12.5,29.6,5.4,41.1,28.5,30.3,23.7,26.0,42.3,35.9,22.0,23.2,15.4,17.7,22.5,22.6,4.6,32.1,16.4,21.0,2.0,31.9,5.3,45.6,25.2,8.9,44.0,15.1,10.0,5.9,37.0,2.0,5.7,27.4,40.7,12.3,17.5,34.1,24.6,4.3,44.7,52.4,18.3,44.7,68.2,19.7,56.1,46.7,60.1,6.9,26.1,28.4,5.5,53.2,5.3,55.7,11.3,45.6,10.8,36.5,30.2,4.0,53.8,MRPS18C,26.21999999999999,26.53454545454545,1.0119963941474241
205379_at,13.1,88.0,47.7,36.7,15.0,61.6,12.8,76.7,13.6,16.9,33.9,15.2,9.9,46.6,24.9,22.2,57.6,53.6,14.1,54.7,19.8,13.6,9.9,42.7,74.8,26.5,14.0,45.4,13.7,8.7,11.9,6.5,31.9,47.5,32.2,42.6,18.4,10.3,16.3,10.6,7.7,12.8,7.3,52.3,31.1,55.6,40.4,63.1,11.7,10.2,64.6,14.4,33.9,68.2,44.0,44.3,48.8,7.3,7.6,77.0,6.0,10.7,76.0,6.5,62.2,11.9,12.6,30.7,32.1,74.4,8.7,59.8,10.0,14.8,55.3,30.7,25.7,33.1,9.8,16.4,9.6,33.6,31.8,30.6,63.2,24.6,19.0,11.9,10.1,32.5,17.4,16.7,55.6,47.4,19.7,10.2,19.5,80.9,39.3,30.8,16.1,17.0,21.6,6.8,10.8,CBR3,30.086,30.439999999999998,1.0117662700259256
214211_at,459.1,430.7,474.4,394.5,458.2,311.6,501.4,364.8,423.4,713.7,461.9,534.2,733.0,438.2,487.6,406.2,482.2,382.8,498.7,563.6,462.7,582.0,539.5,411.6,491.3,500.1,394.1,358.8,458.7,477.5,508.8,400.3,412.4,359.8,449.5,571.5,498.3,589.6,577.0,650.2,512.4,778.9,662.6,397.0,411.5,525.6,564.4,543.8,509.5,642.3,439.4,560.8,554.3,488.3,449.8,436.0,581.9,428.3,517.7,353.5,639.3,236.2,406.3,639.1,553.7,585.8,658.2,452.6,555.8,418.5,560.3,590.4,663.8,297.7,661.3,697.4,536.2,583.5,593.4,475.9,498.9,583.4,436.0,390.2,585.3,479.1,350.7,434.4,643.8,633.8,506.9,462.3,479.5,586.0,347.4,448.9,473.7,463.4,318.3,635.4,416.4,351.2,493.1,417.6,488.2,FTH1,495.23799999999994,500.7145454545455,1.0110584112175267
204282_s_at,90.3,68.4,98.4,103.5,158.1,105.2,98.3,144.4,132.3,117.1,67.4,149.5,78.3,101.9,97.7,84.0,102.9,149.8,112.4,83.7,130.8,123.9,70.8,69.7,81.7,89.1,83.1,74.8,80.3,73.8,85.2,100.8,65.7,82.9,61.2,58.4,65.2,72.8,57.0,82.2,91.3,56.8,82.5,115.4,59.3,135.5,64.4,82.0,93.3,76.2,213.3,62.0,64.4,57.6,101.9,73.3,92.6,70.9,81.0,85.8,92.5,91.4,82.1,63.1,39.0,52.7,58.6,87.9,90.4,132.0,117.2,161.9,48.2,78.4,90.7,53.4,130.3,96.6,55.9,115.6,59.8,54.4,100.5,131.1,124.7,128.3,148.0,74.5,118.1,103.1,128.7,121.8,57.0,82.6,105.3,77.7,86.7,116.3,131.4,127.1,145.3,24.8,70.6,119.9,47.9,FARS2,92.194,93.20545454545454,1.0109709367795576
216308_x_at,157.8,194.9,135.8,201.3,124.7,133.0,146.2,218.7,119.2,251.4,166.4,213.3,122.4,189.2,167.6,185.2,227.5,205.2,225.4,145.4,185.8,273.3,136.2,180.4,188.4,79.2,215.2,148.3,141.9,180.7,167.7,155.5,124.7,113.2,143.5,104.6,202.8,128.6,193.0,189.9,172.4,140.4,153.2,207.8,117.0,186.7,135.5,157.8,172.6,174.5,159.4,224.4,168.5,133.5,134.4,160.3,204.5,175.9,105.3,199.5,100.6,175.0,148.6,133.6,154.5,152.2,190.6,143.1,114.2,209.7,228.1,158.2,176.3,173.8,179.5,148.7,142.6,147.9,167.8,172.6,179.8,162.8,96.8,246.6,168.5,111.4,216.7,143.3,162.0,154.8,242.3,216.4,204.9,136.9,181.5,194.5,195.9,183.2,196.8,193.2,205.6,221.1,154.9,169.4,118.4,GRHPR,168.02799999999996,169.83636363636361,1.0107622755514774
203127_s_at,192.8,248.1,246.4,239.3,239.9,221.2,240.9,214.4,278.3,242.6,237.7,229.2,263.8,169.8,221.6,256.8,158.1,240.6,200.4,237.0,319.3,181.3,244.9,237.0,198.4,220.4,244.9,245.5,296.4,209.8,202.0,231.2,211.7,176.9,212.5,196.1,227.7,270.5,224.2,197.8,277.2,261.5,254.6,240.3,217.6,222.0,244.4,215.7,216.2,203.7,238.3,260.6,204.7,195.2,195.6,262.1,287.0,311.5,244.0,281.9,241.8,243.6,233.9,246.3,214.3,239.6,297.0,160.8,274.6,227.0,259.5,230.0,284.4,180.9,270.5,261.8,230.0,190.6,223.5,243.0,222.1,139.8,197.5,252.9,244.4,269.0,207.5,260.0,255.9,189.2,224.7,225.3,222.1,223.8,247.0,200.0,136.5,210.4,163.3,264.2,332.6,197.5,244.7,252.5,147.6,SPTLC2,229.612,232.08181818181822,1.010756485644558
221311_x_at,9.6,15.7,13.3,12.8,3.8,0.6,21.6,31.1,9.8,9.8,25.1,25.8,14.1,5.8,13.1,20.1,9.3,11.2,18.2,6.0,36.2,17.2,5.5,25.4,27.3,16.7,1.4,25.6,2.6,4.6,0.7,10.3,14.9,33.9,11.9,17.9,4.2,24.2,6.2,25.5,21.4,14.0,3.8,0.6,7.8,2.7,24.0,10.9,11.5,2.2,34.0,18.9,2.4,16.7,2.9,9.1,6.9,1.7,7.6,10.8,13.4,4.4,10.3,8.0,18.6,3.3,15.8,15.0,2.5,39.2,12.3,1.6,26.0,24.5,2.1,30.6,4.4,8.1,27.9,22.7,24.2,2.4,14.3,5.3,25.3,3.5,6.4,2.1,2.9,6.5,2.3,3.8,0.5,5.2,2.7,7.5,50.5,49.6,1.5,24.4,1.0,33.1,28.3,16.3,43.1,LYRM2,13.758000000000003,13.89818181818182,1.0101891131110494
212656_at,82.1,55.1,116.6,60.8,20.0,55.1,142.7,107.4,51.1,100.8,67.9,20.6,57.5,110.4,96.5,96.4,70.4,31.1,31.0,115.2,54.0,84.9,18.4,72.8,72.1,129.1,88.9,77.7,96.8,199.3,17.6,23.0,72.4,127.6,167.6,128.6,19.9,16.8,14.3,33.2,138.3,73.4,82.7,49.1,138.6,22.6,109.6,130.4,102.8,15.8,251.0,76.1,80.1,72.1,15.9,62.9,80.0,26.3,83.2,59.4,100.7,58.4,13.6,49.2,73.7,123.7,80.4,55.3,136.0,31.2,28.2,55.3,56.5,89.2,60.9,96.7,75.7,100.3,102.4,80.1,120.4,13.2,118.5,27.0,82.5,131.8,110.7,144.3,31.9,81.3,172.9,129.5,21.1,37.1,46.9,112.6,80.4,182.1,91.6,22.6,54.7,10.5,115.1,59.5,23.6,TSFM,77.34,78.11454545454548,1.010014810635447
221620_s_at,82.1,110.2,96.8,87.8,116.5,116.1,90.1,99.5,105.5,99.3,86.8,92.6,61.2,89.1,89.5,126.8,60.5,142.6,130.1,92.3,94.8,101.2,62.2,95.2,103.9,103.5,91.7,103.8,117.2,122.9,92.5,106.6,132.8,99.4,62.7,89.4,89.5,104.3,114.3,85.9,97.4,100.7,76.5,112.3,90.4,163.1,87.8,84.2,96.9,88.5,128.4,107.5,95.3,66.9,92.9,80.7,82.0,82.0,61.5,75.2,112.4,93.3,100.3,72.7,109.1,124.3,71.1,100.5,95.7,91.9,135.3,88.0,97.1,149.7,65.7,87.7,109.7,103.4,106.4,88.2,151.1,138.9,108.2,113.8,91.8,105.3,120.9,81.7,126.1,133.1,109.6,76.6,108.9,109.6,104.7,90.0,132.7,86.9,148.6,65.9,117.6,50.1,66.5,73.8,107.9,APOO,98.94,99.91272727272727,1.0098314864840032
203616_at,283.9,270.0,265.6,228.1,344.0,355.6,220.9,205.0,266.9,226.5,328.0,169.4,328.3,238.2,293.5,123.7,488.7,178.0,197.7,254.6,379.3,201.4,340.1,280.8,494.9,211.3,137.1,247.1,272.3,362.3,227.1,300.1,357.3,320.1,306.3,217.8,271.0,267.6,250.5,354.1,309.7,342.6,313.5,189.7,167.7,185.0,448.1,315.8,250.8,319.8,171.9,236.1,467.8,494.4,507.2,406.2,512.0,350.1,315.9,168.2,415.7,200.9,253.6,191.7,372.4,450.8,291.1,243.9,238.5,152.0,199.1,200.8,224.7,275.7,201.8,308.7,344.8,347.3,338.6,273.0,226.6,352.0,218.9,376.7,365.6,235.1,231.5,285.8,241.9,254.1,201.2,158.6,222.6,378.8,278.6,325.1,84.9,152.4,186.6,162.5,149.3,316.9,321.5,241.9,311.1,POLB,278.156,280.6381818181818,1.0089237040300472
218795_at,93.0,113.7,34.7,90.0,20.8,112.5,80.3,31.0,57.5,50.5,39.8,24.5,69.5,17.0,52.3,16.8,64.1,27.5,59.1,85.8,99.5,42.1,135.3,82.4,98.2,10.6,19.8,150.7,40.0,15.3,50.1,72.6,5.1,75.0,46.2,50.8,135.3,61.4,53.9,53.7,118.6,64.2,19.5,28.0,84.6,73.9,61.1,65.3,38.0,75.0,86.8,80.5,53.6,74.7,61.4,92.5,72.2,91.1,103.3,9.5,54.0,85.2,97.3,21.8,47.7,12.4,76.8,57.7,19.9,81.1,16.1,56.8,79.8,60.7,60.2,51.3,96.2,65.9,25.1,104.3,86.5,73.7,126.0,59.3,52.1,9.4,34.8,59.9,95.4,19.3,81.3,19.6,40.3,56.9,18.6,90.4,94.8,100.5,58.1,28.6,102.1,24.5,36.5,119.1,18.8,ACP6,61.33199999999999,61.8618181818182,1.0086385277150298
218398_at,174.2,73.6,97.5,87.2,110.4,149.4,152.5,122.8,155.8,95.1,159.7,111.6,113.7,100.3,126.4,132.2,96.6,115.1,125.4,122.6,83.8,174.8,75.0,147.3,140.4,108.9,113.2,197.8,89.0,99.9,106.6,87.4,89.3,130.4,105.1,93.3,101.9,133.6,100.7,112.2,165.3,55.6,98.2,123.2,115.4,155.1,130.0,165.9,105.2,83.8,59.7,118.9,143.6,130.1,165.8,135.9,152.7,133.4,112.2,80.7,109.0,127.1,127.4,127.4,121.2,112.0,107.5,106.9,109.7,129.8,98.6,93.7,127.4,191.9,85.6,108.7,132.9,158.3,147.6,134.1,106.6,140.3,106.9,107.8,149.1,75.2,101.3,145.1,95.3,30.6,128.9,114.6,86.4,147.3,131.7,146.0,176.0,34.4,113.7,89.4,113.1,143.9,132.0,150.2,100.7,MRPS30,118.20800000000001,119.20545454545454,1.008438130629522
201931_at,139.4,123.4,189.9,125.7,175.1,253.2,199.9,117.8,151.8,123.9,108.8,142.6,166.9,104.3,152.9,128.8,98.6,92.4,55.0,183.7,179.0,116.9,164.2,114.3,166.3,189.5,119.4,166.9,175.5,165.3,202.4,172.8,199.0,181.5,201.2,157.9,144.2,114.2,259.8,192.0,196.0,178.5,215.2,149.6,233.4,165.8,218.2,324.7,185.7,162.4,148.3,164.3,203.2,200.5,200.2,182.2,171.6,125.2,207.9,105.3,164.9,152.4,222.3,277.6,174.6,128.4,166.0,263.6,172.8,160.3,145.7,155.1,166.3,296.4,99.0,185.5,238.8,206.2,129.8,135.6,210.5,110.4,189.2,91.4,140.7,177.1,175.7,150.3,190.4,106.8,205.7,124.5,189.1,226.1,142.8,161.3,145.1,84.2,142.1,154.8,69.7,78.8,236.3,171.0,121.1,ETFA,164.918,166.27454545454546,1.008225575465052
203785_s_at,3.3,3.3,4.2,3.3,3.8,3.1,3.4,9.3,3.0,3.4,4.0,4.8,4.4,4.7,3.1,4.8,4.5,5.2,5.1,3.8,5.3,5.0,3.6,3.8,4.1,3.2,3.9,3.6,38.7,4.3,9.8,3.1,3.8,2.9,3.4,3.5,3.3,6.4,4.3,3.1,3.4,3.2,6.8,3.9,3.7,5.1,5.2,6.4,3.2,3.4,5.2,3.2,2.9,15.3,2.8,8.7,3.0,4.5,4.8,4.8,2.4,3.7,5.8,3.4,3.7,3.1,4.3,2.8,3.6,5.3,4.9,4.1,3.5,4.1,3.6,3.3,4.3,3.5,3.2,3.1,9.5,3.9,4.8,8.5,4.0,3.5,5.5,4.6,4.1,4.9,5.4,4.9,8.0,2.7,3.8,3.4,6.2,3.8,4.2,5.1,5.1,4.9,23.7,4.3,5.1,DDX28,4.958000000000001,4.996363636363637,1.0077377241556345
218561_s_at,9.0,44.5,75.1,46.7,64.9,93.5,19.4,79.9,75.1,21.4,80.3,26.5,64.4,139.9,81.0,27.4,71.0,55.0,80.9,93.6,17.0,17.4,78.8,96.2,77.5,96.9,81.6,21.8,55.9,94.7,78.9,73.6,83.5,70.1,53.9,68.7,39.5,79.9,63.2,121.0,75.9,63.6,76.6,57.0,44.6,78.6,69.9,73.2,65.9,50.4,112.3,91.9,56.6,100.2,99.8,83.8,75.5,47.5,78.5,71.7,37.6,62.3,50.3,81.9,14.5,95.0,80.5,84.5,63.5,57.1,38.3,34.4,94.7,64.9,53.9,97.0,82.8,66.3,63.2,72.8,67.8,74.4,153.7,19.7,83.2,88.7,109.9,22.9,14.8,26.2,52.2,42.2,68.1,95.9,41.3,74.9,84.0,11.1,82.5,41.6,84.8,15.3,59.9,17.3,81.8,LYRM4,65.506,65.95454545454547,1.0068473949645143
221432_s_at,98.2,150.7,83.2,124.9,116.0,129.9,70.3,78.0,69.2,71.8,105.2,17.8,68.5,135.7,95.0,62.6,202.4,34.4,29.3,65.1,117.2,73.8,77.0,106.4,80.5,111.4,50.6,197.0,36.4,80.3,86.1,129.7,52.4,111.5,60.4,80.7,64.7,88.6,71.4,72.2,99.2,39.5,72.7,106.6,113.5,73.5,83.8,111.7,72.3,91.0,74.3,58.2,74.8,61.2,60.9,111.9,120.3,156.2,65.3,92.8,74.6,101.5,93.1,68.0,89.3,88.2,87.5,164.6,100.6,133.0,56.5,85.4,85.7,159.1,81.8,97.6,98.9,77.0,74.6,81.4,104.4,91.7,57.2,85.4,52.1,84.3,112.8,58.0,74.9,130.4,94.3,90.4,89.8,82.0,81.0,43.9,69.6,21.1,62.5,73.8,74.7,132.4,82.3,97.5,174.8,SLC25A28,88.40599999999999,89.01090909090911,1.0068423986031392
200030_s_at,1370.4,1531.7,1469.2,1891.4,1394.3,1748.4,1877.7,1252.1,1453.9,1595.1,1881.6,765.8,2073.6,1450.7,1706.3,1431.5,1345.0,1743.3,1318.3,1995.1,2078.8,1608.8,1632.6,1772.8,1759.4,1827.5,1756.1,1770.8,1928.7,1430.7,1348.4,1354.3,2005.3,1747.6,1871.2,1574.4,1696.2,1687.7,1468.9,1395.3,2311.6,1419.2,1899.1,1463.5,1784.5,1902.4,1906.0,1963.9,2073.4,1937.7,1161.8,1774.9,2050.9,2606.9,1825.9,1936.6,1737.7,1959.1,1808.5,1241.0,1471.9,1709.1,1862.8,1730.7,1497.2,1619.6,1661.5,1681.4,1777.1,1283.0,1186.2,1763.6,1678.6,1734.7,1438.5,1780.2,1715.4,1934.0,1734.8,1677.4,1828.9,1658.3,1768.7,1891.4,1679.6,1830.3,1502.6,1699.1,1601.9,1688.3,1548.0,1604.3,1671.0,1944.9,1824.8,1733.2,1660.5,1497.7,1541.4,1482.3,1778.2,1447.6,1505.3,1603.0,1562.3,SLC25A3,1673.4439999999997,1683.538181818182,1.0060319806448152
215436_at,29.1,19.2,42.5,43.0,24.3,27.5,51.3,12.1,24.2,44.0,42.7,31.9,31.5,8.7,78.4,37.1,7.2,14.7,4.0,49.1,24.9,6.7,62.6,43.9,29.5,61.1,16.2,45.1,21.1,20.3,37.3,40.1,39.7,36.7,43.5,30.8,7.3,21.3,43.5,72.2,24.2,64.8,11.6,2.9,17.7,14.2,18.1,32.1,41.3,15.3,2.6,24.4,18.0,55.0,19.8,13.7,27.5,39.2,36.3,4.5,47.1,41.9,23.5,30.0,58.4,54.9,23.8,54.2,28.9,21.8,5.6,60.0,45.1,47.8,7.1,44.6,32.3,4.7,73.1,12.9,15.5,25.4,16.5,47.2,46.4,5.1,26.6,42.1,25.1,36.7,7.8,24.6,3.7,4.4,10.8,49.2,25.5,90.3,57.9,37.6,56.3,57.7,10.6,9.9,43.9,HSDL2,31.37,31.55454545454545,1.0058828643463644
206347_at,56.6,73.7,58.8,44.8,68.3,27.9,56.6,11.7,87.1,66.5,65.5,65.7,55.6,68.8,74.0,81.3,68.0,58.8,92.6,39.1,46.2,55.0,51.8,57.0,24.8,24.2,50.0,58.0,59.7,42.4,40.5,66.5,70.8,54.3,48.9,29.5,59.9,51.0,31.2,32.7,19.7,37.3,44.8,55.1,47.2,59.6,49.5,57.5,46.5,42.1,39.7,51.6,50.2,45.1,46.6,26.9,30.1,56.7,34.3,48.6,73.7,62.0,73.7,38.0,67.1,56.1,60.8,38.3,47.9,66.3,114.3,34.1,85.1,61.4,60.4,37.1,65.0,62.8,35.3,53.2,41.3,8.7,50.9,64.0,81.0,88.0,42.8,38.3,37.3,16.0,74.1,84.5,41.5,40.0,44.1,45.0,78.4,80.6,36.0,14.1,72.3,94.7,3.5,80.4,34.8,PDK3,52.70199999999999,52.99454545454545,1.005550936483349
218271_s_at,181.1,201.2,246.8,252.4,219.2,233.4,212.2,276.5,151.7,184.3,167.2,213.7,213.6,283.2,216.4,250.5,257.9,222.4,228.5,228.9,261.4,284.9,179.8,202.3,263.8,211.2,217.1,247.4,257.0,249.1,219.5,208.5,264.5,212.1,253.9,204.7,219.8,233.8,216.2,189.8,279.3,161.0,224.9,269.1,222.1,275.7,223.7,206.5,239.0,251.7,302.6,271.6,237.0,249.4,279.2,218.1,295.4,230.9,194.0,309.7,209.6,219.7,213.9,274.9,196.2,191.4,179.5,254.5,235.0,238.6,232.5,257.8,181.5,268.9,204.1,293.3,218.8,277.3,229.0,217.7,244.9,211.6,242.1,233.8,213.6,178.2,182.5,258.7,128.2,235.0,203.5,223.6,215.2,235.0,139.0,245.7,253.2,205.6,264.0,174.6,290.5,251.8,231.6,188.0,165.0,PARL,227.81799999999998,229.03636363636377,1.0053479691524103
205530_at,30.9,48.2,50.1,21.5,44.2,34.5,53.9,8.6,31.7,8.5,7.2,32.0,23.7,32.3,44.0,46.1,29.3,10.4,22.1,23.1,28.2,11.2,48.4,16.5,14.7,26.4,56.7,20.9,24.6,24.1,51.2,27.1,2.3,20.0,42.4,60.8,8.6,5.7,21.8,56.0,34.4,12.5,54.5,34.8,16.0,13.1,38.3,27.2,5.1,3.5,15.8,49.0,24.4,32.4,21.6,21.3,5.7,33.0,32.6,39.3,26.7,47.2,17.1,41.7,12.0,30.9,16.4,48.0,58.4,41.3,5.9,38.9,48.3,54.7,51.7,37.8,5.3,28.6,43.4,42.5,32.4,15.5,5.9,28.8,33.4,5.4,8.2,29.5,30.8,5.2,29.7,14.5,1.7,42.4,7.3,31.6,5.3,30.8,33.2,5.5,71.6,41.8,48.8,23.5,3.3,ETFDH,28.186,28.327272727272724,1.0050121594860117
217933_s_at,417.0,334.8,293.0,239.9,425.8,267.3,266.2,151.5,805.2,409.9,250.9,546.3,217.8,108.7,257.7,265.7,131.1,105.8,125.2,217.7,453.1,278.1,216.3,192.8,421.0,259.5,176.0,122.9,431.3,356.0,216.5,189.4,235.3,264.9,229.6,268.3,254.2,207.0,335.7,248.5,300.5,487.6,267.8,241.2,226.9,305.2,362.7,303.2,216.7,125.6,204.2,640.4,261.9,345.0,180.2,304.7,474.4,276.8,217.6,108.8,468.1,206.6,310.0,338.7,270.4,330.8,396.8,224.4,165.5,204.1,66.0,249.7,329.6,484.0,140.5,264.3,252.6,326.0,348.8,245.7,287.7,318.9,219.4,282.2,270.8,220.5,269.7,483.1,244.9,182.6,262.8,157.0,279.3,443.0,361.1,303.1,244.3,177.6,341.5,168.7,180.7,206.7,383.2,237.5,338.7,LAP3,280.62600000000003,281.8472727272728,1.00435195857573
203159_at,377.9,337.0,332.4,349.5,432.2,473.2,281.2,315.7,435.3,355.2,329.5,494.3,313.8,328.0,370.3,405.7,306.8,408.9,321.5,375.3,406.2,272.5,404.7,402.1,379.0,321.4,292.4,340.1,349.6,331.9,349.2,431.4,341.1,411.1,345.0,334.6,353.9,312.4,246.9,337.0,421.8,356.3,376.6,364.3,352.0,378.2,373.7,345.6,344.9,274.1,433.3,418.1,370.6,343.8,408.5,466.2,343.6,310.3,376.7,265.5,328.8,357.9,345.9,341.8,411.1,437.2,365.7,400.7,315.3,241.5,397.3,358.4,335.4,448.7,312.4,290.6,363.8,342.7,367.9,321.6,410.4,364.8,302.5,301.3,356.2,284.5,397.2,428.1,350.5,301.2,387.2,246.0,347.5,320.5,374.1,387.3,465.4,320.8,490.1,283.3,610.3,276.8,403.6,268.0,264.7,GLS,357.87399999999997,359.3381818181818,1.00409133331335
215414_at,12.7,13.2,60.1,16.5,14.7,15.9,12.0,21.0,11.0,43.2,19.0,20.6,15.9,17.0,27.5,14.0,12.0,8.8,13.6,13.1,54.5,20.6,18.4,10.9,18.2,8.2,12.3,17.8,14.6,17.3,15.0,59.0,17.3,40.9,12.4,32.0,17.5,11.1,25.7,16.2,14.4,54.4,12.3,24.4,17.1,172.9,12.8,17.8,15.8,30.6,26.8,11.6,11.1,9.0,9.3,15.1,14.9,16.2,10.4,20.5,85.3,16.3,22.3,14.6,17.1,45.2,5.2,10.9,4.9,11.9,190.4,6.1,51.2,13.9,18.4,26.0,7.9,10.6,21.8,17.2,17.4,13.6,48.9,10.3,16.1,16.1,18.7,7.7,18.3,65.9,11.1,7.8,12.2,16.8,10.4,75.7,23.5,21.1,15.5,21.8,58.6,27.7,10.0,12.5,19.1,FARS2,23.883999999999993,23.979999999999997,1.0040194272316196
201119_s_at,539.6,481.9,786.9,665.2,548.1,947.0,578.6,471.7,432.3,561.2,655.4,461.1,481.9,564.8,539.9,386.8,761.1,470.1,743.5,496.7,573.2,1031.5,711.7,671.9,668.3,712.1,834.3,813.5,593.5,942.0,627.1,853.8,825.9,553.2,717.7,530.0,791.3,679.6,494.7,549.1,515.4,389.1,789.0,805.3,736.3,824.5,607.6,568.7,861.0,647.5,917.9,722.5,650.1,702.2,960.4,688.3,590.6,920.9,556.7,652.7,456.7,582.5,750.1,542.6,675.2,782.8,643.1,700.7,642.4,568.7,611.4,718.1,825.3,796.0,464.0,820.8,846.9,545.3,751.9,539.2,565.2,772.4,548.0,802.6,741.2,719.6,782.1,645.4,528.2,440.7,431.4,529.5,647.9,674.5,570.4,466.7,416.2,551.9,382.0,518.2,610.2,753.7,649.3,731.6,770.1,COX8A,649.852,652.2727272727274,1.0037250439680534
201917_s_at,79.7,92.2,60.1,29.1,99.7,36.7,142.1,36.4,141.2,77.7,40.6,113.1,30.6,56.9,76.6,104.7,36.2,28.0,49.4,67.0,62.3,45.2,82.2,55.0,50.6,106.4,56.1,50.6,62.3,70.0,89.7,61.3,44.9,93.0,87.1,60.9,50.2,78.0,44.0,62.2,55.3,66.7,40.3,75.4,45.8,65.9,25.4,43.0,67.0,73.3,83.6,68.6,36.7,59.9,96.7,59.9,66.8,50.6,26.1,56.2,54.9,65.5,47.9,100.5,88.0,59.0,66.4,88.1,77.1,90.3,58.3,51.3,80.8,91.5,41.0,61.7,77.3,68.1,76.4,44.5,37.2,75.7,56.4,34.1,20.3,66.2,66.0,71.1,52.5,46.7,80.7,7.1,59.7,19.3,94.5,115.0,88.3,73.8,139.5,63.5,78.8,74.0,47.5,89.9,56.6,SLC25A36,65.36200000000002,65.60181818181817,1.0036690765554628
201708_s_at,101.2,119.6,85.6,99.1,113.9,104.9,114.2,145.9,78.9,82.7,92.8,146.7,107.4,119.1,108.4,75.3,121.8,142.4,155.2,63.4,105.2,106.8,97.1,125.6,90.2,85.8,85.6,29.4,102.9,68.3,69.9,79.4,56.7,92.7,76.2,74.6,94.3,84.3,114.7,96.8,62.8,97.9,98.8,84.4,101.6,142.4,88.2,118.5,99.1,66.3,146.8,61.8,89.2,76.7,83.7,54.0,63.8,96.7,79.0,81.7,92.6,80.3,128.6,88.5,99.5,71.8,85.2,139.9,155.9,150.8,126.1,59.5,116.0,85.1,96.7,103.4,54.2,108.9,116.7,81.4,114.6,77.5,52.4,87.0,90.9,85.3,108.3,88.5,128.5,94.3,129.8,31.3,89.0,98.3,106.1,111.0,209.9,158.4,91.0,138.9,116.8,116.2,64.4,99.9,17.9,NIPSNAP1,97.5,97.83090909090907,1.0033939393939393
219184_x_at,114.1,83.4,92.4,53.9,90.4,95.0,124.4,102.3,96.5,22.2,20.4,22.5,62.0,46.8,113.0,19.6,76.7,47.1,98.9,75.8,78.8,29.9,85.2,147.2,99.7,74.3,80.8,121.9,95.1,58.6,59.1,74.7,119.2,106.7,128.1,35.3,21.9,73.1,121.4,38.9,83.2,98.2,72.9,51.4,74.6,145.1,65.5,75.7,8.0,19.9,13.5,102.4,67.4,91.9,82.5,89.5,75.2,116.1,89.0,9.0,69.9,84.9,61.3,84.7,96.3,70.5,96.3,96.6,28.6,13.9,139.3,102.7,104.8,141.2,99.1,36.4,118.5,98.3,17.4,91.8,76.7,72.5,75.2,82.7,64.4,10.0,25.5,97.8,36.2,51.1,90.7,27.4,127.2,66.2,88.6,87.9,14.3,21.2,57.5,81.7,172.2,86.9,117.2,99.1,75.1,TIMM22,76.03599999999999,76.25999999999999,1.0029459729601768
218188_s_at,58.1,81.0,77.9,76.0,67.8,97.1,80.9,94.6,75.3,55.2,58.2,14.6,91.3,70.0,72.1,84.8,133.4,66.2,85.1,122.0,107.4,134.2,83.0,58.2,84.0,62.3,95.2,125.9,58.0,82.8,79.0,78.7,86.9,91.0,95.0,60.6,54.4,61.7,69.1,51.0,100.1,66.2,52.6,87.2,107.5,73.1,95.8,88.3,66.0,124.4,144.8,95.7,92.1,92.0,97.6,98.2,65.6,57.6,40.4,75.1,46.0,58.2,123.1,62.1,101.8,91.0,86.0,78.9,87.8,69.4,60.8,72.1,77.1,97.0,47.9,117.8,79.7,129.9,100.1,97.2,72.7,53.0,146.6,74.1,77.6,108.1,107.9,83.0,87.7,40.9,114.5,53.7,42.6,93.1,72.4,64.1,63.5,44.3,40.2,27.2,94.4,60.7,76.8,97.0,119.3,TIMM13,80.824,81.06181818181815,1.002942420343192
202004_x_at,278.8,240.8,281.0,214.6,292.6,203.2,333.3,235.1,255.7,251.5,224.4,281.4,201.7,250.1,250.0,255.5,260.0,223.3,201.7,246.3,173.1,213.0,211.6,224.8,281.3,283.6,261.9,242.2,244.9,248.8,200.5,205.7,228.6,280.0,229.9,235.7,354.3,202.8,256.0,158.4,220.8,194.6,308.1,352.4,208.6,239.9,225.9,239.9,263.1,189.4,281.9,244.6,199.9,212.3,271.7,298.4,360.0,284.2,171.2,228.7,166.5,240.4,199.0,182.9,234.7,216.5,313.9,236.5,251.6,236.3,224.5,236.6,307.4,338.4,219.1,265.3,239.4,283.1,270.4,281.3,235.9,225.8,323.6,217.5,292.1,258.8,266.1,207.1,231.1,260.0,267.3,205.7,211.2,192.7,213.4,260.9,222.3,241.6,226.1,190.4,247.7,263.5,290.1,190.9,176.8,SDHC,243.21599999999995,243.91454545454548,1.0028721196572
204788_s_at,90.0,109.7,123.2,126.9,129.0,77.9,89.3,194.7,101.0,94.8,109.6,149.9,97.7,120.8,138.6,126.5,98.2,97.4,15.7,104.8,151.1,85.2,97.5,115.1,92.1,155.9,89.6,142.9,118.8,117.9,136.8,127.0,106.8,125.9,78.6,151.3,199.9,98.4,127.1,105.4,115.2,84.5,120.7,134.3,93.6,111.4,152.6,76.7,100.8,91.3,124.7,176.5,98.8,100.1,108.2,79.9,106.0,94.5,114.4,182.9,94.8,102.3,102.6,95.0,70.5,115.7,118.7,89.3,162.7,182.9,43.4,137.1,58.5,114.6,111.8,74.9,92.4,98.0,22.7,67.2,122.0,105.4,61.4,179.0,113.7,127.6,129.3,165.2,136.6,110.4,132.1,164.2,114.6,135.8,130.1,98.6,150.8,157.3,121.2,126.2,126.6,82.3,94.5,126.2,131.9,PPOX,114.00200000000001,114.25636363636366,1.0022312208238773
218722_s_at,101.4,117.9,96.6,79.8,110.4,52.8,78.1,114.8,90.9,93.1,75.5,109.5,66.5,60.3,99.6,74.2,125.2,113.5,123.3,72.2,87.3,164.2,56.0,63.8,88.6,86.2,89.5,60.2,75.8,82.7,99.8,57.9,120.8,62.6,81.9,88.3,92.8,82.6,109.6,70.1,76.4,86.3,58.7,125.2,121.0,105.8,61.5,59.4,73.3,53.5,121.5,87.0,56.2,57.7,53.8,93.9,90.5,77.5,66.7,99.5,95.6,89.2,110.4,52.8,73.2,145.4,56.6,81.9,70.9,143.5,110.1,87.7,85.1,77.8,83.0,100.6,62.4,92.0,79.6,89.0,66.7,85.0,94.9,42.1,86.9,111.1,85.6,51.0,75.3,70.5,81.7,104.5,91.8,76.4,135.3,67.6,128.6,66.2,119.4,131.3,95.9,158.0,105.9,93.9,31.1,CCDC51,87.948,88.14181818181817,1.002203781573409
201675_at,81.7,80.5,116.9,61.2,112.8,109.9,75.0,38.2,97.7,82.0,71.8,69.7,71.3,81.1,95.5,108.1,78.1,120.2,71.4,94.8,111.0,92.2,95.5,93.8,92.2,73.1,103.6,64.5,93.3,81.3,77.4,80.5,75.0,75.1,75.8,108.6,79.1,61.9,63.2,82.0,98.1,81.1,74.1,98.4,76.9,67.6,67.1,48.9,58.9,54.7,94.0,79.6,81.9,58.2,102.4,98.9,88.2,107.9,98.5,120.0,90.8,97.4,61.7,88.3,69.5,104.8,127.2,67.5,69.5,67.8,106.9,22.0,86.1,54.5,106.4,93.3,104.1,60.9,79.7,114.4,123.8,70.7,95.0,48.3,75.7,94.2,101.7,94.9,62.0,51.4,91.3,73.8,95.4,85.5,85.5,79.6,46.1,42.7,62.6,62.1,53.1,116.7,110.7,81.4,34.2,AKAP1,82.456,82.55999999999999,1.0012612787426018
214547_at,16.7,4.6,5.7,6.8,6.4,15.9,20.2,41.6,9.0,5.2,7.3,3.5,1.6,18.0,4.2,4.7,4.5,20.8,18.8,4.3,6.8,3.9,3.6,10.1,8.1,3.1,6.1,3.4,25.3,46.1,2.7,2.3,22.8,5.9,4.2,50.6,14.0,2.6,16.2,18.4,20.4,1.6,18.7,6.7,33.3,24.8,1.3,3.2,2.2,6.0,8.0,5.2,2.4,10.3,5.4,4.3,2.7,13.0,35.1,33.9,19.3,4.7,4.1,6.0,2.6,3.7,5.2,4.5,35.6,11.0,15.5,3.6,7.9,13.0,27.7,7.5,13.1,6.3,6.6,4.5,23.1,6.0,2.0,3.1,3.7,4.1,46.7,23.3,16.1,12.4,6.2,7.1,3.1,6.6,10.9,33.8,52.2,2.5,20.6,11.1,7.4,11.1,11.9,2.7,3.8,ADCY10,11.884,11.894545454545458,1.0008873657476824
209328_x_at,6.2,31.0,29.8,18.1,11.3,16.1,31.5,19.5,14.9,6.3,52.9,29.2,13.7,47.2,28.1,18.3,26.8,14.3,47.4,63.6,18.8,29.2,45.7,35.4,5.2,26.6,30.2,23.2,23.2,21.7,19.3,58.0,31.6,27.1,26.6,30.6,47.7,31.8,6.1,27.9,23.3,28.2,2.6,41.8,24.8,64.2,37.6,37.7,22.8,42.3,1.5,6.8,25.1,25.6,22.8,27.6,21.1,29.8,18.3,40.7,9.6,18.6,41.7,36.4,45.4,18.1,19.1,17.9,16.2,10.3,18.2,43.1,29.1,43.1,30.2,22.8,27.3,16.9,29.4,32.9,31.4,41.4,18.8,42.9,31.3,18.1,50.8,19.6,34.7,36.1,14.5,37.4,22.6,19.4,28.6,21.3,48.5,63.3,2.5,45.5,7.8,44.6,19.5,77.9,35.5,HIGD2A,28.348000000000003,28.356363636363625,1.0002950344420638
218001_at,55.0,32.3,59.2,45.3,35.2,63.0,17.7,8.0,33.2,30.7,36.1,32.3,34.0,60.1,67.6,57.8,70.3,25.1,44.3,42.2,57.2,15.3,41.8,24.7,36.1,45.1,49.8,71.0,37.3,51.7,15.9,56.4,54.3,34.2,43.7,25.0,33.6,10.2,91.2,62.7,58.2,5.9,32.4,35.4,38.6,95.0,16.5,49.6,28.0,39.3,3.3,12.1,49.2,36.0,17.9,59.4,26.7,48.2,58.8,41.2,33.3,34.1,44.7,26.5,8.3,28.8,65.6,30.5,63.2,14.8,76.4,12.1,48.2,44.4,7.7,19.5,31.9,27.8,32.9,50.6,38.5,28.3,64.1,69.4,36.9,24.1,42.1,56.2,8.3,82.6,9.8,45.0,70.9,63.9,9.3,41.7,56.2,66.5,43.0,86.0,51.9,66.5,61.7,55.2,83.7,MRPS2,42.11000000000001,42.107272727272715,0.9999352345588389
209018_s_at,336.4,397.1,355.8,365.8,274.4,252.0,271.4,507.5,257.7,329.3,300.5,237.8,281.5,399.0,330.4,394.1,339.8,348.5,267.1,275.7,337.6,351.2,269.0,304.3,280.6,306.3,243.4,261.3,246.8,343.3,318.9,249.1,441.1,331.9,263.7,350.0,387.3,259.8,291.5,335.3,356.1,272.7,286.4,423.0,309.1,404.5,423.4,334.2,430.0,379.8,608.9,371.3,242.5,314.7,302.7,324.3,343.7,357.7,270.8,424.1,262.9,305.0,370.0,230.3,260.8,255.1,289.1,290.6,344.6,331.9,264.0,323.9,338.3,219.1,296.7,339.8,238.3,351.0,291.6,290.5,281.3,262.8,323.3,376.0,316.3,342.7,363.1,253.9,339.2,378.1,263.0,522.0,396.2,246.3,395.3,201.7,345.6,459.6,417.9,487.4,292.8,394.9,290.6,333.8,201.9,PINK1,326.268,326.18,0.9997302830801673
212088_at,66.0,69.0,77.3,78.7,38.0,44.8,41.9,33.9,58.9,42.9,45.2,32.5,66.1,78.4,62.4,15.5,116.3,99.1,63.1,89.2,51.5,32.7,110.4,68.6,63.4,87.0,47.9,109.2,70.6,37.0,23.0,53.7,40.8,56.5,66.5,65.3,86.0,26.0,83.7,39.9,80.6,65.4,61.2,13.8,62.1,70.0,69.4,67.9,85.8,14.6,27.0,40.2,44.7,75.4,62.3,87.5,61.8,102.7,92.4,65.2,78.4,122.5,69.7,19.4,6.2,52.0,65.8,49.2,129.3,23.5,60.6,59.0,33.2,71.1,10.7,88.3,68.1,28.0,70.5,61.7,88.2,37.3,90.5,67.4,34.8,79.7,35.9,75.3,49.7,43.6,49.9,18.6,87.4,71.0,79.8,46.1,19.2,26.1,41.9,70.1,51.3,75.1,89.3,73.1,103.3,PMPCA,60.59400000000001,60.56363636363636,0.9994989002811558
218992_at,14.8,40.4,49.4,88.7,44.2,137.5,78.3,27.8,36.2,8.8,129.5,32.5,71.4,48.4,106.0,62.1,67.8,50.0,38.1,50.3,124.3,88.9,99.7,117.5,115.6,93.1,101.5,120.0,88.1,100.7,83.9,78.1,104.0,105.6,95.1,87.8,110.1,106.9,80.6,125.1,126.1,113.9,92.8,84.0,98.6,149.6,104.6,123.8,55.7,55.8,16.1,78.2,114.7,103.0,98.8,102.4,139.8,71.2,78.2,62.3,93.2,123.0,108.1,94.6,72.9,63.4,54.6,105.4,87.0,69.9,21.5,80.2,79.1,130.3,116.5,95.2,101.4,84.0,141.0,113.4,74.1,96.5,73.1,63.8,131.1,12.8,22.5,80.4,96.6,13.0,107.8,15.3,49.0,107.1,101.2,131.3,59.1,47.0,83.2,55.2,115.5,125.1,102.4,127.5,41.4,PLGRKT,84.27399999999997,84.20727272727272,0.9992082104477389
219419_at,68.7,57.7,69.6,30.2,24.8,32.8,41.5,14.8,48.5,50.8,12.1,66.5,44.2,60.5,35.9,58.5,56.9,66.8,65.6,38.1,16.9,18.1,10.3,43.9,10.9,46.3,46.6,10.6,37.3,11.0,9.8,66.6,86.3,46.6,49.7,60.4,14.0,42.4,5.0,72.2,26.5,47.7,76.1,48.5,44.5,45.7,60.7,7.3,29.0,43.8,12.2,64.8,9.1,13.0,10.5,48.9,38.8,64.5,59.8,37.5,39.9,32.3,17.5,3.7,37.9,9.3,86.0,3.2,10.4,51.4,21.9,71.1,58.6,41.6,75.1,38.2,13.9,19.4,6.9,8.2,50.5,18.3,4.1,57.7,42.6,59.3,71.3,8.6,11.4,12.3,54.5,87.8,76.8,92.0,3.2,11.9,16.6,70.9,101.2,58.6,14.4,76.9,116.4,50.6,111.7,RBFA,41.583999999999996,41.54909090909091,0.9991605162824864
219185_at,44.7,59.2,42.9,51.3,56.9,53.0,48.3,32.7,40.8,46.9,44.8,71.1,53.8,53.4,54.8,43.2,69.6,40.6,64.6,36.2,55.3,29.3,43.3,60.6,51.8,50.8,21.9,86.3,42.9,29.9,39.0,50.7,60.5,47.4,17.1,55.9,33.3,43.9,64.5,62.2,41.5,10.9,39.0,35.5,43.8,14.9,34.2,48.9,31.4,60.9,85.5,50.3,44.4,39.9,30.1,74.1,30.5,57.1,36.5,42.5,36.9,46.3,17.2,52.3,38.1,44.5,49.8,45.2,49.0,74.6,24.6,30.3,45.3,42.8,31.4,18.9,39.9,87.5,69.5,37.1,33.2,47.0,42.6,86.1,48.1,43.3,44.3,65.2,12.3,46.6,63.3,20.3,51.8,58.7,43.6,66.7,53.5,49.0,17.2,85.4,70.2,17.0,46.3,25.2,36.7,SIRT5,46.32800000000001,46.28545454545453,0.9990816470699041
202330_s_at,70.0,57.6,72.8,63.0,60.8,115.9,55.2,9.3,76.2,66.1,69.2,46.6,67.7,29.6,59.4,75.5,42.2,45.5,28.5,72.5,71.9,67.6,85.0,82.2,60.1,81.1,9.8,93.0,79.7,55.0,98.6,66.7,57.4,81.5,85.1,75.2,49.0,98.5,80.3,94.5,129.9,107.7,102.1,66.3,92.6,96.7,111.0,69.5,56.9,10.1,63.2,86.8,73.7,83.1,63.7,47.5,41.5,59.4,55.2,74.1,54.6,91.6,74.4,119.2,89.3,61.6,82.0,88.6,71.4,64.4,69.4,58.9,52.3,102.9,35.0,57.1,76.7,93.4,32.4,88.8,59.7,72.6,104.6,35.5,69.3,56.5,119.4,102.9,59.2,14.8,103.8,40.3,104.0,101.7,69.6,41.1,67.7,47.1,57.6,64.0,86.5,73.8,91.9,77.0,10.5,UNG,69.972,69.87818181818183,0.998659203941317
216409_at,115.1,98.8,91.2,70.9,80.1,126.8,90.7,188.3,93.3,132.4,103.5,136.0,86.5,138.6,74.9,114.2,177.1,116.1,124.3,85.2,49.3,87.6,76.6,60.2,44.6,68.4,106.6,144.7,57.2,65.6,78.9,76.5,90.0,60.1,77.8,104.9,108.5,65.4,77.6,72.1,96.2,66.7,79.8,120.0,36.1,120.6,54.4,56.8,111.9,54.4,242.8,92.9,59.3,69.2,96.0,56.6,88.9,66.1,94.6,136.5,39.4,95.3,55.8,30.6,44.1,104.7,91.2,117.2,118.7,57.5,9.8,67.3,71.6,108.5,91.4,126.1,83.3,79.5,113.9,72.5,79.7,109.1,36.4,92.4,93.8,103.3,170.7,68.3,90.4,128.3,67.1,84.7,96.6,64.0,141.8,67.4,86.3,142.5,112.0,102.0,134.0,85.0,80.2,99.5,149.4,ACSL6,92.26999999999998,92.11272727272727,0.9982955161236294
37278_at,189.9,178.4,118.5,161.4,206.6,127.5,147.0,270.0,163.9,195.0,121.2,266.2,113.9,250.2,198.3,217.0,221.7,224.0,248.2,169.5,134.0,252.1,126.5,174.4,254.3,189.6,180.8,162.5,177.0,162.8,236.9,165.3,213.9,148.9,204.3,172.6,189.1,169.4,146.0,109.6,154.5,133.8,157.9,173.9,170.1,321.2,122.9,122.5,161.9,156.6,305.7,132.1,153.2,127.5,155.2,178.9,86.3,182.8,106.4,187.5,67.8,143.0,229.5,109.7,201.4,145.8,227.6,187.9,155.3,290.1,166.5,216.1,204.9,206.4,198.9,120.6,128.9,160.5,158.0,106.2,168.6,138.0,144.8,201.9,228.2,202.3,225.4,114.9,120.8,291.8,154.1,206.1,240.1,126.2,196.3,233.6,304.1,278.0,227.8,372.6,174.9,133.0,87.8,214.1,92.5,TAZ,180.674,180.33818181818182,0.9981413032211708
209910_at,20.9,9.6,40.4,38.0,8.1,55.3,24.7,54.0,18.3,11.2,53.0,31.2,14.6,30.5,47.0,41.4,16.3,41.6,25.1,26.9,28.3,53.9,40.8,22.3,61.3,54.4,30.6,55.3,6.7,26.6,60.0,50.8,2.5,18.8,10.7,24.0,7.1,24.4,52.7,60.6,54.0,56.8,37.7,53.3,5.7,90.4,37.8,17.2,36.0,8.8,12.5,45.5,23.5,36.9,43.3,30.6,31.8,35.8,48.1,96.1,5.5,42.9,42.8,5.8,23.6,32.4,7.9,30.4,61.1,10.0,52.4,23.2,47.7,68.4,18.5,48.2,27.7,39.8,31.1,11.0,18.8,10.3,31.3,39.7,45.2,26.6,19.2,38.6,5.7,82.2,62.8,29.0,29.5,37.1,44.3,9.8,13.1,28.2,10.6,33.9,7.4,51.4,24.3,36.8,92.5,SLC25A16,33.95199999999999,33.86909090909091,0.9975580498671924
218363_at,49.0,113.3,102.5,94.2,110.7,110.7,77.1,168.4,70.6,73.0,90.0,105.4,86.9,128.2,54.1,80.1,67.2,50.7,99.6,50.2,101.2,91.8,76.8,96.5,96.0,94.3,96.1,91.1,27.6,91.9,73.6,39.1,110.2,44.7,61.0,57.6,77.2,82.1,62.3,59.0,97.1,91.1,88.4,162.6,49.1,86.9,67.0,71.2,61.5,49.4,117.9,51.2,82.5,56.9,53.4,65.0,78.2,99.1,59.3,232.6,47.0,79.4,56.1,72.8,81.3,118.2,85.4,9.5,22.6,69.2,104.5,60.0,166.6,83.6,90.5,50.0,72.3,66.0,98.5,57.3,60.9,117.5,75.9,91.5,29.7,109.8,123.3,83.4,67.9,131.4,99.8,58.4,89.2,66.1,55.4,94.1,117.8,118.7,26.6,122.7,134.9,90.2,56.1,74.1,56.1,EXD2,82.72599999999998,82.51636363636366,0.9974658950797051
203633_at,262.1,301.5,213.4,230.2,234.5,244.2,248.9,324.1,150.4,232.2,327.8,273.6,263.9,318.1,303.7,198.5,279.5,424.0,170.7,355.2,209.8,318.3,429.2,218.6,297.0,246.0,306.9,256.1,375.0,314.3,222.3,206.4,273.9,158.0,256.2,271.3,266.2,242.2,350.4,314.3,348.1,213.1,387.1,325.1,362.8,387.4,186.2,158.8,326.2,259.0,199.9,275.1,202.9,234.0,256.5,193.0,180.5,186.1,368.5,336.5,216.7,376.2,464.2,250.8,292.5,151.0,131.5,271.3,315.6,308.9,79.4,475.7,346.5,495.4,270.3,193.6,324.5,254.1,210.6,357.9,249.5,283.7,364.5,293.5,246.6,318.3,329.6,296.4,350.8,133.9,406.8,205.4,265.1,268.4,304.0,212.7,314.5,231.2,296.4,252.4,201.3,307.2,292.7,301.7,237.5,CPT1A,276.85400000000004,276.0690909090909,0.9971648988603772
216903_s_at,305.2,229.5,367.7,220.8,282.8,216.7,343.2,308.9,330.8,357.2,253.3,353.8,358.6,275.4,255.7,288.0,414.2,318.2,352.1,286.7,176.5,228.1,273.8,210.5,191.0,245.0,267.2,287.9,197.0,265.1,212.8,264.7,246.5,227.5,333.1,261.1,320.1,231.0,283.9,232.3,276.5,278.4,257.6,208.8,223.2,263.1,264.7,248.8,294.1,332.6,270.7,297.6,223.1,230.6,220.0,232.9,216.6,239.9,332.2,287.5,245.8,329.1,241.0,216.8,243.1,286.6,262.5,271.9,320.3,254.3,199.8,230.5,328.0,200.4,294.2,255.2,324.9,273.3,273.3,253.3,287.4,304.5,294.2,364.4,309.8,271.0,247.9,225.9,269.2,316.5,252.4,339.4,226.6,305.7,306.1,288.1,268.9,300.8,268.2,241.3,434.8,234.6,252.1,343.8,234.8,MICU1,274.434,273.52363636363634,0.9966827592923483
210008_s_at,13.0,11.8,34.9,37.6,6.9,5.5,5.7,19.9,7.1,35.8,4.3,10.7,7.0,13.9,27.5,9.2,10.7,9.9,6.9,4.3,4.9,9.2,9.8,5.2,9.5,4.2,6.8,10.3,3.8,6.3,56.6,31.9,6.4,15.6,19.5,8.5,24.3,7.4,42.3,9.8,3.7,9.1,30.8,43.8,39.2,13.8,17.1,25.0,4.1,12.1,6.6,9.2,6.5,9.2,7.1,41.4,7.9,25.2,7.2,16.7,7.4,11.7,7.7,12.8,14.9,4.8,6.8,6.1,7.4,5.9,51.1,12.0,23.2,4.4,5.3,9.4,10.7,7.3,9.3,8.4,4.2,12.5,11.5,5.4,24.0,4.3,20.6,5.2,11.6,10.0,44.0,10.1,13.0,31.1,81.5,5.0,5.2,6.9,63.3,7.2,59.1,12.1,4.4,25.2,7.1,MRPS12,15.471999999999998,15.420000000000002,0.9966390899689764
209036_s_at,303.0,290.8,356.9,378.0,322.1,392.0,328.5,259.7,234.1,284.1,337.5,242.2,378.1,242.0,247.9,359.1,345.8,368.8,311.1,323.8,319.6,358.5,345.0,337.5,435.9,264.3,308.1,370.8,444.7,255.4,359.2,194.4,385.5,287.5,306.5,309.0,375.3,341.7,346.7,332.8,361.3,273.8,383.0,259.4,254.3,358.6,324.2,388.4,268.8,225.0,216.8,347.8,370.4,333.8,305.1,481.3,296.5,338.2,402.3,296.5,244.5,356.1,418.0,344.5,232.8,270.4,369.8,339.9,267.1,282.1,264.4,323.1,421.2,340.3,301.4,267.2,407.6,355.6,362.7,304.2,364.7,259.7,446.4,345.6,240.0,400.4,278.3,285.2,297.2,343.1,327.2,254.5,348.4,486.7,256.4,225.8,299.8,225.4,322.7,263.7,325.5,208.6,304.5,358.4,299.4,MDH2,321.6139999999999,320.5309090909092,0.9966323266117435
217907_at,172.6,190.3,221.6,111.5,236.6,291.2,168.3,159.7,166.9,190.7,152.9,253.1,171.1,138.5,201.6,165.2,142.1,178.9,97.0,205.4,159.1,217.9,209.6,166.2,140.0,199.9,157.4,199.2,189.2,128.5,199.5,155.1,166.9,187.9,215.1,175.0,199.7,276.8,206.4,188.6,169.2,211.2,204.9,140.2,186.6,197.8,156.0,262.6,169.2,203.9,121.0,223.1,245.4,208.5,208.7,221.5,239.3,187.8,183.7,111.2,140.8,133.1,213.4,158.4,173.1,216.5,260.5,201.6,158.2,200.6,216.0,137.8,146.6,180.3,182.2,180.1,194.8,247.1,132.3,155.9,166.4,215.4,141.0,190.7,163.5,145.0,149.8,197.3,166.2,84.9,147.7,181.7,259.2,258.1,286.4,139.7,177.5,146.7,285.4,116.0,182.9,120.9,231.2,109.6,301.1,MRPL18,185.09599999999995,184.4327272727273,0.996416601508014
218766_s_at,33.4,29.6,35.2,43.8,56.1,26.0,48.7,88.5,63.1,35.5,29.3,35.7,49.7,26.2,43.3,37.7,9.1,24.9,65.0,43.0,35.3,46.1,27.8,45.4,43.9,36.0,38.4,59.8,35.5,50.8,57.8,43.4,10.4,58.7,51.4,18.1,63.4,42.0,64.2,51.0,30.0,47.3,22.4,50.6,93.4,34.6,70.7,27.9,24.7,41.6,11.4,7.4,43.0,33.8,32.1,82.1,25.1,36.8,49.8,71.1,5.6,56.8,49.9,86.1,29.4,18.8,44.1,51.9,49.1,29.7,64.6,31.4,28.7,57.7,11.6,47.4,51.5,64.4,50.7,70.2,41.1,25.5,39.0,70.3,22.6,4.0,73.1,38.7,16.0,3.7,55.6,65.2,73.0,28.0,39.2,51.0,55.3,18.8,44.6,81.5,11.6,88.9,56.3,35.7,21.1,WARS2,42.928000000000004,42.763636363636365,0.9961711788025616
209620_s_at,33.5,32.3,48.3,24.5,59.4,45.6,33.8,47.8,42.8,53.5,28.0,37.8,77.8,16.6,47.6,40.1,34.5,43.9,34.8,81.4,61.8,47.8,61.7,35.9,44.2,50.2,20.4,25.2,44.5,52.4,41.1,55.8,30.4,60.4,30.0,39.5,28.8,12.3,2.3,79.4,57.2,38.9,43.4,46.5,55.4,32.2,31.2,36.6,34.9,36.2,13.4,8.2,33.2,59.8,42.5,68.0,44.7,50.7,45.9,33.0,28.2,66.9,43.6,20.3,41.3,58.5,38.0,51.1,4.6,14.2,65.9,30.3,35.0,68.6,24.0,32.0,55.7,54.9,4.7,41.8,61.7,44.4,39.9,14.3,15.7,84.2,49.8,43.9,31.5,25.5,51.7,8.8,73.7,51.9,41.5,55.5,50.2,32.7,66.6,59.6,75.5,14.8,60.6,60.6,8.2,ABCB7,42.01200000000001,41.85090909090909,0.996165597708014
218194_at,146.2,146.1,192.8,149.3,167.1,217.5,113.7,209.1,167.4,114.6,149.2,82.4,128.3,177.7,157.2,121.5,119.1,168.4,152.0,181.1,246.2,156.8,163.3,152.6,209.0,220.3,157.6,153.6,159.3,199.1,147.3,165.0,205.0,207.4,173.9,159.2,122.6,143.9,188.6,196.4,225.4,131.6,155.2,199.0,170.0,208.9,151.6,181.1,200.9,122.4,172.9,130.0,220.6,226.6,226.2,234.8,162.6,160.4,153.7,145.3,153.1,151.7,215.3,237.4,180.1,104.7,178.5,185.5,184.4,160.3,140.4,165.2,133.8,207.7,127.1,157.7,174.3,126.3,193.3,179.2,167.7,130.2,207.3,91.3,148.4,174.3,125.6,176.5,108.2,112.4,148.8,146.7,187.7,212.3,138.6,105.9,168.6,186.0,176.1,187.6,172.4,133.1,273.0,101.6,158.4,REXO2,166.678,165.96,0.9956922929240812
221928_at,5.1,21.9,6.3,19.4,8.3,19.7,16.3,27.1,16.3,18.1,15.4,7.0,18.7,18.4,18.8,21.2,17.7,41.8,15.0,16.4,16.9,5.8,15.2,30.8,7.9,4.9,17.7,19.7,33.3,9.1,9.8,11.4,9.9,4.0,14.7,14.6,19.2,4.5,6.6,15.3,30.3,4.3,15.2,6.6,14.1,7.7,12.0,7.4,4.9,16.8,20.0,6.2,13.0,14.0,16.7,15.4,15.4,11.0,12.6,7.1,4.0,11.1,5.7,53.7,6.5,19.3,6.3,5.3,9.5,59.3,13.6,9.7,13.6,23.9,16.5,7.0,21.3,6.0,13.0,15.5,13.7,19.1,6.2,13.8,14.5,19.5,8.1,18.7,20.1,6.4,16.5,28.9,14.3,12.7,14.4,19.4,28.1,7.9,10.3,7.1,6.4,10.8,16.1,15.0,9.7,ACACB,14.789999999999997,14.725454545454545,0.9956358719036205
202614_at,70.6,41.3,44.8,68.5,64.1,47.9,59.4,48.8,73.0,82.0,78.2,71.1,67.1,51.6,48.8,42.7,55.1,67.4,59.2,57.3,74.3,70.2,66.8,70.1,65.1,49.7,56.1,100.7,39.3,39.0,57.5,52.6,42.9,52.2,42.3,32.4,77.0,33.5,64.5,68.1,44.8,50.0,49.3,62.8,78.4,86.0,56.5,72.5,45.7,62.2,80.4,63.7,80.8,60.6,68.2,53.8,37.4,73.9,54.4,22.8,56.6,50.9,59.1,68.5,46.0,63.2,62.0,98.5,50.7,28.8,78.1,62.6,56.8,85.0,42.5,49.5,62.9,75.0,75.0,67.3,49.4,50.2,77.2,34.2,59.7,35.5,40.9,60.3,52.0,69.5,59.8,78.2,38.3,63.9,61.5,75.9,72.5,122.0,74.2,10.0,43.0,79.7,35.1,47.5,17.8,SLC30A9,59.228,58.96909090909092,0.9956286031790863
205621_at,127.0,112.3,145.6,150.9,142.4,176.3,157.0,122.1,142.0,118.5,134.9,136.1,155.3,88.5,109.0,125.2,125.1,108.7,107.2,146.3,199.0,150.0,142.1,107.0,152.6,147.7,175.2,107.0,131.8,113.5,152.8,128.8,133.0,128.3,145.2,164.3,167.1,120.4,177.9,174.1,171.3,141.9,189.2,176.9,129.2,212.3,151.6,189.2,164.2,157.0,154.5,172.5,178.7,168.6,167.5,155.9,160.3,171.4,161.3,171.8,111.1,172.6,126.8,122.6,117.6,122.9,111.5,131.6,121.4,159.7,145.0,142.8,136.2,134.1,198.5,152.4,159.7,145.1,136.3,120.4,146.5,203.1,119.5,151.1,192.4,177.8,151.1,127.5,126.8,204.5,154.8,92.3,142.5,134.3,123.4,158.0,153.5,99.8,121.2,112.0,145.0,177.7,114.4,103.2,55.5,ALKBH1,144.61999999999998,143.97636363636363,0.9955494650557575
218403_at,135.8,122.4,158.9,115.5,112.1,227.3,115.3,183.2,125.8,136.1,148.4,126.9,187.6,147.3,92.8,140.1,129.5,151.9,167.7,197.7,101.9,159.8,206.3,114.3,155.0,120.6,136.8,138.4,144.7,155.9,136.4,165.7,162.2,154.6,187.8,99.3,126.8,159.1,87.4,153.3,130.3,159.0,159.5,154.0,100.3,124.7,129.1,166.3,180.3,145.7,140.8,191.5,157.9,205.1,198.7,179.8,192.4,177.0,150.1,124.6,201.3,145.5,110.7,127.8,122.2,162.8,139.6,186.6,166.7,74.6,24.2,170.0,105.6,128.2,107.0,134.0,163.3,185.7,147.7,189.1,134.6,117.6,228.4,178.1,199.8,120.1,22.5,113.0,61.4,143.5,147.2,144.2,159.9,169.2,140.7,135.9,147.4,187.8,134.6,71.5,122.2,118.5,151.8,142.6,122.0,TRIAP1,144.75600000000003,144.09090909090907,0.9954054345996645
203977_at,11.7,13.6,10.7,13.4,10.7,7.1,6.8,14.8,13.5,10.3,6.4,19.1,7.5,24.4,9.0,12.6,8.4,13.2,14.8,10.3,12.9,16.5,7.2,11.1,12.7,13.3,16.3,9.4,17.0,12.7,16.7,10.5,12.8,10.0,8.7,15.1,13.3,14.0,9.5,9.8,7.8,12.0,10.4,13.8,15.6,19.3,10.4,10.3,16.0,14.4,19.9,12.9,6.1,6.3,7.2,9.6,6.9,9.6,8.9,16.6,6.6,10.9,12.7,12.8,9.2,11.8,13.6,7.8,15.7,16.2,8.8,10.0,13.1,12.5,8.6,13.6,6.9,10.6,7.4,7.7,9.1,18.3,8.8,11.2,16.9,8.2,23.2,12.4,10.9,14.5,11.6,21.7,15.7,9.6,7.2,9.4,15.7,16.9,12.3,21.2,17.0,21.1,19.3,11.1,12.1,TAZ,12.356,12.289090909090909,0.9945848906677653
221855_at,246.3,304.1,252.0,313.1,256.9,251.8,218.0,463.8,197.2,310.5,218.2,248.1,161.6,319.0,226.0,282.2,297.5,366.6,372.1,197.0,209.1,283.0,258.4,201.2,165.6,220.8,390.7,209.7,289.8,302.2,221.5,228.0,229.7,180.3,228.7,197.4,203.2,183.6,259.3,196.0,211.5,191.6,203.9,201.6,230.0,294.0,156.5,209.7,196.6,176.4,294.0,313.7,131.5,152.0,153.4,172.6,185.1,212.2,181.6,154.8,162.4,279.3,218.7,172.5,228.4,228.6,179.9,266.7,284.6,297.1,346.0,264.3,211.2,220.5,297.9,236.3,228.1,237.2,225.5,230.7,248.7,247.6,213.5,231.1,307.1,324.7,322.2,264.0,201.4,256.9,229.9,347.0,228.8,211.6,199.5,211.9,269.7,391.6,264.0,309.4,273.9,281.0,264.2,266.0,246.3,SDHAF1,244.64000000000004,243.2509090909091,0.9943218978536178
202950_at,59.5,63.9,61.6,34.4,87.3,85.2,64.8,72.9,39.1,64.0,85.3,60.6,54.0,64.3,59.3,56.5,28.0,57.6,61.8,57.4,46.6,70.9,100.4,47.4,38.9,40.6,36.7,71.4,54.9,37.6,45.4,66.6,61.4,55.3,70.4,37.2,20.7,56.0,70.8,73.6,52.9,48.0,82.7,110.3,80.3,78.3,60.4,81.8,50.8,9.2,62.0,29.1,82.3,63.2,127.1,52.6,49.9,70.6,82.7,115.9,46.9,65.7,44.5,52.4,68.6,46.3,84.6,88.1,48.8,52.9,69.8,56.5,85.2,100.5,50.5,56.1,57.5,57.9,83.5,87.8,48.5,67.3,72.4,38.6,50.3,27.1,59.2,42.6,6.9,32.6,39.0,27.1,85.4,54.2,55.1,55.4,81.6,103.1,84.1,42.3,27.8,45.6,43.8,9.9,13.6,CRYZ,59.50000000000001,59.14545454545455,0.9940412528647822
212541_at,43.6,40.6,67.9,72.2,65.0,33.1,54.6,15.8,68.7,66.5,14.0,40.2,21.0,73.3,61.9,78.6,103.0,104.7,48.2,64.3,16.9,50.4,78.5,51.2,92.8,42.5,19.1,50.3,58.4,18.5,65.1,61.0,19.7,42.7,33.3,46.8,49.4,57.0,63.5,10.3,85.8,49.8,51.7,10.5,29.1,19.0,73.8,52.4,58.6,22.4,39.0,76.9,68.5,60.4,48.6,21.2,34.1,27.4,67.2,82.2,58.7,22.3,24.4,50.1,74.0,62.3,5.8,61.9,18.4,6.9,93.3,46.8,46.3,80.0,72.8,2.8,62.2,52.6,77.1,68.5,85.9,34.9,77.0,88.1,30.2,37.9,84.1,42.1,10.8,4.6,79.9,63.8,28.2,48.1,54.6,6.7,40.5,59.5,112.4,51.6,9.8,40.8,55.2,44.5,48.6,FLAD1,50.35400000000001,50.045454545454525,0.9938724737946243
204587_at,19.7,21.5,48.7,36.8,19.3,60.5,29.0,34.6,64.4,59.8,39.7,89.4,69.7,48.2,84.3,23.4,13.3,29.2,78.5,95.7,25.7,18.7,56.1,31.8,17.2,30.3,67.2,65.3,14.1,20.1,45.8,95.9,5.5,54.4,82.7,57.4,13.6,5.8,17.3,92.3,54.9,84.3,71.0,12.6,18.4,21.4,62.2,49.9,54.9,10.3,20.6,38.7,75.6,54.1,23.8,50.5,43.8,32.9,35.8,35.8,64.9,13.3,9.9,13.2,47.5,42.1,53.3,91.2,16.9,73.4,32.6,66.0,34.7,40.9,97.6,31.5,82.7,27.8,34.5,52.4,62.7,55.3,65.3,18.3,54.7,66.6,8.1,13.1,61.5,26.0,24.2,39.0,64.3,77.8,20.9,47.5,21.9,19.7,53.0,66.2,23.8,26.3,60.8,61.3,53.5,SLC25A14,44.456,44.17818181818182,0.9937507157230029
209674_at,38.9,42.5,30.9,12.5,32.3,27.1,43.8,32.2,23.9,5.5,38.9,47.4,23.9,21.1,17.9,50.1,16.7,12.5,26.5,6.4,29.7,40.0,35.5,15.2,31.9,21.5,8.5,36.9,35.0,1.5,2.5,31.3,6.9,45.8,34.5,17.8,1.4,31.0,49.9,41.1,22.0,51.5,24.8,12.2,11.0,4.4,18.5,33.3,39.3,12.5,18.2,43.2,56.9,28.1,33.6,28.5,21.9,31.8,53.3,22.9,25.2,23.9,23.4,40.9,28.4,18.8,43.8,40.7,3.2,3.5,25.6,13.7,30.3,48.2,4.3,35.4,23.6,27.7,28.5,30.9,29.0,42.2,25.5,35.1,43.0,37.5,4.1,20.8,4.5,4.3,31.7,3.0,25.5,31.3,14.8,4.9,37.8,6.5,6.5,38.2,45.3,30.1,26.1,9.0,3.3,CRY1,25.967999999999993,25.789090909090902,0.9931104016131742
203500_at,45.8,35.1,56.3,109.1,53.0,46.8,26.2,110.3,50.2,41.8,99.2,50.5,99.6,110.3,61.9,73.7,68.0,99.4,85.7,58.8,101.5,84.2,51.3,87.2,71.5,74.2,40.7,116.2,51.4,84.2,77.9,74.3,120.7,71.2,81.3,118.0,84.0,98.4,66.7,87.0,95.5,41.8,74.8,62.7,93.8,83.9,91.6,106.5,56.9,63.0,118.0,79.7,52.7,66.0,50.6,64.9,70.2,97.3,59.7,79.9,68.6,67.1,90.2,64.2,36.1,42.5,72.4,99.9,78.4,97.6,9.7,68.6,37.0,64.5,55.4,101.5,46.8,69.0,80.7,67.8,92.9,98.5,79.0,42.7,47.9,81.5,62.4,98.7,82.5,65.6,72.9,95.4,66.9,79.1,87.9,74.1,115.7,126.6,63.1,75.0,123.9,118.3,106.9,116.0,12.4,GCDH,75.882,75.32545454545453,0.9926656459431028
221010_s_at,110.7,96.9,82.4,139.6,147.4,95.5,162.0,198.6,119.5,136.7,262.9,91.7,65.9,237.2,126.6,156.9,97.3,270.9,117.5,94.8,145.1,163.0,101.7,138.2,102.3,121.9,140.5,202.9,102.0,164.5,148.0,88.4,114.9,133.6,158.8,93.6,150.6,120.4,151.3,96.4,180.1,73.7,70.2,280.9,95.4,208.2,101.9,98.4,146.4,150.7,85.0,122.8,100.6,100.4,108.3,84.3,83.9,188.6,83.5,283.9,44.5,169.3,143.1,179.6,206.8,90.5,140.4,154.9,98.1,127.8,218.5,80.7,137.0,119.9,189.7,99.6,91.4,108.2,177.2,82.4,148.7,185.3,71.1,121.3,104.2,155.4,86.7,94.3,237.4,156.1,258.5,107.3,144.8,136.1,99.5,111.1,176.2,161.8,155.4,133.8,244.4,151.7,59.1,111.3,170.6,SIRT5,137.09999999999997,136.05454545454546,0.9923745109740736
203177_x_at,61.3,68.1,63.7,47.3,53.0,59.0,52.3,81.4,59.2,44.2,66.4,63.5,41.6,47.3,64.3,51.0,49.7,51.0,51.3,38.5,38.1,100.9,93.3,48.5,89.9,54.8,59.4,44.1,36.5,49.2,40.5,49.7,36.3,61.9,49.5,39.8,70.4,53.3,55.2,25.8,42.2,58.9,66.2,88.0,61.6,62.0,53.0,49.4,44.1,77.1,47.9,30.8,75.0,95.1,78.4,53.4,86.0,70.5,53.9,62.7,56.6,52.5,96.6,63.4,61.2,82.6,70.2,46.7,7.2,52.8,53.9,30.0,41.0,81.1,24.5,83.4,37.8,65.9,62.2,57.5,61.3,33.2,48.5,53.0,3.9,62.8,32.5,61.8,37.0,78.6,45.1,28.1,57.0,66.3,81.4,46.1,71.1,33.7,61.1,25.6,40.2,54.7,43.1,81.5,82.9,TFAM,56.273999999999994,55.84181818181817,0.9923200444577989
212323_s_at,184.4,190.2,155.1,230.8,136.4,144.4,121.4,157.6,103.9,153.1,195.0,123.5,220.1,230.5,157.5,214.6,127.7,228.5,262.8,186.7,270.1,186.4,175.2,169.4,289.1,174.7,287.5,191.2,189.7,191.0,191.7,229.2,193.2,175.9,127.8,142.9,160.7,164.3,181.9,167.6,200.2,132.6,122.6,257.0,196.5,153.4,133.7,167.9,166.1,167.5,306.3,174.7,196.4,127.4,157.4,234.8,189.7,129.1,204.8,229.2,140.7,215.9,147.8,113.6,165.5,133.7,123.1,164.4,244.3,160.8,210.3,191.0,155.4,174.0,171.2,166.3,129.1,135.2,125.8,164.1,213.6,217.8,157.3,135.2,169.7,151.2,241.6,213.2,252.0,119.3,178.8,242.2,175.1,149.1,192.0,179.3,119.5,223.9,204.4,313.6,125.5,310.4,188.9,132.0,123.0,VPS13D,181.62399999999997,180.19272727272727,0.9921195837154082
221069_s_at,71.6,35.6,53.7,48.5,45.3,91.1,32.8,164.5,78.2,92.5,55.3,22.8,63.9,17.7,43.3,52.9,39.7,76.6,87.1,42.9,17.3,66.9,64.5,27.0,55.9,57.3,142.1,71.6,39.0,65.5,46.9,36.1,72.5,52.0,83.9,82.3,82.7,19.2,68.3,79.5,80.9,73.9,87.4,68.0,92.6,94.3,62.3,43.6,106.0,87.0,78.0,64.2,61.4,45.4,61.4,63.0,64.6,63.4,140.8,46.7,46.7,51.9,67.1,10.2,74.3,61.4,90.1,50.3,50.2,8.6,48.6,21.8,105.1,113.4,8.6,105.3,71.7,81.6,90.0,54.2,51.1,80.2,17.6,47.9,90.0,85.5,118.7,92.4,57.2,87.3,76.8,44.2,46.6,42.5,57.8,83.5,17.5,24.4,56.2,116.0,34.1,74.6,62.0,94.1,80.0,TACO1,64.85,64.33090909090907,0.9919955141235016
47105_at,114.6,61.9,110.7,139.2,127.5,144.3,144.6,78.6,150.2,119.4,117.7,144.0,143.0,170.6,143.6,126.6,203.2,148.2,171.8,145.4,119.4,119.8,79.0,148.3,56.5,141.1,141.0,159.3,153.6,74.0,68.6,105.3,169.5,140.9,121.4,146.0,119.5,172.8,110.9,142.0,115.9,141.0,167.3,66.6,151.4,87.7,137.0,165.2,125.4,160.2,89.8,156.9,112.8,110.0,150.8,135.2,112.3,109.2,141.1,56.8,112.2,167.0,109.2,129.1,85.5,179.7,112.5,123.4,117.9,150.6,94.3,100.9,141.1,86.8,131.0,99.8,144.6,111.5,92.4,150.9,123.2,159.3,170.6,204.8,166.3,145.1,131.3,108.2,132.8,112.4,83.3,78.4,116.6,123.5,147.7,148.3,131.3,232.9,124.1,22.3,101.0,262.2,141.9,205.0,117.2,DUS2,130.23399999999995,129.1818181818182,0.991920836201132
218511_s_at,156.7,156.6,121.2,159.8,139.0,116.4,124.1,173.4,129.7,168.6,234.4,166.0,154.6,193.2,113.2,166.6,162.8,146.6,134.7,135.0,127.9,116.3,111.8,167.9,101.5,137.7,150.6,142.6,163.3,155.0,156.7,132.0,177.1,132.6,114.1,128.3,136.5,155.6,123.7,142.6,129.6,138.2,111.4,195.4,140.2,170.0,112.9,134.7,110.8,190.8,207.3,146.2,121.7,88.0,168.6,156.9,148.6,137.2,105.8,171.1,69.5,132.9,143.1,154.9,106.2,169.1,143.1,118.1,98.4,181.3,202.7,84.0,112.1,137.1,136.9,135.7,124.8,139.2,135.1,142.4,131.5,136.0,129.8,138.0,147.2,162.0,180.1,128.2,134.5,83.6,163.2,160.2,137.2,156.8,151.6,101.1,172.8,191.7,217.9,193.2,170.7,157.6,166.3,170.3,121.4,PNPO,145.208,144.01636363636362,0.9917935901352792
211971_s_at,150.4,134.2,187.1,93.6,173.9,187.3,109.2,89.6,133.9,84.2,99.2,107.7,113.3,73.3,131.1,108.5,84.0,74.3,93.7,145.5,112.6,236.7,152.3,137.3,136.1,124.7,128.8,145.1,108.0,94.4,110.3,119.8,99.8,170.7,146.6,100.5,94.8,157.7,127.3,169.1,158.1,149.9,149.8,92.3,148.6,140.9,119.4,216.3,141.1,71.3,105.8,131.4,224.3,187.1,174.9,186.6,158.9,141.6,118.3,81.5,129.8,137.6,136.4,129.0,90.0,130.2,111.8,141.8,94.7,159.6,50.0,120.5,112.3,144.9,62.9,109.4,151.1,106.6,105.9,118.6,153.1,137.7,185.5,101.5,138.7,100.1,124.7,136.5,80.6,80.6,130.3,105.2,179.9,188.1,131.3,161.7,136.7,146.7,65.8,115.3,115.8,81.6,144.6,85.4,137.6,LRPPRC,128.68600000000004,127.60909090909094,0.9916314976694505
212175_s_at,146.7,154.3,159.2,143.7,163.0,168.0,175.3,170.6,136.3,150.7,147.3,126.5,137.6,144.5,159.6,159.9,152.5,162.4,117.8,198.9,138.7,154.4,120.9,126.8,196.9,135.8,122.9,169.8,131.9,166.5,146.7,144.8,194.3,178.9,180.1,152.9,167.0,186.5,127.4,113.3,179.1,125.0,106.6,166.5,170.3,165.9,149.8,182.7,139.8,110.4,118.7,158.0,187.8,165.2,176.1,167.1,180.9,168.2,110.6,143.2,140.6,148.0,188.5,126.5,136.3,139.9,139.5,150.2,149.2,134.4,157.5,140.7,154.8,105.2,155.8,149.8,129.4,174.8,125.6,131.1,167.9,139.9,145.5,160.8,153.4,171.6,147.6,168.3,124.9,117.5,160.0,155.2,169.3,170.6,192.6,142.8,190.8,144.4,164.1,159.6,146.6,130.4,136.6,145.0,154.8,AK2,152.548,151.16000000000005,0.9909012245326064
218288_s_at,71.5,58.3,57.9,21.6,75.4,85.2,65.6,49.1,89.4,78.8,67.6,92.9,59.0,58.0,63.1,69.6,50.2,82.0,57.8,89.0,61.7,73.9,89.4,63.1,72.9,48.4,87.5,76.6,58.1,73.6,59.4,63.6,93.8,100.8,73.9,49.6,71.5,62.1,71.5,79.6,69.6,97.1,78.4,73.9,70.6,60.3,51.1,60.0,78.4,34.9,29.7,74.2,94.0,76.6,93.8,88.0,68.9,94.3,76.4,82.0,87.9,87.0,66.4,62.1,52.7,65.1,72.7,84.5,37.2,58.5,15.0,57.2,50.2,83.9,76.8,23.0,79.3,69.9,67.6,70.9,55.2,66.0,54.8,49.8,82.1,47.4,66.8,66.5,27.8,25.3,70.2,75.7,72.4,122.3,58.0,67.4,109.5,116.1,41.8,44.3,100.8,26.4,73.4,54.4,136.6,CCDC90B,68.946,68.30545454545458,0.9907094616867488
203366_at,75.1,107.3,132.0,99.7,125.6,77.2,98.2,88.5,94.8,86.9,72.8,106.1,111.5,68.3,111.0,102.4,103.8,149.4,163.2,122.0,87.7,78.3,69.2,87.5,84.6,102.1,74.3,95.7,154.8,106.2,95.0,70.8,95.8,70.1,75.8,112.1,79.3,110.3,100.8,105.9,82.7,84.9,95.2,88.0,84.3,85.7,68.8,102.9,85.0,59.2,91.7,148.3,68.8,96.9,48.1,68.7,68.4,108.0,101.2,26.0,102.3,85.8,140.3,91.4,108.7,99.0,122.0,92.5,137.2,176.1,36.5,127.0,88.9,118.1,113.1,93.9,83.2,80.0,115.0,76.5,142.8,88.6,140.4,60.1,103.2,80.7,108.6,104.0,47.0,11.3,58.4,105.3,101.5,93.1,151.9,76.6,100.1,59.3,105.0,55.2,103.6,36.7,157.6,115.4,98.3,POLG,95.77600000000001,94.87818181818184,0.9906258542660148
217860_at,383.9,282.0,267.2,309.4,286.8,368.9,311.1,147.1,270.3,213.5,273.5,159.8,304.1,178.0,332.1,221.0,261.5,300.1,141.8,358.8,276.3,277.4,263.3,318.7,310.9,340.5,260.7,262.4,454.0,393.6,291.5,420.4,368.3,325.1,414.0,371.6,317.3,330.4,293.6,319.8,488.6,320.0,292.2,271.0,462.4,307.1,337.9,397.0,282.3,273.5,211.8,342.9,419.7,437.3,316.3,401.9,361.1,326.9,396.8,292.8,284.2,336.7,366.2,358.0,252.2,339.2,364.1,382.8,317.6,330.6,205.3,323.3,240.6,430.7,206.5,309.7,288.6,349.7,212.6,333.8,296.9,259.5,523.8,253.1,252.8,198.9,300.7,215.9,210.9,182.3,382.3,235.2,291.9,469.4,226.4,321.0,294.4,259.6,289.9,305.7,158.7,190.6,337.3,351.1,242.8,NDUFA10,308.25399999999996,305.2909090909091,0.9903875021602612
207200_at,14.9,11.2,16.0,20.1,5.7,8.7,11.3,19.1,10.7,13.2,13.7,16.9,4.6,10.7,27.1,17.1,8.4,9.0,44.0,5.8,14.6,7.2,19.2,10.8,8.4,2.8,10.1,10.4,3.1,5.2,13.1,12.7,17.3,9.9,10.4,27.5,16.2,11.8,13.3,10.5,3.3,12.3,7.9,14.9,31.6,78.0,4.3,9.4,13.5,5.7,46.2,4.1,2.1,3.2,10.1,10.3,10.6,7.3,2.2,21.6,2.3,11.6,4.8,9.7,8.1,10.1,24.3,14.3,15.1,8.5,36.8,2.6,21.7,2.4,3.9,5.3,8.8,14.1,5.8,28.0,14.4,9.8,14.5,45.9,6.0,13.4,11.3,22.2,16.4,37.1,41.8,14.5,4.6,10.3,4.5,22.2,19.6,8.0,7.8,4.2,14.3,12.0,13.9,32.0,9.3,OTC,14.071999999999996,13.925454545454542,0.9895860251175772
218949_s_at,70.6,43.8,65.9,47.8,64.2,64.6,67.7,55.2,90.2,26.9,71.7,28.1,55.5,72.7,79.8,51.7,68.3,66.1,80.1,55.2,38.7,64.3,47.1,67.4,29.5,47.5,38.0,115.5,51.3,27.5,40.5,52.8,32.6,63.9,76.5,42.6,74.5,50.4,70.8,63.4,50.7,48.0,60.0,61.6,57.4,100.2,39.9,72.4,42.8,35.5,9.2,44.6,63.4,51.2,47.7,66.8,50.6,62.3,55.5,50.7,30.8,65.1,51.3,40.9,53.1,40.0,55.9,76.8,65.9,44.1,61.3,65.5,33.7,48.8,31.5,41.8,57.6,41.7,69.5,36.8,72.7,40.1,63.2,59.1,81.2,44.5,156.8,55.3,38.7,47.1,102.1,64.3,32.4,79.6,64.7,52.0,74.6,62.9,71.1,62.9,100.2,114.2,43.9,39.3,5.5,QRSL1,57.788000000000004,57.13636363636362,0.9887236733640827
200690_at,60.8,10.0,87.0,49.4,75.2,80.8,71.8,40.5,77.9,66.1,56.7,85.8,79.1,79.2,91.2,72.0,5.6,48.2,12.9,50.5,60.3,84.8,114.2,86.1,83.9,50.1,52.0,49.3,54.7,45.3,29.8,9.3,119.7,15.5,48.0,15.3,59.6,65.0,104.2,66.0,8.2,52.0,94.0,33.2,77.1,106.5,63.9,72.2,32.3,69.9,113.6,57.3,71.4,14.5,40.8,79.3,44.9,78.3,80.5,85.5,50.0,63.1,22.4,62.0,113.0,105.9,48.5,6.5,31.7,50.3,17.7,66.0,48.0,31.9,35.2,27.8,78.4,81.0,51.8,39.1,40.3,117.5,66.1,85.7,90.8,67.1,9.2,72.9,109.5,113.5,76.8,21.0,19.9,86.6,99.4,60.6,81.4,46.0,15.5,11.1,46.3,93.2,64.0,55.7,40.5,HSPA9,60.46199999999999,59.763636363636365,0.988449544567437
213835_x_at,180.9,89.3,142.9,79.6,149.0,104.5,126.7,160.5,188.8,210.6,90.6,175.1,91.4,163.7,136.1,124.9,134.6,145.9,166.4,45.3,42.2,123.8,51.3,118.6,116.9,105.4,91.7,135.6,93.2,119.0,54.3,89.4,73.4,84.9,123.7,124.3,89.6,109.7,115.1,90.3,98.1,85.4,80.2,64.4,85.2,113.4,108.7,66.4,75.1,79.4,142.6,69.1,73.2,52.3,98.8,51.5,84.2,73.6,134.0,112.6,102.3,114.8,130.3,120.9,90.9,118.4,129.8,139.8,157.8,150.7,116.5,110.3,96.9,106.5,18.5,91.9,96.2,109.9,83.8,114.0,110.5,97.9,100.0,80.8,92.3,117.6,109.2,87.3,105.6,47.1,67.1,86.4,162.0,90.7,126.1,116.0,139.6,202.5,184.7,103.1,175.3,141.6,113.1,60.1,187.7,GTPBP3,110.31,109.0254545454546,0.9883551314065324
201761_at,74.0,111.5,83.7,38.9,136.7,68.1,79.6,115.2,164.3,60.1,60.4,45.9,91.3,63.4,81.3,39.0,16.1,22.0,66.9,61.5,90.0,73.5,169.4,39.8,157.9,83.1,70.5,81.2,82.1,80.2,71.7,67.9,100.7,105.1,92.4,59.7,91.1,48.5,27.5,115.0,94.5,79.8,105.4,146.0,64.1,131.0,114.8,169.0,111.1,45.2,113.6,108.9,178.1,148.0,136.0,120.3,129.8,22.4,49.8,6.0,61.5,95.7,81.5,175.3,108.4,183.4,79.7,93.1,8.4,61.3,119.3,71.0,101.4,121.8,53.5,131.7,96.2,119.8,80.0,94.0,118.5,123.6,75.5,36.7,122.7,98.8,50.2,110.7,16.7,35.3,80.8,11.1,40.3,85.7,144.9,18.9,12.4,33.6,104.2,90.1,19.2,42.7,98.3,59.2,33.6,MTHFD2,84.96199999999999,83.88363636363636,0.9873076947769164
204493_at,180.6,176.2,213.5,134.5,150.2,109.0,186.6,118.6,170.1,170.4,152.3,213.0,168.2,122.2,226.3,135.0,142.9,99.3,147.5,163.2,99.2,167.9,188.5,138.6,113.2,130.7,143.0,83.4,180.6,164.2,181.9,182.9,144.2,164.7,168.6,157.0,182.7,165.3,179.5,152.1,135.4,206.1,160.5,113.1,159.3,99.4,203.8,118.9,130.8,155.6,118.5,134.9,159.9,211.1,153.4,123.5,163.6,131.9,132.4,100.2,355.8,94.7,149.3,141.2,185.2,208.6,112.1,230.2,156.9,87.1,108.6,167.1,173.7,72.9,178.5,180.4,186.8,181.4,173.0,121.0,124.2,105.6,165.0,205.2,194.6,57.0,138.1,168.3,135.5,161.8,184.4,134.5,128.0,146.4,168.0,180.6,164.1,157.7,127.0,156.8,80.9,197.1,191.5,108.8,141.2,BID,155.01399999999998,153.0218181818182,0.9871483748681938
221675_s_at,390.5,605.3,377.1,653.1,239.8,735.2,412.5,639.7,503.8,424.8,1040.0,518.0,288.1,984.2,557.3,914.9,273.5,367.4,316.8,830.3,563.6,506.3,532.0,474.9,682.1,638.4,688.7,502.6,476.4,1317.6,671.9,509.0,866.2,602.8,717.0,508.4,771.1,822.1,381.7,495.3,450.5,268.6,234.1,660.0,853.0,525.3,834.0,600.9,759.5,538.2,967.9,457.8,719.8,408.7,493.6,326.3,651.7,521.0,474.4,1399.8,348.4,553.1,1001.6,813.8,544.4,259.3,413.9,470.9,611.7,921.4,432.5,428.6,317.7,376.3,331.6,503.8,287.3,255.1,378.9,485.4,476.6,431.1,813.1,677.6,416.0,426.5,627.7,619.8,607.0,571.2,572.1,1126.4,642.6,418.6,480.5,444.9,1049.5,843.4,790.7,1231.6,523.7,501.7,502.8,657.5,421.0,CHPT1,590.4899999999999,582.3690909090908,0.9862471691461174
219792_at,59.7,57.9,39.3,19.4,80.5,60.4,41.8,90.2,43.6,79.0,33.8,83.3,46.6,56.9,20.8,54.6,62.0,24.1,70.1,73.5,53.6,85.5,63.4,48.4,38.2,11.4,56.4,72.2,10.1,97.1,37.9,45.4,40.0,31.7,66.3,38.6,52.5,72.7,45.8,50.8,48.9,45.1,34.6,70.0,42.8,25.0,52.8,39.6,44.4,71.0,35.8,25.1,28.6,16.3,43.2,20.7,17.8,45.8,68.2,36.4,48.0,36.0,57.6,23.5,74.0,73.3,60.0,44.7,9.7,62.0,115.8,90.9,68.3,74.6,17.8,44.9,60.3,56.0,59.3,27.2,56.7,75.7,54.2,34.4,22.5,51.3,30.1,37.3,70.7,53.3,66.7,57.6,36.1,38.1,49.3,40.7,73.1,87.6,50.3,89.3,52.0,92.2,32.1,103.3,12.8,AGMAT,51.79400000000001,51.07636363636364,0.9861444112515664
218375_at,108.5,123.1,109.5,58.5,113.6,99.1,98.7,123.1,106.0,108.2,71.3,148.5,79.9,103.1,76.9,108.0,95.7,102.4,101.4,93.1,79.2,116.1,71.4,30.2,65.8,104.0,112.3,105.6,105.1,65.2,19.6,81.3,115.5,64.5,86.0,85.8,116.4,89.3,174.4,51.2,105.4,126.6,66.0,117.0,88.1,118.8,85.9,77.7,138.1,57.9,113.8,102.4,110.1,45.6,117.8,118.3,95.7,57.6,109.4,78.1,88.8,67.7,101.8,83.9,95.5,94.5,154.6,108.9,109.7,92.5,84.9,101.7,99.4,87.0,87.3,69.6,97.2,67.2,39.2,104.6,93.9,86.2,82.8,72.7,136.5,95.3,20.6,68.0,17.7,40.0,80.9,131.1,74.7,115.8,115.3,152.5,135.4,114.7,127.3,111.5,64.2,96.2,137.0,89.0,106.6,NUDT9,94.98,93.64909090909089,0.9859874806179288
201432_at,1115.6,1499.6,1486.4,1805.1,846.7,1609.7,1923.2,855.6,1303.6,1165.5,2332.0,553.0,2323.9,874.5,1037.7,2324.0,890.3,542.6,881.7,2408.3,3287.8,987.6,1745.1,1776.7,1690.6,1060.7,1311.0,1167.1,1479.2,1971.9,3342.0,1632.1,2290.7,1728.0,2447.5,3450.7,1429.2,1230.4,1076.9,2079.9,1767.9,1363.2,1218.8,1740.3,2265.6,2274.2,2805.7,2089.2,2052.7,1955.5,1549.1,1855.3,1908.0,1704.0,1587.2,1462.6,1233.4,1269.8,993.2,1393.2,1958.0,1444.7,1772.0,1819.0,1775.3,1852.0,1877.3,1610.0,1833.5,1540.6,1690.1,1120.3,1379.2,1463.3,1979.7,1384.5,1390.8,1563.0,1488.0,1237.9,2030.6,1434.5,1600.3,2029.6,1207.7,1322.6,1212.2,983.5,1710.3,1491.4,2863.4,1766.0,2134.9,2450.8,2485.7,1983.4,2292.0,1366.5,2001.8,2252.8,803.8,1845.4,1997.2,1791.4,1402.6,CAT,1689.9439999999997,1665.370909090909,0.9854592276968404
1861_at,9.9,11.6,42.6,32.8,16.6,27.9,28.5,9.1,7.6,27.5,11.2,20.8,37.2,12.0,38.9,11.2,9.4,5.6,15.7,14.1,56.1,19.5,14.6,52.2,40.6,32.0,46.7,75.5,58.2,27.9,46.9,36.2,17.7,46.8,38.0,10.9,8.8,7.9,20.5,32.1,48.6,42.6,5.1,56.3,42.0,6.2,45.9,42.5,34.9,61.1,12.2,60.5,4.6,29.6,27.3,4.9,52.5,18.8,35.0,70.7,32.5,6.7,41.5,13.5,27.8,47.0,37.7,36.3,40.4,25.6,9.6,24.1,35.4,66.6,59.7,27.8,23.6,7.6,9.0,30.1,7.2,37.5,6.1,42.4,10.8,26.6,7.7,44.4,12.6,12.7,37.8,57.8,11.1,46.9,29.9,62.2,13.5,18.8,7.8,43.2,48.1,44.9,22.3,6.1,10.4,BAD,29.289999999999996,28.861818181818183,0.9853812967503649
216202_s_at,71.9,54.5,68.5,10.2,3.5,7.7,53.4,43.3,80.0,55.3,23.9,5.2,76.0,7.1,62.6,8.9,3.9,4.5,64.6,57.0,60.6,52.1,42.8,22.5,20.4,29.8,59.4,58.4,80.6,13.3,79.6,32.0,7.4,59.5,41.8,14.8,59.8,40.0,19.7,16.9,60.7,34.3,53.5,4.2,47.8,31.3,47.3,48.8,8.2,14.1,6.1,30.6,42.0,18.0,40.7,23.4,26.6,27.2,33.7,7.8,65.6,61.8,50.7,30.2,18.3,77.7,28.2,76.2,15.9,5.9,35.4,44.2,63.7,22.1,41.5,65.3,60.1,52.5,7.5,68.9,37.9,29.0,58.1,22.7,61.4,27.7,11.0,30.2,74.1,13.6,42.4,4.4,81.6,36.7,62.5,58.2,9.7,62.8,20.7,5.9,12.8,16.2,45.3,95.9,16.1,SPTLC2,38.471999999999994,37.903636363636366,0.9852265638291842
217751_at,472.3,471.6,332.5,462.5,601.3,681.8,495.1,878.3,410.6,366.2,400.2,312.1,437.2,783.5,483.7,481.6,738.1,666.0,508.7,655.9,545.8,562.1,277.0,592.7,450.5,509.3,460.1,524.0,647.3,565.4,464.5,314.0,647.2,529.7,537.7,493.9,709.7,537.1,531.0,506.7,456.4,414.8,332.8,429.0,702.0,456.9,566.0,505.8,454.7,342.2,625.9,575.6,515.9,461.7,480.2,517.4,576.8,463.4,491.1,475.0,358.2,524.0,550.1,441.3,478.0,524.8,512.9,591.2,477.5,481.2,491.0,562.6,351.2,548.6,482.5,585.3,464.2,628.4,441.5,544.7,552.6,489.3,581.4,483.3,445.5,476.3,601.0,366.3,378.1,419.0,500.1,452.6,716.9,494.0,428.6,443.3,352.4,484.2,449.8,528.1,523.2,499.2,510.9,778.5,674.3,GSTK1,514.1100000000001,506.38363636363636,0.9849713803731424
207583_at,5.8,36.7,21.9,13.7,8.9,35.0,17.1,3.8,13.9,5.0,23.1,2.5,11.1,6.2,4.3,23.8,4.1,20.9,3.1,13.3,4.7,29.0,11.7,34.0,26.7,25.1,27.8,35.2,4.0,35.9,1.9,4.6,4.6,2.6,14.1,12.4,42.1,33.4,39.9,3.6,41.6,13.8,20.1,6.1,31.2,49.3,6.2,16.0,2.3,3.3,3.5,29.1,16.0,16.8,21.9,29.9,22.2,34.1,19.2,5.9,13.0,39.7,2.5,22.0,46.1,2.2,48.7,8.2,4.9,11.5,6.6,18.6,42.5,34.1,10.8,37.5,18.5,14.2,17.3,17.8,10.4,16.2,2.2,15.9,23.9,3.0,3.2,4.5,2.0,31.8,3.6,37.5,3.0,5.6,6.8,4.5,53.3,15.6,5.6,3.4,3.8,41.5,1.1,9.2,6.0,ABCD2,17.148,16.889090909090907,0.9849014992471954
220865_s_at,90.9,107.7,90.7,84.1,106.3,64.5,60.4,104.9,98.0,103.4,84.4,98.2,73.8,75.2,134.3,104.3,76.8,93.1,65.1,84.5,62.4,67.7,79.5,70.4,62.1,120.2,81.9,71.9,73.8,108.0,74.2,111.1,92.1,68.2,74.2,88.4,76.8,32.0,47.5,93.5,57.5,82.6,80.4,64.3,56.0,80.9,57.5,75.1,63.4,40.1,80.9,54.9,57.6,53.8,63.9,100.3,87.9,60.9,84.4,95.2,69.0,110.1,78.5,70.5,68.6,82.0,124.7,73.6,59.6,33.0,89.6,81.9,86.5,97.3,66.0,75.1,63.0,111.6,49.6,95.8,81.1,79.7,70.0,71.7,72.2,107.4,51.7,84.6,40.9,43.2,57.2,31.8,66.1,104.0,109.9,146.3,80.9,116.7,64.1,68.5,113.1,102.4,82.9,61.8,112.0,PDSS1,80.286,79.0181818181818,0.984208726529928
203685_at,158.9,127.8,234.6,124.6,115.3,293.8,123.2,142.7,125.7,111.3,139.2,155.2,180.1,110.5,171.3,175.4,88.1,151.5,126.2,207.1,200.8,232.2,114.5,234.4,259.5,226.1,136.4,151.6,145.3,120.9,131.7,264.2,148.4,151.0,229.0,215.2,72.5,152.7,194.5,278.1,211.1,221.1,140.8,105.6,263.4,246.4,169.0,196.1,199.3,105.2,145.7,169.8,256.0,259.5,228.6,282.3,215.2,108.0,171.2,96.2,177.5,211.0,156.0,296.7,135.5,104.3,213.0,188.7,108.7,146.0,106.7,158.9,127.8,156.1,145.8,156.0,218.1,133.9,115.8,165.5,258.1,202.2,327.6,133.9,107.7,187.7,71.9,106.3,102.7,151.1,192.5,151.7,210.6,241.3,143.8,203.8,169.1,138.0,100.0,168.3,129.4,98.6,281.3,112.7,142.0,BCL2,171.59,168.85090909090908,0.9840370015205377
219137_s_at,120.3,119.7,132.0,80.9,115.2,116.3,115.1,133.3,133.3,97.1,131.2,108.9,117.1,140.3,64.5,154.7,82.2,107.2,75.5,130.7,120.4,135.0,118.4,147.0,178.4,186.6,99.6,158.3,102.0,89.8,91.1,168.7,135.4,122.7,116.7,114.2,104.2,126.5,119.8,151.4,139.8,86.0,147.7,114.3,86.9,106.8,103.7,94.8,99.1,96.1,78.6,148.3,127.1,88.6,142.1,109.2,109.3,129.9,139.6,112.7,118.2,142.1,161.1,122.0,112.0,132.8,144.4,127.1,68.8,152.7,141.5,135.1,145.1,118.2,98.3,153.0,108.7,151.7,141.5,131.2,114.1,107.8,151.0,102.0,110.7,102.0,123.2,83.1,136.8,70.3,89.8,134.6,76.0,121.5,114.2,117.6,125.2,63.3,124.5,132.5,82.2,45.9,130.6,89.1,87.0,MFF,118.738,116.83454545454546,0.9839692891453913
209329_x_at,394.3,432.7,349.0,492.1,279.1,561.8,403.0,561.3,422.5,264.2,409.6,276.4,604.5,512.5,468.5,371.1,627.4,688.3,603.6,569.0,540.2,511.3,518.0,521.2,441.4,626.4,378.4,531.5,556.7,480.8,500.1,499.8,504.8,480.4,561.5,540.2,560.1,367.4,477.1,487.3,709.5,464.6,585.7,562.9,469.0,572.6,508.4,463.0,418.8,440.5,450.3,577.5,683.2,629.5,649.4,471.6,617.6,584.3,563.0,335.6,356.0,356.3,556.4,427.7,358.1,507.7,632.3,338.9,458.4,441.3,355.2,398.9,614.5,433.1,446.3,518.0,496.8,403.3,521.6,435.6,550.4,617.9,569.0,453.5,388.6,544.7,448.8,526.1,381.9,345.7,460.3,427.6,533.8,672.9,302.1,460.7,428.9,335.6,462.2,514.4,403.2,480.4,532.4,594.4,517.1,HIGD2A,491.4099999999999,483.1090909090909,0.983107976860648
202471_s_at,133.1,101.2,125.8,160.4,132.6,80.9,123.3,193.8,116.4,175.0,117.3,121.6,155.6,193.1,163.6,147.8,326.3,246.8,278.8,175.9,141.9,121.4,70.6,162.5,116.4,120.9,136.4,133.8,91.6,98.5,97.1,136.6,175.1,125.9,134.2,114.6,133.0,123.8,89.3,73.1,150.5,94.0,128.7,117.0,148.4,132.5,161.1,160.3,131.5,163.6,157.8,147.1,163.7,179.8,122.0,125.4,132.9,174.2,120.7,110.9,80.2,156.1,117.5,94.7,146.2,129.7,114.6,116.0,145.0,132.6,90.2,214.6,158.9,157.2,112.9,168.9,170.7,118.2,132.5,137.4,171.7,90.5,162.2,165.4,111.9,141.7,198.8,163.7,15.1,110.9,143.8,105.8,145.4,103.3,153.3,107.8,139.6,185.1,139.6,99.5,105.7,210.8,124.5,164.7,232.4,IDH3G,141.07200000000006,138.5781818181818,0.9823223731015491
221478_at,332.1,645.2,214.3,197.9,286.0,537.2,289.7,636.7,288.5,295.0,763.9,363.7,336.3,579.9,251.9,453.8,101.5,173.6,109.4,250.3,384.9,606.7,448.9,222.7,707.8,321.0,526.5,169.8,214.5,974.7,249.9,278.8,462.8,527.1,391.6,280.2,242.5,322.9,394.2,435.3,226.3,326.4,280.2,316.3,606.0,338.5,538.9,445.0,994.7,274.4,922.1,223.4,776.6,499.6,766.8,242.1,381.3,313.8,358.4,468.3,545.1,189.4,475.2,452.7,691.6,454.1,304.5,435.7,496.3,595.9,256.7,154.1,209.7,316.6,325.8,640.3,311.6,327.4,167.2,310.5,352.0,211.6,719.3,174.8,238.3,313.5,149.9,276.3,401.6,326.0,314.1,743.2,496.2,232.5,293.0,301.3,621.5,457.4,230.6,770.1,155.7,206.4,238.3,85.6,274.5,BNIP3L,392.32800000000003,385.390909090909,0.9823181345479012
208845_at,637.9,688.1,796.8,756.6,853.8,1043.1,763.4,444.3,776.6,653.5,666.8,632.6,648.4,488.2,667.6,654.4,614.2,563.3,532.2,706.8,729.7,649.9,658.9,731.7,600.4,586.1,659.1,644.1,575.8,636.6,623.7,580.9,717.1,784.0,700.3,654.0,591.6,516.2,680.9,648.2,682.7,772.4,817.1,607.4,869.3,732.4,744.9,962.9,728.3,572.6,634.8,679.9,870.6,809.5,746.8,786.1,861.7,755.2,765.7,664.1,749.4,770.6,752.8,736.4,692.2,697.4,638.0,697.3,542.3,451.1,496.2,542.0,646.2,944.0,497.9,630.9,681.4,764.2,616.8,717.1,737.6,750.5,688.7,747.4,857.0,825.7,677.1,610.2,573.4,443.8,694.1,575.3,553.8,793.3,567.8,530.4,554.7,511.8,551.8,584.3,467.5,449.2,690.7,954.6,485.3,VDAC3,680.956,667.5381818181818,0.9802956164835639
214241_at,124.9,71.0,119.6,120.6,81.9,102.5,95.4,133.3,95.0,81.3,102.3,64.4,91.8,150.5,100.2,132.2,178.2,120.3,107.2,103.9,100.3,142.7,94.9,111.7,79.5,94.4,81.1,117.4,81.1,102.7,94.0,99.4,101.9,112.8,85.7,110.6,73.3,103.0,91.5,115.4,85.6,85.6,116.0,122.4,118.7,113.0,74.1,90.5,83.8,107.4,93.8,73.7,95.7,78.3,96.7,103.5,90.5,84.5,102.0,101.8,90.1,119.2,141.8,112.7,73.0,66.0,126.3,64.2,95.5,102.5,115.3,102.1,82.1,108.0,96.7,104.7,62.1,114.1,106.4,80.0,93.6,111.7,163.1,60.5,86.0,106.6,91.3,102.4,149.8,59.5,126.1,123.1,87.8,82.2,111.8,99.9,139.6,104.6,96.8,133.6,142.0,77.8,133.9,107.8,95.8,NDUFB8,103.34,101.28363636363638,0.9801009905519292
218321_x_at,192.7,285.6,158.2,159.5,210.4,160.0,257.2,220.2,144.5,216.3,203.0,240.8,179.3,286.9,211.0,262.7,222.5,170.8,251.0,215.2,312.6,214.1,190.4,178.8,188.2,241.4,306.3,284.7,111.9,240.2,196.7,281.9,307.4,175.6,164.8,187.2,178.1,157.5,228.0,152.0,314.8,99.2,150.5,172.4,157.0,252.2,170.4,180.9,233.3,213.1,186.0,262.3,178.3,135.4,144.1,281.9,201.6,174.5,221.8,259.5,115.9,170.0,182.4,292.3,207.9,238.7,223.0,161.5,187.3,196.5,189.2,222.3,206.3,155.5,259.3,133.5,284.1,176.3,280.1,235.2,219.4,162.6,169.6,218.3,229.6,221.1,210.2,173.8,318.9,170.6,214.5,302.2,205.1,173.5,283.0,90.2,255.3,280.6,167.1,188.9,200.0,262.9,149.7,153.3,123.4,STYXL1,209.78799999999998,205.57272727272735,0.9799069883536111
214231_s_at,29.2,22.4,19.8,22.6,20.8,7.5,15.9,75.2,45.2,6.7,18.8,4.1,11.1,20.4,10.8,28.2,24.8,34.9,3.7,26.9,27.8,36.7,27.5,14.6,4.8,40.1,6.4,29.7,29.7,23.2,21.6,36.6,30.2,20.9,23.9,7.8,40.1,29.9,3.7,13.3,25.3,27.0,19.7,20.8,20.0,40.8,26.1,21.8,15.7,8.6,14.3,19.3,13.4,26.9,15.5,26.8,18.2,14.3,14.9,45.8,5.7,12.4,20.8,24.3,0.7,15.4,11.4,31.8,18.5,22.5,46.4,24.6,9.3,36.7,27.6,28.0,19.2,25.7,13.0,21.6,33.6,18.9,49.2,28.8,22.0,11.9,14.7,19.9,13.5,66.8,11.6,28.5,12.0,12.0,5.2,15.5,7.2,49.1,4.8,38.3,47.9,25.5,37.9,7.9,24.2,VWA8,22.866,22.398181818181826,0.9795408824535041
208002_s_at,51.3,56.5,64.9,34.8,87.7,71.1,90.7,54.4,43.6,68.4,44.2,60.8,58.4,68.5,39.9,64.4,79.7,15.6,70.0,53.3,97.7,42.9,46.5,80.3,2.9,56.4,25.8,79.8,60.8,42.3,29.2,18.8,54.3,30.3,45.7,43.4,49.3,19.6,77.0,40.4,57.9,46.1,28.4,54.2,30.9,68.2,28.6,38.7,35.8,31.1,4.9,63.0,31.3,54.4,39.6,40.3,30.8,37.1,38.8,68.9,26.3,51.2,81.5,35.2,44.2,23.7,53.0,39.6,27.7,41.3,65.1,49.9,41.9,120.2,52.8,60.5,49.9,9.6,57.2,19.6,57.3,20.5,37.9,76.0,56.3,57.7,62.3,64.1,55.8,98.5,45.1,8.4,34.3,47.2,42.3,50.5,84.2,10.8,59.6,4.2,103.4,73.6,84.7,48.4,95.7,ACOT7,50.82999999999999,49.787272727272715,0.9794859871586213
218328_at,18.4,42.3,20.4,39.0,36.6,30.0,24.7,47.7,35.2,23.6,9.9,17.7,43.6,63.1,26.8,32.8,46.1,28.9,29.1,55.5,16.2,7.4,28.4,36.3,19.8,43.7,3.1,43.9,55.1,25.8,67.8,4.9,56.7,20.8,8.8,9.3,3.7,18.8,15.2,28.6,11.8,6.1,8.4,5.4,24.7,12.1,4.2,55.2,31.0,26.0,21.4,24.1,45.9,16.2,40.1,18.3,17.2,25.1,16.4,13.5,23.0,37.1,27.9,67.1,49.1,3.9,8.5,22.8,6.2,15.5,30.7,13.6,25.5,5.8,8.1,21.0,4.3,44.2,26.0,20.8,10.1,22.9,31.1,42.0,16.4,74.0,9.2,8.6,73.2,10.2,53.8,51.1,24.1,8.0,39.6,3.9,10.3,30.7,17.8,66.2,56.0,11.2,24.6,4.1,78.3,COQ4,27.411999999999992,26.849090909090904,0.9794648660838652
218049_s_at,33.9,48.9,46.2,31.3,33.9,49.0,33.7,52.7,43.1,21.0,29.8,45.5,42.4,86.8,40.9,35.8,20.8,33.3,39.5,29.5,58.7,32.2,42.9,20.4,40.8,69.9,26.3,13.4,29.9,25.7,35.5,31.4,25.6,59.4,26.3,41.4,25.7,3.4,15.3,23.8,15.0,7.8,4.1,45.2,54.1,22.9,18.7,34.1,52.0,43.5,66.7,7.7,42.1,41.5,41.5,20.8,34.7,7.3,3.7,67.2,36.7,22.2,78.8,46.7,21.1,33.2,36.4,37.9,43.5,28.9,58.0,49.1,36.3,44.6,29.5,32.7,31.4,50.8,34.4,25.3,43.3,21.1,31.0,6.9,23.9,24.8,69.0,8.1,58.4,8.2,4.0,6.6,51.8,26.6,25.5,24.4,63.9,5.8,18.8,54.2,88.3,51.5,24.1,7.3,19.0,MRPL13,34.868,34.130909090909086,0.9788605337532719
209445_x_at,104.8,103.5,81.7,46.8,109.4,103.2,86.4,103.5,74.7,119.2,57.1,137.1,97.0,70.8,99.5,142.7,80.7,98.7,132.0,78.4,62.1,128.0,117.8,54.7,57.3,46.4,54.2,72.7,93.7,101.7,95.7,90.1,62.9,85.3,92.9,85.8,116.8,58.2,103.8,89.2,73.4,76.6,84.1,95.4,68.2,93.4,69.6,71.7,71.9,121.9,70.5,80.4,88.9,57.7,98.4,104.5,91.0,101.4,140.4,76.4,88.3,68.7,82.6,56.7,73.6,84.1,80.4,97.8,54.6,82.1,60.3,100.1,85.6,110.8,103.0,104.3,104.0,62.8,105.9,93.7,111.1,67.0,136.0,55.9,77.2,90.0,98.2,64.5,75.1,81.0,63.5,97.0,140.5,80.2,5.3,122.5,120.9,59.7,146.6,147.8,88.1,94.8,83.5,33.0,13.7,COA1,88.45399999999998,86.58363636363637,0.9788549569678747
221957_at,202.2,158.4,142.9,191.9,182.5,171.6,167.4,150.8,170.5,242.4,189.3,182.4,125.5,142.5,145.3,165.4,159.5,173.9,201.1,153.7,163.5,215.0,199.1,201.2,184.5,181.3,186.4,154.9,119.6,157.5,156.0,171.0,208.1,182.0,152.7,151.8,308.3,184.0,184.4,127.4,198.5,176.3,195.7,175.9,102.3,149.1,164.4,167.6,144.6,191.2,146.9,200.3,118.8,170.9,162.9,137.6,156.7,201.6,171.9,276.5,106.6,181.2,147.6,165.6,194.0,180.5,134.5,102.1,137.7,143.9,165.8,154.9,193.7,117.9,189.3,150.0,216.8,154.6,163.5,169.0,198.5,163.7,127.8,183.7,200.8,207.3,149.6,151.4,163.6,202.8,200.8,183.5,254.1,156.4,208.4,213.0,156.4,187.3,202.5,151.0,170.8,185.7,125.9,163.3,116.8,PDK3,173.47,169.78909090909087,0.9787807166028182
218552_at,137.7,160.8,148.6,178.0,153.9,171.0,144.6,105.8,146.7,131.0,163.9,145.1,91.2,184.0,156.3,140.3,99.7,164.5,190.5,136.6,127.7,170.2,156.4,156.1,144.2,116.4,135.3,198.9,113.1,113.3,95.1,154.5,143.6,182.9,133.8,167.7,127.0,138.2,161.5,126.3,200.2,116.3,72.4,181.9,125.5,152.7,155.6,148.9,96.2,147.3,177.2,168.4,116.8,135.4,149.9,173.6,101.1,166.8,129.7,219.7,118.2,175.7,141.9,104.1,122.9,113.4,140.9,135.5,138.3,169.6,159.0,136.5,106.6,198.5,177.9,89.1,116.8,162.8,101.3,142.6,126.5,176.4,177.2,135.0,108.9,198.5,123.9,119.4,83.0,161.4,159.2,154.1,111.1,158.4,159.1,121.9,42.8,197.6,122.3,170.2,144.4,126.5,119.2,140.2,134.1,ECHDC2,144.188,141.11818181818182,0.978709613963588
206492_at,15.3,80.3,98.3,84.6,25.5,74.8,69.4,68.1,29.9,69.3,21.5,64.7,61.9,55.7,60.1,137.8,134.6,97.5,58.8,39.0,54.6,111.7,43.6,123.5,73.2,73.0,99.6,86.5,59.1,3.3,43.4,85.8,54.0,52.4,65.2,132.4,52.0,123.9,51.6,25.1,77.3,93.8,51.5,42.6,95.6,90.0,55.0,42.5,105.0,13.6,129.8,96.0,59.6,73.7,181.2,68.9,79.7,52.3,82.9,51.2,46.2,75.0,43.0,80.2,65.8,63.8,49.4,62.6,61.2,56.4,12.8,76.6,51.7,29.2,76.1,83.3,62.5,39.4,43.8,61.8,94.5,109.3,88.7,105.8,81.8,102.0,112.0,87.6,91.9,12.3,121.7,8.7,67.7,68.7,47.2,62.1,74.2,10.4,81.5,5.9,53.3,57.7,31.1,86.9,9.6,FHIT,68.558,67.06727272727271,0.9782559690666691
218153_at,152.5,100.5,147.3,140.0,204.9,155.1,211.0,110.4,160.7,150.2,190.1,186.9,233.1,173.8,221.5,142.0,222.8,209.4,211.4,224.4,121.9,196.7,170.4,184.1,170.7,203.8,159.6,206.8,180.4,203.1,206.7,160.3,170.0,173.3,152.7,173.8,174.4,188.7,176.1,168.7,208.9,237.3,186.4,156.7,160.3,90.3,123.7,177.2,142.6,133.4,67.3,228.3,188.1,186.2,144.4,181.1,173.9,207.0,223.2,143.7,176.9,191.3,198.3,116.9,185.5,212.9,202.2,168.2,160.1,205.3,133.9,243.5,197.5,189.8,132.9,186.3,230.2,159.0,201.2,152.7,169.3,157.5,235.8,124.7,194.1,146.8,156.6,182.6,107.8,159.2,149.1,81.5,126.7,273.5,200.1,187.0,14.2,82.2,102.6,100.2,120.5,207.9,277.8,170.2,253.7,CARS2,174.14000000000004,170.35272727272732,0.9782515635277781
218366_x_at,124.8,147.3,134.0,170.7,165.3,189.4,172.5,68.8,134.1,104.3,148.8,28.3,183.7,60.1,158.1,134.8,87.5,118.3,79.1,105.9,134.3,179.2,225.8,111.1,133.2,107.6,178.2,254.8,98.5,227.4,94.0,154.8,136.6,124.5,126.9,128.0,179.2,194.7,188.1,147.0,175.4,160.5,112.7,126.3,129.7,207.5,145.1,80.3,147.3,125.4,151.8,175.2,134.8,125.8,100.3,196.9,119.6,136.4,213.6,125.0,107.7,96.3,151.6,160.6,143.5,158.6,131.9,136.5,156.0,125.2,98.4,142.3,172.7,79.9,103.3,99.5,148.9,140.8,160.2,142.5,148.3,151.0,112.7,120.7,187.0,179.2,202.1,97.5,138.6,68.9,200.2,152.1,121.0,180.3,116.0,109.7,185.0,123.4,173.8,177.3,65.7,62.9,134.8,140.0,101.3,METTL17,140.998,137.91454545454545,0.9781312178509302
204227_s_at,79.9,98.4,125.0,115.8,116.2,97.0,73.3,78.2,99.5,158.9,77.7,122.9,110.0,117.6,138.3,91.0,112.4,88.1,112.6,61.8,131.0,80.6,132.6,94.5,84.8,107.3,79.3,173.2,85.7,98.6,90.5,88.1,90.3,76.1,104.3,98.6,105.8,81.6,75.1,100.2,72.1,91.4,86.9,153.2,89.7,31.7,60.3,94.5,54.0,106.9,138.7,105.2,60.5,89.7,87.7,76.4,112.2,97.8,91.0,80.4,75.9,133.4,66.7,79.8,83.1,96.2,106.2,115.6,121.7,129.9,87.6,83.1,137.2,73.8,111.3,78.2,78.7,78.3,87.5,88.5,59.9,96.1,85.5,86.7,123.1,97.0,44.6,67.6,100.8,21.4,88.0,109.6,109.9,75.2,94.9,129.3,129.4,177.0,123.7,52.8,143.7,129.0,122.1,108.1,37.1,TK2,97.86999999999996,95.72363636363637,0.978069238414595
201013_s_at,90.7,100.4,118.2,114.3,112.8,128.9,99.4,89.7,84.3,87.9,104.8,64.8,80.2,82.0,105.7,119.4,75.2,139.2,68.1,138.9,109.0,139.2,81.6,122.3,111.7,84.6,110.2,113.4,95.9,91.1,112.9,106.5,89.7,87.6,149.1,124.9,104.8,62.7,112.2,85.2,99.4,111.0,94.8,95.6,133.6,108.0,113.6,104.7,135.8,69.7,134.7,93.6,96.2,126.3,145.7,112.4,116.9,110.1,82.7,135.5,50.4,110.2,124.4,103.3,113.2,98.3,126.2,125.8,86.0,76.1,117.5,88.4,80.4,76.0,93.4,122.7,105.2,84.8,103.3,98.5,117.6,125.8,131.7,91.0,85.6,71.9,69.6,125.7,77.0,69.4,111.6,93.7,130.9,92.7,97.4,102.4,129.8,147.7,121.2,77.9,91.3,80.7,116.9,54.7,5.0,PAICS,103.314,101.04363636363632,0.9780246274816223
216304_x_at,225.6,198.2,183.7,122.4,162.3,189.0,262.3,163.9,281.1,186.9,132.3,168.6,176.0,129.7,177.1,262.7,69.8,178.9,124.9,162.5,135.4,147.0,226.5,200.7,129.4,183.2,109.8,102.8,159.5,112.5,138.0,186.9,179.3,230.1,218.0,195.1,199.1,131.7,196.7,133.3,211.3,170.3,164.5,157.6,223.8,145.2,139.3,152.1,204.9,115.4,122.5,127.9,174.5,166.5,255.7,118.1,173.4,178.9,171.4,104.3,281.9,181.4,144.0,173.3,201.3,164.5,203.4,215.9,165.8,89.6,157.4,131.3,134.0,178.0,129.3,146.7,187.5,181.5,167.5,151.5,128.8,113.7,223.7,134.2,179.4,244.6,176.9,170.6,201.0,140.2,163.4,178.0,162.1,120.1,234.4,241.5,195.9,174.8,158.0,152.1,192.0,131.9,160.4,131.6,115.7,YME1L1,171.14600000000002,167.34545454545454,0.9777935478799068
218455_at,107.1,133.1,123.4,169.7,141.0,111.9,119.6,122.4,106.2,141.5,102.9,145.1,86.8,82.8,95.4,132.3,169.6,138.0,126.5,108.0,113.9,108.6,121.0,143.4,108.9,121.7,122.9,106.6,89.1,122.4,95.7,82.4,105.8,114.4,107.2,129.0,110.2,81.0,91.5,109.0,101.9,111.1,109.4,140.3,101.8,60.4,91.2,97.2,98.2,93.8,124.2,98.5,103.1,95.3,96.1,109.2,89.1,166.7,93.7,134.4,61.0,159.9,124.1,93.4,94.5,105.2,134.5,97.4,120.6,103.6,111.7,93.4,100.8,101.3,70.1,77.7,70.5,86.5,124.2,102.9,111.1,93.8,100.2,75.2,111.2,149.1,136.6,117.0,160.2,148.6,127.1,107.4,120.0,118.4,101.0,96.0,78.3,202.6,116.3,102.0,130.4,124.7,126.4,98.9,82.9,NFS1,113.06599999999999,110.52727272727272,0.977546501399826
212228_s_at,197.3,178.9,150.6,188.5,163.7,125.3,177.5,213.2,166.0,159.2,149.9,164.6,195.0,221.4,158.0,282.4,206.0,262.1,210.9,139.9,170.5,153.2,153.0,156.1,157.7,174.0,191.7,162.1,157.2,138.6,174.8,163.4,162.6,155.3,135.1,154.1,159.4,181.5,186.5,118.0,160.4,154.6,166.2,222.5,114.4,193.0,161.0,148.7,180.8,149.2,202.1,225.1,153.5,136.5,166.8,155.1,171.9,185.2,194.6,142.5,91.9,185.3,204.1,111.8,91.7,198.4,126.5,95.6,191.1,145.3,129.9,135.3,112.8,178.4,201.4,207.4,161.5,132.7,152.5,177.2,144.2,156.4,168.0,157.9,223.6,256.2,176.5,151.0,200.5,139.9,191.2,171.7,248.2,205.1,255.6,203.4,205.6,149.8,158.3,123.5,227.7,141.6,125.9,180.0,83.1,COQ9,171.32000000000005,167.43636363636364,0.9773310975739178
214274_s_at,184.2,154.6,209.8,176.0,160.8,151.6,194.7,154.4,198.2,186.8,194.1,230.8,174.2,209.8,227.5,213.8,216.6,186.5,180.3,161.3,134.5,107.9,142.5,193.3,117.5,161.6,147.6,128.9,184.6,150.7,170.2,156.2,130.3,154.4,144.1,185.7,166.6,157.9,142.5,119.4,169.6,175.7,93.5,108.4,145.1,125.3,125.4,110.2,112.3,165.4,114.5,162.0,103.0,159.5,125.8,202.5,162.3,183.5,146.3,172.3,198.7,134.8,150.0,217.5,129.2,188.8,115.8,164.0,156.4,135.6,246.8,139.3,179.7,164.2,125.2,144.5,166.2,143.1,124.6,161.3,157.3,138.9,148.0,163.7,168.2,143.2,90.2,88.7,121.3,142.9,126.6,121.9,141.9,177.4,168.3,193.2,98.6,247.9,165.5,101.5,156.8,206.2,195.7,262.4,254.7,ACAA1,161.866,158.15272727272728,0.977059588009386
201282_at,44.8,42.5,104.9,20.8,76.1,14.2,75.8,54.4,72.1,125.6,7.5,76.9,35.1,65.9,102.5,87.7,33.6,52.9,83.2,35.1,13.3,32.7,50.1,21.8,10.6,60.1,62.7,51.6,96.5,59.3,18.3,60.6,22.9,70.4,31.7,103.5,121.3,66.8,60.4,32.3,45.1,65.0,117.2,20.1,31.9,18.8,60.3,62.5,34.8,122.6,12.4,62.3,26.3,78.4,41.3,31.1,22.9,42.6,42.1,134.2,53.5,74.2,17.5,61.7,56.1,98.7,51.8,53.1,78.0,79.7,17.6,66.8,17.5,33.8,50.9,57.1,107.7,84.2,147.2,167.5,67.1,71.9,104.7,86.0,38.8,16.4,30.1,19.6,25.5,8.4,93.0,30.4,23.6,31.0,43.0,88.5,9.1,49.8,24.3,5.9,24.1,125.0,67.3,66.6,30.4,OGDH,56.73600000000001,55.430909090909104,0.9769971286468748
203115_at,89.3,137.0,105.8,134.5,162.9,119.6,34.0,135.5,79.1,65.0,309.1,52.9,108.1,168.5,117.6,227.3,11.9,141.5,64.8,84.0,222.2,19.0,62.6,65.4,206.7,149.7,170.6,62.7,65.2,542.8,82.0,68.0,205.5,122.7,85.7,122.8,112.2,135.0,137.5,75.2,68.8,71.6,57.6,221.9,456.8,114.7,205.5,115.9,327.0,114.2,382.5,102.5,161.2,60.3,198.7,52.2,57.4,96.3,60.8,448.2,59.9,71.2,213.9,80.9,131.9,97.2,72.6,100.5,149.4,234.2,85.5,53.5,84.8,88.7,96.5,341.8,59.0,73.5,39.3,75.0,54.2,22.0,228.1,69.4,103.9,105.3,150.7,115.1,164.8,94.8,11.7,342.2,316.9,91.9,93.9,55.3,187.8,195.8,124.3,677.6,4.4,79.1,31.3,118.0,55.0,FECH,136.31799999999998,133.14363636363638,0.9767135401314309
210010_s_at,67.6,101.9,127.8,101.6,79.3,51.5,75.4,105.6,101.3,83.7,66.0,43.5,40.6,114.2,77.7,106.4,173.1,143.9,120.3,34.8,53.1,47.4,81.4,85.0,32.6,66.3,54.4,78.3,66.0,139.3,76.3,90.1,53.7,67.7,62.4,84.6,38.6,65.8,67.6,70.5,63.7,85.0,74.3,45.5,86.4,96.8,72.5,77.7,77.5,115.6,61.0,80.3,48.3,68.0,62.5,83.2,59.3,50.2,83.7,79.1,64.3,74.4,68.1,67.0,35.2,97.0,73.0,97.9,103.8,63.6,74.8,69.3,108.8,106.5,71.5,29.8,67.5,51.2,72.9,99.1,69.6,81.4,89.5,129.1,66.0,74.6,16.0,101.2,105.7,117.7,66.2,85.3,119.5,61.4,41.6,45.7,61.5,88.2,123.0,114.5,86.2,50.9,68.0,129.8,124.3,SLC25A1,79.84600000000002,77.96727272727271,0.9764706150248316
219658_at,14.7,14.8,3.4,8.5,13.8,4.9,10.5,15.2,12.0,8.7,9.6,14.4,6.3,5.7,14.6,12.0,12.3,9.7,16.5,12.6,4.7,7.4,7.5,14.1,6.1,7.3,9.5,5.4,8.2,6.1,9.9,17.8,9.3,9.0,9.8,15.1,4.1,7.8,9.5,6.6,13.3,8.3,5.6,6.7,6.6,28.5,7.8,6.5,13.2,15.1,7.0,14.2,5.3,5.5,7.7,12.7,6.8,9.5,6.1,10.0,28.9,11.1,6.3,8.8,15.3,9.5,6.9,7.9,5.4,7.3,4.9,4.6,9.0,9.0,9.9,7.9,6.6,6.1,6.9,13.4,11.4,7.0,8.7,5.9,6.5,18.9,11.0,12.6,6.9,11.7,7.4,15.0,7.9,3.5,10.9,15.5,7.9,7.2,16.6,9.4,12.8,8.9,5.4,4.2,40.8,PTCD2,10.140000000000004,9.899999999999995,0.9763313609467447
203437_at,122.1,141.6,173.2,172.2,179.2,137.6,191.8,204.8,153.6,177.2,136.2,118.7,146.7,193.3,168.5,165.2,193.2,225.8,171.1,162.7,145.4,187.2,126.3,153.9,134.7,161.9,169.3,171.7,182.8,111.7,142.8,124.3,186.6,141.7,119.8,174.6,195.9,211.9,114.5,120.8,132.1,123.1,157.2,136.3,170.6,143.7,186.3,135.0,169.7,185.3,167.2,169.3,144.9,179.2,167.7,147.6,138.8,105.9,157.0,117.7,197.4,140.1,125.3,198.0,169.8,146.1,103.8,164.7,135.0,124.8,113.0,156.7,197.4,116.7,167.8,138.7,171.8,102.8,166.7,179.6,110.3,137.1,115.9,276.5,179.7,133.8,180.0,190.5,119.5,211.1,73.9,183.5,157.0,179.2,121.2,84.6,191.1,182.0,122.4,141.1,135.1,229.5,199.9,159.7,211.9,TMEM11,159.03600000000003,155.23636363636368,0.9761083253877338
207170_s_at,240.9,229.2,261.1,258.6,236.1,318.2,143.5,195.1,219.8,158.6,244.8,192.9,309.7,214.5,238.3,224.1,213.8,215.3,228.8,252.4,233.0,302.3,286.5,290.3,246.2,205.9,236.6,353.5,217.6,160.2,219.9,167.0,237.7,230.5,262.3,164.9,208.4,195.1,231.0,222.4,298.1,256.3,208.1,165.4,243.4,229.3,289.5,266.2,268.7,222.4,246.1,214.0,318.3,273.9,355.1,324.3,249.5,217.6,259.0,127.4,229.3,265.5,249.3,278.3,165.5,250.5,217.8,245.8,230.9,209.0,185.5,210.2,189.6,354.6,244.2,238.4,266.4,269.1,135.6,214.3,191.7,218.5,330.9,202.9,183.4,237.1,274.7,150.5,150.8,188.6,263.7,257.7,253.7,279.1,243.9,159.3,160.5,189.4,159.0,200.0,181.8,221.3,271.0,211.0,161.5,LETMD1,234.28799999999995,228.6727272727273,0.9760326063337744
212459_x_at,88.3,91.7,143.0,83.8,77.5,164.3,128.6,75.0,76.7,60.8,105.2,134.8,93.0,69.7,92.3,100.0,33.1,50.1,78.5,81.7,126.8,109.8,132.8,107.5,99.0,159.2,142.0,90.0,103.9,114.2,87.2,143.1,111.6,98.2,131.0,96.1,69.4,88.3,63.1,149.6,104.0,115.8,148.2,122.7,110.5,144.6,101.6,141.0,110.6,91.7,119.8,76.8,152.7,154.2,147.1,116.4,110.9,92.0,149.1,82.8,121.5,116.0,111.5,142.5,119.0,91.9,144.6,75.5,88.4,61.1,122.4,138.0,119.0,176.9,52.3,89.6,114.2,66.6,102.4,139.9,97.8,103.5,167.1,107.6,60.1,77.1,87.3,115.1,59.5,41.6,138.6,57.2,110.8,98.9,78.6,93.5,102.9,54.1,77.1,45.1,62.9,54.1,147.7,71.3,121.9,SUCLG2,104.83200000000001,102.30000000000001,0.9758470695970697
209624_s_at,6.4,26.0,9.3,10.6,13.2,14.3,9.6,9.7,8.0,6.8,3.6,40.7,1.7,4.3,9.8,9.8,2.8,12.0,4.2,5.5,2.4,9.0,9.1,4.3,9.6,7.5,3.3,9.2,4.7,5.2,2.4,5.3,4.1,16.6,15.8,18.6,8.2,5.9,6.1,3.5,6.4,9.1,4.7,9.0,6.2,39.1,5.1,4.5,3.6,4.1,2.5,3.0,2.9,7.9,5.2,4.6,15.0,6.7,4.9,2.2,7.3,5.5,6.7,3.3,3.1,4.7,4.5,4.8,3.6,2.4,11.0,5.0,3.6,4.4,29.7,5.2,3.8,3.8,4.3,9.0,13.1,14.8,22.8,43.3,31.0,2.9,5.2,19.2,16.1,3.0,4.3,21.9,47.1,4.5,3.9,3.2,3.2,5.9,11.8,5.1,4.5,6.9,2.9,2.4,4.1,MCCC2,9.018000000000002,8.794545454545453,0.9752212746224718
210153_s_at,249.5,220.3,232.8,163.7,269.0,199.3,231.6,223.7,245.5,233.5,97.8,222.7,209.3,182.0,228.1,238.8,224.8,39.2,99.0,145.3,197.4,318.5,139.7,190.7,170.6,98.6,161.9,156.5,99.1,240.7,252.9,203.8,171.1,162.7,221.5,169.8,212.2,160.7,145.7,168.0,118.1,165.2,206.6,304.0,196.1,119.4,100.8,237.0,141.8,247.4,194.3,186.1,165.7,196.5,200.7,105.8,220.7,108.9,102.5,210.0,220.3,310.0,108.0,140.5,193.3,214.1,122.7,261.8,187.6,197.8,215.8,103.9,204.0,166.2,98.2,195.9,120.7,226.0,179.8,367.0,216.6,136.8,141.0,228.6,97.0,208.9,171.9,222.2,191.7,152.1,160.5,207.9,34.8,273.3,149.3,162.6,101.8,168.7,262.1,202.3,133.7,276.9,169.0,188.9,331.3,ME2,188.688,183.90363636363634,0.9746440492433878
206782_s_at,40.6,46.3,80.7,50.8,10.4,89.1,60.7,69.7,40.5,12.3,39.2,71.8,65.2,74.7,41.3,25.7,97.9,108.9,42.8,74.2,71.8,60.0,74.1,81.3,37.4,14.1,83.4,83.4,82.9,88.7,23.7,74.2,25.3,34.3,52.2,115.7,127.6,63.2,47.6,103.6,99.4,85.0,43.1,72.4,64.2,98.7,87.2,73.7,74.5,125.2,129.9,30.0,62.2,73.2,70.4,64.3,90.1,85.8,57.0,24.9,39.3,76.7,42.8,91.8,12.0,27.6,40.4,119.9,128.0,34.2,26.8,93.2,81.0,103.8,27.6,92.5,82.0,10.2,84.1,39.6,57.1,15.6,49.4,71.1,45.7,95.8,8.0,45.7,40.5,27.3,82.3,121.4,23.7,68.2,7.9,92.0,16.1,95.1,93.9,167.2,81.7,157.7,55.0,19.8,69.7,DNAJC4,66.21399999999998,64.53090909090908,0.9745810416363472
200980_s_at,172.4,212.3,225.8,205.4,165.0,192.4,230.2,235.6,188.6,201.8,154.1,272.4,190.0,181.0,159.8,154.3,286.1,236.9,262.1,192.1,178.7,176.0,173.1,195.1,163.2,158.5,186.0,182.6,221.4,203.7,200.4,174.3,192.0,153.2,253.1,158.4,198.6,179.8,240.2,221.3,251.8,172.7,170.8,239.6,221.5,299.3,206.8,214.6,206.7,180.0,224.1,250.8,165.8,148.0,225.5,223.8,182.5,188.0,235.9,138.2,121.7,155.9,244.3,164.4,196.9,199.9,243.7,162.0,84.2,212.6,122.3,221.4,209.4,227.2,228.2,178.7,246.6,220.9,223.0,167.7,182.8,174.4,179.6,162.0,206.7,195.1,277.2,210.1,233.9,188.5,195.5,161.3,190.8,266.9,228.1,181.4,220.9,147.1,249.2,193.3,244.6,197.4,202.0,225.2,89.6,PDHA1,201.834,196.67636363636365,0.9744461470137026
217932_at,113.7,120.8,136.7,139.4,115.6,140.9,82.1,104.7,107.1,158.2,130.1,99.7,175.6,127.5,95.5,102.8,152.2,130.3,134.0,113.4,99.4,138.9,101.6,116.7,107.2,94.9,136.8,97.2,177.0,149.8,94.0,151.6,146.8,121.8,136.9,134.9,86.7,134.0,149.1,111.6,152.0,137.8,139.2,62.6,123.1,189.4,108.2,96.6,136.9,144.0,100.3,116.9,137.1,121.4,92.8,141.8,121.4,122.1,108.7,64.0,126.3,124.9,118.9,159.2,152.1,103.5,165.6,157.5,93.2,106.3,70.2,117.7,122.2,140.6,135.0,110.9,144.2,129.3,120.8,110.0,100.0,146.2,147.0,108.5,155.0,143.2,140.3,130.0,79.9,103.4,129.9,57.3,160.8,125.4,120.9,86.1,91.0,150.8,127.5,86.8,76.6,127.8,135.4,134.1,206.4,MRPS7,125.14,121.91272727272725,0.9742107021953592
218026_at,272.3,316.9,312.2,398.3,321.4,347.2,306.8,346.3,250.8,382.2,286.0,185.0,276.2,369.7,293.6,294.1,446.6,434.4,360.8,388.6,364.8,468.5,287.5,319.4,374.4,274.5,423.7,326.5,311.1,376.9,337.3,287.8,336.3,306.7,334.1,313.9,328.6,332.4,288.6,306.3,338.9,257.0,354.4,332.7,332.6,366.1,327.0,385.0,326.3,293.6,267.2,371.5,373.4,327.8,365.8,380.0,328.8,341.6,251.2,228.9,256.9,262.2,320.9,309.4,275.8,294.9,346.4,388.1,299.2,322.6,234.9,309.8,326.2,451.1,342.8,302.6,350.0,382.3,367.0,316.6,398.3,299.3,334.5,368.8,322.3,384.1,390.7,322.7,324.3,283.3,271.6,407.0,316.7,393.6,305.2,248.9,275.2,303.5,319.0,306.5,221.0,298.2,289.6,387.0,323.9,COA3,332.046,323.4745454545455,0.974185942473469
205217_at,10.7,5.6,25.0,58.5,33.2,40.3,11.4,38.1,20.3,18.9,41.4,19.4,19.7,53.3,29.9,43.9,32.3,53.4,26.2,7.9,16.1,51.1,7.7,30.9,39.0,28.9,13.6,47.5,31.3,54.1,41.8,8.7,7.8,28.0,5.4,26.7,9.2,55.1,26.7,19.5,22.8,16.0,9.2,49.9,36.4,35.3,16.2,42.4,40.6,25.0,36.3,47.1,23.4,28.2,33.0,8.3,46.1,31.0,15.1,20.1,5.3,20.2,34.3,8.2,8.5,32.1,7.4,28.4,31.1,15.5,16.1,36.7,18.0,12.9,31.2,29.6,42.6,34.9,7.1,24.7,19.5,21.7,11.9,44.7,14.5,32.3,13.3,23.8,18.5,13.0,37.4,9.8,37.4,29.0,8.8,27.0,116.3,33.7,81.4,16.0,36.3,67.6,33.0,15.1,39.2,TIMM8A,28.646000000000004,27.90181818181818,0.9740214404041811
217973_at,136.3,71.1,53.3,98.1,70.0,134.6,169.8,193.5,126.9,89.9,66.7,30.3,214.1,217.0,84.5,136.3,219.3,126.9,170.5,174.6,98.7,149.6,19.8,200.4,63.3,148.6,52.7,108.4,237.1,123.7,156.0,142.5,79.3,45.1,120.5,131.0,29.0,200.5,149.2,112.4,138.9,93.8,77.1,32.6,184.0,126.8,34.8,113.6,86.8,112.0,155.8,284.0,126.2,189.1,148.2,107.7,167.9,24.5,210.0,113.1,88.2,116.5,207.0,108.3,123.7,174.1,196.8,47.2,143.4,181.3,35.9,157.7,66.8,255.0,33.8,62.6,93.6,208.9,63.2,140.2,100.4,95.1,115.5,61.4,110.8,61.0,118.1,35.9,118.5,109.7,87.8,57.5,185.1,156.9,33.6,47.9,86.0,105.2,69.9,159.5,77.7,123.4,132.8,37.1,57.6,DCXR,119.03800000000003,115.91090909090909,0.973730313772989
203089_s_at,12.1,20.7,23.2,70.1,14.5,41.6,12.9,15.8,8.3,13.5,70.8,13.2,65.9,30.2,25.8,13.0,15.9,20.9,19.0,74.4,19.6,17.4,91.8,57.9,14.8,71.7,14.1,26.4,59.3,37.3,13.9,64.6,51.9,57.5,80.6,11.5,52.0,22.4,48.3,56.3,62.6,63.6,44.5,18.6,11.7,11.8,94.9,66.9,56.7,11.3,51.3,35.9,87.3,84.4,48.5,81.1,88.3,21.7,17.8,17.9,88.4,70.0,21.1,35.9,12.3,23.6,59.9,35.4,18.4,28.6,33.3,83.8,74.6,19.9,58.4,13.5,67.6,5.2,17.3,43.0,118.3,14.9,21.6,20.3,12.2,66.7,8.4,13.9,18.8,40.4,9.0,19.5,18.3,60.5,9.9,11.7,22.2,8.8,12.2,21.6,9.8,7.8,89.1,25.1,22.9,HTRA2,37.873999999999995,36.878181818181815,0.9737070765744791
200691_s_at,309.1,326.5,307.0,194.3,311.4,317.2,301.2,186.2,256.7,212.0,222.9,195.3,236.7,167.1,252.9,309.4,199.9,293.5,258.1,279.6,273.3,232.4,221.5,263.1,246.2,296.4,297.6,269.8,278.1,214.6,280.7,355.3,219.7,259.0,290.3,333.6,280.2,169.9,228.7,260.2,345.4,281.4,292.5,223.1,350.9,312.2,244.9,317.7,218.5,232.2,175.9,259.9,296.5,260.8,261.6,238.6,275.2,293.1,270.7,153.7,284.1,315.4,336.9,286.1,221.8,257.7,411.3,319.4,249.8,246.2,230.5,286.6,241.2,365.2,253.5,218.0,304.8,220.7,216.3,271.1,271.4,241.6,357.8,233.8,233.9,309.0,320.7,322.3,232.7,176.7,320.7,213.0,271.5,301.3,211.3,203.7,256.3,167.5,207.3,161.6,209.2,306.1,286.2,158.8,168.7,HSPA9,264.5280000000001,257.5581818181818,0.9736518698140906
211733_x_at,185.8,116.5,198.1,133.2,204.8,213.6,189.3,121.7,190.7,150.2,158.6,188.9,146.6,70.2,168.6,145.2,64.6,89.9,97.6,170.7,186.4,147.7,103.5,182.8,149.4,152.0,119.9,136.2,163.8,143.3,104.2,147.1,164.5,232.5,201.7,159.6,95.9,123.9,146.4,172.6,158.7,215.8,201.7,150.1,173.7,161.2,204.5,283.0,181.5,147.4,87.3,177.9,258.2,214.5,199.4,158.8,173.2,123.9,163.9,88.2,243.8,178.7,191.1,201.2,190.6,171.9,230.5,189.8,98.1,175.7,94.4,225.9,115.9,236.3,114.6,124.6,195.7,217.9,102.6,82.8,192.4,158.4,175.9,161.9,112.5,162.2,196.6,162.2,151.8,45.1,178.4,104.7,125.1,182.5,142.6,137.8,140.9,151.4,93.9,128.8,49.5,83.9,113.6,73.9,219.9,SCP2,158.31599999999997,154.05999999999997,0.9731170570251901
203314_at,102.9,71.0,107.1,99.4,85.5,118.6,77.1,143.2,91.4,50.3,101.3,119.1,144.8,165.0,109.3,115.0,109.1,150.7,103.3,104.6,113.0,146.2,106.9,105.9,132.3,111.4,112.5,83.5,99.8,81.2,114.5,81.1,120.6,116.0,95.3,85.8,120.5,147.4,126.2,92.7,116.9,110.3,130.4,106.7,79.7,83.9,81.8,95.6,61.5,135.6,120.5,107.0,89.0,93.5,74.0,106.3,111.2,115.1,143.3,122.8,61.6,77.2,97.8,77.5,49.1,70.5,88.8,122.6,64.6,145.4,137.1,125.1,90.1,79.4,85.5,102.2,91.6,122.0,117.5,115.2,79.3,134.9,125.7,84.2,99.3,147.8,86.0,100.5,101.1,188.7,52.8,95.4,89.0,92.0,75.5,105.9,86.5,192.3,117.7,121.4,112.0,93.7,100.6,144.5,110.4,GTPBP6,107.27799999999999,104.3763636363636,0.9729521769268966
205963_s_at,136.9,167.0,176.6,166.5,147.4,118.4,202.9,104.6,160.0,165.9,153.3,171.7,101.4,137.7,131.6,206.7,147.7,209.7,217.2,75.0,92.8,155.6,104.7,120.2,114.0,126.0,123.2,189.4,116.4,165.6,172.1,131.2,141.5,161.6,142.5,181.1,157.7,111.8,144.6,160.5,144.2,144.3,155.6,116.8,131.1,184.7,119.2,89.4,189.4,82.0,123.0,111.7,89.3,93.4,78.6,137.8,103.8,148.0,128.1,137.3,90.0,181.9,171.8,123.6,186.7,101.4,142.1,155.4,167.8,130.5,125.2,206.5,130.7,148.4,121.3,98.4,102.8,142.2,127.8,135.9,155.8,148.9,121.9,226.6,190.2,116.0,200.5,203.6,141.7,150.9,182.3,128.7,190.7,134.3,106.5,177.0,147.7,190.5,168.9,148.6,190.4,107.2,120.4,79.4,106.6,DNAJA3,145.34799999999998,141.39454545454544,0.9728000760557108
202447_at,405.9,403.3,429.2,429.8,358.1,339.9,377.6,524.1,406.2,279.5,299.6,346.6,479.1,443.5,410.5,450.0,508.5,542.6,307.5,411.0,286.3,522.2,319.3,420.1,251.3,382.6,313.1,289.7,451.2,394.2,504.8,423.0,350.1,336.3,292.2,362.0,266.3,532.0,406.5,437.9,397.9,476.0,389.3,309.0,375.0,275.6,187.3,401.8,204.2,424.2,397.4,385.6,429.8,461.5,217.6,377.2,362.9,358.6,389.4,389.5,478.7,355.4,353.4,462.6,423.7,483.0,371.6,396.8,374.9,329.1,301.3,434.4,343.9,347.2,433.7,368.3,312.8,366.4,372.2,399.0,459.2,482.1,273.9,546.3,274.5,360.4,275.3,342.4,371.3,251.0,409.9,432.1,314.8,431.0,349.9,370.4,337.1,259.0,322.7,248.2,344.2,426.7,435.6,486.2,191.0,DECR1,382.67799999999994,372.2381818181819,0.9727190531417588
215573_at,46.1,9.3,70.9,78.9,58.9,39.4,70.4,60.5,93.2,86.8,63.2,41.5,54.5,32.0,91.9,119.5,5.3,26.7,69.4,74.4,52.4,5.4,55.5,119.4,8.3,55.3,57.8,36.1,75.3,75.4,98.6,83.2,16.2,45.0,52.3,79.1,48.0,8.4,35.3,83.1,45.2,47.0,2.8,29.2,49.8,77.7,40.0,15.1,44.8,58.6,78.1,41.5,30.6,28.4,35.9,57.2,45.4,49.3,28.9,62.3,60.5,31.2,116.2,72.0,81.9,105.0,103.8,48.5,63.1,57.9,13.4,38.1,85.9,35.0,13.6,10.4,36.7,68.2,56.9,8.5,44.1,83.5,33.1,100.2,61.9,63.6,102.5,59.5,37.1,17.8,39.8,92.7,54.4,27.3,73.5,41.6,10.0,15.0,73.4,12.8,28.0,38.2,60.5,108.0,37.4,CAT,53.86200000000001,52.36909090909092,0.9722827022593092
208369_s_at,55.5,54.2,80.4,67.5,90.4,57.4,44.8,55.1,69.6,9.7,28.2,71.3,51.9,56.8,80.9,45.1,88.8,54.5,79.1,59.1,34.7,102.0,45.9,99.1,57.4,37.5,57.1,78.5,46.2,66.6,75.7,86.8,40.0,51.2,55.1,55.3,36.6,36.2,98.1,58.2,59.6,27.5,53.9,57.7,50.9,17.3,71.7,46.3,42.1,37.6,118.3,83.5,49.6,51.1,62.1,53.4,55.3,39.8,64.8,60.7,8.4,46.1,53.1,62.8,13.9,37.2,48.8,54.8,62.0,67.1,89.2,76.6,32.0,74.9,64.6,120.9,78.2,29.5,16.1,20.0,52.8,48.4,76.8,36.1,51.4,57.9,16.4,36.2,42.2,48.1,74.9,56.7,73.6,53.1,105.7,32.8,97.6,97.5,67.7,95.0,5.7,42.6,50.4,26.4,40.8,GCDH,57.66199999999998,56.02909090909089,0.9716813657016911
217964_at,149.9,143.2,188.0,153.6,211.2,332.7,197.2,200.3,141.5,132.0,173.2,90.5,216.2,143.7,217.5,140.1,166.1,153.3,162.9,247.3,154.8,295.6,239.9,185.8,228.2,205.8,203.5,264.1,188.6,173.6,242.0,263.0,185.9,209.5,237.5,147.4,187.3,225.1,233.7,197.2,248.5,219.2,289.9,147.4,204.5,135.1,203.0,255.4,175.8,171.6,165.1,218.3,305.5,320.7,321.6,202.1,207.1,144.6,307.2,160.7,216.4,185.1,208.4,183.7,171.5,152.3,183.2,248.9,112.3,182.7,128.3,161.8,182.8,276.7,128.6,196.5,267.4,304.6,215.2,170.6,226.7,182.1,224.1,137.6,186.4,170.8,208.0,156.0,135.2,172.4,175.6,167.1,172.4,221.5,221.3,170.1,199.8,116.0,153.8,130.5,191.3,105.2,248.7,152.2,103.5,TTC19,197.58599999999998,191.96727272727273,0.9715631306229832
210653_s_at,8.0,3.5,17.4,3.3,31.2,4.2,23.3,4.2,9.7,4.2,14.6,43.1,1.6,6.4,4.4,5.5,5.9,7.9,5.7,2.1,6.8,5.2,3.0,17.7,6.0,8.5,3.0,5.3,39.5,3.0,5.9,3.4,7.2,3.4,22.9,4.7,3.6,5.0,4.4,6.6,3.1,6.8,13.1,5.5,18.9,1.8,11.0,5.4,6.5,8.1,2.5,4.7,3.8,8.2,2.0,16.2,23.7,2.3,17.9,2.2,18.6,5.5,5.2,3.9,6.5,8.2,3.4,13.4,2.5,1.6,14.8,12.3,4.5,3.8,7.5,7.2,3.8,39.5,13.9,6.4,3.9,1.8,22.3,8.7,4.2,2.8,9.8,8.5,3.1,9.3,20.4,1.4,5.0,5.1,26.5,17.1,6.5,1.9,3.1,13.5,2.2,14.2,5.0,7.2,13.0,BCKDHB,9.03,8.772727272727273,0.971509111043995
202591_s_at,135.4,126.0,177.1,151.6,150.1,211.4,169.2,163.1,132.4,94.6,139.7,72.2,138.5,209.8,126.6,122.2,280.6,267.9,162.9,184.6,195.1,167.8,125.5,153.5,160.8,143.0,146.2,167.2,215.7,154.5,202.9,181.7,140.9,185.9,181.2,151.9,143.9,165.1,186.0,253.1,195.1,179.5,174.5,183.4,253.5,168.7,199.0,216.1,173.7,130.7,156.8,173.1,220.5,192.6,183.7,202.0,198.7,177.1,146.7,93.4,167.9,143.5,209.0,186.6,141.5,172.7,217.9,206.2,139.0,107.6,174.5,183.8,138.1,282.8,132.9,163.8,254.3,174.8,153.1,172.7,206.5,189.9,185.0,132.2,168.2,151.4,154.6,137.0,129.5,92.2,143.8,158.2,124.8,251.7,148.4,172.9,127.9,92.0,173.8,80.0,126.0,86.9,317.9,169.1,108.8,SSBP1,170.24,165.38181818181812,0.9714627477785368
220864_s_at,143.4,150.7,255.0,143.6,300.3,318.5,212.1,146.2,128.4,165.4,256.6,114.0,188.4,135.2,258.1,127.3,290.7,208.8,228.1,317.3,211.5,100.1,266.2,191.4,244.7,182.0,269.8,309.9,307.2,379.6,384.0,316.7,230.3,218.5,210.4,345.1,130.8,124.4,218.8,239.9,259.4,169.4,197.7,249.1,234.9,351.4,265.9,310.7,250.0,134.7,197.6,185.5,380.6,286.8,278.5,240.1,266.9,301.7,338.2,130.4,312.6,371.1,376.5,223.1,191.0,169.9,366.4,276.4,219.4,186.7,181.0,114.9,222.4,416.1,137.3,191.5,250.1,259.6,352.9,303.7,184.5,213.3,281.3,262.1,158.2,198.2,190.5,160.6,115.9,53.2,225.0,126.1,115.6,282.4,157.5,201.6,66.3,86.1,58.4,198.5,93.1,186.4,364.2,342.0,124.3,NDUFA13,227.85199999999998,221.34909090909093,0.971459942897543
219169_s_at,89.5,78.5,87.0,87.5,77.6,117.7,79.4,52.7,81.0,64.8,66.8,88.6,67.3,81.7,105.9,71.2,64.3,64.2,42.9,92.9,92.8,107.3,78.4,86.3,91.8,91.4,79.9,73.0,92.7,97.8,89.2,70.4,89.5,80.6,107.8,74.7,70.9,98.7,94.9,99.9,73.8,83.1,86.7,112.8,81.2,62.2,66.8,98.1,59.7,64.2,43.1,70.1,82.9,76.2,62.1,92.5,77.3,88.1,83.4,66.7,71.0,62.8,55.9,90.5,82.7,82.0,96.0,96.0,60.6,85.5,70.9,80.4,88.6,105.3,84.9,86.8,63.7,62.1,64.0,84.8,109.2,64.7,59.3,80.2,113.1,71.5,92.6,96.4,67.5,91.0,119.0,68.2,51.9,75.1,67.6,94.8,129.0,75.8,66.0,100.2,90.3,60.4,85.3,84.4,66.7,TFB1M,82.36200000000001,79.9472727272727,0.9706815367192722
213132_s_at,13.6,86.6,69.5,34.9,42.7,94.8,67.4,12.5,52.6,84.9,41.3,43.3,68.4,45.1,64.9,43.7,98.3,64.6,45.3,59.3,77.5,30.7,65.7,47.1,54.4,85.9,81.4,112.8,67.0,48.6,61.0,80.0,81.6,50.8,73.9,91.6,95.6,60.2,13.9,55.3,35.2,9.6,41.7,53.1,58.1,123.8,75.8,70.0,60.7,79.9,60.5,63.5,53.1,13.4,70.0,49.3,66.2,95.4,66.6,26.5,46.4,63.8,69.6,54.8,38.4,69.0,73.7,59.4,73.4,48.8,13.1,64.4,61.4,6.3,58.4,58.0,80.7,33.4,58.4,59.9,10.8,32.7,64.1,92.1,45.6,53.9,112.4,34.5,15.2,82.5,64.7,38.8,49.1,71.4,75.6,76.3,15.4,56.6,114.1,95.4,93.7,127.8,61.9,57.2,86.9,MCAT,61.53199999999999,59.71818181818182,0.970522359393191
209224_s_at,195.1,153.8,230.4,227.6,161.9,326.9,178.7,285.2,164.0,175.5,234.0,111.7,300.2,355.4,234.0,108.3,386.4,267.6,266.3,292.3,235.3,201.8,210.0,223.0,228.6,268.5,277.3,341.8,270.4,342.2,414.5,218.6,211.4,242.9,224.5,355.0,275.5,253.0,194.5,293.3,295.7,261.4,217.0,212.2,205.9,169.7,290.0,277.7,281.8,190.9,194.2,279.7,351.2,353.2,280.8,346.9,212.1,274.4,374.7,219.4,281.4,193.1,266.3,246.9,213.2,320.3,295.0,248.5,241.8,214.0,146.5,175.1,195.3,220.7,242.0,255.3,242.2,324.2,236.1,319.7,260.4,239.3,254.4,232.2,198.9,161.1,258.3,219.4,156.9,302.0,202.7,206.8,272.1,331.4,202.5,206.4,158.8,195.7,201.1,205.5,110.3,157.5,279.1,206.5,188.7,NDUFA2,246.794,239.49454545454543,0.9704228848940631
43427_at,11.4,15.4,16.7,19.8,29.9,10.7,19.1,27.0,12.8,17.8,9.1,12.8,24.5,22.3,16.9,11.0,26.9,20.5,32.8,6.7,10.2,12.7,8.9,11.3,14.1,18.5,17.8,10.4,5.7,8.1,9.8,11.1,12.1,6.9,11.0,50.3,11.7,8.4,20.3,7.1,8.9,8.7,7.5,12.5,14.3,10.4,8.5,6.6,12.9,8.8,11.1,20.6,7.4,8.8,10.7,7.3,11.0,10.8,11.5,8.3,5.6,7.5,8.3,8.2,11.8,13.1,10.8,6.1,12.2,18.3,15.5,9.2,16.8,11.3,17.5,34.2,9.8,7.6,13.3,8.5,8.0,28.3,9.9,10.3,22.9,11.5,45.7,16.0,14.0,24.6,11.5,9.9,10.6,49.3,28.1,27.4,16.2,11.5,11.4,14.4,8.2,10.4,7.0,11.4,7.2,ACACB,14.591999999999999,14.160000000000002,0.9703947368421055
202772_at,192.8,128.5,191.4,150.5,136.2,173.4,128.7,152.6,99.0,161.6,176.1,73.6,159.6,90.7,130.5,146.6,165.5,168.2,118.8,244.2,201.4,229.8,210.8,190.2,195.1,130.8,102.2,224.2,198.2,90.2,162.2,152.3,111.5,115.9,205.2,142.9,141.8,152.9,167.4,178.8,169.8,117.3,153.4,199.6,144.4,91.4,192.9,170.5,178.8,152.5,235.1,135.5,143.7,169.1,142.1,208.1,133.5,205.2,104.8,183.5,137.9,97.2,161.6,155.5,87.8,190.9,178.8,101.9,207.7,118.7,68.5,147.6,99.4,174.5,153.5,139.1,162.9,175.3,179.4,156.4,162.9,136.1,167.4,129.5,171.1,185.9,159.7,168.2,123.8,129.5,164.2,109.7,129.3,123.9,131.6,153.5,121.3,124.1,136.4,224.6,173.4,177.4,148.2,179.9,201.5,HMGCL,157.25799999999992,152.51454545454544,0.9698364817977179
203745_at,72.3,61.6,88.0,60.2,82.5,70.3,78.9,47.3,75.7,81.5,87.4,90.7,74.3,56.8,83.8,92.7,49.9,57.5,55.2,91.1,73.9,100.5,100.9,65.6,82.8,82.5,66.9,67.9,97.4,32.8,65.6,94.3,78.5,82.5,79.7,63.8,63.7,56.4,48.1,75.0,84.4,78.6,84.0,57.0,74.1,76.4,57.0,82.7,56.4,68.2,77.3,52.3,86.6,79.1,68.4,124.8,71.2,84.7,83.3,92.6,79.0,96.2,103.5,56.8,52.7,55.8,53.9,60.2,63.4,89.1,33.0,56.7,64.1,96.0,51.7,53.1,54.5,40.2,79.2,49.5,65.2,40.7,87.3,51.6,49.5,82.1,55.7,99.7,94.1,36.7,122.9,74.3,98.0,74.6,25.4,71.4,62.7,79.2,76.8,116.9,79.1,38.8,56.0,40.8,110.2,HCCS,73.10600000000001,70.88363636363636,0.9696008038141376
201634_s_at,46.7,42.4,53.3,60.6,71.5,26.7,61.5,75.6,63.6,75.9,44.8,67.9,53.6,66.5,51.2,63.5,43.1,62.2,47.1,65.4,46.6,42.5,48.3,71.2,42.4,40.4,52.1,43.2,69.7,16.9,61.8,70.4,61.7,53.3,58.7,48.0,51.9,30.5,99.9,52.7,71.3,46.5,33.7,57.7,73.6,46.0,77.2,57.6,29.1,60.1,85.5,43.7,63.9,42.3,51.3,40.3,54.6,37.4,25.4,66.3,68.1,46.3,63.1,54.9,41.3,67.0,84.2,41.3,45.8,49.9,64.0,40.9,62.4,68.4,17.6,32.9,55.4,53.0,55.2,57.7,50.6,30.9,47.9,70.1,65.5,39.6,82.8,44.8,75.2,8.0,36.1,36.9,58.7,55.8,19.4,56.5,37.5,61.0,82.0,108.0,95.2,55.8,49.6,51.3,41.0,CYB5B,55.16199999999999,53.46,0.9691454261991953
219394_at,130.6,124.9,161.4,267.5,187.2,211.6,151.3,133.7,178.0,165.8,180.1,156.0,302.6,124.4,217.9,113.2,213.1,207.7,173.7,138.8,137.8,57.2,211.1,164.3,134.9,156.0,106.8,78.2,220.4,126.8,283.3,218.0,108.9,151.0,127.3,165.5,141.8,229.8,114.5,249.4,196.1,208.5,113.4,103.4,132.7,121.6,169.7,97.8,148.0,97.5,285.2,132.3,130.7,212.9,85.7,124.9,172.3,192.8,210.6,133.9,190.1,160.0,110.5,181.2,255.3,95.3,148.9,157.8,270.2,110.7,269.2,150.4,198.3,122.7,304.4,229.3,162.3,222.6,189.0,197.6,155.0,74.2,138.4,180.5,124.0,121.2,100.5,114.6,217.0,171.4,121.4,70.4,91.9,89.5,137.1,126.4,49.1,153.6,90.9,156.7,128.3,96.1,202.3,123.1,206.1,PGS1,162.22399999999996,157.21454545454543,0.969120139156632
203478_at,42.0,25.1,81.1,104.0,84.8,152.5,65.3,96.9,66.5,25.2,56.8,96.9,92.4,128.0,101.2,53.0,153.8,196.8,152.5,184.6,101.2,112.5,109.3,61.1,85.4,147.6,31.5,122.4,86.9,56.8,119.9,135.2,103.8,86.5,141.8,137.7,89.7,172.5,169.8,179.0,140.6,117.6,141.9,107.1,93.8,44.1,47.9,68.4,106.6,102.7,76.7,123.5,173.6,148.6,110.2,174.3,116.1,143.2,127.2,75.8,63.0,123.2,97.7,98.7,74.1,157.3,162.3,103.4,42.4,107.6,123.4,124.8,93.4,149.1,86.2,83.3,96.1,97.6,129.1,96.9,112.6,89.2,79.7,140.7,87.2,95.2,122.0,94.3,71.1,16.3,85.0,69.0,78.8,166.7,92.1,92.0,38.1,28.9,67.4,78.8,86.9,28.1,101.4,105.4,113.4,NDUFC1,103.61400000000002,100.34727272727272,0.9684721439889659
218605_at,56.1,59.2,54.7,75.3,64.5,75.0,89.1,79.7,59.7,75.9,83.2,95.6,68.3,47.5,74.1,71.0,57.7,59.6,81.2,58.6,50.0,84.5,94.9,57.1,83.4,59.9,68.0,95.6,51.0,66.8,62.0,60.8,60.6,66.6,79.1,68.1,83.8,61.1,72.0,111.9,57.9,69.0,81.1,99.3,58.9,77.5,67.4,73.2,70.2,102.2,75.8,63.6,103.7,64.0,86.1,46.2,55.5,58.5,76.1,65.4,53.6,80.3,61.8,97.1,88.3,66.3,51.5,78.9,60.4,98.9,59.3,86.0,58.9,97.8,47.8,75.4,78.2,66.6,76.7,64.8,64.9,58.1,77.3,62.3,51.3,72.4,95.4,66.7,26.8,52.2,45.8,70.6,48.2,93.2,56.0,40.9,36.6,56.5,97.5,51.6,83.6,94.8,77.9,87.4,95.7,TFB2M,71.598,69.2218181818182,0.9668121760638313
202675_at,105.2,127.1,111.2,93.6,87.5,137.5,107.8,118.5,118.4,97.9,119.9,116.9,136.8,121.3,108.9,95.9,167.4,101.5,103.3,185.6,186.9,134.1,131.6,103.4,156.6,86.1,81.4,130.9,182.0,118.5,173.1,103.8,122.9,130.1,137.9,124.5,121.5,189.9,119.9,159.2,143.0,175.1,156.0,97.6,124.0,71.0,140.0,145.6,121.4,112.6,94.0,103.7,178.3,143.9,135.8,215.6,124.5,147.5,142.8,121.5,120.2,117.2,201.0,128.7,98.6,148.5,130.9,116.2,94.2,100.1,139.4,137.7,144.2,128.2,140.2,160.7,130.8,85.4,143.0,108.8,121.5,110.3,127.3,105.8,136.8,69.8,77.8,101.0,92.7,131.5,92.1,86.3,86.3,170.8,125.2,118.1,109.9,90.6,93.9,88.0,69.4,142.6,115.2,95.8,204.9,SDHB,126.85600000000001,122.64000000000001,0.9667654663555528
218320_s_at,239.9,214.3,340.8,349.4,286.1,357.8,326.4,310.1,260.8,261.2,359.5,353.8,392.0,345.9,336.6,271.1,540.6,490.5,393.2,342.1,301.7,290.0,352.4,379.6,262.3,226.5,280.7,276.8,422.6,311.1,274.0,252.6,283.3,237.7,272.1,267.1,301.9,308.1,326.9,355.0,348.4,205.2,277.6,198.5,300.8,392.5,310.5,290.1,216.0,148.7,268.7,299.0,258.3,285.4,322.3,396.1,350.3,346.8,309.7,224.9,281.8,258.2,374.2,284.5,275.7,309.8,412.5,389.2,299.3,332.7,321.6,289.2,285.0,344.4,216.1,221.2,328.0,305.5,291.3,286.3,253.7,280.0,344.9,305.3,182.4,328.1,334.9,290.1,211.8,400.9,245.9,367.6,208.8,289.1,214.5,298.2,247.4,308.1,228.6,244.7,354.5,301.3,337.4,336.6,336.9,NDUFB11,308.85600000000005,298.54,0.9665993213665914
222014_x_at,44.6,83.1,99.4,57.5,54.9,140.7,80.7,40.2,59.3,53.4,63.4,63.4,56.5,29.8,81.8,38.3,36.5,20.9,19.2,58.1,55.1,46.6,53.5,71.0,42.9,79.5,16.9,87.5,86.6,65.8,43.2,48.3,67.9,82.7,100.2,64.9,50.2,80.0,56.4,61.6,60.4,51.1,97.9,78.0,63.1,71.6,67.0,83.7,55.5,58.4,7.4,82.2,97.4,76.9,109.5,71.9,41.5,67.8,68.5,13.0,60.5,66.9,109.9,65.9,42.4,89.7,92.9,91.0,37.7,9.4,46.8,67.6,32.6,71.4,33.9,71.2,66.6,100.9,62.6,66.5,40.8,77.9,59.9,32.4,33.2,102.5,57.9,117.9,55.2,36.2,84.7,46.2,68.6,61.8,61.2,73.3,11.7,52.6,81.4,71.0,86.9,13.1,72.1,2.9,2.7,MTO1,62.58399999999999,60.48363636363634,0.9664392874158947
212085_at,559.2,798.9,1124.6,891.9,589.3,1164.6,1039.5,641.2,709.9,550.5,1048.8,738.6,883.2,618.7,792.2,664.5,820.7,650.5,674.1,1126.4,980.2,623.9,983.8,775.6,631.0,842.1,806.5,869.7,1135.8,725.3,793.7,598.9,849.4,989.7,1032.2,830.2,736.0,703.2,743.7,706.2,776.0,676.4,922.3,542.5,882.7,808.6,974.8,1086.3,737.0,500.0,472.2,597.4,1323.7,1368.0,1480.7,1316.7,1329.1,1023.8,718.9,549.3,594.8,643.9,696.1,779.1,546.9,812.6,878.1,882.9,553.9,702.0,529.4,993.2,513.3,1068.2,483.3,769.4,1155.4,1073.6,570.5,866.7,1085.3,482.0,1106.1,861.7,439.2,906.9,601.1,717.8,679.2,585.4,748.2,638.4,676.1,1190.2,551.6,750.7,620.2,343.0,607.3,310.1,525.4,386.4,1143.0,817.9,822.9,SLC25A6,807.0200000000003,779.8036363636363,0.9662754781339199
211177_s_at,23.8,26.5,56.7,20.2,86.1,52.1,61.4,248.7,64.3,83.1,27.7,54.2,44.6,54.9,62.5,84.7,117.2,194.6,79.8,20.0,22.4,100.0,121.6,66.4,101.9,108.3,132.8,81.7,76.9,115.0,99.0,88.0,93.5,41.3,68.2,59.1,42.4,86.4,70.8,106.8,97.2,98.6,80.8,173.0,75.5,83.9,91.9,16.6,74.8,152.9,66.7,102.3,38.4,43.2,37.1,79.6,14.9,33.1,59.9,29.6,34.6,86.8,38.3,77.0,53.9,78.5,93.0,20.7,94.7,102.3,128.4,87.5,62.3,19.4,67.9,76.3,52.3,77.6,68.9,67.3,92.3,101.8,63.5,47.3,43.8,104.0,130.4,121.7,105.5,152.3,82.4,140.0,119.2,78.2,95.0,95.4,42.7,126.6,169.2,24.8,113.8,131.8,60.7,138.2,74.7,TXNRD2,81.81600000000002,79.05090909090909,0.9662035432055963
205512_s_at,102.1,99.6,104.2,102.8,111.9,114.0,129.4,67.6,84.0,45.8,103.0,91.1,104.7,77.1,117.1,97.0,101.2,79.8,81.3,113.6,88.9,109.6,105.7,82.2,76.2,97.5,84.7,117.1,137.9,114.0,124.0,92.8,98.7,86.7,114.3,88.0,121.8,98.4,60.9,79.0,149.2,77.3,85.4,115.5,97.3,150.9,94.5,93.7,91.7,94.6,149.8,99.4,93.0,89.0,93.8,123.7,109.3,141.1,100.3,73.2,81.0,90.3,69.4,93.4,90.2,95.8,82.3,73.7,94.3,118.4,108.5,137.7,93.3,123.9,111.6,111.2,92.7,92.9,112.9,125.2,86.1,86.5,76.1,117.5,104.4,70.1,101.9,96.5,88.5,90.0,99.4,101.6,65.1,113.3,69.9,74.9,10.1,94.5,98.4,84.2,78.9,41.5,129.3,141.5,75.5,AIFM1,99.11599999999997,95.76363636363635,0.9661773716013194
207727_s_at,112.7,94.7,116.5,122.2,117.3,88.1,114.8,166.1,91.4,102.7,80.1,112.3,126.5,210.5,104.6,133.4,144.1,160.8,164.0,121.8,141.2,146.9,75.4,121.4,95.9,102.3,121.5,117.8,118.8,97.6,110.7,130.0,91.1,98.3,93.7,140.9,99.3,69.4,89.8,87.0,149.8,126.3,101.6,137.6,106.6,143.1,89.9,75.1,133.4,150.1,134.1,128.4,74.5,85.2,86.6,99.1,65.1,81.9,61.9,117.8,79.2,79.9,119.7,100.6,135.3,70.5,110.2,110.8,51.4,119.2,150.0,102.1,107.9,118.4,117.7,123.1,113.6,67.3,86.9,108.8,185.0,103.1,100.1,163.5,140.1,85.2,74.7,221.2,107.0,86.2,135.1,149.7,124.2,111.2,57.2,96.8,188.1,149.8,134.0,165.6,146.5,131.6,132.2,94.0,122.2,MUTYH,116.94200000000005,112.93636363636364,0.965746811550714
213919_at,179.5,133.2,119.3,128.8,137.8,71.2,97.2,160.9,93.8,140.3,101.3,141.0,82.6,165.3,113.9,140.8,114.3,153.7,163.0,93.0,117.2,127.3,79.7,115.6,119.5,77.3,150.6,159.3,140.5,164.0,146.2,113.1,127.7,115.6,83.1,124.6,128.5,88.8,124.0,83.4,124.4,47.9,106.8,81.9,117.9,108.4,98.4,79.7,116.8,107.1,196.4,101.4,97.9,82.5,110.8,116.8,98.2,98.3,101.9,104.0,71.4,97.8,117.8,75.3,134.7,128.9,88.8,111.3,141.4,176.8,70.3,99.5,191.1,121.5,138.2,146.4,60.7,92.2,127.4,77.0,140.9,112.8,133.7,98.0,111.8,87.2,67.9,154.4,117.3,190.2,121.7,138.0,137.5,73.3,83.2,113.7,47.7,126.4,105.8,222.0,169.5,51.6,79.4,102.7,109.8,DNAJC4,118.12399999999998,114.0581818181818,0.9655800837948412
204172_at,60.0,76.1,50.8,23.2,56.9,106.0,72.3,34.6,75.8,39.8,48.6,66.2,80.6,29.7,79.4,55.0,23.8,28.9,22.4,63.7,38.0,60.7,139.9,51.1,82.3,56.3,50.2,42.5,35.2,23.0,55.2,72.4,42.0,103.3,109.5,44.3,68.0,56.5,51.1,47.4,39.8,73.3,57.8,44.7,49.1,46.6,29.6,80.0,69.9,52.5,39.8,38.7,137.8,101.0,80.8,45.8,123.3,58.3,40.6,46.2,94.1,71.1,57.2,73.2,51.7,44.7,71.1,81.3,34.2,32.9,25.7,34.1,36.4,67.1,40.1,69.0,54.6,91.5,65.7,33.3,53.9,47.0,59.2,53.6,23.4,48.4,18.0,37.8,15.6,58.5,38.3,52.8,40.9,70.8,59.9,48.9,87.6,61.7,40.1,63.5,19.0,61.8,71.8,22.2,46.3,CPOX,57.32000000000001,55.314545454545474,0.965013005138616
204836_at,30.7,46.2,48.8,18.9,59.2,39.3,41.0,32.6,36.7,23.1,29.4,29.5,25.0,78.5,50.9,42.0,42.3,75.8,56.2,31.2,36.8,46.0,28.0,57.9,26.6,44.4,56.3,27.1,43.1,19.8,30.4,7.7,55.4,23.9,51.9,22.0,9.2,43.1,22.2,49.8,46.0,13.9,13.9,45.2,19.1,18.6,25.0,42.0,29.9,36.5,48.6,32.7,31.3,31.2,19.9,28.2,18.6,46.1,13.4,42.4,15.8,32.6,31.0,31.6,19.4,12.8,67.2,16.8,39.8,55.4,37.4,25.1,65.6,8.8,20.2,17.3,14.6,20.3,8.5,33.2,19.6,46.2,12.7,37.9,5.3,75.4,33.1,12.2,40.9,22.7,23.1,23.9,15.6,37.7,84.9,11.1,74.5,83.9,20.1,38.3,88.9,68.8,29.0,65.4,84.3,GLDC,36.580000000000005,35.29636363636364,0.9649087926835328
204134_at,8.4,18.5,15.3,13.9,10.4,15.5,15.8,27.8,17.5,23.0,52.4,40.4,9.6,14.3,22.7,43.4,21.6,29.5,27.4,27.7,32.5,17.0,10.9,36.0,12.9,15.6,11.7,8.9,14.5,8.3,59.3,9.2,32.8,18.2,9.6,16.4,20.8,56.5,18.3,15.7,16.3,25.5,32.0,55.1,11.8,7.0,11.3,11.3,45.7,18.4,16.0,11.2,13.2,13.6,4.1,14.8,17.1,44.2,17.6,17.2,32.4,39.0,18.1,7.1,39.3,37.9,19.2,16.1,18.4,8.0,19.9,17.5,8.7,9.1,6.6,15.5,47.9,10.0,32.0,34.9,10.6,7.1,26.6,8.8,18.3,10.1,13.9,9.7,87.4,16.8,42.0,24.2,16.1,13.7,8.8,20.2,77.8,11.9,11.6,12.7,19.3,25.5,41.1,36.5,5.7,PDE2A,22.291999999999998,21.509090909090908,0.9648793696882698
209364_at,23.2,25.2,19.0,19.9,16.5,12.4,42.8,46.4,24.7,29.3,11.8,22.8,8.2,47.1,17.7,24.5,30.3,29.8,26.1,34.8,58.6,15.7,51.2,14.9,13.1,57.8,18.2,18.7,49.0,17.1,11.3,15.0,24.3,53.1,41.4,24.3,38.1,27.3,18.2,7.9,15.3,18.4,53.6,12.7,32.5,17.1,13.6,73.0,22.2,17.0,21.0,20.7,18.4,32.5,50.3,13.1,20.3,17.9,20.6,21.1,18.1,12.9,11.5,19.8,63.3,17.4,65.5,18.0,15.1,17.2,12.3,44.1,17.9,21.8,18.9,51.9,10.6,11.6,16.1,58.6,23.7,10.9,10.9,18.1,16.6,70.1,30.3,10.2,18.2,13.3,20.1,17.9,33.9,64.4,15.1,13.8,10.9,57.1,16.4,15.0,37.3,116.4,22.6,12.2,11.6,BAD,27.261999999999997,26.28181818181818,0.9640458580374949
214166_at,32.8,20.2,30.6,61.1,46.3,31.5,32.9,64.4,38.4,39.2,13.7,32.4,27.0,71.7,55.3,68.6,76.3,50.3,100.6,33.0,61.6,62.7,43.2,31.5,7.2,9.8,73.9,54.1,40.9,60.5,70.1,54.7,21.5,52.8,43.8,20.9,7.5,38.1,30.8,52.6,69.3,65.8,54.0,5.2,9.6,73.1,36.5,28.0,20.4,71.8,55.8,44.9,3.8,40.0,28.3,30.9,38.3,76.9,63.8,51.1,7.7,36.4,21.6,41.8,58.3,36.0,36.3,34.9,35.1,73.1,91.4,55.6,64.6,11.3,68.9,61.3,20.1,35.6,62.4,67.5,8.0,38.1,53.0,3.2,16.0,15.6,84.5,45.6,15.6,41.1,45.7,43.7,50.9,3.9,9.5,7.1,63.7,80.6,54.8,35.4,17.4,107.4,24.8,39.8,71.6,SDHB,43.964,42.376363636363635,0.9638878090338376
210803_at,36.4,44.5,52.1,24.3,42.7,35.4,53.9,103.1,59.8,41.0,30.8,41.0,17.6,47.2,27.0,35.6,78.9,48.5,35.5,14.0,43.7,28.0,21.4,27.2,25.7,38.8,4.4,41.1,35.4,44.0,35.4,38.6,15.6,13.8,23.1,24.8,30.6,16.3,7.4,54.6,42.1,42.2,9.4,9.6,19.2,46.9,10.7,19.6,29.9,6.0,55.3,37.2,27.8,16.1,24.1,22.8,45.2,40.7,27.6,48.1,27.6,28.6,17.4,20.1,53.2,19.5,9.8,54.3,36.9,22.3,7.0,45.3,26.3,40.8,6.2,22.2,22.4,13.4,30.5,5.4,12.8,27.6,41.8,49.6,55.3,8.3,63.0,16.6,3.4,52.5,32.8,64.4,12.0,35.8,68.6,21.6,72.6,6.3,40.1,5.8,63.5,40.8,26.0,41.2,59.2,TXNRD2,33.496,32.285454545454535,0.9638599995657551
210775_x_at,282.9,243.0,277.6,263.2,266.3,184.0,221.0,292.0,324.4,251.8,259.1,311.1,249.6,318.5,225.8,385.6,270.4,288.0,314.3,257.4,162.1,155.1,231.1,197.8,152.6,205.8,243.4,256.7,257.8,281.2,173.7,242.8,189.4,224.3,178.7,199.7,176.7,253.8,234.9,189.2,231.5,183.1,260.0,265.4,168.0,222.2,154.1,165.4,208.2,250.3,269.9,233.5,188.9,164.7,189.0,165.2,195.2,262.1,235.1,286.4,122.0,251.5,163.2,150.9,169.9,295.4,243.4,185.4,272.7,123.3,197.7,125.2,254.9,239.8,184.5,232.0,192.4,206.4,285.4,294.3,256.6,234.5,175.4,253.2,189.5,221.8,181.8,238.0,267.3,166.6,292.8,186.3,277.4,227.7,286.7,218.5,237.4,349.4,331.9,225.1,330.4,379.2,142.1,238.0,221.7,CASP9,236.02000000000007,227.4472727272727,0.9636779625763606
218201_at,105.1,112.9,157.3,137.7,201.8,244.3,157.5,310.8,191.3,131.6,136.6,166.7,171.0,186.1,222.0,150.3,264.7,207.3,182.0,217.7,204.5,214.1,227.7,126.6,187.8,188.0,199.6,197.3,208.5,177.4,175.0,182.4,160.0,197.0,161.0,102.3,119.0,177.9,127.1,142.7,178.3,141.5,185.2,198.3,180.4,183.5,153.3,168.1,100.5,175.8,155.1,184.5,201.6,144.1,171.0,162.7,151.6,135.4,115.1,182.2,162.3,160.1,164.0,123.2,163.5,163.7,121.7,212.6,200.1,161.6,153.0,267.1,103.4,220.5,113.5,194.0,167.3,196.5,161.6,154.4,154.0,177.5,221.6,141.8,259.8,154.7,150.8,168.5,188.9,205.0,154.7,118.4,164.1,199.4,165.2,177.2,150.5,124.4,194.3,155.3,181.1,158.2,271.5,155.6,163.1,NDUFB2,175.90999999999997,169.50909090909087,0.9636125911493997
205760_s_at,112.8,115.7,99.6,98.7,165.6,157.2,132.4,113.7,138.7,96.3,99.9,22.1,94.0,146.6,113.8,113.1,131.2,106.1,131.6,64.0,45.6,136.8,133.7,171.7,72.5,140.1,107.9,141.9,99.3,126.2,108.6,131.1,114.0,97.7,139.6,106.6,130.4,83.0,86.0,48.4,143.2,83.0,82.1,151.7,71.8,168.1,133.3,136.4,99.0,146.7,58.7,97.4,124.9,112.8,133.2,69.4,108.6,109.5,107.2,102.0,100.7,224.0,158.3,125.6,107.2,95.7,144.8,113.8,90.5,117.5,26.3,167.7,92.5,199.3,120.2,115.9,111.7,108.7,104.7,114.1,127.1,131.5,121.3,41.3,117.6,35.0,200.2,125.7,97.6,50.2,154.3,99.3,103.8,137.3,132.3,113.5,36.2,31.3,160.3,98.2,164.2,62.4,25.1,150.7,49.1,OGG1,113.78999999999996,109.60727272727274,0.9632416972253518
211727_s_at,72.6,64.9,66.1,49.1,53.1,61.6,77.2,56.7,57.5,42.3,55.7,70.1,49.3,28.7,51.6,89.2,44.7,55.2,63.9,52.8,58.2,62.6,82.4,51.7,69.4,70.0,67.4,76.6,52.6,33.3,43.8,65.7,77.5,95.4,72.4,36.0,57.4,65.2,55.1,78.7,62.5,64.7,86.7,103.3,50.9,55.6,35.5,50.4,54.4,33.3,82.6,41.6,85.2,83.9,77.9,77.7,48.9,43.4,47.3,76.6,56.3,20.1,66.6,57.5,65.4,43.3,41.3,68.5,60.5,56.8,2.2,57.9,47.5,82.3,51.9,70.7,54.0,80.4,23.9,90.8,55.4,73.9,74.1,73.0,42.2,70.5,31.9,73.6,63.8,29.5,77.1,74.6,48.4,84.1,45.0,66.4,78.9,52.5,48.9,16.5,74.2,16.2,44.2,80.8,52.0,COX11,60.62,58.37636363636364,0.9629885126420925
218106_s_at,147.6,149.2,222.0,182.0,223.9,232.0,219.3,163.5,209.6,153.9,191.7,120.1,146.6,187.0,208.8,143.2,116.2,104.5,85.4,227.6,285.5,174.8,136.0,196.4,199.3,169.4,196.6,187.3,241.4,231.7,187.8,165.5,157.4,186.3,141.8,212.2,187.5,177.0,116.3,208.9,157.0,220.1,193.4,159.6,167.8,198.9,200.1,145.6,105.5,210.6,101.5,251.5,214.1,187.5,234.9,226.8,156.0,154.8,158.4,113.0,175.4,212.7,184.1,193.7,208.3,194.3,179.5,187.8,167.7,130.7,117.5,186.0,166.2,228.5,123.7,145.3,188.0,177.4,195.4,162.1,239.4,179.3,128.3,138.8,152.6,117.8,160.4,177.5,121.4,164.7,171.9,84.9,145.6,202.4,183.7,110.2,146.0,276.2,171.6,174.8,168.0,207.9,211.7,142.5,178.4,MRPS10,179.03600000000003,172.34181818181813,0.9626098560167681
206957_at,28.7,4.6,9.5,28.0,3.5,39.4,23.5,20.7,15.0,7.8,4.5,34.5,11.8,6.9,3.9,5.2,76.8,10.9,9.4,16.7,36.5,6.4,26.5,29.4,22.6,57.9,7.1,14.5,41.3,11.8,5.3,6.0,30.0,4.4,15.7,19.6,3.5,6.2,9.8,34.7,6.5,4.8,20.0,6.8,31.3,41.1,4.7,25.9,4.4,24.8,42.1,35.3,2.7,6.4,11.6,4.4,15.6,3.5,5.9,14.1,4.7,40.0,35.4,25.2,13.4,6.7,11.4,17.5,32.0,8.9,4.5,18.0,5.3,6.0,7.9,4.3,33.7,5.4,8.7,4.0,2.3,6.0,49.4,31.5,5.4,12.7,34.7,5.8,4.0,61.1,13.4,10.3,29.1,5.2,3.9,25.5,62.6,10.1,45.2,45.8,49.0,10.0,4.0,5.9,7.1,AGXT,18.415999999999993,17.72,0.9622067767158995
203207_s_at,40.3,34.2,34.9,15.3,32.1,18.2,42.1,25.5,27.2,38.4,56.5,57.8,33.6,58.0,41.8,36.1,35.8,32.7,44.1,21.5,38.6,34.3,22.3,24.7,25.7,8.3,6.2,6.5,3.0,30.2,21.3,2.2,33.4,21.0,39.1,2.9,39.4,36.8,5.1,38.7,41.1,18.2,44.2,45.3,33.7,16.9,5.0,12.6,31.0,10.1,28.5,35.8,27.6,19.0,31.7,22.9,26.8,34.6,27.3,48.9,4.2,39.7,14.0,7.7,24.3,38.8,18.4,19.4,6.2,8.1,50.0,31.6,20.0,30.2,14.5,27.1,27.5,5.4,24.7,24.1,4.8,47.2,22.7,23.7,13.2,44.0,20.7,6.9,5.8,72.8,24.2,5.3,28.6,35.5,33.5,39.0,68.8,35.8,19.9,15.7,29.2,47.7,33.8,19.8,69.1,MTFR1,28.478,27.394545454545455,0.9619546827215905
218225_at,8.0,34.0,29.6,63.2,28.1,84.0,44.4,105.0,29.2,24.0,23.6,26.4,43.0,87.1,41.8,56.4,44.4,99.0,40.4,58.1,88.4,20.5,58.8,55.6,75.1,56.6,11.7,47.6,51.6,86.9,39.5,28.8,55.5,45.9,23.8,92.6,81.5,41.3,86.3,54.8,64.9,10.6,18.6,14.8,65.5,18.2,43.9,64.5,40.1,85.2,95.6,31.6,26.4,61.9,55.5,67.6,58.7,57.3,22.8,72.4,11.8,15.0,39.3,56.7,36.3,57.3,8.7,46.7,68.8,66.6,13.2,50.0,44.6,87.6,53.0,17.0,23.3,90.3,10.2,34.2,56.7,92.2,42.0,25.7,19.8,62.4,37.5,40.9,30.3,62.6,14.2,118.9,33.4,37.0,18.6,37.3,17.8,45.3,27.5,19.9,53.0,70.2,141.8,81.8,76.4,ECSIT,49.975999999999985,48.06545454545456,0.9617707408647065
221952_x_at,1115.9,814.0,875.9,861.3,865.1,1121.8,1097.9,494.6,910.6,875.3,1200.5,722.2,1153.7,582.5,929.0,778.7,677.5,513.0,598.2,1285.7,1174.0,768.3,872.2,1044.3,981.7,1040.7,939.7,1181.0,962.8,800.1,949.7,964.7,1027.2,1044.8,1029.9,1045.3,719.3,941.9,881.5,1199.6,1147.2,993.0,1274.6,762.9,1015.0,802.9,1158.1,1293.1,1228.4,1027.6,581.1,1007.4,1392.5,1316.8,1297.4,1162.6,1211.1,1069.7,1004.5,718.8,824.6,1139.6,897.9,1079.6,786.5,962.6,935.9,1017.7,840.1,759.2,758.6,842.8,725.0,1107.8,886.8,882.5,1155.3,893.5,907.7,915.3,889.4,859.2,811.2,870.3,988.8,965.5,803.6,722.5,911.7,954.4,1221.4,713.7,704.2,1367.5,777.4,936.5,732.0,625.6,954.8,634.6,679.6,848.0,792.9,664.4,998.7,TRMT5,954.8980000000001,918.3418181818181,0.9617171867380788
205295_at,100.9,92.8,97.0,104.6,58.0,83.6,87.5,115.5,57.0,118.3,87.6,59.5,68.2,104.3,66.5,122.6,65.9,142.6,78.1,62.8,20.3,80.4,148.9,83.3,92.8,118.1,121.4,166.4,77.2,166.4,102.4,65.3,49.9,137.8,45.0,75.4,108.6,43.2,86.7,38.7,101.3,76.9,88.5,143.1,63.7,118.6,77.4,112.2,84.7,104.5,140.8,93.9,84.3,51.9,60.7,69.9,48.1,45.0,90.3,186.0,66.7,105.9,106.5,69.3,82.1,40.6,66.4,68.3,67.9,176.3,63.1,10.8,62.4,97.6,68.5,51.0,48.4,121.3,124.5,73.1,70.5,109.8,87.5,126.8,78.1,27.5,197.5,104.8,90.4,112.2,88.1,158.8,24.6,71.7,127.3,121.8,86.5,156.3,100.1,36.7,150.7,101.9,60.7,101.0,4.0,CKMT2,91.448,87.94363636363636,0.9616791659045181
216996_s_at,91.9,88.7,108.3,120.4,96.0,151.7,154.3,69.3,99.8,114.2,57.0,96.2,90.2,77.3,118.7,99.5,90.9,92.7,79.5,80.7,114.7,113.2,145.4,116.1,76.8,97.4,103.3,68.8,108.2,88.2,80.1,66.9,55.6,75.4,121.0,103.1,101.3,66.7,58.0,78.0,106.7,90.3,114.6,141.2,109.8,64.9,62.4,115.9,64.7,70.0,61.1,83.3,91.8,68.5,106.8,99.6,97.1,92.5,107.7,77.4,91.1,103.4,98.1,92.0,83.8,84.3,97.2,124.8,73.7,115.1,128.6,139.5,111.0,89.7,85.1,89.6,115.3,117.3,85.9,112.2,89.8,68.6,83.8,69.4,93.6,105.2,78.5,52.4,42.0,115.0,94.0,88.2,99.2,122.9,74.7,111.3,84.5,82.1,68.7,91.9,111.6,61.1,70.4,93.0,55.3,FASTKD2,95.11999999999998,91.46727272727273,0.961598746081505
209249_s_at,760.2,833.0,817.1,878.7,780.9,1029.9,945.8,385.5,654.2,767.2,961.0,604.3,957.1,469.4,869.1,833.0,723.7,599.2,609.9,1000.6,834.9,747.6,823.1,719.7,812.5,786.4,757.7,711.5,815.7,810.9,883.8,883.3,831.2,886.9,888.0,961.4,805.7,735.6,937.0,858.5,887.9,934.2,859.8,762.3,872.2,650.2,893.1,961.8,922.7,586.4,614.9,805.4,1013.9,919.9,915.8,892.9,793.1,982.5,821.1,626.2,818.5,754.8,803.5,861.9,822.5,915.8,945.4,687.3,685.3,620.7,548.9,762.3,734.0,862.3,927.1,911.1,925.0,892.7,800.2,884.7,717.7,761.5,879.5,742.9,654.9,915.7,631.9,637.0,559.8,681.3,829.3,713.0,657.9,1009.5,827.9,741.1,741.7,627.3,620.2,824.1,647.2,591.9,859.6,735.6,460.6,GHITM,806.0360000000001,774.8872727272725,0.9613556624360109
52159_at,17.0,21.8,50.2,31.5,66.7,45.4,91.3,78.8,96.2,73.7,56.1,81.6,92.9,56.5,78.1,12.7,60.9,19.8,36.7,47.3,63.9,62.2,44.5,74.5,10.5,47.5,71.1,64.4,63.9,15.0,101.9,69.2,46.8,51.5,60.8,67.0,16.1,77.3,72.2,74.9,25.8,43.0,80.6,15.4,42.4,22.9,34.8,77.3,23.7,18.9,23.8,75.3,34.7,58.6,52.4,16.2,50.2,44.3,96.7,34.7,48.4,74.9,67.8,46.4,94.8,65.7,107.6,19.4,12.4,12.3,86.5,87.1,32.5,83.7,41.5,55.1,42.4,68.8,16.4,91.4,90.6,56.0,23.7,17.0,22.9,6.7,71.4,56.3,85.0,10.7,63.0,70.1,20.9,27.0,17.0,45.6,65.7,24.8,15.7,52.5,57.7,78.7,76.0,91.1,18.1,HEMK1,53.10400000000001,51.02181818181817,0.9607904900161599
221053_s_at,27.6,83.2,52.9,67.7,24.1,71.5,54.3,60.2,35.6,37.6,40.8,44.8,44.0,87.8,54.2,72.1,107.8,74.4,72.0,34.1,82.0,58.3,36.0,80.3,56.5,32.1,94.1,54.3,33.1,77.5,47.9,47.7,65.8,31.1,50.6,63.2,82.0,63.0,55.1,51.2,50.3,35.5,37.1,86.8,38.4,59.3,55.2,44.3,62.9,27.0,92.1,45.3,42.7,29.6,61.3,50.5,44.4,72.9,40.1,95.4,25.6,63.6,38.7,60.6,49.8,54.9,77.9,51.8,52.8,66.1,79.5,68.3,35.5,60.4,41.1,40.1,38.2,48.8,68.5,15.9,60.6,58.9,40.4,43.8,77.7,33.2,47.3,40.8,41.4,17.3,41.4,95.6,59.3,70.6,41.0,38.2,112.0,80.8,12.9,65.6,28.5,111.9,4.5,67.3,60.3,TDRKH,56.105999999999995,53.88545454545456,0.9604223174964275
204809_at,85.0,63.4,58.1,54.3,62.4,61.8,65.3,64.3,59.9,60.8,53.1,55.4,59.9,61.2,65.4,73.6,50.8,66.1,85.5,52.9,75.9,89.4,47.3,63.3,48.4,40.8,71.6,48.7,85.1,85.9,47.6,74.5,38.7,58.9,59.7,65.8,49.0,69.1,63.3,77.3,50.9,64.4,27.0,53.7,79.2,67.4,60.1,55.4,54.8,95.1,90.1,52.9,59.4,56.5,33.6,61.2,51.0,24.7,82.8,56.5,50.9,82.4,74.8,58.1,67.4,60.3,38.7,73.5,62.2,72.7,59.1,46.8,47.4,36.8,48.9,33.7,65.4,91.7,58.9,50.7,46.6,46.8,59.8,89.1,57.1,77.0,81.9,44.7,29.1,72.9,72.6,48.8,32.2,79.9,62.4,57.1,72.7,67.0,55.9,87.0,46.6,44.0,56.8,62.4,104.3,CLPX,62.55000000000001,60.06909090909091,0.9603371847976163
40255_at,67.2,54.1,90.1,70.7,63.7,50.6,56.2,92.7,78.9,67.1,61.3,59.3,58.6,85.6,67.2,64.5,88.0,101.4,92.3,73.0,66.9,72.2,38.7,62.8,35.2,49.0,62.0,46.4,59.3,66.0,82.0,78.6,57.3,72.4,77.6,63.9,55.8,81.6,54.0,61.0,63.4,33.2,53.7,61.0,46.5,74.1,62.9,69.5,63.7,60.8,65.9,67.9,65.1,65.0,51.5,62.5,54.8,72.0,41.3,84.9,37.4,64.1,41.8,81.1,49.3,63.3,83.1,71.8,53.9,83.7,122.2,51.5,68.6,81.6,68.4,69.1,83.1,55.8,65.8,17.2,77.5,53.8,72.2,20.5,47.5,74.4,93.6,48.1,67.4,63.1,72.5,41.2,64.2,65.2,29.2,72.5,67.8,93.4,44.5,42.5,74.8,86.5,64.4,62.4,14.4,DDX28,65.48,62.859999999999985,0.9599877825290162
208910_s_at,151.3,150.7,157.2,95.3,164.8,174.4,185.8,108.6,151.4,137.4,97.9,119.6,147.9,122.7,144.1,162.1,98.5,54.4,57.2,145.5,111.0,117.5,99.2,110.3,57.0,103.9,126.4,98.7,130.4,112.1,87.5,138.4,175.8,160.3,130.2,98.7,165.7,72.5,81.5,116.0,113.4,101.4,148.5,174.2,110.6,157.8,89.5,170.9,142.5,125.6,36.6,94.7,154.2,161.7,140.2,123.3,148.3,56.4,161.3,68.4,185.5,103.4,165.8,174.7,124.0,133.2,159.3,157.5,122.7,58.4,63.0,98.4,122.4,214.3,54.2,72.9,194.5,141.1,112.1,81.4,156.8,143.5,177.8,130.6,134.5,120.6,125.1,101.7,31.0,73.9,178.8,97.0,138.2,152.7,67.9,57.9,137.2,94.4,90.3,65.0,158.8,154.4,185.0,61.5,84.8,C1QBP,125.08599999999998,120.06,0.9598196440848697
213647_at,22.8,31.2,49.0,48.4,29.6,34.0,40.9,43.4,32.3,11.8,32.4,49.4,4.9,30.2,24.2,35.8,9.7,29.6,16.7,22.5,10.5,34.5,23.3,23.8,32.6,31.1,68.6,21.4,21.8,43.4,36.7,22.4,66.1,7.2,38.2,37.8,26.7,15.0,11.3,34.0,27.8,39.3,25.3,62.9,32.6,7.9,30.1,33.7,28.6,17.5,12.3,5.8,25.4,21.3,42.6,28.6,10.5,7.8,10.4,42.4,31.5,34.1,10.5,7.3,34.3,38.3,35.0,11.3,7.7,30.8,30.8,38.8,42.3,33.6,35.2,41.3,34.1,7.9,57.9,36.2,13.0,9.3,21.5,10.1,29.5,21.0,46.5,43.1,15.3,52.3,10.7,56.0,37.1,6.4,45.3,45.6,24.6,34.5,55.7,36.2,12.8,31.7,9.7,3.6,117.4,DNA2,30.217999999999996,28.99818181818182,0.9596327294388055
203613_s_at,300.4,288.7,431.4,357.0,322.0,387.7,219.9,335.5,200.7,235.2,365.1,152.5,386.5,394.1,365.1,313.0,361.0,290.6,216.1,380.4,256.6,334.5,332.8,240.3,400.0,412.9,336.1,317.6,431.3,393.6,459.7,400.0,314.4,326.2,337.8,321.1,354.9,478.0,280.7,331.3,297.0,329.2,390.7,233.4,230.8,227.0,393.7,442.3,359.1,332.0,353.8,439.3,375.5,392.0,355.6,414.4,390.9,280.1,352.3,271.0,415.8,272.3,373.5,317.8,353.1,334.3,312.2,293.0,284.6,211.4,181.5,247.5,320.0,280.5,318.2,341.2,386.5,401.0,318.4,358.7,329.5,526.4,374.3,303.4,353.7,156.7,251.4,330.6,369.1,212.2,310.6,267.3,278.7,308.6,251.3,346.8,203.3,243.2,261.4,309.2,222.0,268.1,320.1,391.1,375.0,NDUFB6,331.958,318.37090909090904,0.9590698494716471
208956_x_at,411.3,422.4,377.2,201.9,449.0,380.2,411.1,211.5,421.3,293.1,211.2,501.4,198.7,168.7,416.0,291.9,144.7,145.0,173.0,254.3,274.1,210.8,276.6,323.1,301.0,336.4,342.2,227.3,240.6,177.1,331.4,355.8,260.7,362.8,414.7,322.1,235.2,307.3,196.5,278.2,230.3,256.2,281.8,202.4,281.2,281.9,263.2,283.7,248.7,272.9,217.2,250.7,398.8,319.4,456.4,309.6,289.3,232.9,258.8,183.2,309.7,285.9,277.6,372.6,280.6,263.0,307.8,425.7,220.6,246.4,230.1,234.1,308.7,389.0,244.8,257.6,324.3,313.7,205.8,303.2,350.8,228.2,353.1,248.0,275.0,235.1,302.3,294.5,210.9,141.7,249.8,286.7,206.0,277.5,356.0,294.1,183.8,228.1,242.3,258.2,219.0,195.4,331.7,225.1,344.2,DUT,289.20200000000006,277.36363636363643,0.9590654157427555
215490_at,109.2,103.6,10.8,59.5,43.6,78.6,11.6,110.6,39.4,37.8,67.9,44.1,62.6,128.6,76.0,49.1,110.4,17.2,72.9,37.2,54.1,16.7,71.2,41.2,47.6,27.3,80.6,82.3,7.9,69.9,10.1,33.2,37.0,34.0,64.3,41.1,30.6,11.2,10.2,7.6,10.4,20.3,9.0,115.2,63.8,19.7,7.3,6.7,97.6,39.0,75.8,36.6,29.5,6.9,69.8,8.2,28.4,12.6,12.7,20.5,8.9,95.9,42.6,6.6,42.6,27.0,38.7,59.8,6.7,113.2,90.7,22.4,11.5,48.8,10.9,42.2,4.4,42.9,28.4,2.2,22.0,90.1,63.7,108.4,40.1,12.6,129.7,36.9,14.6,79.7,73.5,48.1,86.9,32.7,31.4,59.3,155.6,93.5,51.5,15.5,114.0,36.6,16.5,92.2,16.4,IBA57,48.756,46.70727272727273,0.9579799968675184
214864_s_at,185.2,111.1,216.3,246.3,215.1,228.6,215.1,219.7,221.1,277.3,155.6,334.4,240.2,183.3,215.9,311.5,210.3,184.5,208.8,180.1,255.3,178.0,226.0,225.5,137.1,181.9,126.3,247.8,175.5,198.1,131.1,170.9,210.8,157.5,276.9,154.2,194.6,151.0,379.3,209.0,109.4,144.9,244.8,144.8,130.5,234.5,164.1,179.5,114.1,207.1,151.7,360.6,198.6,161.7,216.6,251.4,291.4,250.0,161.5,143.7,134.1,211.4,191.2,104.9,143.2,150.3,183.1,188.2,160.8,211.0,198.8,305.8,144.3,238.6,135.5,282.1,184.2,156.2,143.3,194.0,169.5,103.5,151.9,232.9,227.1,254.0,132.9,207.3,144.8,129.8,156.2,127.3,182.8,221.9,255.8,198.5,197.6,229.0,228.9,124.5,105.9,277.5,243.6,213.9,183.9,GRHPR,200.418,191.80363636363634,0.9570180141685694
203327_at,69.6,73.5,73.8,44.5,83.3,90.8,75.2,50.9,67.2,84.8,116.1,71.7,85.7,64.5,85.7,64.2,45.5,72.0,66.8,83.8,62.2,95.2,62.7,79.0,87.4,69.2,74.5,81.5,71.6,81.7,81.4,104.3,106.1,70.7,80.9,46.5,65.0,57.8,81.3,24.5,47.2,77.0,73.7,71.0,63.5,67.7,80.6,92.9,97.7,78.5,93.8,54.3,109.1,102.0,112.8,74.4,80.0,75.2,58.7,21.7,88.1,54.4,76.3,63.9,70.0,79.0,72.1,80.0,74.8,84.3,26.2,74.5,62.4,71.2,66.0,56.4,85.8,110.8,60.7,24.4,81.5,22.4,114.0,73.3,77.0,48.8,42.2,60.6,53.1,48.5,62.5,77.2,75.2,75.0,85.1,69.6,106.6,46.5,80.3,74.8,60.0,56.3,103.9,62.4,77.9,IDE,74.05799999999999,70.87272727272727,0.9569894849000417
200845_s_at,201.0,153.1,223.8,93.7,206.5,156.3,262.8,193.0,219.2,165.7,138.7,202.4,242.9,167.4,191.4,181.9,156.8,166.8,145.5,185.7,132.6,121.9,178.2,183.5,170.2,142.7,166.7,179.6,162.4,102.2,162.2,165.0,122.8,137.2,155.3,232.3,105.5,198.5,188.8,241.6,172.3,206.8,173.9,182.5,220.0,186.0,191.6,192.9,205.6,221.5,133.1,165.6,184.9,184.8,173.1,180.0,234.5,98.6,176.0,136.9,214.0,181.5,176.2,253.5,172.8,229.6,193.6,230.6,145.8,164.7,136.0,183.5,195.9,155.0,205.8,149.8,139.4,135.7,187.7,198.1,213.8,161.1,102.1,78.6,118.0,206.7,126.8,146.6,210.2,154.2,173.8,220.9,170.2,143.9,217.0,163.7,191.7,114.0,123.2,176.4,164.7,105.5,158.8,154.2,210.1,PRDX6,177.13800000000003,169.50727272727275,0.9569221326156596
208969_at,137.0,130.8,173.5,133.8,202.9,258.0,148.1,93.1,161.7,140.8,159.4,183.7,159.4,122.3,144.3,109.2,185.7,199.1,173.6,128.8,133.6,139.2,172.6,180.0,117.4,141.3,121.0,196.7,155.1,105.1,96.8,151.5,125.3,139.2,123.3,137.4,160.5,140.7,166.3,112.1,147.2,152.6,136.3,137.3,126.2,129.3,103.9,121.0,95.1,124.3,106.2,151.9,142.5,125.6,124.4,291.1,145.6,152.6,143.4,133.6,176.3,194.4,149.0,128.9,114.5,165.8,142.8,153.0,21.2,136.2,140.3,135.9,118.5,183.2,101.4,113.8,182.2,151.4,170.7,192.2,150.9,83.7,158.5,149.5,124.6,130.7,88.1,129.8,91.4,199.4,97.6,148.5,80.2,127.2,96.3,184.4,47.4,34.1,93.3,162.1,148.8,124.7,189.6,177.6,207.0,NDUFA9,144.67000000000002,138.43636363636367,0.9569113405430542
201963_at,2730.1,2549.4,1284.9,2121.0,1960.2,1325.4,1877.1,1404.9,1948.0,2140.1,2563.6,1428.6,2285.4,1571.0,2036.8,1808.0,1449.1,1415.4,1054.4,2207.5,1404.5,1600.1,2323.2,2018.4,2148.3,1918.9,1929.1,1365.6,2078.1,1810.2,2449.7,1516.4,1872.6,1742.6,1502.3,1927.4,2603.4,2300.1,1795.0,3335.6,1227.1,2904.4,1736.1,1042.1,1954.0,1110.1,1960.5,1944.4,2647.4,1862.0,1726.5,1450.9,1488.6,1929.5,1148.9,1083.8,1780.3,1283.6,2208.7,1714.9,3827.0,1554.0,1536.1,3689.3,3366.1,1984.0,1467.8,1219.6,2227.3,2040.7,1716.7,1882.1,3118.8,607.9,3814.8,3033.1,1604.5,1404.5,1788.7,2522.1,1916.4,1918.5,697.8,1439.9,2003.6,1683.1,898.5,1629.3,2671.5,2778.7,1622.1,1695.0,1596.4,1545.8,1398.0,2480.6,989.7,1840.7,1107.5,1554.1,1057.4,1966.4,1166.8,1213.6,1095.4,ACSL1,1903.81,1821.5927272727274,0.9568143497894892
221913_at,74.8,83.3,59.2,66.9,153.9,70.1,96.7,92.9,112.8,97.0,115.5,117.3,83.3,83.9,89.0,33.0,74.7,98.8,118.2,54.1,83.5,63.7,95.5,99.8,75.6,114.7,57.3,52.6,39.9,81.9,86.6,102.2,73.9,27.6,95.7,100.5,137.6,105.0,147.5,39.6,60.0,114.0,50.5,164.0,104.3,94.0,54.8,60.3,93.2,16.9,34.4,62.9,70.4,48.1,92.0,99.7,57.6,80.0,69.9,98.2,47.6,150.8,91.7,62.1,143.7,51.3,96.5,48.2,96.3,81.7,21.4,122.7,30.9,121.7,98.8,68.5,60.7,77.0,87.3,86.4,33.4,66.8,101.6,121.4,136.0,109.2,159.7,96.5,142.2,74.2,18.1,105.9,86.1,15.5,15.1,56.6,49.7,65.0,159.5,80.9,26.0,165.3,82.9,53.1,108.6,SIRT3,85.362,81.59636363636363,0.9558862683203725
217284_x_at,104.1,19.9,48.7,16.5,27.3,16.2,17.1,25.5,17.5,88.0,86.8,110.8,54.9,24.4,18.6,24.2,27.9,24.2,26.8,83.7,31.0,21.3,16.1,77.0,16.0,45.5,74.9,59.5,19.7,22.3,32.1,4.7,7.0,67.5,38.6,19.8,21.1,26.6,53.6,40.7,31.6,16.1,10.9,63.1,6.4,21.2,36.5,24.8,57.7,63.3,118.1,17.9,10.4,19.9,14.3,45.9,12.3,67.0,17.8,88.5,11.0,18.5,21.1,16.9,22.5,36.1,81.4,43.8,46.4,76.5,85.4,22.3,23.4,6.4,57.8,18.8,15.6,20.6,28.8,15.8,45.0,22.1,9.5,18.0,19.6,18.5,13.5,8.0,20.5,24.0,86.2,19.5,57.8,21.6,8.0,31.1,28.8,210.2,38.6,21.1,30.6,46.9,80.3,6.8,18.2,SERHL2,37.79399999999999,36.10181818181816,0.9552261782774559
204573_at,119.5,51.5,58.2,88.8,79.2,73.5,99.7,58.3,56.7,94.2,93.9,144.6,63.6,116.2,120.1,110.6,106.1,121.9,128.9,50.9,52.5,82.3,76.0,42.8,69.2,51.3,76.5,82.9,57.0,64.3,75.3,43.6,75.3,151.4,49.9,86.1,121.8,42.7,21.8,67.1,86.6,45.2,79.4,60.0,90.6,77.4,58.5,81.3,80.1,55.6,32.2,71.4,73.7,88.1,64.8,79.9,101.3,96.6,72.6,45.5,51.5,71.0,139.0,48.6,73.8,46.4,39.3,77.2,59.4,37.4,69.5,61.9,59.8,61.4,84.0,66.3,43.7,88.6,84.3,105.1,49.6,59.3,66.2,71.0,113.6,82.7,121.5,69.5,129.3,133.5,62.8,108.9,59.4,34.6,106.1,73.4,141.0,38.4,77.7,58.1,76.0,178.7,41.1,71.4,22.6,CROT,78.81800000000001,75.28545454545454,0.9551809808096441
218133_s_at,54.8,85.8,113.0,85.3,73.6,191.5,187.7,29.5,65.2,47.1,54.3,17.9,147.7,36.4,25.5,90.1,81.5,59.8,49.4,118.4,130.2,112.8,40.9,42.2,87.8,111.4,96.9,80.0,90.7,37.1,168.4,95.0,107.2,99.9,86.5,107.2,25.1,57.4,102.0,106.6,129.2,113.7,120.3,57.0,117.5,60.7,104.2,159.6,118.8,131.1,25.6,178.0,155.1,142.5,140.4,121.4,129.1,111.7,128.8,19.4,91.1,61.8,106.1,76.2,56.6,152.5,20.0,135.1,20.0,16.3,13.6,23.6,56.7,136.2,75.4,82.5,149.7,110.1,80.1,148.5,50.2,63.5,98.6,169.4,91.5,81.1,16.7,156.8,128.9,113.4,180.2,24.0,16.0,158.9,133.1,90.1,103.1,21.8,20.0,99.7,26.2,12.4,83.7,20.2,16.2,NIF3L1,90.23800000000001,86.1781818181818,0.9550098829559807
221619_s_at,904.7,880.7,842.4,1038.3,673.0,907.6,850.4,612.9,912.0,881.9,1165.8,679.3,935.6,579.5,916.5,635.2,650.0,584.9,823.5,804.7,946.8,649.0,1193.8,642.5,783.3,800.2,708.6,848.9,881.4,758.8,1037.5,922.4,796.2,801.9,934.9,829.7,1110.2,1041.2,641.9,783.8,934.3,848.8,842.6,661.7,625.5,616.5,937.3,794.3,998.3,758.4,438.5,926.5,966.2,847.9,978.1,1312.5,902.3,1160.9,979.5,812.3,776.6,874.0,574.0,830.2,790.1,1083.2,840.5,696.1,780.2,651.7,886.6,927.7,956.9,1035.3,939.2,712.1,941.6,846.3,834.1,980.7,597.0,634.1,848.5,799.0,779.1,820.6,510.9,668.0,698.3,541.9,798.7,571.5,622.1,1011.5,597.9,778.7,577.4,762.1,615.0,528.7,709.5,573.8,762.9,711.4,700.5,MTCH1,828.1920000000005,790.9254545454544,0.9550025290578199
201568_at,98.7,211.1,263.0,207.6,271.6,285.2,199.2,249.7,179.0,125.1,254.7,202.9,246.8,214.9,273.6,172.7,276.4,173.6,282.7,271.8,212.1,105.1,295.1,176.1,188.8,261.1,220.7,144.1,221.8,292.7,244.1,234.3,211.7,215.7,205.8,127.8,153.2,226.6,201.5,193.0,148.9,241.3,202.8,274.0,155.1,102.7,133.7,185.2,144.0,225.8,198.3,186.6,275.0,249.7,209.9,212.5,207.9,117.8,254.3,220.0,244.1,179.4,157.1,181.1,146.9,196.5,135.1,283.3,168.2,137.0,218.1,149.4,159.1,304.1,154.7,283.0,187.8,227.0,178.8,220.9,327.3,217.8,263.2,184.8,239.6,150.4,198.1,252.3,273.2,117.0,163.5,165.5,196.3,207.5,198.6,175.1,186.8,96.0,217.6,180.4,100.3,186.0,260.8,189.7,133.3,UQCRQ,208.10200000000003,198.63090909090906,0.9544882273640284
204476_s_at,11.6,13.9,14.6,27.6,12.4,11.2,13.5,32.1,8.1,13.6,14.1,12.9,13.3,20.2,10.4,15.6,18.3,35.1,19.6,10.3,12.8,17.1,14.0,19.0,16.1,7.7,19.4,13.6,6.6,12.4,9.3,40.0,17.0,12.2,9.6,13.5,12.1,8.2,12.5,9.9,10.1,11.7,11.7,21.5,13.7,6.8,9.2,7.3,13.6,22.6,10.1,11.8,5.1,12.8,10.8,7.9,8.1,9.2,5.5,24.1,7.7,9.7,18.9,16.4,12.2,12.6,7.3,10.7,26.8,18.5,15.6,8.9,8.8,7.1,29.2,14.9,13.3,6.1,9.2,16.4,10.4,17.4,11.8,8.5,10.0,9.1,12.4,12.7,18.5,22.3,21.3,13.7,7.2,9.1,40.5,22.6,12.4,13.1,11.2,9.4,17.5,25.0,7.8,47.1,9.8,PC,14.792000000000007,14.118181818181819,0.9544471212940652
214025_at,17.0,72.5,65.7,77.4,62.4,50.3,23.0,52.7,24.7,40.0,26.6,30.3,24.9,69.6,44.9,30.6,56.6,104.1,76.0,21.7,61.4,48.1,38.6,37.0,46.6,31.9,69.6,60.0,40.8,48.7,57.8,39.4,38.8,36.0,30.7,8.3,71.3,38.0,46.8,9.0,55.5,8.4,15.1,53.7,35.1,77.3,21.3,23.4,44.8,48.6,118.5,44.7,28.9,19.8,21.9,60.3,25.6,34.0,24.9,18.6,30.8,16.5,36.6,29.9,49.6,32.2,14.8,32.8,83.0,43.4,80.7,46.7,11.9,7.4,42.5,46.2,14.0,11.4,50.0,29.3,39.1,39.6,54.2,18.3,43.9,27.5,101.8,78.4,43.9,36.2,35.2,50.1,62.7,26.9,67.2,49.0,18.2,49.5,48.6,80.5,101.1,123.0,7.3,10.8,3.0,DDX28,44.26,42.23454545454546,0.9542373577619851
205133_s_at,87.2,80.8,160.6,37.1,155.6,169.5,91.3,133.5,78.4,77.3,82.4,108.4,97.3,115.1,139.1,103.5,96.7,183.6,104.2,127.7,80.5,158.8,107.3,122.5,97.5,82.4,65.2,80.1,109.7,97.5,98.6,115.9,113.8,97.3,100.0,117.7,62.0,34.9,88.1,98.1,105.6,93.3,107.6,112.3,124.0,76.5,94.6,147.5,95.9,81.6,124.7,102.3,132.3,95.9,112.3,141.4,82.0,72.6,59.3,74.4,119.0,108.4,129.3,109.5,94.2,80.3,132.1,107.3,59.0,76.5,88.6,68.5,58.1,121.6,34.1,110.3,150.1,54.9,90.0,95.6,85.2,98.1,119.7,87.0,80.5,153.1,124.7,106.7,84.8,49.0,70.1,119.6,104.0,95.1,73.0,114.8,99.1,129.6,127.5,141.5,116.2,52.0,170.3,51.2,115.0,HSPE1,103.92200000000003,99.13454545454545,0.9539322323910762
204676_at,80.1,63.8,87.1,104.9,57.0,92.1,70.1,72.7,60.9,131.6,36.1,88.4,63.5,74.7,95.2,84.0,54.9,74.1,70.0,81.3,45.0,94.6,88.5,72.8,41.2,110.9,47.2,76.0,62.2,58.7,103.3,85.5,68.2,108.7,62.2,47.0,96.4,48.4,56.6,45.2,94.3,75.0,63.3,125.2,75.4,92.3,68.6,77.5,53.9,74.4,88.0,83.3,78.9,98.0,77.0,60.6,75.0,105.1,58.3,68.0,51.5,85.4,90.3,86.5,80.9,79.3,60.4,61.1,69.2,119.8,80.1,69.8,52.7,109.0,47.4,92.9,11.5,57.3,85.3,66.3,55.4,61.8,56.7,34.9,74.8,56.7,73.4,50.4,77.5,18.9,71.1,76.8,30.2,71.7,55.8,61.0,100.4,67.3,50.7,109.3,11.9,125.6,92.4,57.0,155.2,TMEM186,75.21999999999998,71.7418181818182,0.9537598801092557
219510_at,24.6,30.3,34.6,25.6,113.4,50.1,100.3,79.6,22.8,25.2,31.6,69.5,33.7,38.8,96.8,29.3,66.2,67.9,139.5,104.4,90.9,93.2,108.7,86.3,23.6,34.4,44.4,171.1,17.3,76.9,95.1,33.9,23.6,71.3,19.1,110.6,117.8,125.7,52.0,101.2,22.3,34.9,47.9,79.9,49.7,18.7,97.6,46.1,42.0,108.1,167.5,18.6,58.3,12.9,15.7,44.8,99.9,133.0,52.6,84.9,35.6,108.1,41.0,79.7,99.6,28.2,21.2,66.0,47.2,38.2,128.9,19.9,21.9,43.0,57.0,76.1,16.9,47.4,101.1,85.3,71.9,18.4,17.3,11.9,72.9,71.0,107.6,47.8,140.2,58.9,27.2,17.9,25.2,52.0,17.9,12.9,50.1,98.1,80.2,28.8,133.9,117.5,90.3,147.6,17.8,POLQ,64.57,61.56000000000001,0.9533839244231069
200925_at,625.6,662.2,850.1,1189.7,662.0,1176.4,598.6,1177.5,615.6,583.4,867.5,480.8,946.8,1022.8,832.0,539.3,1145.4,934.0,701.3,1151.5,1118.6,1074.6,883.7,918.7,1118.8,990.8,1194.0,995.5,1138.3,1234.7,1298.5,1053.5,1212.1,1023.6,809.1,917.3,815.2,1040.6,1123.9,1101.9,909.1,969.3,896.2,910.8,1077.4,678.2,1180.7,1156.1,920.8,907.9,851.9,896.1,1319.4,1126.0,1117.3,1107.1,946.1,876.7,982.4,679.8,964.3,787.4,1165.7,969.1,810.2,916.8,857.4,924.7,756.2,798.5,711.5,670.8,774.2,1010.5,839.5,1012.1,943.7,1030.0,1043.4,1038.8,850.7,879.6,1084.9,949.0,875.6,713.7,961.4,1022.2,751.6,731.9,957.5,863.1,780.3,1167.2,804.2,809.4,589.5,828.7,696.0,1034.2,493.1,821.7,1129.7,1004.6,1000.2,COX6A1,948.6479999999999,904.1381818181814,0.9530807863593045
221825_at,161.6,120.2,98.2,58.8,149.9,185.0,117.0,243.8,145.5,118.4,123.1,173.3,104.1,116.0,138.0,122.0,88.8,139.9,104.0,69.5,96.8,202.5,149.5,100.8,126.2,133.9,165.1,111.3,73.3,107.1,135.0,129.7,99.3,158.5,110.5,106.7,143.6,132.0,81.1,104.3,97.2,125.4,137.1,88.5,120.6,135.2,137.4,131.8,114.4,125.0,190.7,143.4,164.6,151.2,179.2,157.3,129.5,129.9,116.5,54.3,144.0,144.3,73.9,111.4,112.5,96.6,148.2,158.6,83.2,94.1,69.9,95.9,113.9,195.7,69.2,101.9,161.6,139.9,142.5,131.1,114.1,118.6,136.1,61.1,119.9,116.6,102.3,143.3,51.4,91.3,156.5,116.9,128.1,164.5,120.1,81.2,110.3,94.8,124.0,81.3,89.5,113.1,126.2,72.4,104.2,ANGEL2,125.138,118.96000000000001,0.9506305039236683
200657_at,600.1,439.7,753.4,694.1,715.0,894.2,771.3,654.4,651.1,706.8,625.2,678.7,899.1,609.1,724.5,674.9,663.5,742.2,628.7,851.6,772.7,557.9,755.7,657.1,590.9,635.8,662.4,665.6,854.2,615.2,769.8,564.6,712.4,641.8,770.6,564.5,692.1,673.3,657.8,808.4,682.7,781.3,734.5,583.6,543.7,703.7,699.1,729.3,623.5,594.5,381.8,804.7,778.7,810.8,842.1,911.3,739.7,705.9,852.9,480.4,644.0,746.1,777.6,656.6,523.3,732.9,856.0,682.5,571.8,596.7,584.9,696.6,759.5,709.4,525.6,657.8,802.6,804.7,684.6,625.6,755.7,556.8,739.9,709.6,669.8,693.9,565.3,592.5,582.3,383.3,493.5,527.2,616.9,698.2,588.3,594.5,534.8,544.5,644.8,513.1,513.6,327.5,921.5,485.0,626.6,SLC25A5,685.5260000000001,651.3854545454543,0.9501980297544576
204355_at,98.4,57.4,78.2,166.1,59.7,107.6,99.3,20.6,69.6,62.6,68.8,87.1,167.9,18.8,56.6,71.2,91.5,21.2,98.0,128.5,43.4,99.2,83.2,94.9,111.1,119.3,44.5,47.7,104.9,127.7,89.2,93.4,127.0,94.8,113.0,105.4,88.4,84.1,205.0,105.0,136.0,102.4,99.8,33.6,138.8,48.3,141.9,90.1,111.5,64.1,102.5,126.7,116.3,112.0,76.7,106.5,101.9,123.0,85.8,54.8,56.0,86.5,112.5,86.5,17.7,79.4,73.4,86.9,11.1,107.7,78.3,55.6,47.7,90.9,50.2,22.3,157.1,9.1,72.3,104.1,97.6,100.6,111.5,100.1,132.1,163.7,170.8,13.8,37.4,115.6,54.2,107.8,80.9,93.8,10.5,14.8,40.9,168.4,135.6,89.3,91.9,233.4,85.8,99.2,22.1,DHX30,91.53600000000002,86.96909090909091,0.9501080548537285
209549_s_at,260.5,268.7,266.5,238.5,228.6,390.2,231.2,224.9,250.6,260.7,265.6,169.1,281.7,321.8,254.2,163.4,311.6,361.0,275.2,291.2,289.6,409.7,279.3,257.2,196.5,287.5,235.9,262.1,314.7,262.0,304.2,313.7,286.6,299.2,315.4,258.7,182.6,296.3,287.9,279.3,291.0,249.9,376.4,245.6,289.2,258.6,299.8,339.7,275.3,225.6,248.4,268.2,351.3,322.0,313.9,333.9,259.2,298.1,269.3,187.0,241.7,290.5,322.2,294.9,278.6,321.1,304.5,253.0,266.3,251.1,251.2,298.1,300.7,334.6,227.8,208.5,355.8,260.5,242.4,277.8,289.2,363.9,182.3,251.3,264.3,174.6,257.8,326.6,241.4,243.4,140.1,219.5,276.7,294.1,192.4,208.4,253.3,195.9,230.5,214.4,193.4,171.2,234.2,249.1,304.8,DGUOK,275.694,261.9163636363636,0.9500256212915899
214331_at,25.5,13.9,40.1,5.1,4.3,46.3,26.3,4.7,15.1,19.3,43.2,94.4,24.5,5.1,62.4,10.4,29.8,3.9,3.0,23.8,18.8,15.9,23.6,31.6,5.6,6.5,2.8,31.6,38.7,3.5,7.8,4.9,21.5,22.1,10.0,20.3,5.7,32.2,2.4,20.5,6.0,23.5,9.1,6.8,24.3,6.3,38.8,47.7,21.0,4.7,46.9,5.3,24.6,35.1,3.6,47.3,24.3,6.4,7.1,4.6,41.8,18.8,27.3,34.3,8.5,18.2,9.8,11.8,25.2,3.6,28.0,4.1,6.4,11.1,43.9,17.4,2.1,24.4,10.2,16.2,26.9,34.5,2.6,38.3,12.9,7.8,59.5,22.9,3.9,24.5,28.2,8.5,3.1,26.4,14.5,19.9,55.9,26.5,13.3,2.7,5.1,37.4,5.0,6.2,6.2,TSFM,20.305999999999997,19.290909090909096,0.9500102970013345
211025_x_at,299.7,320.7,372.5,437.8,301.0,491.3,265.4,479.0,282.6,390.6,309.8,125.0,454.8,330.7,332.1,263.8,423.8,461.2,471.7,484.6,430.1,316.2,366.6,283.7,375.2,460.3,295.8,334.0,497.0,332.0,429.8,328.2,300.4,255.5,284.1,331.0,313.0,265.2,461.5,362.3,366.9,296.0,398.9,195.9,378.1,379.0,401.5,348.6,255.6,257.9,258.5,280.4,417.3,440.7,350.7,534.7,355.4,281.4,417.9,120.5,441.7,299.1,492.8,313.1,438.3,388.8,301.8,523.3,320.5,178.0,237.4,344.0,331.5,415.0,365.0,332.1,408.5,357.5,361.5,283.1,291.8,213.2,297.9,330.8,371.1,450.5,190.0,314.1,315.0,258.5,299.8,290.4,269.3,398.3,346.4,284.9,255.3,214.5,219.1,376.8,236.6,280.3,410.0,433.2,451.5,COX5B,351.96799999999996,334.3599999999999,0.9499727247931629
208955_at,90.7,60.9,73.7,66.1,93.9,66.2,70.9,72.3,66.5,87.0,29.9,107.7,63.8,68.2,69.2,94.8,47.6,38.1,58.9,19.0,52.0,76.4,96.7,47.9,60.1,88.7,55.5,64.8,63.0,77.6,77.6,92.7,92.6,60.0,75.2,49.0,81.9,58.2,50.2,60.7,60.3,51.8,77.4,45.3,58.6,65.3,46.4,67.4,59.8,88.4,50.5,63.3,47.6,58.3,78.7,50.8,42.9,68.5,81.7,90.0,46.0,90.2,73.9,51.6,52.1,66.7,67.7,55.8,30.4,113.8,70.1,37.2,86.3,49.9,97.2,121.7,53.8,104.7,46.4,73.2,76.6,27.1,47.6,45.0,41.7,50.1,60.7,64.7,76.1,14.5,87.0,48.6,60.2,62.5,88.8,41.5,92.0,101.0,46.0,42.4,55.1,102.5,56.6,78.5,9.4,DUT,66.938,63.58545454545453,0.9499156614397581
202941_at,120.3,126.6,198.1,139.2,168.9,168.1,146.3,198.9,177.9,209.4,162.5,156.9,223.3,146.4,207.0,106.3,220.8,212.4,159.6,179.6,190.9,157.4,172.3,156.7,158.1,118.2,202.1,102.9,176.6,170.4,155.2,143.5,203.9,162.9,207.7,189.9,139.8,170.8,95.0,172.8,197.2,181.7,159.0,121.6,189.5,122.4,144.9,135.0,158.8,127.3,47.6,140.4,171.5,153.2,130.2,229.4,175.9,100.0,212.2,129.1,213.8,167.3,190.4,114.7,150.0,137.6,178.1,223.6,108.0,159.5,142.2,127.3,141.7,190.1,107.5,188.9,158.7,169.2,132.7,151.9,146.6,146.5,228.0,155.8,141.8,165.2,161.7,134.1,204.4,128.4,156.7,167.0,174.6,159.8,112.8,124.7,128.7,137.2,147.4,128.2,123.6,144.0,185.6,189.4,245.8,NDUFV2,164.26,156.01272727272726,0.9497913507410646
200979_at,57.5,71.3,98.1,59.6,90.6,133.9,90.0,110.1,68.3,64.9,126.3,71.9,75.7,86.2,95.2,71.6,85.9,88.5,95.6,77.7,76.1,69.7,88.8,110.0,85.8,60.1,73.7,64.4,67.9,92.1,100.1,70.4,40.7,77.3,82.8,96.8,82.1,79.0,111.4,65.5,75.7,92.2,108.1,87.7,46.5,73.3,103.2,111.0,58.2,77.1,19.5,70.6,79.4,78.6,106.0,73.1,62.9,87.9,66.2,82.2,73.3,79.4,69.7,110.8,49.3,99.0,68.1,97.4,93.5,79.5,31.0,94.9,104.4,95.3,87.8,82.4,67.2,128.6,47.6,85.0,75.4,84.6,71.6,57.4,65.1,79.1,58.9,76.6,73.6,53.8,62.0,54.5,89.3,90.5,91.9,90.4,133.1,88.0,105.4,65.9,58.7,79.0,102.0,60.3,93.0,PDHA1,82.93199999999999,78.74,0.9494525635460378
220801_s_at,101.2,109.9,120.9,111.0,164.4,113.3,86.9,157.2,120.7,167.1,113.8,111.3,92.2,117.0,120.3,154.1,123.1,115.3,150.4,90.2,146.3,132.9,118.8,96.4,88.1,62.9,134.2,107.7,72.4,95.8,92.1,93.2,124.5,95.2,118.4,104.6,129.9,67.6,76.6,88.6,59.5,117.0,124.0,111.8,81.0,133.6,103.5,89.5,83.8,101.5,75.1,87.5,67.4,65.6,95.2,110.4,67.3,126.7,122.4,154.4,92.2,80.0,97.2,89.9,98.6,60.8,62.6,48.1,93.3,108.6,139.2,91.5,162.6,96.9,96.9,86.0,114.0,104.6,104.8,108.3,103.6,122.4,86.1,116.9,102.5,52.6,179.0,127.8,124.7,167.2,145.7,125.5,136.4,121.5,45.4,122.9,124.7,105.1,142.5,119.7,191.7,106.5,47.7,84.8,24.3,HAO2,109.83400000000003,104.2781818181818,0.9494162264706901
209459_s_at,65.9,41.7,107.5,129.9,39.2,37.3,129.3,10.4,81.1,82.7,136.1,79.1,120.4,51.1,71.8,61.4,59.6,39.4,59.5,81.9,49.3,52.3,63.4,121.6,57.2,79.7,77.7,42.1,132.6,35.3,67.3,144.3,106.5,125.0,101.9,180.9,116.8,54.4,85.3,96.2,42.9,176.6,99.5,88.6,113.8,32.6,94.7,115.5,126.0,21.3,50.3,77.0,127.7,141.0,73.4,56.1,133.1,78.7,54.5,39.2,157.1,80.8,66.9,120.2,102.9,115.0,83.1,49.5,111.4,87.0,48.1,65.0,97.4,50.0,78.6,62.0,55.1,96.3,80.7,115.1,110.9,69.2,131.9,91.8,57.7,41.8,40.3,44.2,40.9,88.5,51.4,46.8,84.4,136.6,86.0,67.4,72.1,90.6,71.1,92.1,99.1,15.3,87.5,50.1,49.5,ABAT,83.73200000000003,79.4618181818182,0.9490017936012298
220961_s_at,27.4,73.2,31.1,18.2,43.0,48.1,58.9,45.6,43.9,53.3,86.1,44.0,35.8,31.2,39.2,60.9,82.9,49.5,41.1,70.2,44.2,42.0,68.5,57.3,59.3,43.6,9.2,54.9,5.8,66.6,13.6,68.6,7.5,53.9,40.7,42.0,79.2,90.8,48.5,85.0,61.3,48.7,39.9,74.9,42.1,74.9,40.5,73.9,78.0,63.4,63.0,32.4,34.0,46.5,42.7,42.8,38.0,43.9,64.2,104.6,29.8,56.2,43.5,21.7,41.6,32.4,41.6,36.1,27.8,65.0,84.7,47.3,26.4,98.4,34.2,71.1,43.2,38.9,33.5,56.1,38.8,22.9,6.8,107.0,66.8,11.6,56.8,66.1,17.5,42.3,56.6,39.6,15.6,52.6,73.0,85.3,35.6,62.3,43.3,84.8,96.9,28.0,63.3,45.3,12.8,TBRG4,51.248000000000005,48.603636363636376,0.9484006471205974
214835_s_at,67.7,53.5,108.7,38.0,69.5,91.8,62.5,54.6,57.0,31.6,26.5,51.3,61.9,62.4,61.9,60.8,37.6,46.6,3.9,56.8,45.3,100.5,45.7,68.4,68.4,59.8,71.5,68.6,57.9,95.2,79.5,97.4,75.7,77.4,107.6,78.7,72.9,63.9,60.7,61.5,65.6,64.1,73.1,87.0,100.3,63.5,72.2,65.8,72.4,59.5,49.2,49.0,79.3,69.9,73.9,55.9,59.4,68.5,60.7,51.3,76.0,61.7,78.6,86.3,93.9,70.3,121.1,71.6,56.1,38.7,122.6,51.0,50.2,53.7,54.7,54.1,67.9,71.5,74.9,27.8,59.5,63.7,94.5,66.3,43.8,80.1,68.3,75.6,46.7,6.7,39.9,66.4,32.4,73.0,60.3,56.5,63.0,36.7,42.3,84.3,43.4,55.9,75.1,67.3,24.3,SUCLG2,65.694,62.287272727272736,0.9481424898357953
215654_at,35.4,36.3,41.8,29.4,35.3,17.9,31.0,95.4,48.0,40.3,25.0,44.1,49.9,76.8,33.1,17.3,76.6,16.8,14.1,16.2,44.5,36.1,17.2,32.1,32.9,45.4,64.0,61.3,46.8,20.1,40.2,28.7,43.1,18.7,29.7,40.8,45.5,37.9,61.4,5.8,27.6,13.1,19.9,66.0,43.0,58.2,17.9,13.7,44.2,56.9,24.8,22.3,11.6,17.5,10.2,31.0,14.9,14.1,10.4,55.2,55.9,61.8,42.8,34.9,33.0,54.9,24.4,27.9,57.4,25.8,54.8,29.6,48.1,31.3,37.5,17.6,12.9,48.3,23.7,20.4,19.3,65.8,39.5,49.1,10.9,17.3,37.7,37.5,18.2,42.2,17.1,82.5,24.3,42.0,30.3,27.9,34.5,65.3,18.0,40.0,32.2,118.2,71.9,55.5,22.5,BCAT2,37.86800000000001,35.90363636363636,0.9481260262922877
39729_at,431.8,518.5,357.5,270.3,236.9,492.9,352.2,611.6,247.3,198.3,441.3,212.4,270.4,921.4,375.6,397.8,442.6,596.3,428.8,389.4,636.5,609.7,200.4,386.8,580.9,538.3,410.6,367.9,449.4,899.8,387.6,341.0,488.0,486.2,403.4,407.2,390.1,524.2,773.3,407.2,331.4,228.8,371.8,485.3,891.0,380.5,439.2,370.5,729.8,302.9,674.0,279.2,344.2,294.8,627.2,427.9,369.2,344.2,294.4,1022.6,213.7,287.4,721.9,459.9,555.1,279.3,361.8,329.2,295.9,797.3,251.8,381.6,322.5,471.7,359.9,437.8,367.5,364.4,208.0,300.5,365.3,293.0,670.7,295.8,354.3,459.3,477.9,466.3,290.2,309.8,300.9,1058.3,619.5,299.0,264.0,266.2,613.2,481.3,472.1,618.4,263.2,403.7,342.0,527.8,417.4,PRDX2,448.26,424.9909090909091,0.9480901911634076
211615_s_at,95.4,103.4,124.4,112.4,104.4,159.1,83.9,71.6,101.6,88.3,81.0,90.6,87.1,63.0,124.4,110.7,91.7,112.4,81.3,95.2,91.7,133.5,204.9,109.1,70.2,78.5,86.9,95.6,60.3,98.8,111.0,72.1,100.2,128.1,117.6,108.9,105.3,106.6,166.7,118.9,119.5,103.6,116.0,106.8,97.4,43.9,102.3,82.1,107.0,84.8,92.5,43.9,129.6,149.9,123.5,112.0,117.1,146.8,131.5,38.7,65.7,116.7,116.2,106.0,78.8,92.6,67.5,115.4,76.6,72.7,105.8,80.5,85.7,106.8,62.2,93.0,127.2,83.8,55.4,124.0,77.7,95.2,142.5,101.0,71.6,121.6,72.6,67.3,99.0,69.3,86.8,92.3,85.4,118.2,112.8,128.0,166.9,61.7,141.3,95.2,104.8,45.5,106.8,57.1,89.3,LRPPRC,102.204,96.87272727272727,0.9478369464279996
212087_s_at,117.8,182.6,100.7,145.9,163.0,110.6,101.0,229.8,92.6,134.2,112.0,191.3,107.1,179.0,150.0,158.3,169.2,193.6,185.3,129.2,103.8,164.1,93.7,134.8,147.2,125.0,134.1,117.6,100.8,145.2,86.7,111.4,100.4,65.5,89.5,89.4,120.2,129.3,124.9,85.8,131.3,84.3,103.1,153.0,100.2,116.7,89.9,75.5,130.5,90.4,196.6,143.3,85.6,88.9,126.4,90.1,101.2,192.1,91.9,195.3,78.0,98.6,111.3,58.1,137.2,88.5,104.1,122.7,158.3,140.1,48.5,53.8,129.9,104.2,125.1,86.6,127.2,107.8,148.7,98.6,97.6,74.1,99.4,136.1,133.2,127.8,170.0,97.9,137.0,163.2,136.3,177.2,95.7,82.5,125.6,118.0,142.9,229.2,98.8,145.4,104.8,152.2,95.1,127.5,58.3,ERAL1,125.94999999999996,119.35454545454542,0.9476343426323577
218597_s_at,96.6,63.0,102.0,90.7,103.8,112.1,144.2,120.6,65.8,72.6,107.4,74.6,92.9,110.2,135.8,87.3,111.8,173.0,115.3,100.0,47.4,123.1,38.4,115.0,80.1,70.4,102.1,103.2,119.8,146.2,145.5,92.5,62.1,130.1,133.0,61.9,42.9,121.2,23.4,73.7,127.7,78.3,79.2,109.0,122.0,86.5,91.6,108.4,111.3,59.3,115.4,79.5,89.9,124.9,136.3,100.7,77.8,67.9,108.7,131.4,103.9,114.0,107.1,101.3,102.0,103.3,51.0,89.9,90.1,52.4,85.8,117.5,55.9,102.1,140.5,96.1,115.4,99.9,84.6,109.9,122.8,55.9,86.6,64.3,69.6,100.1,92.3,99.8,61.8,100.4,77.6,88.2,66.7,71.7,89.9,104.4,64.5,67.0,89.9,85.3,43.7,75.1,53.3,81.2,223.9,CISD1,97.69999999999999,92.56727272727272,0.9474644086721876
218647_s_at,45.7,65.8,53.7,60.3,58.5,56.0,46.2,62.6,42.4,61.4,72.3,51.0,50.0,66.1,47.4,70.5,67.0,62.4,36.2,30.9,12.4,40.9,52.5,70.2,40.7,38.4,61.0,40.8,28.1,9.7,31.3,54.1,50.9,74.1,76.9,40.6,42.1,68.0,13.0,49.2,47.6,33.3,68.8,18.2,30.6,14.6,45.9,46.5,42.2,62.2,16.7,38.5,42.6,81.6,80.4,41.4,25.9,45.3,71.7,19.4,70.9,89.9,24.1,21.6,57.0,37.0,50.0,6.1,57.6,36.9,61.9,101.3,68.8,61.2,23.6,44.3,65.1,78.2,70.5,77.7,36.1,49.0,38.7,53.9,59.7,79.2,11.2,9.5,35.1,12.6,5.4,40.1,52.0,52.4,61.7,100.6,16.5,21.7,15.0,56.8,39.9,7.9,59.3,20.9,10.4,YRDC,48.224,45.68727272727273,0.9473969958376064
203339_at,26.1,62.9,73.3,33.9,62.2,73.6,64.9,39.2,49.1,39.1,57.2,46.0,57.3,42.6,42.8,31.6,20.3,39.4,21.8,38.9,42.9,54.0,66.6,39.4,76.4,19.7,75.8,56.2,33.2,45.6,54.7,42.3,32.8,65.5,20.6,38.0,57.3,43.4,61.4,60.0,49.4,46.4,33.4,52.9,26.5,39.3,65.7,46.0,11.6,16.0,28.3,73.5,51.0,45.5,77.6,53.1,22.9,41.9,24.2,64.2,21.6,33.6,45.6,40.9,82.0,76.0,30.3,75.0,36.4,21.9,38.9,68.7,56.0,57.5,93.5,16.7,37.7,68.7,47.0,32.1,39.6,56.5,66.6,12.1,28.2,48.1,70.9,84.4,34.9,64.0,46.1,37.6,27.3,41.9,49.3,18.4,18.2,15.0,47.2,20.5,46.7,5.6,19.3,28.8,1.8,SLC25A12,45.904,43.478181818181824,0.9471545359485409
218246_at,59.3,54.2,68.3,89.9,59.3,81.5,86.0,83.4,87.7,73.7,53.7,97.6,73.2,95.8,103.0,84.5,87.9,127.1,57.8,75.3,110.5,116.7,20.6,123.5,69.1,88.3,87.4,159.1,124.9,123.7,33.1,48.8,48.5,67.6,71.8,81.9,97.8,76.5,71.0,73.5,169.9,85.2,86.5,128.8,81.5,116.8,64.7,89.3,34.7,167.4,40.6,172.1,81.5,86.1,48.6,100.7,97.0,54.2,94.6,94.4,50.9,95.4,49.7,81.2,25.0,127.5,83.2,112.8,118.4,92.3,33.2,82.5,85.0,95.8,101.0,97.4,65.6,87.1,54.4,22.7,134.1,60.6,56.4,111.5,58.6,97.1,92.4,72.6,62.6,22.4,84.1,88.9,113.0,80.6,76.5,99.7,124.6,59.2,148.5,27.6,38.1,75.2,95.9,101.0,86.6,MUL1,86.366,81.79454545454543,0.9470688170639537
213735_s_at,515.4,696.6,993.6,1135.8,969.9,1156.8,829.5,797.3,775.6,829.2,957.4,572.5,1081.3,784.0,927.8,522.5,1403.6,1068.2,1064.5,1198.5,916.9,764.0,1011.5,912.2,813.7,1075.6,1044.8,980.9,1122.5,953.8,1112.6,1057.7,1005.9,870.9,936.1,906.8,896.9,1013.8,988.9,962.3,1011.4,785.5,956.0,713.0,751.4,864.0,1066.5,1146.4,937.0,839.8,662.4,874.9,1161.8,1187.6,1002.6,1291.9,1032.1,1038.2,1093.0,506.6,925.7,903.9,876.2,833.8,865.2,988.8,1067.9,721.7,910.2,673.1,543.4,888.3,996.6,1193.7,961.9,733.0,1191.1,1005.4,1061.0,857.8,870.1,862.8,970.6,1186.7,942.6,744.4,791.9,867.9,858.6,713.2,739.9,653.5,728.3,1170.4,845.1,669.9,523.0,622.1,561.5,651.4,524.1,722.0,1002.3,1125.5,1248.4,COX5B,933.9760000000005,884.4727272727274,0.9469972753825869
212214_at,130.1,78.9,60.6,47.8,103.7,138.0,111.0,21.8,77.9,70.5,81.8,90.6,28.2,46.9,78.5,79.5,15.1,63.9,15.2,102.0,50.1,131.6,108.4,80.2,92.0,91.1,82.2,101.9,67.9,114.9,120.7,80.5,103.5,126.3,87.1,20.9,98.5,111.1,81.8,71.8,124.8,67.4,110.8,107.8,77.5,104.9,74.4,109.8,130.3,72.0,74.8,60.9,141.1,88.0,95.4,100.6,83.0,43.7,70.6,144.5,37.4,16.9,69.5,93.4,118.6,76.5,90.9,70.1,63.1,104.8,127.6,82.6,75.1,114.2,91.6,61.3,99.7,107.1,88.7,74.6,98.7,85.3,116.6,15.4,76.8,53.9,22.3,83.8,61.7,71.6,63.9,82.4,67.6,109.9,143.5,76.9,106.6,114.8,33.6,77.7,54.6,60.2,15.2,98.6,62.8,OPA1,84.88400000000003,80.37636363636365,0.9468965133165688
202096_s_at,682.8,727.0,818.5,1264.2,811.8,803.8,844.7,732.9,712.2,915.0,800.7,792.7,1013.8,648.5,1008.4,586.4,1102.3,695.8,737.4,916.9,729.7,521.9,813.7,866.6,745.1,781.9,729.5,818.3,1220.0,915.8,960.5,791.0,918.1,574.9,751.1,844.9,1120.5,780.4,745.1,630.4,977.4,641.8,855.4,737.4,626.0,685.8,1074.8,923.9,1036.3,839.2,620.7,747.5,933.8,985.4,876.8,934.4,988.5,845.8,947.7,619.2,891.2,749.6,933.6,845.7,930.3,826.3,858.6,651.9,1138.3,647.4,670.5,859.0,1435.0,613.8,1036.6,1108.1,986.9,932.0,709.2,652.7,767.7,632.9,690.8,721.7,674.7,722.6,499.6,604.6,850.9,528.3,801.6,675.8,569.4,725.1,766.2,835.3,416.4,636.1,542.4,559.2,477.9,497.7,972.4,1062.8,742.5,TSPO,825.4640000000003,780.929090909091,0.9460486355662884
218316_at,103.2,68.8,137.6,90.0,84.9,87.4,136.3,55.3,75.4,119.9,89.1,160.1,90.9,127.8,118.3,80.0,122.2,76.2,91.6,92.1,58.1,125.5,101.3,88.6,91.5,63.6,71.1,107.4,50.1,91.2,77.4,77.2,68.6,114.0,96.2,86.7,88.4,58.7,79.8,107.3,82.8,83.5,105.9,109.5,82.4,71.4,69.2,79.6,57.7,41.5,77.1,102.1,111.1,91.3,70.8,92.3,77.8,91.1,81.8,52.8,62.8,124.3,89.0,77.6,102.0,122.7,147.5,123.7,81.3,98.9,39.8,73.5,122.7,84.7,103.3,78.5,118.4,71.1,73.3,55.5,86.4,59.5,81.7,70.2,101.3,92.2,84.6,63.1,91.2,51.0,115.6,96.7,76.3,87.5,57.7,82.4,37.0,109.1,82.7,88.9,63.1,32.7,94.6,83.4,87.8,TIMM9,89.86599999999999,85.00909090909089,0.9459538747589845
219933_at,93.3,81.0,123.9,93.7,110.6,137.1,95.1,48.3,92.8,79.8,79.0,99.6,59.6,86.1,105.9,54.5,84.8,74.7,58.6,53.8,93.6,119.3,101.6,154.7,84.3,113.4,70.0,53.1,89.0,75.7,117.4,137.6,79.7,91.2,63.9,70.5,88.2,69.3,92.0,97.5,52.3,77.6,101.2,89.9,62.3,82.8,71.4,72.2,42.4,48.3,81.7,102.1,81.1,142.2,86.4,92.6,65.7,99.8,58.9,58.6,105.1,78.9,99.9,92.4,45.0,99.6,88.1,80.1,97.0,59.4,119.4,87.3,94.7,95.8,83.9,92.7,76.6,64.2,102.7,101.3,55.0,85.4,51.0,91.5,111.7,84.9,86.2,82.0,25.5,83.1,40.6,59.8,15.8,47.3,74.1,100.6,30.1,69.5,114.6,94.8,101.2,51.2,63.0,69.1,126.0,GLRX2,85.49199999999998,80.85818181818182,0.945798224607938
200659_s_at,151.5,137.4,90.0,174.4,147.3,195.6,141.0,167.2,157.7,109.6,179.3,87.6,167.9,145.5,187.5,231.8,102.4,97.2,194.8,130.5,174.6,185.2,152.7,131.9,181.3,169.1,217.3,191.4,195.9,158.7,172.1,69.5,78.3,190.1,104.7,103.9,196.2,155.1,148.2,92.2,186.1,20.1,106.9,152.4,104.1,232.2,169.1,136.9,157.4,226.1,226.0,35.5,110.0,94.4,144.5,178.6,171.4,151.9,247.2,270.0,86.7,121.6,140.3,125.7,117.5,142.3,18.3,63.0,104.6,155.1,226.9,109.0,196.1,184.5,141.3,134.9,155.9,92.1,124.5,82.8,108.2,115.8,169.1,146.2,171.9,234.6,192.7,163.1,226.7,124.5,119.1,113.6,103.9,131.2,92.6,46.5,171.0,172.0,238.6,166.4,209.9,85.8,124.4,147.2,128.4,PHB,151.118,142.83636363636364,0.945197551822838
218273_s_at,111.6,83.5,71.7,55.8,100.7,28.9,78.0,71.0,91.7,99.1,47.2,107.5,59.0,29.0,72.9,73.0,38.7,51.5,37.0,33.7,57.1,96.4,54.0,53.4,44.3,63.8,33.0,31.1,56.4,47.5,84.7,34.7,23.8,30.1,70.4,72.1,56.0,57.8,41.1,60.4,45.3,34.4,62.8,59.6,34.3,98.1,31.5,31.4,22.5,58.7,41.3,55.3,8.0,28.2,56.6,47.0,44.2,57.6,57.4,94.8,35.8,38.1,53.4,75.8,79.4,85.8,52.9,109.7,38.9,38.8,100.2,36.6,63.3,64.4,46.2,49.7,67.0,65.8,72.2,65.7,64.0,48.5,63.5,45.5,85.7,49.2,68.0,26.7,43.0,79.0,9.0,75.9,55.4,44.5,98.4,53.7,2.5,76.2,83.1,42.1,87.6,10.3,39.3,11.4,9.2,PDP1,57.764000000000024,54.57818181818181,0.9448476874555396
212432_at,154.1,116.7,131.7,143.4,141.3,218.5,110.0,61.8,175.7,136.5,113.6,114.3,144.7,104.9,107.2,168.1,100.0,163.9,117.3,113.7,105.7,168.1,167.0,118.7,96.5,116.5,70.7,177.9,116.1,143.4,165.5,124.5,118.2,135.0,144.2,183.4,119.4,139.0,19.0,140.2,155.6,73.8,203.3,152.6,119.3,147.0,201.9,165.0,108.9,97.2,82.7,161.6,141.9,110.4,156.6,169.0,144.7,182.3,147.9,132.6,115.1,101.0,114.2,136.2,126.3,126.1,141.1,123.2,29.4,88.2,27.6,102.7,119.8,177.9,137.7,123.8,164.1,180.0,175.7,50.5,148.0,101.2,149.0,96.5,159.0,139.6,47.1,129.9,191.4,112.5,164.8,120.8,202.0,156.3,173.2,113.6,60.0,131.3,27.2,104.3,82.2,117.4,26.6,147.8,199.0,GRPEL1,132.61999999999998,125.2909090909091,0.944736156619734
213632_at,146.4,139.2,116.9,89.3,120.1,80.4,82.3,169.3,99.2,127.0,108.2,121.1,106.2,181.0,139.1,151.4,111.7,158.8,158.1,100.2,81.7,146.8,91.6,81.3,89.5,107.7,125.2,107.0,87.4,89.8,76.5,92.5,107.4,88.7,77.2,57.8,86.3,96.3,129.2,99.2,94.0,72.5,78.4,111.5,93.5,125.8,94.2,99.5,93.2,84.0,185.8,73.3,51.6,58.7,80.1,58.5,99.4,113.2,94.2,190.1,41.8,110.8,88.6,79.6,75.6,84.9,104.1,65.5,91.5,111.9,109.2,113.5,76.7,115.2,125.2,110.2,85.3,80.8,82.4,95.5,90.0,96.6,75.8,82.9,117.0,68.0,80.9,91.3,116.2,105.8,100.9,152.1,99.2,87.4,61.0,134.8,117.2,165.3,122.9,156.2,125.3,150.1,81.4,118.2,132.0,DHODH,107.43199999999997,101.48545454545453,0.9446482849193402
36475_at,118.9,105.7,136.5,33.0,113.1,62.2,96.8,129.0,79.2,115.7,91.5,71.2,43.9,116.8,105.8,134.8,69.3,118.8,166.8,67.9,105.1,121.9,91.6,106.2,155.7,98.3,127.0,166.3,81.1,136.6,108.8,105.9,113.3,102.5,59.9,43.3,90.2,80.8,150.6,32.4,117.5,67.9,83.1,143.1,44.4,156.7,91.6,83.0,90.6,98.0,208.4,79.3,79.4,84.6,83.7,84.3,54.7,117.6,51.0,73.1,32.9,90.6,72.4,107.0,58.7,78.6,81.1,107.0,28.5,140.1,85.1,75.3,102.3,130.5,128.8,116.5,68.5,65.0,138.8,58.5,138.0,88.5,82.2,109.8,75.5,27.4,55.3,128.4,100.3,62.6,25.8,95.8,64.3,122.8,70.7,126.9,127.0,195.4,37.2,158.9,87.7,251.3,87.5,113.2,110.8,GCAT,100.60600000000002,95.0109090909091,0.9443861110759704
202053_s_at,126.6,188.5,82.5,184.7,110.0,175.6,157.7,331.7,101.7,158.5,178.1,148.1,104.9,253.3,145.5,196.0,264.1,267.0,163.4,208.7,174.8,253.2,135.0,192.1,290.8,179.3,221.1,230.0,125.9,144.6,142.2,119.4,126.4,191.1,125.0,91.5,202.0,79.0,131.1,114.5,195.4,122.9,23.9,298.2,182.0,279.7,123.1,171.9,191.9,138.6,299.3,93.0,179.0,129.2,150.6,147.3,215.6,216.6,143.5,266.4,69.6,114.1,191.6,139.7,209.0,148.7,125.4,101.6,178.4,324.4,235.3,167.4,137.0,146.6,35.3,126.1,77.5,140.6,101.5,101.0,168.4,138.4,130.5,161.6,112.6,199.6,198.5,143.7,180.8,255.2,115.3,231.1,225.0,180.5,109.7,211.7,203.7,146.5,171.1,236.9,176.0,163.1,128.2,77.5,97.5,ALDH3A2,170.864,161.35272727272732,0.9443342498872045
203208_s_at,30.4,26.1,37.0,33.4,23.2,29.6,28.3,14.8,21.2,27.0,35.6,45.3,3.1,36.8,26.1,25.5,9.4,7.9,21.7,16.8,27.9,49.2,49.8,37.5,34.6,35.0,57.0,18.8,52.9,23.0,6.7,27.9,14.1,43.7,55.5,41.9,49.7,18.2,37.1,33.4,26.5,13.7,40.9,45.9,19.5,15.2,39.9,20.5,30.2,46.1,33.7,32.5,31.7,31.9,36.4,38.5,22.3,9.8,49.8,38.4,44.7,16.8,27.9,22.8,19.2,34.1,25.0,17.7,10.4,8.6,13.0,10.3,31.2,51.4,26.9,52.2,20.4,31.9,9.4,36.6,22.7,50.6,10.4,47.3,6.9,31.9,59.2,8.3,19.8,9.8,26.5,6.8,32.4,24.9,59.9,85.1,45.6,19.6,45.8,27.9,9.8,20.6,8.7,31.1,22.5,MTFR1,30.230000000000015,28.538181818181812,0.9440351246504068
209274_s_at,131.2,71.9,87.1,82.4,95.0,74.3,111.8,70.9,79.7,54.9,111.8,57.4,67.8,89.2,51.2,99.5,26.8,20.0,29.3,70.5,110.3,106.5,99.3,79.2,157.5,86.3,63.3,91.0,88.3,186.4,54.6,78.5,68.5,87.6,89.3,100.2,55.6,84.8,90.4,59.6,65.5,66.3,54.2,84.1,123.2,48.6,62.8,97.7,222.2,104.1,142.7,79.7,144.0,130.8,101.8,99.3,97.8,80.5,97.9,204.4,66.8,45.8,98.8,89.3,95.2,32.2,126.2,71.3,94.1,30.3,12.1,32.7,72.1,73.1,60.5,94.7,67.1,53.9,90.7,90.0,58.8,56.2,142.6,19.2,100.1,70.5,21.8,112.4,57.2,41.1,66.5,141.0,78.5,80.1,6.2,17.4,136.5,82.4,66.0,197.7,39.4,13.9,70.8,3.8,155.7,ISCA1,84.97200000000001,80.21090909090907,0.9439687084087589
215210_s_at,96.5,72.3,107.0,110.5,65.2,90.9,98.5,94.1,92.6,73.0,80.9,62.9,82.4,109.7,108.6,96.0,91.6,85.9,130.7,67.7,58.0,105.0,128.8,93.1,80.4,144.0,70.5,109.8,115.7,106.2,126.8,124.3,109.0,109.8,92.5,101.5,145.1,124.4,123.5,112.6,139.4,140.1,109.6,112.6,92.8,157.2,71.5,72.1,50.2,66.1,85.8,71.9,77.0,86.3,78.9,97.2,91.7,97.1,79.7,80.4,93.2,104.1,116.1,180.8,99.0,87.9,99.1,111.6,70.2,27.6,52.9,99.6,114.3,78.4,131.5,88.4,87.4,105.2,89.8,105.2,62.7,86.0,117.5,140.2,105.5,119.7,88.2,91.1,99.5,130.7,31.4,159.6,124.4,126.6,85.1,88.7,89.2,112.1,108.1,68.0,126.4,98.8,58.3,86.2,9.4,DLST,100.19200000000005,94.57636363636361,0.9439512499637053
218027_at,98.7,127.0,117.9,108.3,154.1,177.0,108.8,171.5,108.2,115.5,96.0,78.3,109.6,214.3,131.5,87.0,111.8,124.2,108.7,116.9,149.5,157.8,151.7,91.7,119.7,84.4,117.4,105.2,140.0,116.5,165.9,111.7,133.4,83.5,106.5,107.8,123.8,97.2,127.0,96.8,183.3,90.2,97.9,128.4,98.5,175.8,108.4,134.6,134.1,147.7,166.0,115.8,99.2,122.5,171.7,138.7,118.7,104.6,99.9,81.4,104.9,67.4,114.5,106.5,104.6,99.7,132.9,158.2,131.1,106.1,119.3,91.4,94.1,161.5,81.2,116.5,132.9,139.9,73.5,71.6,91.6,83.6,142.1,108.7,136.1,112.2,157.5,121.1,119.6,109.5,113.0,117.9,88.4,127.2,88.8,106.0,125.5,108.2,132.6,164.2,84.8,185.6,130.2,111.4,91.0,MRPL15,123.03399999999998,116.05636363636363,0.9432869258608486
216203_at,76.2,65.3,58.9,70.7,60.7,59.9,53.0,94.5,63.0,76.8,60.6,61.2,34.6,65.5,66.1,65.6,71.2,89.8,93.7,50.6,69.5,95.3,75.2,72.4,71.7,54.1,70.7,25.7,44.1,46.1,68.1,39.0,48.7,46.3,29.5,77.6,62.7,45.8,36.8,26.7,33.5,45.1,36.6,83.0,38.1,88.7,55.7,69.9,35.0,49.8,49.7,39.7,60.0,27.0,50.8,56.0,38.2,48.6,44.5,69.1,45.2,55.3,64.4,36.7,71.1,65.4,47.7,51.5,51.8,45.5,44.5,67.9,54.9,74.5,61.2,52.4,30.1,60.6,84.6,78.2,71.8,30.4,49.9,42.2,56.6,46.8,38.0,37.0,56.8,62.2,72.6,98.4,49.5,58.0,48.5,67.0,124.5,55.7,70.0,55.4,43.6,88.9,28.8,53.4,57.2,SPTLC2,59.58599999999999,56.18727272727273,0.9429609761902584
215416_s_at,53.2,62.7,84.7,64.3,55.9,142.3,69.1,33.7,75.2,71.2,82.2,64.4,105.3,93.0,63.1,27.2,83.8,80.8,51.3,64.8,109.6,54.7,65.9,73.8,96.7,110.0,85.8,101.8,105.2,113.7,38.5,88.1,81.8,122.6,89.1,98.2,49.2,59.5,88.1,66.2,89.2,70.8,77.0,66.0,108.7,61.5,73.2,74.9,90.4,38.7,61.6,81.1,58.5,79.5,79.4,49.7,77.0,85.6,77.2,46.1,52.1,85.5,58.5,54.5,51.7,58.9,132.4,56.6,59.4,22.3,70.7,65.9,76.8,43.3,58.8,78.5,70.8,121.1,59.9,70.2,96.9,80.8,69.7,74.0,78.7,84.0,100.1,51.6,107.8,85.2,127.6,97.1,89.9,67.7,43.0,81.3,46.9,11.1,113.2,76.5,69.6,102.8,51.1,55.5,115.3,STOML2,77.54199999999997,73.1090909090909,0.9428321543046467
211070_x_at,98.0,123.4,191.1,132.4,170.6,142.0,116.4,135.6,169.0,109.5,113.9,111.1,126.2,114.8,205.8,98.9,95.4,150.6,190.0,130.1,135.0,122.0,150.2,102.8,89.7,64.9,139.6,111.3,82.1,166.1,131.0,124.8,130.1,87.1,130.0,83.7,160.6,46.1,147.3,97.4,104.9,126.3,108.1,152.8,96.6,130.7,78.1,194.2,89.6,62.9,182.6,89.9,110.1,100.8,114.5,171.2,78.2,140.7,101.8,123.6,128.0,145.0,50.6,87.4,94.3,110.9,106.3,138.5,126.9,144.6,95.0,113.3,117.2,126.2,117.8,82.6,194.4,132.6,94.4,149.2,98.1,70.2,102.2,126.0,176.2,59.9,67.1,113.5,63.8,111.6,119.3,39.3,139.2,142.5,129.0,154.6,118.9,106.2,117.4,114.4,40.2,159.4,197.9,158.9,102.8,DBI,123.41600000000004,116.31272727272723,0.942444474563486
202676_x_at,14.0,9.9,6.3,7.0,12.9,6.9,12.6,26.9,6.6,15.6,10.7,8.7,7.0,25.8,13.2,19.2,19.7,7.6,24.4,12.1,7.8,8.2,10.6,11.1,14.4,15.1,6.0,7.9,12.3,15.1,12.0,5.6,8.9,6.5,10.9,14.3,14.7,12.1,11.5,10.7,12.2,4.3,12.3,17.0,11.5,9.6,10.6,10.5,8.4,6.9,17.4,4.9,5.5,5.6,11.7,8.4,9.6,6.5,10.9,19.1,4.8,9.5,14.0,11.9,13.0,12.5,6.6,4.1,7.5,7.8,16.4,6.8,11.8,8.1,4.2,20.7,12.3,10.0,16.4,8.1,6.3,5.2,10.6,23.5,11.1,8.4,14.1,11.4,6.7,6.4,7.8,8.6,12.8,9.9,12.6,5.3,7.2,18.6,9.5,17.3,27.3,20.7,13.9,16.8,9.1,FASTK,11.722000000000001,11.040000000000001,0.9418188022521754
201256_at,197.1,191.4,215.1,308.6,253.5,364.7,276.3,324.1,212.5,310.2,248.2,225.8,268.1,204.4,244.5,201.7,286.9,295.9,410.2,259.7,363.0,362.0,352.5,278.3,310.7,275.8,285.8,185.6,193.7,256.6,251.8,290.2,312.1,305.6,296.3,160.2,150.1,278.3,189.9,283.6,330.6,250.0,271.1,342.5,319.3,111.7,261.9,240.5,493.3,325.8,354.4,215.2,339.5,313.8,429.4,393.4,263.4,260.8,234.4,234.3,249.3,213.8,205.0,286.2,252.1,214.7,196.5,303.5,342.3,365.8,148.6,194.8,205.9,300.4,292.0,207.8,295.5,296.8,184.9,169.5,258.1,335.9,263.5,150.3,185.9,233.2,239.8,300.4,223.9,271.9,158.3,255.8,284.3,261.4,259.1,160.7,324.3,184.0,259.1,317.7,269.2,239.7,200.9,158.9,351.3,COX7A2L,272.554,256.5745454545454,0.9413714179742194
218653_at,90.2,75.8,128.5,46.8,121.6,163.0,77.1,87.3,110.2,73.6,121.0,54.5,116.2,105.3,109.2,121.7,48.0,134.8,115.0,128.6,113.2,123.9,101.4,108.5,100.8,96.8,90.3,102.4,31.6,122.9,71.2,107.9,100.8,117.3,103.2,88.2,112.9,108.1,96.8,94.5,104.1,129.4,142.8,114.2,84.7,31.4,121.1,135.5,110.6,49.1,93.9,101.5,124.2,112.2,170.7,89.6,99.2,150.9,132.8,111.7,75.6,74.5,141.6,79.7,65.0,58.3,92.8,76.4,63.2,133.0,8.4,94.1,82.0,138.6,113.2,55.3,89.5,111.7,106.7,49.8,89.1,119.3,101.8,110.4,115.4,107.1,153.4,116.6,59.0,21.3,35.6,74.2,55.2,123.3,90.1,104.8,125.4,29.8,137.9,78.9,58.8,116.7,106.6,117.3,79.0,SLC25A15,100.88000000000002,94.96545454545453,0.9413704851849178
217858_s_at,138.7,146.8,144.4,130.6,241.5,104.0,172.6,118.2,200.8,178.4,121.8,152.5,91.2,106.8,171.0,134.0,97.9,92.3,102.9,134.5,148.2,51.4,141.1,156.4,85.2,127.5,106.5,70.9,120.3,165.6,180.5,149.6,123.5,124.5,108.3,157.7,106.7,119.6,122.8,128.8,140.4,146.5,113.8,70.8,135.1,121.0,66.2,92.3,124.3,133.4,124.4,134.4,104.0,107.5,137.2,121.8,105.7,113.4,120.0,101.7,114.2,106.7,207.5,145.7,100.1,121.7,130.4,123.0,151.3,97.0,115.3,117.2,140.4,135.8,110.4,102.7,130.4,129.8,81.2,101.9,115.1,99.0,113.2,125.0,99.4,125.7,146.8,118.1,98.2,142.0,143.7,91.9,147.0,116.0,94.5,169.6,56.0,131.1,152.5,108.7,146.6,133.3,141.8,99.2,100.5,ARMCX3,128.39600000000002,120.86727272727273,0.9413632257023016
203722_at,9.9,14.7,9.0,9.7,9.1,8.1,6.6,12.2,8.8,30.8,4.8,8.9,4.7,10.9,16.6,7.8,9.1,19.2,8.9,4.7,10.6,12.4,7.0,7.1,6.6,7.3,9.4,6.8,5.1,6.3,5.6,12.1,9.9,5.9,13.7,11.8,6.3,6.2,5.7,7.2,11.3,8.4,13.5,14.6,7.1,11.7,6.1,7.2,5.2,16.8,8.7,8.6,4.8,25.0,6.1,4.1,4.8,10.5,8.1,5.1,26.5,11.8,8.1,7.0,5.2,6.9,8.5,3.6,5.8,8.9,9.9,16.4,24.0,4.0,8.6,4.9,14.0,9.9,4.6,11.8,7.8,5.9,35.8,3.5,7.5,11.2,6.3,4.5,7.9,7.0,5.2,9.4,6.2,5.5,6.5,6.8,8.1,8.4,6.5,11.4,6.8,5.5,11.9,6.8,7.6,ALDH4A1,9.588000000000001,9.02181818181818,0.940948913414495
218339_at,69.8,63.9,94.8,49.0,79.2,95.2,50.8,46.2,61.6,46.6,65.3,63.8,81.2,64.6,66.3,33.9,49.9,13.3,51.6,82.4,72.4,78.7,95.1,62.2,58.4,43.3,83.2,34.9,71.3,70.7,49.8,64.1,46.0,73.7,57.2,47.4,59.9,35.5,59.7,76.5,53.8,66.6,48.0,78.3,66.6,33.1,56.0,61.8,32.1,23.7,10.0,50.9,50.3,71.1,70.2,68.4,56.8,54.6,98.4,13.7,49.3,64.1,18.2,46.3,38.8,94.2,81.9,87.9,21.8,68.2,60.0,62.9,34.4,83.0,49.7,80.3,66.5,13.7,17.3,35.5,52.2,25.9,88.0,8.4,48.2,30.4,60.1,53.9,97.4,37.8,36.2,31.4,105.8,55.5,25.2,69.6,74.5,44.5,107.5,13.5,82.6,65.7,73.9,89.4,97.4,MRPL22,59.78799999999999,56.24363636363638,0.9407178089856892
201569_s_at,87.4,68.2,119.2,81.6,103.0,112.8,137.8,67.4,94.9,47.1,78.6,93.0,96.8,59.6,79.5,85.6,97.6,69.2,55.7,149.5,105.2,47.9,144.6,118.6,80.4,59.7,79.0,136.0,115.4,96.1,105.2,123.4,78.3,100.8,91.0,65.5,59.7,103.7,84.5,72.8,119.3,68.8,163.5,73.0,88.9,129.0,149.0,139.5,63.1,49.2,53.5,117.7,119.0,102.3,98.9,106.4,107.5,79.4,61.7,56.2,83.7,91.2,97.8,63.1,91.8,105.3,118.0,99.7,59.0,58.2,67.3,83.1,79.8,124.2,46.6,44.2,107.0,104.3,104.0,60.9,127.8,49.9,150.1,122.0,117.9,62.8,81.3,101.9,37.1,56.0,74.3,77.4,74.2,82.7,118.1,49.0,69.3,163.1,116.3,58.0,96.8,58.3,153.7,74.6,94.5,SAMM50,93.912,88.34363636363639,0.9407065802414643
220647_s_at,62.0,72.6,47.9,70.6,91.5,112.2,49.8,132.2,29.0,7.7,51.6,54.6,60.4,142.9,26.5,115.3,104.1,91.4,96.0,99.1,55.6,61.3,28.3,83.7,67.3,78.7,51.0,49.3,59.5,41.4,59.8,4.3,81.5,67.3,68.5,80.5,76.6,75.3,95.3,61.2,61.7,106.1,70.6,24.7,82.9,54.0,41.8,104.9,110.9,56.9,34.4,74.4,94.1,86.0,94.0,69.6,67.5,75.0,55.6,54.7,44.2,65.6,131.7,71.6,59.8,71.6,68.8,116.4,15.2,97.6,33.3,129.9,32.7,96.6,26.2,102.0,54.6,60.8,77.6,69.7,59.7,91.2,82.0,58.4,26.0,74.7,108.5,74.3,33.4,54.8,54.0,61.4,71.7,84.7,9.0,80.2,11.7,71.9,26.1,17.9,74.1,46.3,55.7,75.1,64.7,COA4,69.566,65.43090909090907,0.9405587368960278
214518_at,47.6,137.1,77.5,60.8,103.6,87.9,102.3,93.3,90.8,71.5,55.4,85.6,31.5,136.6,71.5,129.4,57.5,114.1,107.7,53.2,89.7,174.0,63.6,69.9,54.2,56.3,90.2,104.9,62.8,103.3,52.2,54.5,60.5,64.2,104.7,56.0,34.2,77.0,81.4,53.2,90.7,69.2,61.6,100.5,96.0,74.2,45.9,74.3,50.8,85.6,72.8,58.1,57.8,28.2,69.8,14.6,42.8,61.6,69.2,60.9,39.3,63.4,111.8,73.2,8.9,66.8,43.4,78.2,72.7,112.6,125.7,59.6,85.6,93.9,81.1,65.3,8.7,75.1,94.6,47.1,101.1,46.9,101.6,90.3,68.3,73.5,86.4,131.4,129.2,13.4,81.4,133.8,63.9,58.7,94.7,70.1,133.7,72.1,78.1,94.8,69.7,130.5,78.9,115.9,46.7,PDHA2,79.40999999999998,74.68909090909091,0.9405501940447163
203728_at,86.7,142.9,112.2,80.2,126.0,76.4,91.6,96.1,79.3,102.6,38.6,105.7,77.7,118.0,74.0,120.7,105.1,105.3,49.9,76.9,110.4,98.5,115.6,85.4,112.7,116.3,100.8,94.1,211.5,136.7,152.6,98.8,75.3,70.3,101.0,139.7,111.0,126.7,138.5,104.3,95.0,131.8,100.2,130.6,96.7,133.2,94.2,86.6,86.9,33.4,54.0,121.6,114.5,102.4,88.4,103.8,56.3,104.0,119.7,120.2,108.2,122.3,131.3,103.1,70.2,133.7,130.5,116.7,129.5,14.9,34.8,148.7,80.5,116.8,122.8,122.9,133.2,140.6,114.5,79.7,127.1,25.7,113.0,109.6,92.6,98.1,120.5,30.2,85.8,49.1,76.2,103.9,93.8,102.4,73.1,82.4,69.0,113.7,88.2,97.8,99.7,92.1,87.8,133.6,26.6,BAK1,103.094,96.94181818181816,0.9403245405340579
201403_s_at,95.2,192.1,292.9,181.8,340.9,275.0,219.7,163.3,199.1,143.1,83.0,74.0,188.8,144.6,166.6,187.1,244.3,133.8,42.0,369.2,47.5,118.8,214.2,269.5,235.7,305.8,240.4,248.4,150.3,29.7,189.5,148.8,166.7,327.2,327.9,184.1,212.9,231.8,155.4,280.0,261.2,164.8,174.8,193.4,151.7,259.5,300.9,252.5,228.1,228.1,340.5,185.4,224.9,321.3,324.5,326.7,324.9,237.1,203.0,31.5,269.0,301.1,158.1,265.9,166.9,201.4,213.8,239.5,183.4,191.8,47.4,182.8,121.1,249.4,127.1,197.7,265.9,237.2,127.8,50.4,195.0,207.8,85.1,222.8,189.0,176.8,197.8,160.7,291.4,127.1,247.1,197.4,24.2,176.9,222.6,213.7,55.6,28.5,137.6,38.5,173.2,132.0,201.2,222.6,132.8,MGST3,200.72199999999998,188.6345454545455,0.9397801210357885
214332_s_at,8.0,41.3,19.0,43.1,42.7,49.1,20.4,39.2,22.7,25.0,53.2,31.8,53.6,50.3,31.2,32.3,45.8,57.8,9.4,45.2,32.3,39.7,49.7,31.1,24.3,6.5,15.5,41.1,31.3,46.2,27.9,19.9,42.8,14.6,25.4,17.7,28.1,53.2,7.0,40.1,36.9,20.3,12.4,51.3,23.6,12.2,34.4,14.0,33.1,47.9,24.0,40.0,25.2,12.6,3.9,21.7,36.0,9.6,30.8,49.2,3.7,16.6,19.2,20.8,15.4,40.6,21.9,17.7,44.7,29.1,53.6,11.3,52.7,31.1,22.2,45.2,5.4,16.0,49.3,28.5,34.0,27.0,53.5,18.0,9.9,3.3,30.3,12.0,14.1,63.5,56.3,53.7,46.0,11.8,11.2,23.9,71.3,4.6,49.7,46.5,41.7,26.5,25.5,6.4,116.5,TSFM,32.032000000000004,30.094545454545454,0.9395150304241212
209075_s_at,914.8,901.5,944.3,1053.0,776.9,1034.3,808.6,896.9,842.5,653.5,1098.1,523.3,874.0,928.0,750.0,879.8,1421.2,1191.8,754.9,1097.2,1243.4,1190.2,953.1,1017.4,888.6,860.5,751.9,832.5,774.0,755.7,850.8,884.7,896.7,1081.6,1053.3,1144.4,757.4,1078.4,1036.6,1040.7,1089.8,904.6,1070.6,735.7,1036.1,896.0,843.4,1023.6,1062.3,786.1,1180.6,848.4,1006.2,793.3,1162.7,1061.4,882.7,962.4,809.9,863.1,835.3,945.8,819.2,1190.0,860.1,842.1,1200.1,806.2,801.5,968.4,659.2,745.5,883.1,911.7,826.1,654.5,1058.4,851.3,547.0,912.1,856.2,849.0,856.1,758.2,869.6,889.6,954.9,879.4,738.6,1279.7,894.7,886.4,1008.3,1110.1,643.5,685.1,647.5,723.1,1038.0,1037.4,923.6,865.4,870.7,588.9,684.6,ISCU,937.694,880.4890909090907,0.9389940544666925
218025_s_at,68.1,78.0,105.3,77.7,81.8,108.8,77.8,18.6,71.6,57.5,45.2,46.6,48.5,63.2,62.5,84.1,56.7,85.6,62.8,105.8,71.7,62.6,80.4,110.7,121.5,62.3,55.4,75.9,83.6,71.4,68.0,61.7,42.6,76.7,65.7,73.5,51.5,59.1,93.2,89.7,87.7,98.1,86.1,56.0,77.8,71.0,108.0,94.3,33.7,73.3,90.7,87.3,81.1,91.4,78.0,122.9,67.9,101.7,130.9,34.6,47.5,119.6,105.2,63.4,65.9,83.7,63.3,46.6,57.0,53.7,52.0,50.1,57.0,93.3,91.6,61.4,99.0,54.9,86.9,65.0,79.1,89.0,56.6,48.4,49.0,65.2,91.1,61.6,49.4,34.4,86.8,76.4,47.8,89.3,83.5,59.6,72.0,4.3,42.1,12.9,68.5,37.7,106.1,65.2,8.2,ECI2,73.38799999999998,68.86909090909091,0.9384244141970205
212038_s_at,169.9,192.2,232.3,122.6,220.5,173.3,267.3,69.7,198.4,178.8,149.8,119.7,260.8,158.3,237.7,147.8,188.8,197.0,162.6,230.0,182.4,244.5,133.4,274.0,178.8,201.6,179.3,172.9,193.2,223.1,142.2,141.0,198.0,222.3,225.9,250.4,185.1,212.0,185.4,174.7,245.8,131.6,217.1,150.9,277.1,217.4,258.9,306.5,201.4,183.2,58.8,139.7,230.2,257.1,218.3,172.3,193.9,180.0,184.4,124.9,176.6,190.3,254.6,197.9,160.9,194.0,208.5,191.2,214.2,231.9,106.1,136.2,200.7,193.0,151.3,189.4,203.1,198.2,230.1,137.2,327.4,181.8,174.7,165.3,167.3,136.5,220.5,167.5,125.1,124.6,170.0,186.9,227.7,265.1,263.0,149.9,172.7,147.0,188.8,116.3,170.9,183.4,160.6,227.0,157.7,VDAC1,195.752,183.68545454545455,0.9383579965745154
204593_s_at,99.4,69.4,101.9,53.0,85.5,96.9,105.7,91.1,75.9,97.6,83.2,69.8,62.0,67.4,93.4,103.9,74.7,100.7,83.6,69.3,101.7,111.2,85.0,76.6,89.2,97.1,71.1,92.3,87.5,74.0,95.7,98.9,70.0,91.0,77.8,86.3,91.5,78.8,76.7,88.9,79.2,105.4,65.8,85.2,79.0,93.9,74.6,69.6,71.6,73.7,73.9,86.3,57.1,77.1,80.8,92.0,67.7,93.4,92.1,96.0,67.2,68.4,80.9,58.0,51.1,76.3,86.9,82.4,112.1,108.6,95.3,71.4,88.4,84.1,51.2,70.3,88.8,87.9,74.7,92.9,86.0,89.3,78.4,89.6,70.4,78.6,56.9,49.5,89.8,85.4,65.8,84.4,88.9,82.9,73.1,46.7,127.7,58.6,79.0,53.1,105.8,63.6,73.6,86.1,81.5,MIEF1,84.47400000000002,79.23636363636366,0.9379970598807165
200093_s_at,54.9,68.7,113.2,67.2,133.3,174.4,87.0,136.6,92.5,88.0,132.9,68.9,124.3,162.8,129.3,22.5,125.0,74.4,115.7,142.9,161.6,65.8,166.8,117.5,134.4,109.6,95.5,61.0,80.2,54.3,87.4,96.8,99.4,97.2,87.6,82.5,30.2,118.1,88.7,134.7,102.0,158.1,79.2,80.7,99.7,34.4,63.5,107.9,82.3,120.1,179.6,46.0,180.1,163.2,147.4,187.0,93.5,73.3,123.1,49.9,205.4,68.3,90.7,64.8,56.4,121.9,99.5,198.0,106.4,32.4,45.0,65.1,78.4,90.6,40.7,124.6,89.0,78.3,79.2,63.7,96.1,90.2,159.9,5.9,109.7,63.6,104.1,85.3,16.6,59.4,72.0,87.8,13.2,125.7,94.1,140.3,62.4,68.2,15.2,60.9,70.2,45.2,100.3,116.0,265.6,HINT1,100.23399999999998,93.9890909090909,0.9376966988156805
218701_at,16.9,4.3,46.7,27.0,41.7,31.7,35.0,31.1,39.8,6.1,14.3,50.4,3.2,15.2,39.6,41.6,33.1,38.7,17.2,12.6,23.6,23.4,37.0,30.2,23.1,20.6,29.3,35.7,42.9,45.1,31.3,39.8,15.6,27.8,27.8,30.3,34.6,59.1,32.8,41.8,28.0,18.0,26.3,29.3,45.2,30.5,38.1,34.9,33.6,27.2,33.3,55.8,36.6,30.4,8.1,17.9,40.2,5.7,4.5,23.5,22.2,34.0,30.1,34.2,37.5,37.8,46.6,20.1,54.3,13.7,64.7,23.7,30.2,35.7,17.3,7.0,38.5,50.7,39.8,31.2,54.9,20.9,33.9,22.4,10.9,32.1,22.3,36.1,16.1,31.0,43.3,6.2,16.1,45.7,12.7,4.9,20.3,2.2,66.4,3.3,60.2,14.8,15.8,5.1,33.6,LACTB2,30.181999999999995,28.3,0.9376449539460607
211662_s_at,555.9,641.9,435.5,543.9,516.6,689.5,726.7,349.1,481.2,468.6,531.8,370.5,698.2,535.1,615.5,462.5,647.4,622.6,524.0,645.4,441.1,584.8,565.9,580.3,654.5,527.2,441.6,792.0,637.8,564.1,796.4,715.3,611.7,546.8,577.5,729.1,621.5,669.4,749.2,572.5,757.6,600.1,691.2,475.4,580.9,731.9,692.7,771.6,512.8,436.2,417.0,438.7,666.7,702.5,776.7,648.0,632.4,676.8,583.6,342.6,559.4,625.3,620.1,639.4,562.9,541.1,608.7,602.5,541.8,385.0,426.3,556.2,530.2,743.4,616.7,640.5,733.3,800.6,729.4,611.0,721.8,596.5,507.2,493.0,527.3,482.8,393.6,532.3,443.5,327.7,681.1,464.2,602.8,736.9,561.6,423.7,486.1,389.6,452.5,389.0,426.2,338.9,633.9,496.6,551.2,VDAC2,593.82,556.7054545454546,0.9374986604450078
201903_at,124.1,166.5,230.6,329.0,167.8,326.3,157.6,80.6,129.0,138.1,177.7,11.0,309.5,154.7,113.2,136.9,195.0,184.0,196.8,322.2,261.4,125.2,232.1,174.9,247.1,129.6,172.3,220.8,226.8,354.8,306.5,223.9,278.0,142.9,145.3,174.3,200.8,256.7,244.9,234.9,260.1,156.0,180.4,233.4,243.1,175.3,241.3,271.0,164.8,252.4,121.3,128.3,259.2,256.9,212.1,342.8,232.6,305.1,249.8,189.8,184.7,227.0,224.3,228.7,147.3,210.1,226.0,163.9,162.0,176.7,183.7,198.6,149.9,200.5,173.4,176.2,203.1,146.8,145.4,169.2,230.4,149.7,210.4,228.6,189.8,217.6,200.6,66.8,183.6,153.6,173.6,90.9,184.1,277.6,212.0,114.0,134.9,94.0,109.2,282.1,103.6,60.7,256.2,292.5,286.3,UQCRC1,203.63199999999995,190.8763636363637,0.9373593719865431
201740_at,144.8,105.9,178.6,188.5,161.1,322.0,147.8,202.5,149.4,190.1,133.9,190.0,233.1,157.9,141.3,108.7,183.6,195.2,205.9,254.6,183.1,246.6,212.5,147.3,177.4,158.2,205.2,194.2,147.3,247.8,249.6,227.0,242.6,244.7,122.6,119.9,118.3,200.4,251.3,197.7,316.8,186.5,218.6,202.3,173.1,148.1,201.3,227.4,195.3,169.9,58.8,247.9,252.9,262.4,310.2,223.3,213.4,205.1,158.8,111.1,202.7,172.5,219.4,132.6,157.2,200.4,156.2,180.9,137.6,92.2,108.9,164.0,237.0,211.0,169.6,184.7,294.7,228.2,231.9,173.2,214.4,171.7,198.4,248.4,120.7,193.1,176.7,218.7,129.4,87.9,220.3,211.8,165.9,203.6,164.9,193.5,138.5,118.1,109.8,73.2,133.2,100.3,222.5,184.2,121.3,NDUFS3,190.55799999999996,178.53272727272721,0.9368944220275572
220329_s_at,43.3,63.1,45.4,36.4,39.2,55.7,39.7,35.7,39.4,22.7,18.0,41.5,3.5,25.1,39.8,60.3,64.8,27.7,10.5,46.5,52.0,45.4,29.4,57.4,41.0,26.6,6.4,46.3,35.8,62.3,39.6,40.7,50.9,40.9,38.6,12.2,70.5,19.1,33.1,62.8,28.3,37.4,9.2,27.2,34.9,6.7,42.7,48.5,46.5,61.9,57.0,50.9,33.5,28.7,60.6,50.3,42.3,24.3,22.9,46.7,35.9,62.8,37.9,37.0,51.0,25.8,23.2,63.3,30.0,55.7,3.6,15.4,17.6,34.8,7.1,33.1,52.1,18.9,39.5,40.7,66.5,9.3,36.3,6.7,35.8,28.9,54.6,28.5,32.2,4.6,49.4,38.9,51.0,10.9,50.7,40.1,2.9,9.6,38.4,84.0,40.3,24.4,45.7,5.2,71.9,RMND1,38.252,35.80727272727274,0.9360889032540191
201036_s_at,100.7,56.5,62.7,46.5,61.6,91.4,114.0,100.5,31.1,69.3,68.0,77.3,50.4,124.9,54.1,60.0,83.4,60.2,84.8,69.4,68.5,84.1,78.4,57.2,59.8,28.5,77.7,90.5,73.2,72.4,59.2,70.9,70.3,80.4,69.5,73.1,73.7,35.6,75.3,48.7,71.5,62.2,66.8,51.8,57.5,40.6,47.0,77.9,59.5,62.1,76.9,45.3,111.7,84.7,69.1,79.3,115.8,72.0,28.0,52.8,37.2,65.9,65.2,74.6,40.7,47.0,68.5,60.9,75.1,50.2,67.8,56.3,52.5,68.9,21.9,82.2,66.9,66.7,44.8,37.0,65.4,32.3,51.6,69.9,34.9,45.6,23.2,99.9,85.1,61.5,110.3,14.1,61.8,84.5,96.7,89.6,67.7,58.2,89.6,60.7,91.9,69.2,55.0,65.9,39.4,HADH,68.214,63.81636363636363,0.9355317623415081
211725_s_at,242.2,260.6,309.7,346.5,270.9,242.3,248.2,235.6,248.0,252.8,277.4,307.9,285.7,286.6,288.3,323.3,438.5,246.1,290.0,307.7,165.5,184.1,199.8,254.0,241.6,316.9,266.5,204.3,363.2,317.8,360.8,297.4,308.8,283.7,242.0,300.1,279.2,347.7,232.7,324.4,308.7,282.1,297.8,226.2,258.2,124.7,337.7,256.7,217.8,299.6,200.5,289.0,261.0,320.6,234.7,300.6,300.5,159.5,287.0,262.1,421.7,229.6,251.3,341.1,289.7,412.2,273.0,271.4,259.1,210.1,381.8,265.4,299.4,192.0,305.7,372.9,383.4,364.7,331.6,298.8,208.7,269.4,177.9,192.5,307.2,181.1,248.7,221.4,188.7,169.2,199.5,216.7,236.3,283.6,194.8,217.4,136.6,190.7,153.2,192.6,181.8,173.7,294.2,261.5,326.8,BID,276.1660000000001,258.0836363636364,0.9345235704744114
205370_x_at,890.9,802.0,925.4,773.0,1051.0,848.5,1195.5,664.9,1068.0,1429.0,951.0,1077.9,756.7,913.9,1217.4,866.1,1096.9,763.2,1067.4,671.5,650.1,591.3,1020.3,1016.5,882.8,1104.9,851.2,718.1,1056.6,1073.0,1028.2,1015.6,1077.2,946.5,769.6,937.3,816.5,684.4,811.1,829.8,727.1,1198.9,792.4,712.7,760.1,766.3,749.7,876.1,695.1,712.6,760.8,827.2,605.5,739.5,650.6,651.0,703.2,698.0,800.3,743.6,886.0,856.8,912.1,1101.0,880.2,928.0,902.3,966.8,871.7,1167.8,660.8,1025.7,902.9,1212.7,751.1,750.3,915.4,805.2,860.4,808.9,719.6,860.2,803.3,882.1,872.1,847.9,913.3,823.9,823.5,858.1,686.9,655.6,842.1,647.0,817.9,860.8,766.1,923.3,960.2,906.5,845.4,764.8,884.7,1092.3,748.7,DBT,898.044,839.129090909091,0.9343964114331714
208951_at,43.0,53.6,65.0,59.9,50.2,52.6,25.3,44.8,44.8,35.6,53.8,30.2,34.5,63.9,51.9,23.6,78.2,60.8,118.8,39.1,64.5,37.1,65.5,50.4,52.1,43.1,98.0,64.8,62.7,41.9,29.0,29.7,56.9,43.1,38.7,56.8,65.0,95.9,73.9,57.2,53.8,46.7,43.4,59.9,49.6,42.0,57.9,19.4,38.2,60.6,62.7,61.5,32.7,23.3,23.1,55.4,15.0,65.6,50.4,70.8,6.1,60.1,34.9,4.1,36.7,47.2,45.8,58.3,68.2,84.2,65.7,68.4,46.9,48.0,29.7,47.7,54.4,56.4,61.0,50.3,78.7,71.2,67.7,10.4,42.9,43.9,54.6,23.2,81.5,83.6,18.5,46.3,52.1,26.7,30.9,14.7,27.5,106.9,43.9,75.2,58.5,53.2,30.0,82.8,40.4,ALDH7A1,52.547999999999995,49.08909090909092,0.9341761990768617
203783_x_at,58.7,55.9,49.1,66.2,24.1,5.1,34.5,34.1,62.5,56.6,37.6,52.0,26.6,114.3,45.3,97.6,45.9,98.4,79.1,21.4,64.4,22.7,26.7,31.0,6.5,20.5,39.9,43.5,20.4,29.9,26.4,7.7,79.5,11.1,43.7,7.4,35.7,38.1,27.9,2.8,42.1,25.2,2.3,59.3,63.6,8.6,3.3,33.7,43.6,48.7,62.1,51.2,5.0,20.2,19.6,16.7,35.5,52.2,18.9,19.8,8.9,54.8,26.2,5.0,40.0,33.1,38.1,18.6,34.3,8.8,85.4,71.2,7.0,29.7,10.9,30.1,6.7,30.5,31.5,43.8,39.9,43.8,8.0,37.3,43.2,15.6,76.4,95.3,50.5,36.7,31.0,44.6,25.9,19.4,40.1,3.5,96.2,9.4,87.5,8.3,65.3,39.9,56.1,71.6,73.1,POLRMT,39.624,36.989090909090905,0.9335021933447128
218633_x_at,136.8,154.5,170.4,162.5,219.8,287.5,181.4,138.8,121.2,179.3,237.1,165.7,184.3,185.8,211.5,213.8,149.0,183.6,94.1,248.8,221.5,337.0,218.6,210.3,232.1,205.9,281.1,349.1,212.9,181.6,198.2,210.0,202.4,227.0,277.5,151.1,282.6,205.9,148.1,161.0,246.8,179.3,199.1,246.8,200.1,235.4,180.1,204.2,253.5,169.8,177.1,216.6,252.7,226.3,282.0,256.8,198.2,129.3,213.8,173.7,127.4,250.8,198.8,230.6,171.7,201.9,197.4,188.4,204.6,161.4,237.4,182.2,157.0,220.3,134.3,187.8,221.4,199.7,190.6,173.7,246.9,141.4,237.5,200.4,194.5,227.3,179.6,165.5,187.1,205.4,151.2,174.9,189.8,255.6,153.1,223.2,184.5,178.1,228.0,137.5,166.6,72.3,182.1,151.5,131.9,ABHD10,205.09800000000004,191.4509090909091,0.933460633896523
208909_at,564.0,544.7,525.1,608.8,532.4,808.2,640.2,589.2,532.1,474.7,487.2,424.3,636.8,516.7,508.8,545.5,522.7,573.8,534.2,607.4,587.9,481.8,574.2,687.1,584.1,532.6,475.0,543.6,662.9,650.2,655.9,649.3,559.8,479.2,678.8,572.0,510.4,608.8,480.5,606.1,636.4,586.2,683.0,426.5,684.1,439.9,650.4,605.1,683.3,543.0,317.1,579.0,637.4,558.0,626.0,728.0,621.0,385.8,581.5,376.9,497.3,596.5,588.7,657.8,605.4,668.1,583.0,652.3,555.0,521.6,445.8,612.4,448.5,652.3,653.6,694.0,725.1,608.6,421.3,459.5,578.4,503.0,532.5,517.4,567.6,550.1,503.0,425.1,495.8,496.9,431.2,521.5,492.1,537.4,548.3,530.1,457.3,383.5,492.6,545.3,418.9,325.9,599.6,482.1,468.1,UQCRFS1,573.898,535.6581818181817,0.9333682672150481
216696_s_at,131.4,105.9,54.4,125.3,89.1,107.6,35.8,158.5,34.3,102.8,111.2,82.9,58.6,125.8,64.9,142.7,105.8,97.2,85.4,58.7,122.7,102.2,173.1,82.3,103.4,64.3,34.2,131.3,53.8,57.2,77.6,100.2,44.0,38.1,91.0,63.0,137.3,56.6,89.4,15.7,89.9,67.0,62.1,193.6,66.0,44.4,82.1,51.3,98.4,65.6,82.5,23.5,40.5,41.2,54.5,55.9,106.6,99.4,68.0,162.5,22.0,107.8,68.4,34.9,67.9,86.1,73.9,95.1,80.7,90.9,80.1,65.1,47.7,89.1,115.5,63.9,60.1,53.6,133.8,113.9,70.8,18.1,72.1,59.7,70.2,67.9,81.3,34.9,113.4,122.4,114.6,137.6,41.0,50.2,84.2,68.9,37.0,128.2,140.0,98.2,151.7,154.3,58.9,79.1,111.4,PRODH2,86.72200000000001,80.93090909090907,0.9332223552375298
202592_at,177.2,182.7,224.2,232.2,212.1,220.5,172.4,392.8,193.7,224.9,200.6,201.3,211.6,319.7,238.5,168.3,347.3,333.4,297.5,275.4,296.7,134.0,234.9,172.6,251.9,201.9,207.8,284.1,238.3,314.0,268.4,173.7,214.8,199.9,158.8,163.4,230.5,200.1,264.3,190.0,160.9,163.0,147.2,165.7,190.1,144.7,189.6,240.0,206.0,303.8,243.9,167.2,242.7,189.3,175.3,214.2,253.0,252.2,215.4,144.3,232.6,182.6,238.2,175.3,200.9,192.0,220.0,164.0,290.6,177.1,258.6,201.2,265.9,232.3,221.8,267.8,205.1,227.3,219.1,202.7,140.8,154.7,206.9,202.5,216.6,191.1,179.8,191.2,157.9,183.6,229.1,127.9,196.6,189.8,185.3,190.9,141.4,243.8,244.7,259.8,158.0,126.6,255.0,230.4,352.0,BLOC1S1,222.748,207.79999999999995,0.9328927756927109
201106_at,481.0,572.1,622.3,721.4,446.9,410.1,616.2,1056.5,515.5,440.2,525.9,533.3,443.4,813.2,589.5,785.0,856.3,656.0,672.8,327.0,562.9,592.2,379.7,537.3,558.1,620.1,661.5,327.8,803.3,618.6,543.8,609.5,670.9,503.3,597.8,663.0,511.8,536.8,584.4,483.6,583.8,545.7,429.3,408.8,721.6,650.7,587.8,526.6,516.6,681.1,663.5,559.6,421.2,395.7,630.2,460.1,460.2,361.8,545.8,677.7,453.7,499.0,679.4,650.4,548.3,583.3,348.1,457.9,645.8,504.2,555.2,625.1,446.2,566.6,512.9,504.4,353.0,664.2,511.3,434.3,577.5,580.3,416.3,448.7,454.9,667.0,731.6,394.4,850.3,717.9,480.7,583.4,707.2,437.9,661.8,448.5,637.1,481.0,466.1,479.3,492.3,654.6,471.6,598.1,706.5,GPX4,582.0599999999998,542.9836363636363,0.9328654028169543
214214_s_at,115.0,81.1,140.9,85.8,101.2,113.4,118.0,67.5,98.3,59.2,74.0,54.3,72.5,78.1,99.0,89.9,73.2,71.2,69.8,118.8,93.5,143.2,58.5,120.8,103.3,76.1,62.2,94.6,92.8,103.7,65.9,83.0,51.5,74.5,109.7,96.4,56.5,62.0,83.2,102.4,48.5,88.7,124.8,49.9,81.3,63.6,83.2,129.0,72.2,53.0,74.0,99.6,80.2,102.2,95.9,98.2,103.9,66.0,88.7,64.3,65.3,104.0,115.3,68.9,78.5,71.7,96.8,74.9,51.2,95.3,92.1,88.1,61.2,130.3,64.8,108.1,86.8,78.3,44.1,64.5,80.3,104.4,90.3,66.2,76.0,83.3,41.5,27.6,73.1,71.4,60.3,68.6,63.6,86.5,80.2,72.9,120.4,39.2,70.4,87.7,30.3,53.0,128.5,49.0,183.9,C1QBP,86.184,80.39636363636365,0.9328455819683891
202590_s_at,133.8,86.1,82.6,68.9,126.4,86.0,98.1,107.0,122.7,50.1,113.9,44.1,67.5,120.6,69.3,133.6,79.1,114.4,152.8,75.6,48.3,125.5,65.6,87.0,58.2,121.0,73.6,122.5,90.7,134.8,68.9,10.8,18.4,41.9,58.7,73.0,157.6,120.4,97.2,78.2,71.2,25.6,54.3,147.0,87.5,118.5,40.9,90.3,47.4,213.6,158.4,21.5,69.4,92.8,66.3,12.9,83.0,80.1,15.9,93.3,66.4,72.0,156.3,111.2,127.3,61.5,79.3,49.1,72.5,114.4,18.5,89.0,110.0,45.4,78.8,79.4,69.3,51.9,92.4,19.4,79.1,105.4,84.1,68.8,77.6,91.3,71.0,120.1,15.3,171.7,87.8,74.0,159.6,106.7,124.4,66.5,108.1,101.3,101.5,88.5,84.6,140.8,72.7,76.9,62.0,PDK2,89.62399999999998,83.5909090909091,0.9326844270609336
205052_at,69.8,75.3,74.8,68.3,65.2,64.1,57.5,74.4,102.2,60.3,60.1,73.7,53.7,49.3,51.1,77.5,62.9,47.3,68.4,48.5,69.7,113.5,69.7,55.2,50.2,45.3,69.0,76.1,15.7,56.1,18.9,65.7,48.8,39.5,43.6,41.3,64.2,62.6,50.5,42.9,36.9,52.9,50.7,56.6,60.9,29.8,58.7,46.7,59.6,56.4,46.2,59.3,52.6,61.9,53.7,70.5,58.4,58.4,79.8,53.5,48.7,36.5,60.8,56.9,78.5,49.6,71.1,46.4,77.4,86.2,83.8,48.6,61.7,66.8,61.2,46.0,61.7,60.5,79.0,54.4,62.2,36.2,64.0,97.5,49.2,43.6,21.0,31.7,49.5,66.9,52.8,49.8,35.1,33.6,60.4,61.1,6.8,45.6,49.1,11.3,39.3,46.5,47.9,30.6,64.7,AUH,58.242000000000004,54.3,0.9323168847223652
204034_at,180.1,229.4,213.1,226.5,219.3,163.4,243.5,316.5,268.6,226.0,190.2,189.7,211.6,281.0,252.8,295.0,296.2,281.5,322.0,175.5,228.8,254.9,198.3,216.4,244.5,213.6,191.7,238.3,249.9,242.9,197.3,239.4,223.4,197.1,187.9,170.9,235.7,227.7,188.0,205.0,213.8,178.7,166.3,182.9,216.3,214.1,176.3,165.9,207.4,227.5,261.8,238.4,157.1,186.2,178.3,210.1,257.1,217.4,167.8,189.8,155.1,146.2,259.7,145.4,181.4,225.3,267.6,222.5,279.1,260.2,284.0,198.8,204.3,198.3,194.3,177.8,169.5,275.9,204.0,183.7,180.9,168.6,237.0,219.3,225.4,169.2,228.6,236.0,230.1,192.6,149.9,208.6,219.2,151.1,107.0,149.6,200.5,234.9,221.8,244.1,184.6,186.1,177.4,311.5,229.1,ETHE1,221.65599999999995,206.54909090909095,0.9318452507899222
208717_at,235.0,251.1,332.4,283.9,295.3,235.2,291.9,328.5,273.5,280.3,180.5,306.6,249.4,250.2,260.3,249.3,262.5,240.9,329.0,241.8,249.5,373.6,237.3,249.2,293.1,242.0,258.8,232.4,322.4,188.7,243.3,235.8,265.8,276.1,272.2,205.4,256.8,171.8,245.2,206.0,304.5,240.5,273.8,205.5,233.0,333.1,314.7,234.1,329.5,206.1,157.8,289.3,248.3,315.8,360.5,357.2,336.0,230.6,173.8,224.0,185.7,262.0,231.2,178.1,226.9,171.6,185.9,171.9,199.9,182.0,149.2,239.3,274.3,198.2,152.1,221.1,335.6,311.3,180.8,269.1,281.1,231.7,291.7,223.4,329.2,284.5,258.7,302.1,259.8,275.6,288.5,211.3,240.9,279.1,301.3,303.7,262.5,261.0,239.2,243.8,153.8,203.7,258.1,265.6,130.1,OXA1L,261.556,243.63454545454547,0.9314813862214802
202850_at,69.3,51.6,49.5,17.4,59.9,60.6,96.4,94.2,62.6,34.7,54.4,86.1,56.4,58.5,78.0,56.9,22.1,22.6,27.2,60.2,26.2,76.3,78.2,71.2,46.1,43.4,16.5,41.3,51.2,34.2,21.5,60.8,46.0,91.2,51.3,51.4,8.2,48.3,36.2,65.6,54.6,35.6,42.1,6.1,35.7,9.6,30.8,69.9,29.9,20.4,39.5,27.8,100.0,70.4,87.1,50.1,79.0,15.6,66.4,27.8,63.0,44.0,69.9,65.4,44.7,47.9,78.4,77.8,55.5,60.4,83.5,53.3,37.0,66.9,5.8,36.2,39.8,34.6,39.4,25.2,45.6,24.4,56.2,5.0,15.3,43.7,16.2,39.4,2.0,7.5,34.9,19.7,39.7,38.8,92.3,54.6,64.6,24.1,11.6,30.2,19.7,39.7,81.4,54.9,23.3,ABCD3,48.368,45.04,0.931194177968905
210712_at,37.0,40.1,33.0,36.5,33.8,50.7,52.2,49.5,15.4,5.8,23.3,47.6,19.7,46.8,38.6,29.3,48.2,40.2,79.6,32.6,62.2,52.0,40.9,24.2,23.0,18.7,16.6,55.8,35.7,66.0,40.6,29.9,35.5,15.6,30.7,23.2,27.5,27.2,48.4,22.5,29.8,23.0,32.8,68.5,25.1,51.5,24.0,19.7,32.1,41.6,43.5,31.1,26.1,31.5,19.5,21.9,6.1,46.3,30.6,38.9,0.9,42.5,36.0,27.7,18.6,29.8,32.4,33.0,12.0,60.0,43.1,42.0,16.5,25.1,41.5,26.3,34.0,31.9,46.7,41.2,24.3,23.9,56.6,6.3,8.9,26.1,20.5,5.1,60.8,11.8,61.2,47.7,15.8,12.4,64.6,57.8,24.4,32.5,44.1,62.4,54.4,62.6,63.7,55.0,8.2,LDHAL6B,36.084,33.596363636363634,0.9310598502484101
201919_at,257.7,251.0,202.3,319.4,291.3,407.3,222.0,637.9,213.2,272.9,281.7,314.7,261.4,322.5,219.0,317.0,303.4,373.1,504.4,266.8,250.6,348.9,272.4,232.6,359.4,339.3,248.0,360.9,259.9,322.7,293.7,229.6,276.1,352.1,402.2,227.4,292.8,218.0,279.0,275.2,259.0,237.9,332.7,411.8,270.3,297.1,297.0,261.5,355.3,295.1,237.7,355.0,385.6,326.0,391.8,267.7,349.2,354.5,295.0,331.6,296.0,340.4,187.9,296.6,176.1,292.6,290.3,317.1,214.0,288.2,262.3,296.5,188.6,309.7,258.4,217.6,187.4,324.5,220.1,297.0,227.2,233.2,347.8,224.1,297.3,175.8,301.8,396.4,289.7,303.6,256.1,328.3,326.5,262.7,284.1,227.6,323.3,339.9,379.6,263.5,156.3,281.6,260.7,235.2,177.8,SLC25A36,301.95,281.00909090909096,0.9306477592617683
34764_at,46.5,52.2,38.8,49.0,36.1,18.6,48.1,27.2,44.8,51.4,38.8,30.3,54.2,71.0,38.8,55.7,47.1,46.8,52.7,49.2,67.4,57.4,51.4,42.0,55.2,66.5,44.8,73.9,62.7,44.8,51.9,38.8,53.6,54.7,40.5,75.4,55.9,16.5,41.0,42.4,50.3,49.0,35.3,49.3,53.2,77.8,27.2,34.0,46.6,41.0,43.1,63.9,40.9,47.8,41.7,40.8,21.8,39.8,39.5,68.2,33.9,41.2,63.3,27.4,34.1,40.1,64.4,54.5,40.1,40.2,63.2,38.1,61.9,52.2,28.3,39.3,42.7,46.1,49.4,55.6,47.1,34.4,45.0,40.5,51.0,54.6,32.8,44.1,33.2,56.8,42.7,41.2,79.0,30.1,36.6,51.9,6.9,76.5,46.2,54.7,45.9,47.4,22.8,55.1,13.8,LARS2,47.956,44.61454545454545,0.9303224925879023
203335_at,58.6,44.6,67.4,40.5,62.6,57.1,50.2,51.2,47.9,35.7,75.7,88.4,44.5,54.3,63.7,43.1,51.0,68.0,68.3,46.6,51.8,55.1,44.8,59.6,67.5,52.3,50.8,61.0,42.3,52.2,33.4,55.4,47.6,40.5,42.7,40.6,37.3,54.2,52.9,38.8,42.2,45.7,51.3,60.3,52.0,58.6,56.2,50.9,43.0,55.5,40.8,43.3,50.6,31.3,44.2,47.9,55.6,42.6,44.6,41.3,28.5,36.4,47.8,50.9,44.7,39.4,47.4,69.9,52.5,35.7,3.8,26.2,43.2,53.5,66.2,41.6,26.2,44.1,83.9,58.6,42.5,101.0,50.7,40.8,56.1,47.8,35.0,59.1,48.7,29.6,61.6,60.2,61.2,39.0,54.0,33.7,14.9,53.5,50.6,48.3,40.2,80.3,52.2,52.7,120.2,PHYH,52.31799999999999,48.66545454545453,0.93018568266093
212213_x_at,154.4,132.1,118.9,95.9,134.4,135.1,117.2,182.2,111.8,140.1,136.5,139.4,97.4,139.3,128.1,145.4,87.5,116.8,131.4,101.7,129.4,180.9,157.5,111.2,156.0,119.2,128.0,123.0,82.7,130.7,105.3,135.3,159.8,178.1,140.9,103.3,153.7,120.4,88.1,106.1,105.6,111.7,123.7,142.0,116.5,148.8,95.0,150.3,149.2,117.1,111.5,91.8,193.3,155.7,154.4,106.5,175.9,156.6,126.8,175.2,92.9,132.9,110.2,84.8,127.0,113.5,119.4,137.3,107.0,65.5,82.7,101.6,120.4,115.5,97.2,96.5,113.3,113.0,92.5,132.1,138.0,101.9,137.0,60.9,85.8,117.0,131.1,121.3,127.2,136.9,146.3,104.6,119.5,135.7,97.5,141.1,150.3,106.2,157.1,159.9,121.4,100.4,96.1,71.2,95.5,OPA1,128.30200000000002,119.32545454545456,0.9300358103962101
218190_s_at,202.8,220.9,304.8,342.3,244.5,384.6,245.6,244.1,302.4,174.6,318.2,187.3,344.6,227.0,365.1,162.5,367.4,298.5,256.4,377.9,366.5,269.5,357.9,285.6,288.1,310.3,285.8,376.9,335.4,399.3,352.9,330.9,253.0,247.3,312.4,285.4,246.4,340.2,290.7,359.7,416.3,340.9,306.5,281.2,278.6,267.4,207.1,290.3,227.0,273.8,179.0,317.9,452.9,376.4,383.6,370.3,311.4,292.9,289.5,200.8,351.6,255.2,306.4,279.1,266.0,274.8,341.5,305.6,296.5,175.6,239.8,304.6,295.6,385.2,306.5,339.0,304.6,330.1,314.8,277.7,229.0,250.2,268.1,270.4,246.1,259.7,192.0,174.5,193.8,157.7,230.8,214.0,247.2,328.6,184.5,234.1,186.0,149.7,192.8,276.9,247.2,182.1,313.6,322.8,417.1,UQCR10,295.09599999999995,274.43272727272733,0.9299777945913444
203681_at,5.1,3.4,5.4,3.9,5.0,2.2,3.5,12.4,2.8,8.3,3.6,4.8,2.4,5.4,5.7,5.2,4.0,5.0,4.8,3.2,3.4,5.6,5.1,5.3,3.6,4.1,2.6,3.7,2.6,2.8,4.4,5.3,1.9,3.3,2.5,3.6,2.0,9.0,3.9,2.9,2.5,4.1,3.4,5.0,5.6,2.8,3.1,3.5,1.7,3.7,4.8,3.6,3.6,1.5,3.7,3.6,2.7,6.7,1.5,4.6,5.6,3.8,3.4,3.1,2.8,3.1,2.1,5.1,3.1,4.7,4.1,11.7,4.8,2.4,3.8,4.0,3.4,1.9,3.8,3.6,3.6,1.9,4.0,3.7,4.5,1.8,3.0,2.6,6.3,5.6,2.3,4.8,5.6,5.1,3.4,4.5,3.8,2.9,3.7,3.2,7.5,2.5,3.2,3.2,4.6,IVD,4.1819999999999995,3.8890909090909087,0.9299595669753489
213333_at,136.8,110.1,133.8,110.1,165.5,96.0,118.9,109.7,140.4,136.9,109.1,142.5,89.0,98.0,141.9,145.3,125.5,145.7,118.5,100.0,108.6,160.8,121.1,122.9,93.6,124.8,160.1,163.2,101.5,112.0,109.3,98.8,92.4,122.9,116.3,79.9,182.9,118.1,127.1,108.2,146.1,106.6,107.7,136.8,114.7,136.1,121.4,89.3,135.6,128.0,127.4,113.5,81.5,110.5,106.1,119.7,113.1,135.8,101.1,151.6,104.3,118.4,108.6,108.5,117.1,126.2,92.6,83.2,129.6,108.3,101.9,148.0,140.2,121.4,164.7,150.5,116.0,148.1,134.7,100.7,136.2,129.5,162.7,71.0,109.2,98.0,87.9,122.6,145.0,99.2,85.3,130.5,33.7,82.6,107.4,92.9,127.0,104.5,125.3,183.7,126.2,67.6,93.9,102.3,53.0,MDH2,122.41000000000003,113.82727272727271,0.9298854074607686
221589_s_at,56.1,35.6,54.6,42.4,44.1,62.9,74.3,35.5,53.4,63.3,35.8,47.3,36.5,47.8,38.3,67.9,37.3,40.6,30.5,44.7,63.5,53.2,37.1,63.9,44.0,48.3,43.2,60.9,35.4,62.2,43.5,39.2,50.1,64.6,57.3,47.6,35.0,47.4,49.5,51.6,58.4,28.1,32.9,43.9,56.7,51.9,53.1,54.9,40.3,20.6,45.1,32.3,43.5,39.4,46.4,45.2,45.1,41.5,34.6,61.2,28.2,50.2,44.5,55.1,50.4,62.5,65.6,50.4,42.3,67.1,22.6,51.4,34.6,41.0,32.7,46.8,48.6,53.4,54.8,23.0,37.6,30.4,45.0,47.6,39.7,39.0,40.3,39.7,23.4,42.0,42.0,68.6,28.3,43.9,63.1,29.5,82.7,39.6,43.9,61.1,31.3,66.6,35.5,23.0,38.4,ALDH6A1,47.744,44.39454545454545,0.929845539848891
204565_at,60.9,69.4,69.4,101.3,71.5,70.0,63.5,41.3,53.7,87.4,83.3,82.5,63.2,111.4,65.8,58.5,90.8,59.5,57.7,86.0,70.7,79.1,80.6,45.1,72.9,78.0,74.6,35.2,54.8,53.9,44.5,89.5,57.3,50.8,46.6,48.2,59.9,45.4,55.6,48.6,39.3,77.3,58.8,67.2,43.8,53.3,60.4,65.1,53.3,90.0,90.3,46.5,70.4,54.3,52.5,67.9,85.4,63.4,67.4,50.2,71.0,37.5,49.4,66.5,68.0,88.0,84.7,38.5,42.7,38.4,16.6,41.6,73.0,58.1,137.8,41.0,51.6,59.7,61.2,44.7,26.6,81.7,104.6,35.7,58.3,80.2,35.8,43.8,58.5,43.2,40.5,41.4,37.1,51.0,68.2,77.6,47.0,18.3,38.5,134.4,78.5,86.5,59.4,74.6,80.9,ACOT13,64.93800000000002,60.374545454545455,0.9297259763858672
211613_s_at,11.1,32.9,40.7,34.4,34.1,43.2,13.5,17.5,28.0,13.1,42.5,47.4,32.1,13.9,9.3,34.9,23.5,42.6,56.4,14.3,59.0,9.6,45.3,20.0,44.3,18.0,7.9,28.6,54.4,8.6,28.2,7.5,30.3,29.8,9.3,35.1,35.9,21.5,52.9,18.3,7.0,27.2,27.9,59.0,37.2,52.6,13.3,5.7,5.1,36.1,5.1,19.3,12.7,11.3,21.9,5.4,6.6,51.8,31.5,66.2,22.7,24.9,4.3,6.7,43.5,71.5,49.4,2.6,21.9,30.2,15.3,36.2,14.2,19.0,12.5,4.6,28.2,5.5,17.3,14.1,57.0,6.8,34.9,7.1,58.8,33.3,5.3,20.8,49.3,12.0,57.8,8.1,4.4,49.3,48.1,67.5,16.7,13.3,8.5,15.0,46.6,26.8,73.1,9.6,46.7,GPD2,28.419999999999995,26.42181818181817,0.9296909986565157
205012_s_at,293.3,283.6,137.4,301.7,184.1,223.3,189.4,476.3,246.3,209.1,338.7,102.0,229.8,511.8,180.9,341.9,190.5,304.4,126.2,285.8,417.7,270.4,85.8,156.6,293.2,192.0,326.6,274.0,270.5,395.9,261.2,148.5,303.4,233.7,193.0,229.0,167.1,315.9,362.5,153.4,208.9,115.6,179.5,310.8,359.6,231.0,400.0,266.3,438.4,336.8,474.4,328.7,164.7,209.1,299.7,251.2,311.3,254.3,194.3,320.7,89.1,185.0,212.2,209.5,167.1,227.3,161.8,210.4,297.1,322.4,134.4,97.3,239.8,166.4,254.9,180.4,141.3,176.0,149.8,141.2,187.6,210.6,205.7,307.1,154.1,191.0,407.5,228.4,341.0,255.4,197.8,525.3,395.9,221.6,230.1,220.2,317.0,398.8,339.9,368.5,244.5,358.4,143.1,136.1,182.0,HAGH,261.07599999999996,242.53454545454545,0.9289806242417744
219547_at,159.0,162.8,169.7,178.8,183.7,162.1,159.4,187.1,148.2,141.5,182.5,111.3,169.4,185.8,160.7,181.1,175.8,185.9,186.8,132.4,177.4,166.3,150.4,188.4,162.1,184.1,195.0,140.6,221.0,133.7,191.0,201.2,217.2,168.4,161.0,132.0,119.3,125.6,144.9,134.5,185.0,147.6,185.9,180.5,156.1,160.4,164.4,165.0,158.8,201.9,226.0,191.5,159.7,127.1,179.9,157.0,138.9,208.1,147.9,126.2,164.3,157.8,197.1,156.6,165.5,120.1,164.2,134.7,190.9,127.2,203.2,189.4,184.2,172.0,130.9,180.2,143.0,135.7,123.6,156.2,152.7,162.4,155.4,136.3,162.2,236.1,142.0,146.7,174.1,107.4,125.3,123.6,132.0,147.9,212.7,133.1,112.7,139.2,117.0,123.9,179.0,163.9,117.8,152.6,106.6,COX15,166.87400000000002,154.93999999999994,0.9284849647039078
218450_at,136.2,240.7,234.1,333.2,251.2,281.9,177.9,242.0,197.4,188.2,370.3,109.3,180.9,210.8,177.5,250.7,263.1,378.5,273.4,295.4,402.3,342.9,271.1,216.8,292.7,285.3,243.7,287.8,315.3,641.8,349.4,373.7,260.1,312.6,285.9,228.5,278.2,182.9,372.9,209.3,202.2,268.5,216.3,224.2,346.9,355.9,315.5,305.3,319.7,283.2,148.0,350.0,263.7,187.6,273.3,255.8,267.0,328.2,235.3,333.2,166.4,216.2,306.3,385.0,243.0,230.7,205.3,217.8,216.8,200.3,163.4,171.1,160.8,269.7,187.6,292.0,194.3,248.5,297.9,204.2,239.4,326.1,285.4,264.0,273.8,329.3,260.4,415.5,246.8,192.8,205.8,315.9,297.0,344.1,263.9,206.3,336.7,192.8,200.5,647.8,138.3,192.9,290.4,169.6,220.7,HEBP1,275.672,255.91999999999987,0.9283496328970655
220903_at,63.4,10.3,9.0,54.4,55.8,55.8,42.9,11.8,27.6,23.1,48.6,54.8,7.6,28.1,22.3,40.4,53.5,39.0,70.8,38.2,12.5,13.2,9.2,44.4,54.5,29.4,7.6,84.9,33.4,54.8,28.1,31.4,42.6,28.2,40.1,8.5,14.3,15.1,26.0,12.1,5.8,7.8,30.3,14.4,7.2,4.5,17.0,46.6,8.4,8.4,15.3,26.8,7.3,4.8,44.3,13.7,29.3,11.8,7.4,17.2,18.1,68.1,35.6,9.9,6.8,9.2,7.5,8.9,26.8,9.7,18.2,70.2,41.6,7.0,22.1,21.7,19.1,45.0,17.8,23.7,27.7,23.9,19.9,9.6,9.8,60.1,51.9,50.1,38.9,49.6,10.8,33.9,8.1,29.7,55.1,9.2,90.4,12.2,12.5,22.9,132.1,16.7,59.4,7.9,22.2,GFM1,29.962,27.809090909090916,0.9281453477435057
32091_at,310.3,271.7,207.1,288.4,251.5,194.0,221.4,234.4,270.5,211.4,282.2,198.6,426.2,246.2,273.5,208.5,403.3,294.2,264.4,216.7,208.7,125.3,204.5,299.3,192.2,340.4,149.9,176.0,365.0,224.6,282.2,283.1,259.2,219.5,225.1,346.3,288.4,273.5,252.3,252.2,258.7,289.7,317.9,181.3,226.4,145.4,275.5,228.9,201.2,266.2,135.8,200.6,196.9,254.0,145.7,175.8,200.6,213.9,243.4,165.0,271.6,226.3,190.1,335.6,308.6,248.6,220.6,190.5,363.2,214.8,267.5,194.6,419.3,161.1,357.9,262.8,273.7,174.1,263.9,252.3,204.5,354.3,128.1,177.5,312.8,230.4,173.2,198.0,253.1,295.5,299.9,199.6,237.7,210.6,256.1,193.2,185.0,332.5,189.5,203.7,188.4,260.2,170.7,314.5,190.4,SLC25A44,252.668,234.33090909090922,0.9274261445490098
40273_at,11.0,8.9,21.0,17.9,16.7,16.2,15.1,29.4,15.2,15.9,16.9,20.6,19.1,16.0,16.3,20.0,17.8,29.5,29.0,42.5,29.2,12.4,13.9,70.8,20.7,15.2,14.0,46.3,12.5,7.5,13.6,14.9,19.2,13.2,13.0,16.9,11.0,9.6,17.2,12.9,16.7,18.4,15.8,13.3,13.7,20.1,19.4,26.2,16.8,20.0,23.4,23.3,10.8,8.7,17.9,14.2,13.7,16.3,10.3,13.4,7.0,17.5,11.7,15.0,15.2,13.2,39.9,17.4,15.7,16.7,24.4,26.1,15.7,11.4,16.5,14.7,22.9,7.8,16.1,11.8,15.5,15.4,21.2,14.5,11.9,25.4,12.6,18.5,33.4,31.1,18.8,19.1,11.8,11.2,14.6,24.2,33.9,19.4,21.8,23.3,28.6,31.2,11.0,12.9,8.4,SPHK2,19.188000000000002,17.789090909090906,0.9270945856311706
202331_at,94.9,109.0,91.5,104.7,159.8,160.3,129.4,171.8,93.2,130.0,124.0,127.3,96.1,157.5,89.2,114.0,177.7,292.4,235.1,128.6,103.5,69.7,56.7,129.1,170.8,145.1,124.7,101.6,72.5,137.6,146.4,116.4,211.3,85.7,105.4,110.4,175.0,149.9,83.6,116.7,75.9,117.3,151.9,105.7,167.5,127.8,159.5,103.0,127.2,61.7,131.6,128.4,122.2,100.7,106.5,118.1,100.4,94.1,148.8,150.2,112.9,114.9,110.7,112.8,90.3,134.2,96.7,34.0,158.9,133.2,105.4,65.8,202.3,97.7,70.2,119.4,169.6,114.0,131.2,103.5,99.9,171.7,103.4,110.4,119.7,177.4,182.1,123.5,182.5,136.5,124.1,120.9,16.8,99.5,62.9,99.9,141.7,146.3,135.3,168.8,130.4,69.7,71.3,108.2,139.1,BCKDHA,127.92199999999995,118.55818181818181,0.9268005645485675
217791_s_at,145.9,99.5,100.1,70.9,94.7,138.3,84.2,156.2,77.3,73.7,58.4,78.0,69.4,80.2,107.1,63.5,65.6,93.8,75.2,111.4,140.3,144.2,71.4,97.4,101.8,90.8,86.4,82.0,54.0,71.5,93.2,67.6,115.3,78.4,111.0,75.1,54.6,108.0,37.5,63.9,82.7,55.1,78.7,126.8,63.9,99.2,85.6,57.1,90.1,87.1,67.5,105.9,90.4,83.1,78.7,91.3,80.5,123.5,62.6,41.2,51.2,94.6,98.1,55.1,63.0,89.9,89.1,73.8,62.9,109.8,54.4,83.3,93.7,110.3,54.4,80.4,74.9,90.8,65.3,60.7,109.2,77.2,60.1,78.5,88.7,67.0,106.0,86.6,37.8,114.6,94.9,95.0,48.0,77.4,96.0,64.8,95.3,137.7,121.0,57.5,111.4,95.8,77.2,53.5,65.9,ALDH18A1,88.28200000000002,81.77272727272727,0.9262672716151338
204663_at,38.7,16.4,79.9,16.4,43.9,32.2,46.4,23.0,48.1,12.5,71.8,30.9,43.8,43.4,64.1,59.0,99.8,25.4,38.7,29.2,68.7,40.2,26.3,59.6,13.0,28.1,43.1,52.0,52.5,15.3,58.6,58.1,33.2,25.3,39.0,97.4,32.8,36.5,24.2,45.6,46.5,19.6,48.9,35.3,49.3,11.1,29.6,28.7,23.8,19.3,89.3,73.7,41.0,24.5,6.6,38.7,50.3,50.0,27.3,14.6,52.4,73.0,39.7,48.0,11.7,48.3,49.5,10.1,53.0,18.1,81.9,22.3,50.7,66.8,83.3,7.3,51.8,75.8,15.7,17.2,54.0,19.6,40.2,11.5,12.4,8.3,85.9,55.7,12.6,17.6,29.9,12.5,38.9,40.7,9.0,3.8,41.6,20.0,5.9,20.5,61.7,46.0,71.0,46.9,4.4,ME3,40.50399999999999,37.512727272727275,0.9261487080961703
208631_s_at,255.3,174.2,273.5,229.0,219.1,185.0,254.0,86.0,222.8,251.9,214.2,176.5,350.9,172.5,233.3,208.1,172.0,213.4,173.2,208.6,189.5,187.2,272.8,200.4,199.3,189.5,172.0,187.2,206.7,199.5,225.1,213.7,198.4,173.4,187.7,221.5,210.6,134.2,209.7,202.2,195.2,294.7,202.8,179.3,232.6,240.5,192.5,212.2,151.6,215.3,81.6,136.6,228.4,273.3,127.1,260.3,250.5,273.4,256.4,150.7,228.6,241.9,208.7,187.8,145.8,212.9,188.3,160.7,123.0,146.0,214.4,212.2,175.6,204.8,175.7,260.8,200.9,192.4,184.8,163.1,182.8,172.6,215.5,217.0,200.9,231.6,213.2,149.7,177.4,132.9,156.3,173.4,227.8,228.5,188.6,188.2,159.7,127.7,167.9,135.5,143.3,217.4,252.4,256.4,176.1,HADHA,207.416,191.9909090909091,0.9256321069295961
203858_s_at,130.9,143.5,104.5,150.8,143.7,205.2,123.7,185.8,83.0,185.9,172.0,66.5,133.2,171.9,151.3,117.8,206.7,218.2,146.4,149.3,165.9,78.5,134.6,183.8,140.3,112.1,130.3,115.7,90.3,100.4,106.1,65.8,108.7,138.8,113.1,115.4,130.1,153.0,125.9,112.0,161.0,88.4,138.0,134.5,91.0,200.0,166.9,190.0,156.0,88.2,140.0,158.8,135.1,118.7,140.3,117.2,126.3,165.1,28.3,112.3,75.6,116.6,147.7,56.2,89.6,98.7,154.5,102.4,89.4,88.1,117.2,172.6,105.5,180.8,94.2,128.8,122.0,152.9,134.7,131.7,131.6,167.4,150.2,144.5,188.4,170.0,66.8,108.7,76.4,193.9,143.0,86.9,111.6,109.0,84.8,165.1,57.6,87.9,187.4,159.3,189.5,141.7,119.5,210.9,94.1,COX10,136.502,126.31818181818178,0.925394366516108
217772_s_at,125.5,169.5,175.6,103.6,162.3,114.5,184.4,165.5,177.5,166.3,145.9,152.4,172.3,170.1,149.1,169.8,177.6,204.3,156.2,196.5,170.8,212.7,82.4,205.3,155.5,148.7,165.8,132.9,136.8,121.6,109.9,127.4,186.8,145.6,168.4,163.6,165.7,99.8,83.6,60.5,156.8,93.3,119.9,130.0,202.0,98.9,114.1,122.2,201.5,172.7,169.8,131.3,132.5,116.6,118.0,126.0,170.8,178.2,91.9,108.3,126.5,132.8,169.2,30.3,140.0,140.8,144.3,194.8,136.6,203.0,126.0,200.7,176.0,169.6,129.3,147.8,128.8,176.8,93.8,95.9,129.7,85.1,164.0,143.6,164.3,124.8,142.6,195.0,89.5,143.5,136.0,145.2,174.0,93.6,148.0,167.2,131.8,84.6,217.5,93.0,197.2,74.5,192.6,130.2,41.1,MTCH2,149.882,138.4545454545455,0.9237569918639029
215772_x_at,119.9,103.6,126.6,71.8,88.7,134.6,99.9,73.6,79.7,65.2,72.6,109.3,82.8,75.9,120.0,80.1,34.6,55.5,81.0,135.4,124.2,148.4,94.6,130.2,132.4,109.2,96.3,73.2,91.7,107.8,92.5,127.8,139.9,86.0,147.7,104.4,68.4,67.9,94.3,124.0,80.9,98.3,98.2,143.5,91.9,98.5,115.2,130.2,118.8,96.4,82.7,112.3,141.0,136.2,122.2,106.1,98.9,90.4,145.2,106.8,86.7,75.2,109.4,117.4,142.7,68.6,118.1,126.9,65.3,97.9,73.3,57.3,87.4,115.0,87.8,112.7,102.9,78.7,50.4,67.0,128.2,67.0,67.7,51.5,69.2,98.7,83.2,100.3,53.9,71.1,70.2,102.4,96.8,142.2,90.6,96.7,72.3,78.5,88.3,73.9,45.3,73.6,151.7,76.5,90.3,SUCLG2,100.87199999999999,93.13818181818183,0.9233303772918336
221648_s_at,80.6,57.2,83.1,93.4,63.0,74.2,72.9,69.9,62.3,60.0,39.4,77.9,52.0,102.7,72.1,95.2,102.1,102.7,87.7,52.7,84.6,101.4,79.0,82.2,70.2,107.1,67.3,96.3,26.8,74.0,67.1,78.8,27.3,39.6,97.5,83.9,66.2,58.6,84.2,66.4,61.9,54.6,57.7,84.3,85.8,71.8,29.7,33.8,56.3,58.9,84.7,37.1,44.6,46.8,92.8,45.6,83.1,54.6,69.1,66.5,42.6,54.8,68.2,81.0,75.6,57.4,55.4,55.8,82.6,96.6,60.7,32.9,41.4,72.7,87.3,75.1,24.0,40.5,108.4,51.4,32.2,52.6,102.2,37.1,118.8,91.2,69.3,80.9,69.2,44.9,74.3,75.7,84.2,50.3,36.3,57.2,105.2,88.8,48.6,61.4,70.5,82.1,66.4,77.3,43.9,AGMAT,71.08800000000002,65.63454545454546,0.9232858633601373
203781_at,310.5,211.6,313.2,255.7,313.8,260.1,295.1,316.4,259.6,159.7,272.8,281.1,263.9,252.4,159.8,171.1,383.4,323.5,383.9,204.2,370.6,226.2,244.2,247.0,283.1,217.2,372.9,297.6,272.3,224.3,267.3,276.9,407.2,235.1,254.7,233.8,313.3,383.9,210.7,268.5,391.7,176.2,145.4,205.7,267.2,264.0,318.4,348.7,301.1,256.8,290.5,171.3,231.3,202.7,281.8,343.2,397.9,379.5,260.7,130.4,206.3,282.7,341.2,164.2,389.7,191.1,203.2,204.0,257.2,217.1,104.4,223.3,285.5,237.8,309.7,335.7,198.0,236.4,193.3,313.9,365.8,344.4,235.2,319.4,330.4,151.4,210.2,319.8,208.9,120.2,290.8,242.9,308.9,267.1,265.2,324.4,260.2,348.8,247.7,256.8,177.5,220.9,156.3,219.4,106.8,MRPL33,273.47600000000006,252.42545454545447,0.9230259859931198
218315_s_at,104.7,63.2,102.5,81.6,105.6,101.1,106.7,138.1,111.5,84.6,80.3,129.4,102.7,125.6,129.6,132.7,118.7,132.2,139.8,142.1,53.5,128.0,81.7,100.2,90.7,98.9,77.7,98.5,100.4,97.7,113.4,52.3,120.8,110.5,77.8,90.8,108.0,124.9,118.5,100.6,95.0,117.6,118.8,86.4,62.9,102.3,129.0,148.4,119.3,79.2,34.5,120.7,92.5,73.0,97.1,60.0,120.1,138.6,96.2,147.7,74.0,66.2,103.4,128.3,82.1,78.6,115.0,100.9,99.9,91.9,61.6,116.3,93.1,91.5,88.3,68.4,124.5,100.2,100.2,89.7,126.2,83.7,152.9,70.4,89.8,66.9,85.4,120.8,44.2,112.4,115.0,96.0,86.3,87.0,67.3,160.8,116.1,91.3,97.9,70.4,48.4,16.6,123.1,174.1,158.8,CDK5RAP1,104.73,96.66000000000003,0.9229447149813809
214096_s_at,123.5,104.3,181.4,164.7,142.3,232.6,149.5,156.3,130.2,179.8,170.8,128.3,229.7,207.1,192.9,162.4,263.6,306.1,214.7,206.8,188.5,216.5,199.7,160.4,167.6,158.8,168.2,235.9,155.7,153.9,161.3,131.5,130.6,140.0,207.1,142.2,143.0,111.0,194.4,130.3,156.1,128.9,175.5,208.7,177.6,219.5,164.2,159.4,170.3,130.5,29.1,83.8,195.3,187.2,161.9,243.0,151.4,211.8,126.1,192.0,55.3,190.2,161.1,170.2,69.9,137.8,186.3,154.3,175.3,174.6,201.8,211.1,176.7,143.3,158.3,159.2,153.3,117.6,145.8,160.7,210.9,132.4,219.7,187.0,159.9,215.5,253.0,27.7,142.3,141.9,244.3,109.3,145.7,138.3,205.9,114.9,31.7,158.3,83.3,236.4,203.0,186.7,172.2,235.9,123.9,SHMT2,172.68599999999998,159.35454545454544,0.9227994478680696
202343_x_at,388.8,417.7,661.0,870.6,622.3,894.7,523.9,535.2,497.3,461.4,651.6,181.4,598.0,510.1,626.8,298.6,718.5,764.1,628.2,764.8,769.5,645.6,720.5,558.9,529.4,679.0,708.8,630.5,910.8,812.3,872.0,713.1,690.6,505.4,618.0,700.6,721.6,518.5,638.6,624.3,676.1,560.5,663.6,640.1,570.9,561.0,754.3,724.9,519.2,596.5,546.9,493.0,728.1,784.8,665.8,797.8,554.1,657.4,723.8,502.2,675.4,560.3,644.6,720.6,514.0,714.3,577.0,559.2,459.8,558.3,436.4,643.7,612.5,784.6,527.6,722.0,659.0,568.0,712.4,517.2,542.0,525.2,529.0,647.3,628.5,606.3,439.6,489.7,666.3,374.7,335.3,441.9,476.6,760.7,453.8,432.8,308.0,441.0,410.8,537.4,348.6,400.6,850.7,822.3,824.6,COX5B,629.0019999999997,580.2636363636364,0.9225147715963329
220007_at,8.6,9.7,20.1,31.4,30.9,8.6,10.7,11.2,9.2,11.8,5.0,10.8,6.5,13.2,11.9,11.2,18.6,35.3,14.4,7.5,25.0,8.3,3.9,60.3,6.2,47.7,15.1,10.3,13.3,12.8,12.3,10.4,10.0,29.8,12.3,10.1,13.2,6.7,11.1,8.0,16.7,8.7,21.7,40.1,9.9,5.6,12.7,40.6,9.8,9.4,10.3,10.3,22.0,17.6,8.4,36.9,30.2,6.0,8.6,10.5,19.8,6.9,9.9,6.5,27.4,3.7,8.5,17.6,5.9,13.3,14.3,7.4,2.8,9.6,38.1,11.7,7.9,17.8,5.7,7.8,8.5,9.7,9.6,15.6,8.9,23.1,9.6,4.1,10.1,14.7,12.4,6.6,8.6,30.2,9.1,5.5,17.1,86.3,6.8,9.7,17.6,12.5,6.5,14.9,39.0,METTL8,15.772000000000006,14.547272727272732,0.9223480045189404
217803_at,282.3,231.3,214.4,119.4,207.5,219.6,263.8,98.7,213.5,231.8,334.6,189.7,196.4,110.3,233.7,171.6,105.0,99.3,91.3,250.8,168.5,234.3,242.8,236.6,231.5,207.7,150.7,197.6,205.0,214.4,194.8,280.2,186.3,267.4,206.2,220.3,163.8,197.2,193.5,304.0,231.9,235.6,232.2,158.5,240.1,169.6,190.4,296.3,205.6,156.9,162.4,157.1,381.1,267.5,241.4,201.1,252.7,214.4,241.1,93.1,205.2,176.1,240.8,293.2,234.7,230.5,212.9,239.8,180.3,193.6,199.4,193.5,218.5,253.5,193.5,190.5,187.3,226.4,165.8,212.6,148.3,138.2,244.7,130.4,166.4,162.8,122.0,207.4,129.0,140.6,138.1,143.7,144.3,291.3,166.4,162.9,195.3,155.4,134.1,131.0,111.4,71.7,291.5,112.6,133.3,GOLPH3,205.69800000000004,189.68727272727267,0.9221639137340792
201913_s_at,176.4,141.1,161.8,174.0,166.4,108.7,174.7,214.4,157.8,241.7,138.1,230.1,164.1,259.0,174.6,171.9,225.3,212.6,243.0,177.6,176.9,198.8,178.2,226.3,134.4,132.7,132.9,189.3,127.2,131.5,125.3,148.1,166.9,116.9,124.2,172.8,137.4,194.4,113.7,115.0,152.0,137.1,147.8,132.0,120.7,99.3,213.2,139.8,127.2,142.9,115.5,78.2,95.5,123.8,191.3,179.4,153.7,151.1,147.3,174.9,121.0,177.0,133.5,124.4,195.6,172.7,179.3,97.5,187.8,156.8,101.2,184.3,156.3,128.9,211.0,201.1,188.5,126.8,140.4,153.5,134.0,162.8,144.7,134.5,161.4,154.9,210.7,85.5,167.0,148.8,190.4,127.5,160.0,180.1,123.2,182.0,13.0,110.7,200.2,115.8,127.9,220.2,247.0,195.6,37.1,COASY,163.36399999999995,150.60545454545453,0.9219011198639515
219449_s_at,158.9,205.7,139.9,109.9,128.6,276.5,125.1,220.7,170.6,165.6,121.2,177.7,109.5,155.0,208.3,124.7,183.6,135.8,173.1,138.2,125.2,180.1,246.1,141.2,127.0,136.5,122.5,209.5,133.3,124.4,205.7,154.2,206.5,170.9,91.6,204.1,317.2,170.7,216.6,238.9,131.4,140.4,114.7,170.7,131.4,132.3,165.3,113.2,179.7,148.8,179.6,151.0,127.7,140.4,167.6,95.5,138.3,162.7,132.3,129.9,197.2,198.4,112.0,134.3,169.8,187.5,208.8,186.3,115.3,194.0,71.0,156.7,220.0,122.8,166.3,189.0,131.1,174.5,127.2,174.9,151.4,225.1,135.0,196.1,195.5,180.3,139.6,165.6,125.8,68.2,161.4,176.4,191.2,172.8,107.5,191.6,90.6,123.2,128.4,95.3,71.0,168.1,123.5,128.3,112.9,TMEM70,163.57399999999996,150.67090909090916,0.9211177148624428
221434_s_at,39.7,34.0,30.1,59.2,49.7,60.1,23.7,45.7,45.7,37.0,79.7,68.2,60.2,49.2,55.9,3.5,48.8,40.4,32.6,53.6,98.9,44.9,45.9,47.8,76.2,32.6,42.4,50.3,56.3,85.9,96.7,62.2,49.3,43.0,45.1,40.6,34.1,54.6,67.0,47.3,76.6,71.2,48.9,74.1,36.9,44.6,31.5,38.7,41.8,44.3,21.4,40.0,76.5,68.3,92.1,59.9,73.4,32.1,42.7,13.5,65.3,22.3,39.4,48.1,30.5,52.7,87.4,68.7,38.7,2.5,2.9,55.4,45.5,70.8,50.2,70.3,43.7,24.1,40.7,43.6,51.2,38.4,47.8,20.1,37.5,45.7,44.7,46.3,29.7,18.0,42.8,5.6,35.8,62.7,25.0,39.0,72.5,66.6,27.3,65.5,68.9,44.0,77.5,54.6,90.4,SLIRP,50.934,46.91454545454546,0.9210850405337391
49452_at,47.2,62.2,97.7,70.0,81.0,63.1,82.0,33.8,78.0,60.4,42.1,54.2,99.2,105.1,83.3,72.5,72.1,128.2,98.2,94.6,105.6,69.6,39.7,101.2,59.0,71.5,71.1,52.7,74.6,48.7,16.1,89.8,47.0,87.3,76.6,122.2,33.6,32.1,107.4,83.2,106.7,41.5,13.6,35.9,86.1,113.3,65.1,89.1,71.5,85.5,67.5,63.1,96.6,66.7,63.5,89.2,69.1,73.7,72.1,32.5,53.5,52.0,87.4,27.9,49.7,78.2,85.2,31.8,97.9,53.0,77.5,52.7,63.0,80.8,49.8,64.9,76.3,131.9,74.0,58.8,84.9,99.9,72.2,9.6,113.0,81.9,146.8,15.5,14.1,17.4,64.1,79.3,74.4,75.9,93.2,13.4,122.7,87.3,105.7,42.2,51.7,18.2,17.7,117.7,10.7,ACACB,72.44399999999997,66.72363636363634,0.9210374408320409
203152_at,37.6,42.0,56.6,25.9,51.4,75.6,53.6,86.1,60.5,37.9,13.1,45.7,70.1,43.0,50.5,30.8,48.5,47.3,84.6,77.4,7.8,16.5,46.3,48.8,69.1,47.6,89.5,51.8,20.9,68.4,83.2,69.7,70.7,61.3,42.4,10.9,29.8,38.4,60.6,58.4,49.0,18.4,17.3,39.4,34.9,37.8,39.1,90.2,54.7,60.8,7.4,54.1,67.3,69.5,73.3,74.8,64.4,10.1,59.0,8.5,32.8,60.4,50.2,65.2,56.1,40.2,42.8,68.1,62.8,78.7,10.5,20.5,22.6,69.3,36.7,54.2,51.0,52.6,8.4,10.8,53.7,4.3,61.8,44.7,52.3,45.2,50.7,42.9,7.5,11.5,44.9,28.1,90.6,67.2,37.4,46.8,6.8,17.7,31.9,35.1,30.5,18.1,83.1,103.2,105.5,MRPL40,49.43800000000001,45.523636363636356,0.920822775266725
218621_at,111.2,68.3,84.8,49.5,84.4,45.9,64.4,37.1,60.8,56.5,73.0,65.2,28.2,92.7,109.7,85.9,140.7,112.7,120.8,54.9,77.7,122.0,111.9,80.4,121.9,114.2,61.1,97.9,54.9,64.9,43.5,68.3,55.4,75.5,33.8,46.3,97.5,37.0,69.9,44.7,84.9,33.3,78.7,118.0,44.6,58.9,46.1,39.9,89.2,12.1,58.1,63.1,79.2,61.1,77.4,65.4,57.5,58.2,46.0,170.5,46.1,62.5,83.3,64.5,34.8,44.4,94.6,66.5,119.6,30.0,23.0,40.2,70.5,78.0,47.7,45.6,82.5,33.2,70.4,18.5,34.0,20.9,61.0,84.0,86.6,50.4,114.0,41.0,58.4,56.4,91.9,54.0,82.4,63.3,110.8,56.9,80.9,135.9,167.1,32.3,109.1,107.4,50.2,21.8,14.3,HEMK1,72.62400000000001,66.86181818181821,0.9206573334134474
218947_s_at,94.8,50.3,80.2,64.8,61.5,55.2,83.3,30.3,84.9,75.5,68.4,86.2,37.1,45.7,73.4,76.9,49.7,50.8,78.7,65.2,75.3,54.6,79.3,68.9,55.7,79.3,63.7,80.1,37.4,62.6,63.3,81.7,79.8,94.3,66.7,56.0,79.3,77.5,54.0,68.2,90.5,63.4,81.9,64.6,70.1,91.5,92.8,56.0,75.0,51.0,87.0,68.2,77.3,55.8,82.1,81.7,66.6,64.4,42.1,85.4,65.7,73.7,73.4,44.7,62.9,60.3,71.4,87.7,61.2,54.1,65.8,114.6,56.2,56.9,53.8,59.4,80.2,57.6,50.7,74.2,85.8,75.7,82.4,33.4,99.1,86.2,21.2,60.0,23.0,16.3,55.8,50.9,80.4,96.5,83.8,78.2,24.9,30.2,38.2,23.0,79.3,12.4,59.2,71.7,67.0,MTPAP,68.548,63.08545454545454,0.9203106515938398
213398_s_at,149.2,170.8,187.7,155.1,206.7,239.7,231.0,170.0,179.0,157.1,123.7,187.2,164.0,233.7,165.7,232.3,307.3,302.8,216.6,181.6,134.8,247.7,163.5,229.3,158.8,156.0,142.6,180.6,185.9,182.5,140.2,136.3,150.2,192.0,156.5,235.2,160.4,209.0,159.7,176.3,157.6,127.2,163.5,247.5,196.1,178.9,197.5,209.6,159.3,226.5,185.5,176.5,228.2,192.8,180.8,240.4,179.3,143.6,126.3,174.3,153.7,190.9,190.5,159.1,182.3,132.6,184.0,176.0,151.1,122.5,133.6,159.6,184.2,232.5,179.8,94.2,201.2,201.0,123.0,146.0,221.4,137.8,201.6,202.9,182.6,210.7,182.4,158.5,148.5,143.6,229.3,145.4,177.7,158.8,202.6,77.4,178.4,131.1,209.5,159.5,94.0,169.8,164.2,271.6,146.4,SDR39U1,186.44799999999998,171.47636363636363,0.919700740347784
213631_x_at,74.3,74.5,71.4,66.9,55.7,45.2,64.8,125.3,62.0,98.9,56.2,73.2,43.8,89.7,72.5,118.7,87.6,120.6,101.9,56.0,65.5,74.6,74.4,58.6,64.2,88.1,42.6,83.5,34.2,130.8,74.2,55.6,76.8,50.2,65.9,30.0,64.1,37.7,88.2,43.1,55.7,47.5,40.4,112.6,62.5,100.8,51.2,50.8,79.1,66.7,70.6,80.8,55.5,39.2,55.4,44.2,43.2,103.8,62.1,91.7,52.2,36.6,59.3,47.3,67.7,58.2,16.1,48.2,48.0,85.0,100.4,58.0,83.8,35.8,59.5,42.6,52.8,57.7,86.6,69.6,50.9,72.5,72.0,46.9,77.5,71.6,28.8,79.1,103.4,87.7,75.6,84.4,44.5,41.5,85.8,47.4,73.7,89.7,108.3,66.3,117.6,74.6,26.7,71.3,58.3,DHODH,70.57599999999998,64.87272727272727,0.9191896292327036
202026_at,344.3,289.3,230.1,212.2,186.6,250.9,296.7,172.7,217.4,243.4,282.3,243.8,268.7,211.1,233.8,245.6,252.1,120.7,197.6,312.3,228.1,411.0,258.0,220.0,302.1,329.6,137.1,249.4,218.9,208.5,198.1,299.4,257.7,383.0,335.6,362.3,253.8,337.7,196.4,296.8,222.4,355.1,354.0,180.9,281.5,195.7,254.7,425.1,300.8,249.5,193.6,223.5,456.7,352.6,340.7,233.3,296.7,205.0,159.7,192.4,279.0,301.7,261.2,331.8,310.8,290.4,257.8,257.9,204.4,171.7,147.1,210.0,191.3,192.7,227.5,253.2,254.8,318.7,239.2,226.9,301.4,255.8,262.8,232.0,165.6,203.0,105.6,247.0,185.1,218.3,316.3,153.8,240.8,290.6,247.2,243.7,250.2,191.4,286.7,203.8,205.7,194.8,225.2,189.9,260.8,SDHD,262.29600000000005,241.08727272727268,0.919142010275691
201227_s_at,407.5,475.7,863.4,829.1,641.3,969.3,640.3,459.1,593.3,548.6,603.7,441.2,853.8,513.3,802.6,410.1,654.8,556.7,501.4,870.1,609.1,524.4,585.0,714.2,704.7,752.2,745.5,765.7,792.1,739.9,1006.7,745.3,714.4,807.4,670.0,811.2,639.6,700.5,709.5,715.6,802.2,753.5,805.6,533.4,703.1,737.9,661.6,818.7,682.0,506.1,382.3,710.4,950.3,737.4,761.4,882.8,764.1,572.4,752.0,473.3,662.5,595.9,668.5,643.5,577.5,662.0,629.1,844.2,454.4,455.7,479.0,706.0,657.8,892.5,513.0,855.0,777.6,709.0,664.3,543.1,587.1,561.0,625.7,765.9,722.1,842.9,665.9,601.2,510.6,301.8,479.9,509.4,511.5,610.3,505.3,613.0,403.6,538.4,520.7,589.1,467.4,353.9,891.5,730.6,579.4,NDUFB8,681.8480000000001,626.64,0.9190318076756109
219345_at,36.9,52.7,46.9,53.5,60.2,57.8,54.7,53.2,62.4,15.1,48.8,44.6,39.8,56.6,49.0,11.6,68.6,39.5,58.3,48.3,50.1,48.7,61.0,29.1,60.0,50.3,47.9,66.6,28.8,60.0,53.3,53.0,8.4,39.8,34.8,55.1,8.3,29.1,46.9,42.6,58.1,35.8,51.4,35.5,71.0,21.4,28.1,43.1,21.6,44.3,42.4,61.5,39.4,46.6,34.3,24.4,30.8,45.1,50.2,52.0,17.7,43.1,48.9,54.7,28.5,36.0,47.9,49.9,48.3,31.1,24.0,83.5,19.6,37.3,61.1,29.2,38.1,46.4,51.3,22.9,38.4,58.7,70.6,65.5,46.4,39.8,30.3,40.7,6.0,45.4,43.2,30.5,20.1,47.3,39.7,42.5,63.6,85.5,65.8,33.9,29.3,8.1,33.0,2.7,33.9,BOLA1,44.85199999999999,41.220000000000006,0.9190225630964063
209003_at,221.9,190.0,178.7,177.5,197.7,164.5,156.3,153.6,166.8,175.6,118.2,267.7,180.4,137.8,184.6,222.8,150.6,176.6,137.7,160.0,155.4,161.2,157.2,180.2,157.4,125.3,244.0,174.1,165.6,204.0,170.0,115.1,207.3,110.8,125.0,165.2,246.2,164.8,110.5,118.1,152.2,98.1,96.7,163.9,143.5,112.9,168.5,122.4,144.0,147.2,101.5,155.2,178.6,123.2,200.4,151.6,198.7,184.6,149.1,277.9,96.5,94.3,189.1,125.0,140.3,138.0,165.4,132.7,108.3,96.3,145.5,175.1,253.4,88.4,171.8,161.6,181.1,141.6,134.8,161.6,127.3,175.0,128.9,113.2,130.7,215.7,130.4,146.9,199.2,115.9,156.8,166.3,126.3,144.5,254.5,123.9,175.5,101.9,153.3,126.1,138.0,86.3,105.8,154.4,93.7,SLC25A11,162.516,149.3109090909091,0.9187459025013481
219133_at,78.6,52.8,101.4,57.8,112.2,54.4,101.5,108.2,75.9,76.7,88.3,79.8,68.3,113.6,96.0,97.0,52.1,98.9,99.5,37.2,61.1,63.8,77.8,72.4,63.7,84.9,77.8,83.7,73.5,111.5,84.8,81.1,54.0,44.2,44.5,73.5,68.4,75.7,66.6,69.7,67.3,60.2,62.4,51.3,45.6,13.5,55.9,76.3,37.1,116.3,52.6,41.2,59.1,51.1,61.7,61.7,51.1,66.0,82.0,69.4,52.5,58.6,72.5,44.8,57.2,88.0,75.2,60.2,39.6,69.7,105.4,59.2,49.1,78.7,53.3,68.1,73.9,68.1,77.7,57.4,26.2,75.6,58.2,101.4,75.0,62.1,108.8,48.8,22.7,100.8,87.5,71.9,92.0,72.6,86.6,71.1,60.2,72.4,110.4,39.0,43.0,45.9,76.0,80.7,110.8,OXSM,73.37599999999999,67.36,0.9180113388573922
217961_at,144.6,107.0,125.5,112.0,160.2,154.3,135.5,174.5,154.4,121.6,153.4,86.0,95.0,208.3,130.7,170.9,112.3,188.6,90.9,142.1,157.8,128.1,124.6,148.2,126.8,137.4,110.8,171.2,141.7,117.0,140.3,90.4,160.2,166.7,157.2,144.4,144.9,101.4,137.8,155.9,150.6,107.0,152.5,134.7,171.8,137.6,164.4,127.0,156.1,119.6,81.8,99.1,153.7,152.9,198.1,112.6,99.5,130.5,198.2,177.1,94.2,127.2,189.1,120.5,128.2,98.8,157.7,145.5,98.9,158.0,87.6,98.0,100.2,134.6,69.6,93.9,110.3,74.4,80.6,138.0,88.9,71.4,219.1,98.4,131.9,77.8,149.7,122.8,132.6,136.6,183.7,173.9,177.5,99.1,119.5,91.6,122.4,108.5,160.3,147.5,111.2,134.0,166.2,162.9,119.0,SLC25A38,139.03799999999998,127.55090909090907,0.9173816445209877
213897_s_at,46.2,41.1,61.1,85.2,89.7,86.1,65.9,50.8,39.3,74.3,74.6,76.5,82.9,73.8,86.5,47.5,62.9,45.3,88.5,93.0,65.4,55.5,84.1,78.2,83.7,64.0,43.3,94.0,59.7,106.4,84.7,59.2,48.2,48.0,78.0,86.5,52.5,88.6,60.9,49.9,80.5,73.7,74.5,58.0,54.2,39.7,44.0,83.7,66.8,68.9,9.5,34.8,74.5,63.0,76.2,96.1,98.2,87.5,67.1,78.7,57.1,65.7,40.3,80.9,47.0,98.0,61.0,69.5,99.2,63.8,49.0,111.9,74.7,101.7,59.9,67.6,86.0,98.2,70.5,44.6,55.7,50.8,67.7,100.5,9.5,42.0,8.7,18.8,86.9,71.7,12.8,66.2,40.7,84.9,102.5,76.5,8.8,8.7,63.5,64.9,32.2,13.4,96.6,59.5,58.6,MRPL23,68.11999999999998,62.44181818181818,0.9166444242780123
218307_at,197.4,175.9,168.5,102.7,153.6,210.1,174.2,145.2,89.2,126.4,69.0,124.9,136.4,150.3,232.3,183.9,119.4,139.9,150.1,118.5,114.1,183.3,200.8,157.8,136.1,108.6,144.0,145.8,145.7,158.1,127.5,138.5,161.7,180.2,127.2,140.7,220.1,123.1,156.7,131.3,158.9,113.8,171.0,124.7,143.6,166.2,165.9,185.9,151.0,153.4,156.8,109.1,189.6,153.2,134.2,113.2,134.2,156.4,113.6,133.3,122.7,153.7,129.9,140.3,114.8,159.4,102.7,175.0,145.7,179.6,118.0,171.8,124.3,177.4,120.5,105.8,142.6,152.4,129.1,162.9,143.8,155.5,183.4,100.2,109.4,189.2,239.4,107.0,85.5,149.6,103.0,157.9,158.2,172.3,121.8,91.3,49.0,161.3,162.3,122.8,123.1,129.8,127.6,114.5,84.2,RSAD1,150.072,137.5327272727273,0.9164449549064936
218580_x_at,214.4,253.8,312.6,385.3,293.9,270.1,251.7,445.6,274.6,262.4,376.5,372.4,308.7,347.6,301.2,191.7,581.3,464.2,367.1,273.5,251.7,209.6,300.1,306.2,316.9,370.5,334.8,189.9,399.2,325.5,340.3,254.4,339.7,306.6,297.6,402.4,354.9,289.0,274.9,295.1,300.6,286.2,302.3,250.7,232.6,287.3,381.5,337.9,333.7,214.8,270.7,322.9,377.3,284.7,330.6,406.9,314.3,263.7,254.7,175.3,316.7,259.9,395.9,259.6,284.2,383.0,326.7,323.0,364.2,239.3,232.9,290.2,322.6,449.1,367.7,303.7,271.7,385.8,334.9,195.0,337.6,248.1,217.5,213.6,414.8,351.9,278.2,284.1,305.1,219.2,275.4,172.9,358.3,256.0,374.9,264.0,242.4,117.2,295.4,152.4,154.8,112.8,250.6,346.3,202.6,AURKAIP1,312.71,286.4236363636363,0.9159401245999051
217496_s_at,138.1,94.6,109.8,94.3,124.9,108.4,131.7,64.5,153.7,142.1,107.8,130.9,100.9,89.4,95.7,131.3,100.2,95.4,87.3,79.9,73.7,109.8,146.3,99.0,84.6,95.6,131.8,135.0,63.8,170.2,132.6,120.0,116.0,117.7,96.5,99.3,147.3,103.8,74.6,117.5,112.6,67.5,108.4,167.6,130.0,68.7,96.6,74.4,123.1,102.6,132.8,47.5,100.2,82.8,94.8,38.8,80.3,21.2,136.7,138.9,76.0,135.8,90.0,95.1,116.6,126.3,90.1,78.5,105.3,84.5,15.8,85.7,89.8,71.6,97.6,95.5,103.4,109.3,58.5,94.3,117.3,116.1,128.3,94.2,118.1,115.2,132.4,120.1,146.6,37.4,93.7,103.5,110.5,60.5,89.5,86.2,142.4,131.6,132.2,125.8,179.9,100.1,158.6,97.1,75.2,IDE,109.35000000000004,100.11272727272728,0.9155256266367375
203328_x_at,191.8,192.2,122.3,127.6,183.6,188.2,179.3,220.5,102.3,232.2,113.5,191.4,120.5,139.1,171.8,234.0,146.2,187.2,196.9,162.7,122.1,262.1,161.2,109.7,104.5,151.7,150.9,159.8,165.5,108.5,146.2,165.1,162.2,169.6,162.8,124.0,154.7,171.1,138.4,118.4,139.7,138.5,159.8,213.2,71.4,226.5,100.7,153.1,203.5,203.2,122.0,164.4,83.5,113.7,108.7,118.8,201.6,160.1,139.7,179.5,73.8,144.5,149.9,158.8,101.2,244.1,143.9,113.1,156.6,168.9,134.8,99.4,146.5,132.7,143.6,157.0,185.0,100.8,164.1,98.0,157.5,161.7,196.3,150.7,147.1,147.8,229.8,68.4,162.7,222.3,229.8,160.8,129.0,108.1,202.4,102.5,211.0,61.2,221.7,131.9,183.0,88.5,140.7,160.0,94.3,IDE,160.42799999999997,146.8709090909091,0.9154942347402518
219698_s_at,110.8,90.2,78.9,97.9,92.1,113.1,83.4,130.7,109.2,93.0,102.7,97.3,94.6,113.9,60.4,133.9,89.4,84.7,103.2,56.6,141.9,132.5,125.2,83.6,99.9,78.6,68.2,87.7,52.0,135.8,68.2,77.6,85.2,95.4,78.9,83.9,115.4,68.0,105.2,88.2,95.6,62.0,102.0,123.1,88.0,60.4,78.2,76.5,83.2,90.4,109.2,95.8,100.1,77.9,97.3,85.9,79.9,100.2,89.8,123.7,63.7,96.3,76.0,89.0,90.2,76.3,88.0,103.6,107.5,86.5,148.2,70.1,94.1,74.7,80.0,101.4,58.4,100.5,85.9,132.4,73.2,108.8,77.7,104.1,61.0,86.4,95.8,75.2,57.6,52.2,79.2,77.6,45.6,66.1,65.3,58.6,116.7,93.1,84.6,83.7,74.8,86.3,70.5,85.1,34.8,METTL4,93.33599999999997,85.39272727272729,0.9148959380381344
202090_s_at,286.4,312.9,375.1,469.8,366.6,651.8,264.6,1137.7,267.1,271.1,498.6,248.2,417.0,818.6,434.6,319.3,502.2,411.8,423.9,476.1,757.1,603.3,616.4,427.8,638.5,486.9,482.7,351.7,497.8,631.1,686.3,494.6,763.8,482.6,393.2,313.9,333.5,484.2,481.5,424.9,263.3,319.4,354.8,375.4,421.2,240.0,532.5,357.2,462.2,509.2,1087.7,497.5,616.8,606.0,583.1,538.4,470.5,362.7,342.3,382.5,398.2,237.6,405.8,471.9,510.1,451.9,321.0,427.9,498.0,510.2,414.9,331.6,306.6,609.2,481.9,462.3,339.4,417.5,532.0,276.8,341.3,308.9,528.1,337.7,382.6,270.4,476.9,389.6,373.7,327.6,250.9,475.0,351.9,322.5,382.6,278.5,372.7,423.9,269.1,424.3,183.1,320.7,448.5,480.3,657.4,UQCR11,462.80800000000016,423.1,0.9142020016940068
200075_s_at,332.5,738.4,396.2,754.8,438.7,302.0,333.6,918.9,544.7,296.5,480.6,205.8,216.6,941.6,683.6,905.2,294.3,592.7,272.1,518.9,1039.6,576.1,202.4,455.5,1017.1,767.7,416.6,341.2,587.0,1464.9,603.5,543.6,1053.7,772.8,693.2,945.5,377.9,518.0,677.6,517.3,406.0,219.5,455.2,751.2,944.6,712.3,888.9,574.1,1059.6,904.5,1162.1,551.1,531.8,606.0,688.9,606.3,554.3,280.9,383.8,1147.2,267.1,354.5,1233.0,808.3,556.1,344.5,519.8,401.6,580.5,688.0,625.8,624.9,436.3,662.4,429.2,295.9,258.0,396.2,298.0,309.8,458.5,515.0,550.0,689.6,796.9,509.9,945.0,746.8,528.4,721.8,473.4,886.8,1033.7,430.0,391.1,291.2,404.5,501.0,429.6,673.4,273.1,474.2,498.6,447.8,541.2,GUK1,613.096,560.2509090909091,0.9138061724279869
212826_s_at,687.9,836.2,1105.6,919.8,836.2,1108.5,941.4,827.8,764.0,858.1,938.1,836.6,1155.3,1106.4,864.4,980.4,1135.6,1146.8,978.8,1138.7,1136.5,964.1,1091.7,822.4,969.3,876.0,1128.9,1319.2,1170.5,801.2,1026.5,702.7,995.9,904.4,882.7,915.1,781.5,920.0,1069.8,949.4,1176.8,840.5,955.7,773.4,827.5,926.8,830.1,1235.7,856.6,666.3,895.3,870.3,1124.0,1096.8,1093.1,1191.1,1220.5,1270.4,904.3,864.6,528.8,907.2,982.6,898.8,639.2,833.4,1267.7,850.2,704.1,788.4,697.3,864.6,739.5,937.4,582.2,726.8,1021.8,850.3,694.4,782.6,1053.9,758.9,940.5,522.7,708.3,1084.5,982.5,775.2,699.7,664.5,1038.4,694.4,842.7,1067.3,984.9,727.5,962.3,725.0,779.3,1011.2,651.3,566.1,1129.3,953.9,778.8,SLC25A6,953.676,871.469090909091,0.9137999602685724
207349_s_at,33.0,39.3,23.7,39.2,29.9,30.8,24.3,46.7,13.4,28.7,10.8,43.8,34.6,70.4,37.0,37.7,40.5,14.4,27.5,24.1,46.2,16.0,25.6,37.9,24.1,39.9,26.2,39.2,19.8,26.9,33.5,24.5,46.3,29.4,31.9,43.2,67.7,19.4,32.9,5.2,19.1,25.5,38.5,56.8,39.4,5.2,12.6,22.8,36.7,3.7,82.9,34.1,18.4,23.0,23.7,31.3,17.8,43.0,18.4,40.1,9.3,7.4,16.6,32.0,3.8,16.7,6.4,18.2,37.9,37.3,2.9,30.8,29.2,34.0,17.5,41.7,15.5,23.9,40.0,38.5,30.6,44.5,3.4,4.7,26.3,7.1,29.0,62.3,24.5,76.3,55.4,10.3,33.2,27.3,34.7,4.9,24.4,16.1,60.2,84.7,8.5,6.6,45.2,30.9,9.9,UCP3,30.91800000000001,28.241818181818186,0.9134425959576356
218226_s_at,489.0,488.7,545.7,722.4,477.6,812.9,549.4,637.0,492.5,411.4,572.3,270.3,592.5,597.4,580.6,394.6,804.5,715.7,475.9,751.6,726.3,796.0,621.0,604.6,560.6,729.2,475.7,618.8,749.7,686.0,810.6,576.2,698.1,746.8,715.8,669.1,523.8,812.5,679.1,692.3,652.4,656.5,808.9,498.9,720.0,641.4,639.1,731.6,651.8,522.8,428.3,679.1,874.6,764.4,751.5,657.0,650.0,534.8,606.6,358.6,557.9,571.5,871.6,813.4,765.5,720.7,539.1,696.4,571.0,468.3,322.9,617.2,484.8,711.8,522.0,667.9,714.5,637.4,583.9,583.0,567.8,569.7,732.0,520.4,538.4,615.9,629.8,638.8,667.3,429.1,511.5,442.1,472.8,788.5,500.2,445.7,385.1,282.0,532.8,419.1,407.4,245.8,702.3,404.9,368.3,NDUFB4,627.952,573.5163636363636,0.9133124245744318
202847_at,88.0,76.5,124.8,50.3,100.6,72.0,116.6,56.0,64.3,35.1,77.7,61.1,112.9,63.7,144.9,55.9,63.7,70.5,117.0,114.0,100.2,13.8,72.8,98.5,104.0,77.8,84.9,102.7,94.3,151.1,124.8,106.6,52.7,86.8,128.3,34.3,126.5,127.8,38.3,100.6,95.2,66.8,35.3,111.9,70.3,88.0,84.4,79.3,96.3,68.7,15.7,101.3,116.8,55.8,68.1,88.0,112.0,110.1,86.5,84.9,109.5,78.3,92.9,30.9,59.0,71.1,127.8,107.1,9.7,116.0,82.5,130.7,86.2,78.9,34.7,70.7,113.6,46.2,35.3,109.0,112.2,34.5,50.7,57.7,78.0,67.6,128.0,33.7,10.9,32.8,88.8,24.2,74.9,133.5,139.9,137.8,42.4,147.7,20.6,38.7,82.6,49.3,75.1,80.2,136.4,PCK2,85.77200000000005,78.3181818181818,0.9130973023618635
202030_at,142.1,112.4,114.7,86.5,114.1,73.1,99.8,170.6,162.9,145.5,89.5,87.4,124.6,166.5,135.8,141.6,230.8,169.9,107.5,113.8,105.2,100.6,75.7,196.8,92.6,91.8,55.3,112.9,115.0,87.7,111.0,47.8,106.1,115.3,52.1,120.7,58.7,122.1,97.6,109.2,80.6,65.5,94.8,81.7,114.0,107.0,138.3,94.5,83.4,174.1,99.3,122.5,97.8,104.9,59.7,98.9,126.9,160.9,102.2,91.9,101.9,125.0,49.8,90.8,60.6,89.0,129.2,89.1,39.7,137.8,166.9,57.3,118.1,118.8,136.5,160.0,143.5,48.0,101.1,132.3,68.6,121.0,16.7,112.1,99.6,140.2,80.6,120.6,95.3,109.4,93.9,118.3,127.6,89.4,73.9,33.3,79.8,172.8,26.7,96.6,62.2,135.9,76.5,160.2,146.0,BCKDK,111.94400000000003,102.13818181818179,0.912404254075089
221052_at,102.9,82.2,126.0,66.1,66.9,82.7,92.3,133.2,77.2,127.3,88.2,115.0,60.7,120.2,100.9,105.6,132.6,235.6,150.2,66.7,40.4,169.2,65.9,57.4,75.3,115.3,112.3,58.3,61.8,88.4,78.3,84.1,90.1,74.2,64.3,49.4,81.1,48.3,40.0,76.9,84.6,64.0,115.6,110.2,50.5,146.3,60.1,89.7,72.5,90.0,95.9,103.8,79.5,56.2,78.8,71.5,63.8,60.3,57.5,130.7,49.0,81.1,67.6,97.4,51.4,113.9,84.5,87.4,69.9,84.6,40.4,80.9,68.3,55.7,95.1,65.3,75.0,80.8,89.7,51.4,98.1,95.9,88.9,64.4,48.0,97.3,103.5,82.9,93.5,98.6,89.6,89.0,90.6,52.3,74.7,83.0,128.4,89.1,73.6,119.0,167.1,66.9,65.3,128.0,87.8,TDRKH,90.94000000000001,82.96181818181819,0.9122698282583921
215792_s_at,169.3,153.2,244.8,141.8,190.5,127.7,112.5,162.7,159.8,227.8,122.5,212.1,99.0,157.3,218.0,179.8,134.7,189.4,142.7,128.4,94.8,161.3,154.7,87.4,84.4,168.6,154.9,244.5,139.6,178.9,53.2,142.7,152.3,145.3,139.8,127.0,182.1,115.7,100.6,114.4,152.1,131.9,187.5,168.7,116.3,163.6,150.1,153.9,130.6,225.5,36.2,224.2,145.5,138.8,129.6,155.0,129.9,86.9,133.4,122.2,89.0,193.2,100.3,132.8,94.6,166.7,73.0,162.9,154.4,167.1,125.0,122.8,152.2,93.8,147.0,70.8,163.5,175.9,150.3,149.4,110.6,177.6,230.8,129.7,171.8,194.2,218.5,122.9,173.8,175.1,121.2,164.7,158.8,66.5,136.5,157.1,126.6,75.9,211.7,80.4,161.1,194.0,160.5,47.3,60.5,DNAJC11,151.92800000000003,138.44000000000003,0.9112211047338213
218563_at,254.7,284.3,238.9,394.0,212.3,341.3,255.4,392.7,194.4,177.8,279.6,91.4,307.2,365.5,207.8,164.6,412.1,731.4,409.3,367.4,567.4,466.3,193.1,393.2,316.0,517.9,346.0,318.7,369.2,489.1,286.3,325.9,508.3,279.0,451.5,228.7,278.5,479.5,434.7,215.9,334.0,281.9,243.3,289.1,363.4,214.3,408.7,307.8,295.3,269.0,373.1,406.9,369.1,382.6,417.5,386.8,492.8,281.0,240.6,355.0,237.1,268.2,281.6,321.8,202.6,304.8,296.4,304.2,320.0,371.8,197.3,380.1,194.7,329.6,302.5,308.8,237.4,236.6,299.2,169.3,190.8,310.7,411.5,346.6,151.2,515.3,400.8,404.4,313.7,202.7,261.7,271.8,459.0,329.9,225.4,208.9,134.3,234.0,223.1,305.6,158.6,152.7,266.6,530.8,309.7,NDUFA3,331.082,301.6218181818182,0.9110184733142188
213736_at,18.1,14.8,62.8,13.7,64.6,16.6,45.7,7.7,57.4,166.6,59.1,102.1,65.6,35.2,77.7,16.7,22.5,24.0,24.1,38.5,10.3,46.0,39.9,41.3,11.7,65.6,19.4,117.6,27.1,16.8,15.5,13.1,31.1,11.0,23.9,18.7,68.6,88.2,56.1,40.9,14.8,12.6,60.4,10.9,17.2,17.3,17.9,38.6,47.4,14.2,36.5,17.0,29.4,68.0,55.5,40.8,75.1,20.8,59.5,15.7,38.3,31.3,12.9,14.8,42.7,53.2,64.7,90.3,53.1,15.3,24.9,19.8,54.3,17.5,15.1,101.0,13.6,63.8,14.2,18.7,26.8,47.4,22.5,10.7,13.4,28.2,39.6,39.3,10.6,13.4,28.5,22.7,50.9,16.0,82.4,76.5,92.4,16.2,36.4,22.3,21.8,19.1,18.1,13.9,4.5,COX5B,38.952000000000005,35.480000000000004,0.9108646539330458
221590_s_at,34.6,41.1,18.2,30.7,50.5,39.8,38.4,80.3,37.6,39.6,52.8,44.1,26.4,41.3,44.5,38.1,36.6,28.4,8.8,30.8,42.5,32.4,29.5,51.6,57.2,47.8,31.4,52.0,33.9,46.5,27.0,45.8,27.7,42.2,27.8,37.7,57.3,35.6,44.5,25.8,46.0,32.4,36.3,45.6,45.5,56.0,31.1,28.3,34.0,35.9,67.8,4.2,19.7,9.0,17.4,18.2,27.7,40.2,23.2,85.0,26.2,49.1,30.3,23.6,36.7,40.2,5.4,45.1,60.6,59.1,40.3,35.0,29.5,28.5,33.7,40.8,21.4,15.4,49.5,37.3,39.0,48.6,14.7,29.8,16.8,26.9,33.3,22.6,72.6,55.8,37.6,27.1,60.2,25.5,40.5,19.5,81.3,37.9,66.5,28.3,26.1,34.6,6.3,32.9,48.1,ALDH6A1,38.998,35.501818181818166,0.9103497149037942
202658_at,160.4,154.4,196.9,228.0,208.7,295.0,159.4,132.4,161.7,161.8,197.1,134.7,178.5,162.2,174.6,181.8,141.4,167.9,188.7,169.0,196.4,195.2,186.3,190.9,171.6,164.0,192.4,120.1,155.3,171.3,240.5,190.2,235.8,173.2,199.5,159.4,208.7,175.8,158.7,183.9,195.5,144.8,200.8,177.1,172.1,202.8,187.0,180.1,211.1,133.1,167.4,160.1,225.4,189.9,205.9,188.7,176.8,186.1,145.5,165.2,160.3,114.4,181.9,191.3,166.6,121.4,172.4,177.3,145.2,127.6,68.4,181.1,232.3,194.7,172.3,145.8,230.2,135.2,171.9,181.8,187.7,170.3,156.0,182.0,174.8,146.8,134.0,139.1,181.2,157.4,184.7,129.5,206.8,158.2,152.2,174.1,171.0,106.0,191.9,150.0,128.6,125.1,116.9,177.0,144.6,PEX11B,180.56400000000002,164.16363636363636,0.9091714647639415
44669_at,79.9,66.5,58.6,89.6,78.2,67.9,92.1,128.2,55.3,70.4,58.6,32.9,56.9,94.1,86.9,119.5,80.6,46.9,75.1,40.2,55.9,122.7,68.9,63.4,60.2,81.8,32.3,84.9,39.3,55.3,62.3,50.3,46.6,89.4,87.8,59.4,52.6,51.6,75.4,76.7,53.2,50.1,52.4,15.8,77.3,46.3,68.8,75.4,47.7,70.8,41.0,68.8,55.9,32.1,66.7,36.0,81.6,66.2,68.4,57.6,59.0,58.7,61.3,35.0,65.3,88.3,108.2,76.9,59.7,14.1,117.8,70.7,59.2,81.9,15.3,52.2,81.2,102.2,72.2,57.5,69.2,80.1,56.1,33.9,44.4,30.7,72.2,86.6,34.5,60.0,39.8,29.0,24.4,51.8,68.4,47.5,10.5,95.9,58.8,11.8,66.6,108.6,66.2,106.2,85.4,SDHAF1,67.06000000000003,60.901818181818186,0.9081690751836886
203551_s_at,60.3,19.4,39.1,35.4,49.3,46.1,41.7,9.5,53.6,60.9,33.1,41.0,28.8,34.2,42.4,45.2,22.4,24.6,51.9,10.0,3.7,43.8,27.4,48.9,30.4,39.6,46.8,29.4,39.5,37.0,40.3,36.1,66.5,61.9,60.4,44.3,8.2,42.2,75.0,43.7,38.3,27.3,63.5,92.0,32.9,20.9,41.5,48.3,43.9,8.8,29.0,71.4,51.6,30.2,48.7,36.4,42.3,61.4,28.2,9.6,34.2,11.9,25.5,23.7,17.3,35.0,34.8,49.3,32.4,3.9,32.4,42.7,54.1,41.2,39.8,37.4,68.3,48.4,19.9,20.0,61.2,30.2,52.9,42.8,27.8,22.4,52.3,50.2,37.6,5.5,34.8,9.0,8.5,42.7,42.4,36.3,28.5,18.4,54.2,20.5,114.6,26.2,53.1,33.2,2.5,COX11,39.828,36.16,0.9079039871447222
211595_s_at,139.4,145.9,150.7,80.4,31.8,154.6,168.5,99.1,101.6,107.7,203.2,29.4,147.6,149.1,123.4,183.6,160.9,92.6,52.6,145.0,198.9,143.2,60.0,206.4,120.3,154.5,153.2,131.3,138.7,133.7,171.8,138.8,167.8,158.1,173.4,106.0,40.3,98.6,131.2,95.6,181.3,78.7,72.3,142.0,76.8,40.0,126.8,132.9,158.2,78.2,73.9,142.0,121.7,169.2,159.9,198.1,163.9,121.2,151.0,46.6,91.0,102.0,152.2,89.9,136.5,114.7,98.7,144.0,66.0,101.1,55.2,104.7,87.4,92.1,79.7,99.4,133.4,117.6,122.2,114.1,139.9,78.9,112.2,150.2,105.7,114.5,20.9,85.3,141.1,172.1,95.9,128.6,213.3,157.0,132.0,186.0,95.9,66.0,125.1,109.8,85.7,73.5,50.5,165.6,12.3,MRPS11,125.522,113.95272727272729,0.9078307171071787
218969_at,210.2,244.3,178.4,130.3,163.6,141.0,160.8,256.4,158.8,158.2,66.7,190.0,143.0,270.3,164.8,188.8,228.4,207.9,237.1,166.4,213.9,207.3,194.8,168.2,213.9,180.9,276.0,205.7,185.0,208.2,217.9,203.9,148.2,125.4,207.1,148.0,191.7,116.4,188.3,165.8,109.0,166.0,122.1,261.9,188.5,165.2,93.5,132.6,162.1,220.4,310.9,184.0,114.5,137.1,204.6,162.9,126.8,130.5,218.6,170.9,126.2,203.5,175.7,188.6,98.3,131.7,186.5,287.0,119.9,137.4,274.5,202.8,110.3,125.7,155.6,221.1,35.2,177.3,209.5,122.9,123.7,151.8,143.7,173.5,158.9,151.9,232.5,158.4,145.8,136.2,179.9,161.6,122.0,132.0,103.2,157.5,76.7,238.4,105.2,217.7,141.4,209.7,156.3,231.2,180.2,PAM16,181.06599999999997,164.36181818181817,0.9077453424818475
204283_at,89.6,95.6,102.4,114.2,99.8,153.0,92.2,75.9,62.3,71.9,83.1,18.8,116.8,83.4,107.7,78.6,107.9,72.2,71.1,114.1,96.3,124.4,108.8,110.9,91.3,104.0,115.5,118.6,91.8,77.9,74.7,58.7,35.4,95.0,98.2,90.3,113.3,73.3,36.6,40.7,62.8,82.4,88.7,96.4,98.4,67.1,62.0,95.9,77.6,92.8,46.6,56.0,73.3,96.5,94.9,108.3,97.1,73.0,59.4,89.6,57.4,97.1,102.7,80.8,69.5,70.1,72.5,119.5,101.7,63.5,43.3,76.9,70.0,106.3,58.1,59.9,98.4,81.8,73.2,81.9,77.7,61.5,77.1,91.8,66.9,72.1,82.4,97.4,78.0,123.0,70.4,48.0,91.6,102.6,67.0,124.2,68.4,94.7,65.4,49.8,89.3,38.2,65.7,80.9,117.3,FARS2,87.808,79.6490909090909,0.90708239464617
202839_s_at,47.5,56.1,89.5,71.2,75.1,47.9,62.8,32.5,69.8,29.2,32.3,34.0,31.1,63.9,78.0,35.3,76.4,52.4,92.8,39.3,57.4,32.9,50.8,62.7,45.3,60.8,73.0,41.0,79.9,115.8,53.2,80.1,98.5,77.5,78.6,43.2,20.6,46.7,52.7,38.8,68.6,58.9,98.9,22.3,122.4,67.3,91.7,83.5,48.8,75.9,8.5,53.6,82.3,69.4,70.4,74.1,63.8,54.6,63.1,3.5,43.9,33.8,72.8,84.6,83.6,100.7,82.0,144.2,69.6,35.7,83.4,101.3,58.3,169.5,25.7,60.4,72.5,58.8,94.5,5.2,50.3,33.8,49.9,77.0,44.9,69.8,38.7,74.5,2.6,37.6,42.7,5.1,52.1,50.1,51.0,32.3,89.3,5.2,12.0,3.0,7.5,17.1,56.5,80.0,50.8,NDUFB7,61.298,55.59272727272728,0.9069256300813612
212410_at,183.0,137.0,150.9,57.5,159.6,232.5,163.3,105.3,207.8,111.8,139.1,237.1,131.6,84.6,209.1,149.4,54.4,72.9,44.4,133.0,71.2,142.3,179.2,167.1,105.2,135.6,83.9,92.3,76.5,93.4,73.5,171.1,79.5,167.5,141.4,114.2,57.7,72.1,110.2,184.8,104.0,114.0,184.1,73.9,93.0,57.0,109.4,222.0,98.5,100.3,108.4,77.2,217.3,202.9,208.3,125.0,135.5,85.9,58.8,48.9,247.9,89.2,115.7,175.9,217.1,185.0,150.4,215.8,74.4,63.3,100.7,114.9,143.9,132.0,109.3,114.5,195.1,128.5,121.0,125.4,95.7,70.7,133.1,84.2,143.4,87.0,62.3,95.0,42.0,35.2,117.6,81.6,46.4,118.9,130.0,105.5,80.3,97.1,97.4,68.1,78.9,24.1,120.9,27.3,91.4,MICU2,124.78399999999998,113.1327272727273,0.9066284721817486
212174_at,223.0,239.4,231.2,235.0,252.1,252.1,219.3,144.6,229.3,226.3,150.6,151.5,200.4,154.9,243.8,251.6,183.4,115.4,150.1,241.9,222.1,252.3,207.9,200.2,185.8,175.0,221.4,228.3,268.2,245.9,309.8,198.1,221.1,161.8,211.2,196.0,224.8,179.2,170.3,178.0,273.8,145.0,220.2,171.7,208.9,190.2,279.4,269.0,168.2,161.2,116.8,217.4,260.2,236.7,210.8,212.1,230.2,232.6,191.7,219.4,186.8,235.6,198.0,228.5,169.7,216.4,185.8,199.3,206.4,179.1,205.0,223.6,240.5,156.2,185.3,178.2,236.8,217.0,170.3,198.5,207.1,185.5,266.1,169.8,181.5,217.3,230.9,171.7,158.7,163.8,207.5,187.0,216.8,232.2,169.4,126.8,185.0,35.4,90.2,98.2,163.3,177.2,152.2,193.3,77.4,AK2,208.81800000000004,189.25818181818184,0.9063307847895383
205633_s_at,153.3,101.4,108.5,92.1,105.5,107.6,147.9,18.3,110.4,142.4,75.2,52.7,123.8,100.6,127.0,165.6,89.1,121.8,80.0,124.0,128.5,119.9,140.1,118.0,107.8,121.6,113.3,121.8,131.8,85.3,101.4,117.7,97.3,112.7,93.2,127.6,139.6,116.8,132.9,88.0,160.5,80.0,122.8,135.1,115.9,110.8,143.3,144.5,67.0,116.9,71.6,113.5,90.7,99.2,90.6,92.2,114.7,152.6,119.6,75.0,150.9,115.4,141.9,119.4,83.9,125.7,72.6,117.7,112.5,124.8,124.2,83.3,166.2,64.6,73.5,67.3,109.3,74.6,141.1,130.7,106.4,122.9,76.6,133.5,131.8,113.0,78.7,99.2,71.8,89.1,69.4,67.5,98.6,153.4,103.8,67.1,75.6,112.0,70.5,56.8,89.8,118.0,190.0,120.9,4.5,ALAS1,113.186,102.54909090909094,0.9060227493602647
203931_s_at,47.4,41.1,86.1,62.2,80.8,55.2,72.5,61.9,65.2,80.0,62.3,82.3,58.8,124.3,67.1,41.0,131.1,82.9,64.0,60.7,62.6,78.9,51.3,74.3,48.3,59.4,40.5,51.3,95.5,61.9,84.5,48.0,40.5,68.4,33.8,40.8,26.0,50.9,58.7,36.9,67.4,56.3,64.7,18.4,75.7,47.6,69.2,36.2,20.7,76.0,12.3,16.9,41.9,37.5,70.1,49.6,45.5,69.2,27.3,30.2,63.3,101.2,41.8,66.2,9.5,69.6,120.3,94.6,11.1,116.6,68.6,74.8,54.1,74.7,57.9,68.1,86.7,36.1,19.2,86.8,68.8,27.5,28.5,53.5,60.4,60.8,56.9,73.1,72.6,25.3,51.0,28.5,23.6,52.1,22.3,76.3,67.5,32.3,68.2,101.4,115.7,22.8,60.9,70.7,18.0,MRPL12,61.43199999999999,55.64363636363637,0.9057760835336043
218760_at,104.2,80.8,87.6,61.9,115.6,80.0,78.5,118.1,94.7,56.0,84.8,116.4,41.3,92.5,105.5,118.7,91.9,90.4,103.9,80.6,83.0,130.2,67.3,90.4,65.3,50.3,94.3,102.0,29.8,37.8,71.2,68.8,82.6,78.4,65.8,63.0,105.0,81.3,82.6,40.3,68.7,34.0,70.6,120.3,100.1,115.8,43.8,49.3,52.0,103.5,37.5,91.7,77.4,54.3,66.4,39.8,49.7,45.1,59.8,143.4,31.2,78.4,100.5,73.0,86.1,40.6,91.0,50.7,87.9,56.7,35.0,88.3,52.2,75.1,76.0,72.6,52.6,90.5,81.4,63.9,54.6,97.0,69.9,20.4,50.4,89.4,107.3,109.8,61.8,57.1,36.5,109.0,79.6,69.4,71.0,92.7,120.5,75.8,117.1,116.0,106.5,98.9,71.6,46.5,57.0,COQ6,81.01800000000004,73.35636363636364,0.9054329116537511
213181_s_at,14.5,9.4,6.4,20.2,9.6,7.3,10.6,18.6,9.5,14.0,15.1,12.5,9.1,40.0,10.1,4.9,35.9,18.4,16.0,13.6,5.6,16.7,9.3,12.5,14.4,4.5,8.9,11.8,12.1,10.7,4.7,10.2,18.0,8.4,7.0,11.2,10.0,9.3,6.7,4.1,3.8,7.9,4.0,12.3,14.4,29.5,6.3,10.0,9.3,67.3,10.9,14.3,5.2,6.9,3.9,16.4,7.5,9.2,6.0,18.4,2.0,9.4,12.8,47.3,8.4,9.2,11.7,11.9,11.7,12.3,17.4,9.5,8.1,5.4,4.6,9.2,4.5,7.6,11.5,4.8,10.6,9.0,6.8,51.2,13.6,6.3,9.8,11.3,5.4,5.9,7.4,61.8,9.3,6.2,10.0,16.0,17.7,11.6,11.6,18.7,5.9,11.9,2.5,10.3,5.1,MOCS1,13.131999999999996,11.88909090909091,0.9053526430925155
220372_at,17.1,20.7,26.6,24.5,31.4,33.7,28.3,69.2,17.0,24.1,4.9,39.7,36.9,62.4,26.4,22.3,29.3,35.4,45.5,26.1,38.3,15.9,25.5,4.6,30.3,27.2,17.4,22.1,8.6,49.1,45.1,18.9,4.4,4.3,25.5,5.8,2.9,54.0,30.6,7.6,11.9,37.0,16.7,42.5,41.4,30.9,21.1,20.8,5.0,28.1,9.6,39.1,4.5,31.0,13.4,19.6,4.1,13.2,32.4,16.3,7.6,45.9,22.5,37.6,21.2,5.4,1.5,11.1,15.2,40.7,4.0,16.4,29.2,22.5,45.9,24.8,24.5,18.6,12.8,15.9,32.6,18.4,16.2,20.0,28.2,11.1,75.7,8.1,8.9,19.6,24.5,16.7,8.3,11.6,26.8,18.5,41.4,35.4,46.1,24.7,80.5,49.1,20.1,3.7,56.2,DNAJC28,26.299999999999997,23.798181818181817,0.9048738333909437
201600_at,438.8,679.3,612.0,762.5,552.8,733.2,423.3,862.7,410.6,379.4,504.1,479.2,658.0,852.4,662.4,557.6,968.9,858.6,749.6,797.8,792.9,660.3,617.5,718.7,857.8,583.5,606.2,728.2,685.1,631.8,715.0,509.9,732.8,642.0,605.9,474.8,592.2,603.2,945.8,572.8,781.7,641.9,580.3,574.1,563.8,599.7,550.3,604.6,591.4,499.8,627.5,638.8,813.4,674.3,716.6,737.8,716.7,606.3,504.9,758.4,445.7,426.0,528.4,515.8,460.3,470.6,670.7,497.6,469.4,532.0,463.5,645.1,501.4,753.5,471.5,605.9,559.2,828.6,455.1,611.8,702.3,554.3,770.2,571.1,576.9,588.2,909.6,506.3,618.7,367.2,415.6,532.5,581.2,646.1,548.7,463.8,466.4,428.5,625.6,403.8,402.1,516.1,709.0,659.6,785.7,PHB2,644.1439999999999,582.841818181818,0.9048315565802337
202077_at,303.1,306.5,382.7,268.2,393.6,461.5,329.7,425.4,316.2,325.6,261.2,340.9,277.8,298.6,317.8,292.5,329.4,359.6,271.1,425.8,321.4,419.1,329.2,277.3,359.5,344.2,285.7,355.8,373.3,313.8,403.8,303.4,376.9,323.1,351.4,285.4,343.4,280.2,376.5,370.3,311.8,250.5,337.1,308.0,340.1,376.3,369.1,443.5,396.2,246.6,332.9,339.9,505.7,369.5,457.9,443.9,369.9,260.6,354.5,180.4,294.9,258.9,367.5,323.4,261.1,269.4,292.6,441.6,268.5,252.3,260.9,362.0,278.9,438.4,211.7,340.2,343.3,400.6,255.8,284.0,303.3,261.9,320.9,261.2,271.6,320.8,305.2,293.3,222.8,237.4,231.0,301.3,269.3,414.4,262.9,308.6,283.7,241.3,264.3,260.5,179.4,183.8,416.2,272.2,268.2,NDUFAB1,337.2019999999999,305.03090909090895,0.9045940092019296
203608_at,48.3,34.1,23.2,16.3,33.4,46.7,6.1,6.9,37.3,19.4,46.6,52.2,37.4,35.6,45.1,49.9,7.3,23.5,5.7,19.7,14.9,39.3,6.6,32.6,65.2,18.8,49.7,41.6,2.0,71.3,3.7,38.8,15.2,38.6,30.8,21.7,3.9,5.8,56.8,2.5,26.7,56.9,23.8,13.9,65.5,17.5,44.7,43.9,81.2,44.1,36.3,7.2,52.9,47.4,55.0,43.9,23.2,9.0,46.8,67.0,22.8,33.6,60.8,31.0,2.9,7.8,35.4,3.5,65.5,59.4,6.3,2.4,35.0,8.3,29.3,44.8,21.8,4.4,26.9,7.8,5.8,33.1,53.1,3.8,2.9,40.9,17.2,23.7,25.0,3.9,49.5,62.5,21.0,26.9,7.1,54.2,52.5,8.7,81.7,43.9,5.0,32.3,5.2,3.4,2.6,ALDH5A1,31.454000000000004,28.44181818181818,0.9042353335606974
214610_at,201.1,147.6,133.3,133.8,196.6,160.3,114.1,196.8,144.6,104.5,171.5,157.2,81.4,157.8,164.9,282.1,153.8,177.3,162.8,59.0,156.1,160.6,120.9,150.4,93.2,123.8,92.7,181.8,124.6,114.1,137.6,112.9,99.1,115.4,122.8,116.3,181.9,88.1,179.1,85.9,120.0,101.9,63.8,158.7,108.3,161.4,70.4,103.2,133.9,163.8,212.9,168.6,70.1,74.1,85.5,117.8,133.1,211.6,94.1,127.9,68.0,139.8,47.1,93.8,116.3,102.6,104.5,119.8,98.3,167.0,146.0,105.5,93.5,88.3,167.2,91.0,101.3,78.6,138.3,106.4,89.7,64.5,76.9,119.6,159.9,112.0,176.8,145.7,181.9,138.2,122.5,121.7,132.4,118.5,82.9,129.5,109.0,167.3,185.1,163.4,212.8,199.2,85.0,100.7,141.8,CYP11B1,136.864,123.74545454545454,0.9041490424469146
203191_at,5.8,7.3,5.7,9.1,2.4,2.2,4.9,8.3,6.4,3.9,5.3,7.8,6.1,10.6,3.0,3.2,11.6,10.1,9.4,4.5,36.1,8.9,4.8,5.2,15.8,5.4,3.6,6.6,6.3,5.0,3.6,7.2,3.6,5.6,1.5,5.6,21.5,3.4,3.6,5.7,2.6,4.3,1.8,13.1,14.1,3.0,3.7,2.4,5.2,5.4,4.1,2.6,3.2,3.6,2.4,3.7,6.6,2.8,2.4,3.9,2.3,2.6,3.5,3.1,5.6,9.8,3.5,3.4,8.0,6.1,37.9,2.9,5.2,4.8,6.3,2.7,6.7,4.8,3.2,2.3,3.7,6.9,5.7,2.8,5.7,2.9,4.3,7.2,9.2,7.3,2.6,8.3,5.3,2.1,1.9,7.1,15.1,34.0,7.5,3.7,8.5,6.8,2.5,8.3,10.9,ABCB6,6.843999999999999,6.1872727272727275,0.9040433558259392
203067_at,64.0,58.8,79.7,39.9,56.9,80.8,36.8,34.8,61.6,75.3,78.5,44.2,54.4,62.7,69.3,61.7,36.6,62.8,36.7,43.3,77.9,52.2,53.3,68.9,89.6,33.7,56.3,95.3,64.3,100.5,57.3,63.1,55.2,66.0,80.1,78.5,59.5,62.9,52.2,94.8,47.9,52.5,54.6,67.5,52.6,71.1,55.9,69.3,64.0,103.1,60.3,72.7,84.9,58.5,92.0,70.7,61.2,51.5,31.7,66.0,82.9,46.3,52.2,44.7,78.1,70.5,78.1,79.8,15.8,29.4,95.0,40.6,65.4,42.5,65.0,51.4,66.6,82.4,47.7,51.4,69.9,44.9,50.7,58.8,19.6,29.7,24.8,7.6,91.6,15.6,52.3,66.3,95.2,42.5,26.7,75.3,80.4,76.6,42.9,53.9,38.9,11.4,75.9,36.7,97.4,PDHX,62.778,56.74363636363638,0.9038777336588674
201425_at,428.6,508.8,452.0,464.4,312.8,403.4,351.6,229.8,365.2,500.6,373.8,547.9,413.8,169.7,355.6,275.9,420.1,373.7,256.7,457.2,347.3,317.6,405.5,546.0,407.3,412.0,354.1,345.3,515.2,252.1,543.6,324.0,262.9,301.0,445.9,403.2,551.4,497.6,425.7,420.2,522.1,507.5,430.3,258.5,236.1,337.7,291.0,404.1,245.1,291.3,94.9,335.8,374.8,322.5,295.2,410.4,580.2,610.7,442.8,352.3,369.4,243.2,447.1,386.1,335.1,539.2,463.5,304.6,308.5,341.9,250.7,331.2,398.6,222.9,399.8,552.5,325.2,312.5,351.4,326.3,353.5,354.9,437.3,422.3,232.0,406.9,168.6,308.1,349.1,352.8,264.6,321.7,275.9,335.8,395.6,359.7,290.8,463.5,235.5,278.4,237.1,230.6,411.1,401.7,225.2,ALDH2,385.26399999999995,348.03636363636355,0.9033711004307788
205565_s_at,83.0,84.1,82.4,50.2,63.9,99.3,52.3,106.3,71.6,38.4,16.6,64.3,42.7,62.0,53.8,60.4,51.1,77.9,52.4,58.4,73.6,46.1,44.3,50.6,65.6,55.0,52.4,98.3,66.1,53.7,32.7,76.7,42.9,58.8,64.2,43.7,59.8,60.2,32.6,69.2,61.2,48.5,52.2,102.6,46.0,85.4,36.2,65.1,79.1,5.6,70.4,63.3,71.5,51.3,55.5,58.4,78.7,87.6,32.5,64.4,34.5,58.8,54.1,42.6,36.2,40.4,94.8,61.5,65.7,70.8,33.0,35.6,63.3,70.4,51.8,58.7,67.3,64.8,59.3,64.1,44.0,55.8,64.4,65.0,20.1,50.1,61.7,71.2,8.4,45.5,74.2,45.7,55.3,76.3,55.1,35.8,4.3,45.6,22.3,87.9,30.9,48.3,88.9,55.4,4.9,FXN,59.989999999999974,54.15272727272728,0.9026959038627655
202783_at,55.1,36.5,64.9,19.9,54.5,28.7,67.6,42.9,27.8,23.6,36.8,46.9,48.1,22.3,33.6,46.0,20.9,25.7,11.2,40.3,61.9,70.8,35.4,49.9,52.2,42.4,42.3,31.4,30.8,29.1,40.5,34.1,20.2,47.1,66.1,26.4,29.4,16.9,3.8,48.1,46.4,47.7,45.8,54.3,48.0,42.0,34.3,47.7,44.2,58.2,26.8,33.9,70.7,50.4,46.1,46.5,37.2,35.3,33.5,38.0,56.0,49.0,40.3,5.7,44.3,25.9,54.9,19.7,25.1,21.0,69.3,32.6,21.7,38.1,31.1,28.3,32.1,25.5,33.2,40.6,36.2,46.2,45.7,53.1,6.5,42.7,44.6,5.3,17.4,45.4,31.2,34.2,32.3,59.8,14.4,51.7,64.1,40.3,37.7,20.8,29.1,53.3,39.7,17.0,5.0,NNT,40.014,36.11818181818182,0.9026386219368675
209745_at,13.9,22.6,11.4,21.5,13.5,11.5,10.6,17.9,40.8,16.9,18.0,10.8,11.8,18.9,10.4,19.3,12.5,10.7,16.6,8.3,9.9,9.1,15.2,10.3,10.8,11.3,17.4,23.1,8.5,19.1,14.0,44.2,13.0,12.1,13.2,15.9,18.8,20.5,7.4,10.7,21.9,19.2,59.9,11.5,17.3,10.7,6.3,6.6,24.2,8.2,23.3,12.6,6.7,23.6,13.3,9.2,16.8,9.9,10.8,19.2,6.1,8.5,16.4,11.5,12.0,14.9,6.6,14.0,8.3,16.5,16.7,15.6,28.5,30.2,8.4,18.3,9.6,10.1,20.1,11.1,12.2,18.1,11.8,5.3,52.1,17.5,12.4,13.8,19.0,22.1,14.1,10.4,10.1,16.5,11.0,18.9,13.1,12.3,5.2,13.8,7.4,18.9,11.8,11.4,14.2,COQ7,16.164,14.585454545454546,0.902341904569076
217960_s_at,38.5,58.2,88.6,29.2,78.7,57.2,33.0,64.5,67.1,26.4,58.7,58.7,73.7,21.5,75.5,87.6,46.7,18.0,20.4,106.7,43.1,12.0,59.0,57.2,30.3,12.6,80.1,8.1,84.6,69.7,33.5,39.2,119.0,37.8,145.0,67.7,19.9,70.9,79.4,98.3,84.3,44.9,54.3,128.9,22.1,119.3,73.7,18.2,69.4,151.9,16.2,61.9,54.4,96.5,53.0,44.6,87.1,77.4,59.1,35.2,14.9,63.6,49.0,28.8,15.4,19.4,38.9,66.4,75.6,18.4,51.7,111.0,48.4,56.2,23.6,10.5,58.3,67.5,65.8,39.4,68.6,43.1,107.6,22.5,68.0,68.9,24.1,113.5,20.6,91.9,24.9,44.1,101.4,60.3,14.6,99.4,22.4,113.4,67.8,85.8,42.2,26.5,112.0,16.0,47.5,TOMM22,60.866000000000014,54.82363636363637,0.9007267828284486
220221_at,5.9,5.2,19.4,9.7,21.5,5.2,8.5,12.7,28.5,24.0,3.6,15.9,3.5,10.4,6.2,16.8,21.9,10.3,24.6,2.0,4.2,13.2,3.5,13.1,4.2,6.4,8.4,12.7,5.1,9.4,17.1,2.8,2.8,2.5,8.8,12.4,3.2,3.1,31.1,2.6,3.0,20.9,5.2,13.0,14.5,9.5,6.0,1.7,5.8,4.0,9.3,4.4,4.4,5.7,5.4,12.9,7.7,3.0,2.4,11.9,2.3,4.6,7.7,3.7,4.0,3.0,4.5,7.8,4.4,6.3,4.8,8.9,3.7,4.9,2.6,10.3,14.8,2.6,3.4,8.3,6.6,7.7,12.4,11.5,8.2,2.5,8.1,5.6,2.8,3.3,3.3,5.9,4.8,1.4,9.5,4.8,9.1,12.3,51.8,4.3,3.3,4.7,35.5,15.8,86.4,VPS13D,10.120000000000001,9.114545454545455,0.9006467840459935
202003_s_at,171.2,95.7,110.2,176.9,86.8,44.5,219.4,126.7,118.1,131.2,205.2,225.2,224.3,168.4,171.5,121.0,158.4,165.8,221.4,210.9,35.1,31.6,89.0,140.3,186.7,53.6,75.7,69.2,84.7,222.1,166.6,38.2,188.7,183.3,150.2,50.0,144.3,113.5,247.3,45.9,193.8,170.8,223.6,135.4,103.1,181.8,158.2,31.0,156.1,134.3,86.2,124.1,217.9,94.5,223.1,148.2,148.3,40.9,123.8,41.5,209.9,213.4,233.5,125.5,55.1,173.5,87.0,143.3,186.9,181.2,31.7,219.6,146.5,178.6,110.5,99.1,41.0,174.1,69.9,201.4,28.7,35.4,321.5,84.6,225.7,78.4,263.6,170.5,144.2,39.9,144.7,137.7,162.4,267.2,26.1,95.6,127.8,55.5,32.0,23.0,124.7,49.8,45.2,32.8,44.8,ACAA2,139.138,125.3090909090909,0.900610120233803
200006_at,904.2,862.1,1069.5,1116.1,1167.7,1334.1,1061.3,1068.9,916.4,904.7,963.3,675.7,1088.2,962.2,1142.1,915.9,1538.2,1257.2,1050.0,1449.6,1104.7,1129.4,942.5,1098.2,966.8,1068.7,1169.8,1110.1,1310.0,1084.9,968.9,1056.1,1088.8,1189.3,1148.3,1146.5,982.3,811.3,1139.7,1164.0,1187.5,1025.1,1287.8,917.6,1241.8,1256.9,1359.7,1322.8,1132.5,923.7,821.1,932.3,1338.9,1329.6,1169.1,1231.5,1196.9,915.8,1184.4,796.9,1045.6,1030.1,1212.8,1106.9,923.9,866.5,943.7,1029.0,902.3,820.3,481.6,1067.6,1056.6,1246.6,984.7,1222.1,1170.0,1050.7,937.1,839.9,1129.0,820.3,1043.2,905.9,948.4,1053.5,1233.6,874.0,1018.6,543.9,886.8,987.2,976.8,1238.7,924.8,866.1,818.4,716.2,864.6,912.7,569.8,746.5,1184.6,1207.0,878.8,PARK7,1095.6620000000003,985.5254545454543,0.8994794512773593
205238_at,195.6,214.7,153.1,152.6,149.0,169.2,161.3,298.8,151.0,95.2,164.9,188.1,107.2,192.7,196.8,243.6,198.8,216.4,161.6,130.0,98.7,193.2,129.7,155.9,184.0,151.0,83.0,211.1,104.2,115.9,90.4,108.4,124.8,85.6,149.4,112.8,215.2,149.7,166.0,85.3,178.6,123.9,126.5,203.1,131.0,230.4,129.4,161.3,138.0,170.0,253.1,107.0,114.5,45.9,180.6,151.9,151.7,174.9,138.8,264.6,74.4,161.4,103.6,108.5,134.2,149.1,142.6,91.9,122.0,166.3,148.2,81.2,104.6,148.8,84.9,94.9,148.8,151.0,95.3,132.9,118.3,201.3,170.7,123.7,199.6,23.5,144.2,149.9,133.6,210.2,179.6,170.2,140.0,105.1,207.1,151.7,154.3,236.1,250.6,77.8,126.7,168.4,162.4,90.0,40.3,TRMT2B,156.94199999999998,141.1436363636364,0.8993362921565701
214259_s_at,258.2,184.2,376.3,310.8,340.4,366.8,305.8,189.3,277.7,285.1,249.9,188.7,268.4,306.3,341.6,296.8,272.3,359.3,279.4,309.8,210.0,310.9,258.1,281.3,213.7,270.1,299.7,269.7,313.4,237.9,283.0,242.1,272.8,316.2,285.7,284.6,346.9,255.3,271.0,250.2,311.1,272.7,287.9,309.3,248.4,317.7,294.3,343.3,208.8,322.0,221.5,338.6,346.7,269.5,250.4,222.5,196.9,229.6,218.6,186.7,199.7,295.6,284.6,224.4,213.4,275.2,241.1,232.0,294.7,231.6,258.0,197.1,202.4,234.4,236.2,258.8,261.7,244.0,259.1,288.1,315.7,233.4,355.5,236.5,233.0,270.1,295.1,289.3,230.3,252.5,228.7,184.8,216.9,283.9,285.7,275.8,217.9,173.2,252.1,293.5,268.7,309.5,226.3,412.7,246.5,AKR7A2,283.104,254.55818181818182,0.8991684392243905
212600_s_at,418.7,380.3,610.8,476.6,520.5,567.2,485.4,386.3,438.6,452.4,395.8,437.7,371.3,302.6,511.1,462.9,390.1,400.6,340.9,533.4,562.9,415.6,388.0,428.4,405.4,398.2,411.3,440.1,576.4,402.8,383.1,476.8,450.2,514.1,456.0,384.6,401.4,361.8,445.5,457.6,463.0,424.7,523.7,379.8,435.6,394.7,472.8,528.1,406.2,390.7,302.5,434.8,492.7,482.2,475.9,614.4,449.4,464.3,463.8,341.1,458.2,380.7,518.0,488.6,413.2,385.0,311.8,359.3,274.7,290.5,300.1,335.8,401.8,395.7,361.1,407.9,461.5,480.0,419.4,375.7,475.2,410.2,486.4,413.3,421.0,274.2,357.0,408.7,301.0,317.1,393.4,315.7,452.7,617.4,370.4,296.1,330.5,336.5,333.7,276.5,213.7,225.6,568.2,423.4,443.6,UQCRC2,441.25399999999996,396.39272727272737,0.8983323148860461
217955_at,124.8,141.9,107.9,149.7,87.6,127.7,113.8,101.9,106.0,48.8,120.2,95.0,147.3,120.3,79.9,81.7,115.3,114.4,80.0,159.7,119.8,89.3,85.0,180.5,192.6,148.6,83.7,123.8,123.9,100.0,118.6,125.7,119.3,156.1,151.3,122.7,115.6,226.8,144.8,130.5,126.7,123.7,113.9,80.0,172.3,95.2,86.7,158.5,90.6,105.7,172.2,120.6,123.1,104.8,147.4,95.8,160.4,95.0,98.3,115.9,109.9,100.6,185.0,136.8,109.2,126.8,139.2,104.7,159.9,131.7,93.3,115.5,89.2,111.1,135.8,130.6,107.4,71.0,95.9,91.8,97.3,96.4,90.4,57.9,85.9,105.4,99.2,114.3,32.4,143.1,90.5,117.8,136.4,103.1,108.6,85.6,101.5,128.6,129.6,119.6,102.2,58.4,64.9,64.9,50.9,BCL2L13,120.71599999999998,108.43272727272729,0.8982465230187159
206527_at,86.8,57.0,77.4,59.7,71.5,41.4,50.9,118.2,40.1,73.8,71.4,80.4,64.3,63.5,81.4,54.3,100.2,88.0,77.4,66.3,43.1,107.9,59.3,64.0,85.3,71.6,73.0,88.2,32.7,20.7,77.7,79.2,48.7,54.8,72.5,99.8,114.8,43.6,98.2,52.2,61.1,72.8,61.8,142.4,36.4,72.4,74.3,47.3,49.8,61.1,116.8,64.2,35.8,45.8,54.7,56.5,57.1,78.4,57.4,129.6,33.0,37.4,49.3,33.1,47.5,60.9,79.6,74.8,46.2,97.7,94.2,98.7,56.4,73.1,80.3,50.5,35.1,61.4,109.2,82.5,116.6,82.9,39.3,39.8,34.6,97.8,44.3,38.8,30.5,159.3,63.8,13.0,42.8,75.5,49.1,67.5,80.4,56.6,70.1,35.8,78.2,59.8,36.1,23.9,13.4,ABAT,69.81400000000001,62.67454545454549,0.8977360623162328
214136_at,53.4,17.7,29.1,53.6,57.6,37.5,34.1,25.4,44.1,34.8,18.9,34.8,15.3,36.4,39.7,35.7,40.6,41.5,19.1,24.3,33.0,20.9,63.6,41.3,36.5,35.2,49.1,60.2,44.1,53.0,42.2,42.1,30.6,36.9,34.3,43.0,41.7,50.2,56.8,24.5,31.6,18.9,44.2,60.1,34.2,32.0,35.0,57.1,26.4,52.4,27.3,22.6,24.5,27.2,34.8,40.5,53.1,74.7,24.8,53.4,34.9,47.7,51.6,49.7,34.7,45.2,56.2,21.1,5.7,18.0,76.5,23.3,46.4,42.9,38.0,21.1,35.3,4.7,49.3,70.2,41.2,27.1,36.1,43.2,25.7,50.4,49.6,29.2,14.7,4.8,6.1,4.7,38.9,62.4,59.6,3.6,11.7,53.0,31.2,9.8,13.7,51.4,21.4,48.9,2.3,NUDT13,38.494,34.47454545454546,0.8955823103482481
221104_s_at,60.4,135.3,62.8,62.8,89.2,84.0,56.5,65.7,50.7,75.9,105.9,97.8,66.6,69.4,54.9,52.7,59.9,56.8,55.9,55.9,36.7,53.2,41.6,54.1,51.1,80.7,75.8,83.3,39.2,51.4,68.8,78.7,50.9,33.1,33.9,60.0,59.1,54.6,64.0,84.1,49.3,77.2,43.7,72.3,46.8,73.9,62.5,40.0,93.6,49.3,74.7,33.0,40.2,35.1,99.6,43.8,41.2,53.7,41.9,75.5,40.7,62.1,46.6,35.1,60.6,50.6,59.0,73.4,45.7,61.4,6.7,38.2,58.3,42.4,52.4,37.4,25.7,45.9,76.1,44.5,64.1,52.9,60.8,30.1,44.1,53.3,68.2,53.1,90.9,53.7,127.3,84.9,51.7,33.1,45.8,51.8,108.8,139.9,74.8,56.9,88.0,69.4,55.3,68.8,4.1,NIPSNAP3B,63.64000000000001,56.96909090909094,0.8951774184332327
202427_s_at,195.3,301.4,344.7,305.0,224.2,304.7,246.7,360.2,234.1,324.1,322.4,242.6,215.3,277.6,307.4,318.6,209.5,208.2,219.6,265.9,173.5,315.8,261.7,226.0,353.3,291.8,222.0,206.8,206.8,291.9,362.1,380.6,319.8,293.8,303.4,235.3,237.5,260.5,428.1,347.4,273.1,222.7,226.8,283.3,315.7,217.3,202.9,258.4,305.3,203.8,300.4,175.5,315.0,267.1,307.3,260.7,265.6,163.9,227.6,223.5,274.2,251.1,239.5,248.4,206.4,279.8,277.3,185.2,250.9,264.3,254.9,235.5,243.9,279.6,170.4,219.8,268.8,297.7,275.0,209.0,274.6,281.2,299.4,192.2,208.6,191.9,182.2,242.2,184.0,285.0,331.5,415.5,236.3,259.7,246.3,328.8,213.9,133.4,235.5,310.3,173.0,164.6,256.7,176.1,168.3,MPC2,273.0979999999999,244.1727272727273,0.8940846409447428
204294_at,119.0,116.4,153.5,99.9,128.9,117.8,104.2,172.6,108.5,154.8,55.4,143.0,69.2,165.8,133.9,110.6,160.3,182.7,158.8,63.8,95.2,145.7,119.9,131.5,91.6,113.1,52.2,115.7,97.2,121.4,80.7,141.1,87.6,65.3,107.6,96.7,116.1,74.6,94.7,63.8,110.0,87.5,78.1,153.5,77.0,110.4,95.2,40.8,52.1,83.6,169.1,67.4,77.7,72.8,63.7,81.2,59.6,71.4,52.0,111.9,58.0,144.2,71.3,94.3,94.7,83.3,132.0,123.2,81.9,142.3,106.1,128.0,77.5,79.9,95.9,109.1,79.6,60.3,52.9,142.6,97.5,65.4,127.5,110.5,124.0,83.5,142.5,126.1,56.1,91.5,59.7,134.8,144.1,87.9,82.0,104.1,40.7,137.0,131.2,107.7,70.1,104.2,8.9,94.2,211.4,AMT,108.38000000000002,96.84545454545453,0.8935731181532987
219486_at,199.5,157.3,224.3,180.9,191.4,170.9,216.4,235.7,217.0,273.8,274.9,162.8,198.9,248.1,248.5,231.8,269.2,300.4,227.5,224.4,144.2,246.2,152.6,229.8,248.9,144.6,167.9,314.7,231.2,206.1,286.0,210.2,245.9,157.2,201.3,209.5,231.2,223.5,184.8,193.9,135.6,170.3,195.4,184.1,203.6,230.0,176.4,194.7,124.3,157.0,175.8,166.3,162.4,226.0,206.5,165.7,160.8,166.3,158.9,163.2,217.9,138.3,287.4,180.0,230.8,139.5,170.6,219.2,122.2,280.7,156.3,180.3,193.0,45.8,180.6,177.7,219.8,256.4,118.5,208.0,226.4,177.1,200.7,195.4,210.8,144.1,246.0,151.8,173.9,246.8,157.3,207.1,175.9,130.0,190.0,198.1,231.6,150.0,190.4,297.6,169.6,194.3,112.2,188.8,232.6,DUS2,209.09599999999998,186.78909090909093,0.8933173800985718
209123_at,48.3,103.1,115.4,63.2,109.3,133.1,66.5,69.7,110.1,78.8,18.6,72.3,71.1,88.9,97.2,47.1,121.7,152.2,83.4,94.0,31.8,85.5,91.0,40.6,68.3,54.2,112.4,88.0,47.1,11.7,61.3,43.4,45.4,86.9,70.8,64.7,161.6,77.2,111.3,76.0,124.5,119.3,174.6,12.1,59.0,102.8,82.6,90.9,69.4,24.1,10.1,96.5,100.1,86.7,117.4,80.6,93.4,85.3,87.5,12.6,67.7,91.3,71.9,89.2,76.9,73.6,44.9,102.7,68.3,22.8,12.4,101.0,80.0,87.4,112.1,119.7,113.8,82.3,57.4,49.7,138.4,83.2,115.3,70.7,55.8,125.9,159.1,38.5,97.9,58.1,60.7,11.2,23.5,97.7,43.1,143.8,44.3,4.7,4.6,27.5,9.1,55.6,75.3,56.8,64.9,QDPR,80.65,72.01818181818182,0.8929718762328804
201923_at,107.7,138.2,177.1,117.8,162.0,213.5,147.5,140.4,153.1,124.9,145.6,128.1,135.5,138.9,150.5,152.8,166.8,144.4,150.2,146.7,177.6,171.3,172.5,150.0,160.8,138.1,131.8,130.8,145.3,133.6,120.5,131.2,113.3,138.3,160.3,117.5,140.8,127.9,116.5,130.4,165.4,157.1,134.7,124.3,136.9,133.6,160.7,176.0,104.0,115.6,129.0,128.8,205.2,150.3,172.9,168.3,121.8,145.0,136.8,70.3,119.5,115.4,143.5,107.4,116.4,121.2,129.0,169.7,118.8,117.5,65.0,188.1,122.5,248.6,90.4,113.0,126.4,103.7,99.2,122.6,103.3,93.6,174.0,122.2,112.5,124.9,99.1,164.6,129.7,70.8,108.5,88.8,99.3,144.4,110.3,153.5,130.8,115.5,111.0,156.1,95.7,105.1,175.1,113.7,160.6,PRDX4,143.17000000000002,127.80727272727276,0.8926959050588303
203897_at,174.9,193.4,174.2,198.1,202.6,204.6,144.5,183.5,176.6,127.3,159.2,137.9,170.1,235.2,192.3,155.1,216.1,163.1,126.6,147.3,200.8,255.9,175.8,193.6,194.9,175.2,156.8,167.4,162.6,129.2,179.5,188.9,161.4,135.9,163.3,192.8,152.5,210.0,194.0,226.8,141.2,154.2,174.8,125.5,191.2,162.1,169.3,167.6,163.0,160.1,171.5,217.4,162.7,191.4,155.5,186.4,155.4,124.0,176.6,148.1,172.2,162.0,136.8,173.6,159.0,168.0,160.4,137.6,170.6,103.9,196.2,116.4,219.8,127.6,222.9,147.2,154.9,149.3,248.3,206.0,175.2,164.4,99.2,128.1,169.9,113.1,145.9,132.2,212.0,135.9,156.2,121.2,113.0,211.9,176.6,127.5,186.9,126.6,87.7,173.1,91.6,137.8,126.9,79.4,132.9,LYRM1,174.178,155.39818181818177,0.8921803087541582
210975_x_at,16.6,21.5,60.2,62.4,12.1,10.7,95.1,47.1,47.4,39.0,33.2,47.2,16.5,45.3,21.7,25.1,85.3,125.0,37.2,6.6,15.3,33.6,28.9,59.2,17.5,6.5,14.5,16.7,13.2,19.0,21.9,7.4,11.0,49.3,12.5,14.7,19.9,25.6,14.4,16.3,25.2,5.5,52.2,24.3,16.7,43.9,24.1,12.7,17.7,11.8,26.1,15.8,14.7,12.3,17.6,28.7,17.8,24.4,27.6,26.8,10.4,25.2,28.4,26.6,22.4,25.1,17.7,34.8,76.3,19.6,58.0,7.6,24.2,19.7,17.0,22.0,14.9,14.8,14.1,16.9,15.4,16.4,31.5,17.9,35.9,12.8,110.8,19.1,8.7,25.6,27.7,14.9,13.6,18.2,26.9,75.8,29.5,31.0,30.8,62.6,26.8,23.9,55.3,8.6,31.2,FASTK,30.13400000000001,26.88,0.892015663370279
218893_at,86.7,90.2,83.2,89.5,90.6,70.6,96.5,117.5,65.5,78.8,22.4,64.4,72.7,125.9,46.8,17.6,114.1,93.4,30.2,44.7,33.9,48.4,61.3,97.0,30.3,39.7,22.8,59.4,95.2,36.1,59.1,47.6,30.6,113.5,95.2,47.4,50.7,61.9,71.8,102.2,34.8,52.7,52.8,48.2,24.4,102.1,84.4,36.9,33.5,60.5,62.4,71.3,72.9,60.4,50.4,18.6,90.6,61.5,27.6,32.1,16.8,37.2,31.3,83.2,76.8,50.8,40.9,62.7,103.9,73.9,58.0,26.2,101.6,55.0,85.2,101.3,56.2,16.7,90.8,73.8,36.8,118.7,49.8,53.2,11.8,67.0,21.9,63.4,62.4,165.3,49.3,12.2,15.0,38.1,73.9,17.4,85.9,30.0,44.7,50.8,77.2,69.5,41.8,73.8,50.6,ISOC2,64.714,57.64727272727274,0.8908006417046195
201113_at,128.6,126.2,179.4,115.3,111.2,160.4,205.3,213.7,144.7,150.9,115.9,112.3,141.2,127.0,169.7,108.7,254.0,218.7,210.8,209.4,110.3,107.7,253.1,199.0,85.1,117.2,82.0,208.7,117.3,122.1,169.1,104.9,66.9,158.3,141.7,156.4,167.0,178.3,136.4,170.1,144.5,71.9,136.7,127.2,125.5,128.1,115.9,169.9,74.1,117.3,124.8,226.3,99.8,140.6,146.2,181.4,148.8,186.4,131.6,229.1,122.5,132.5,104.2,113.1,90.7,147.7,173.3,125.6,165.4,100.3,182.7,158.1,181.3,153.1,106.0,112.4,127.3,142.0,171.0,130.3,67.6,142.8,149.4,20.6,57.2,136.5,113.4,125.9,58.4,20.6,93.9,73.5,141.3,177.4,124.9,88.6,155.1,76.2,141.5,129.3,159.5,64.7,117.0,224.2,105.2,TUFM,145.32199999999997,129.44,0.8907116610010873
210046_s_at,111.2,118.2,174.3,123.4,156.5,131.0,191.4,102.0,171.5,164.9,88.1,300.6,186.6,24.2,144.9,156.2,117.7,126.6,118.4,155.4,138.3,114.4,105.7,148.2,121.1,114.6,130.4,125.2,173.6,175.4,65.1,109.9,172.0,120.3,122.0,144.8,150.6,75.0,81.1,118.8,155.5,115.9,121.8,113.4,123.0,110.4,144.8,142.4,98.7,101.2,133.0,151.1,128.6,136.5,122.4,154.9,135.0,182.8,123.7,18.2,81.4,164.9,131.5,103.5,90.8,72.8,286.2,129.6,87.3,80.9,40.2,130.6,132.9,227.4,91.1,104.5,123.9,137.1,128.1,109.0,117.6,37.5,97.7,151.9,129.6,96.3,222.2,73.2,187.8,88.8,102.5,40.6,98.5,134.9,107.7,134.2,115.1,46.3,101.9,108.9,19.1,69.9,124.1,122.1,193.7,IDH2,131.93399999999997,117.49090909090908,0.8905279085823905
218496_at,118.4,87.5,167.5,108.8,111.5,186.8,177.7,80.8,150.4,101.7,126.3,27.5,139.7,139.1,176.2,131.3,50.4,143.3,131.5,197.4,133.8,91.4,129.5,192.4,140.5,146.2,151.7,154.3,160.8,115.8,69.7,113.9,128.9,163.1,141.7,148.0,98.3,144.2,148.4,119.2,135.0,95.0,179.8,109.5,163.8,203.1,107.9,131.5,137.6,120.2,65.9,130.4,157.4,144.3,123.3,176.2,104.2,126.2,146.1,140.3,112.5,193.4,201.4,127.2,149.5,53.9,233.3,105.8,93.1,135.6,46.5,184.2,101.5,172.1,31.6,106.1,156.3,174.5,106.9,165.2,181.6,158.5,17.1,109.2,123.4,83.8,194.0,88.0,129.8,24.6,119.2,93.9,87.1,105.0,127.0,46.1,101.0,132.4,140.3,24.6,27.1,20.4,93.4,175.1,123.0,RNASEH1,132.58,118.00909090909093,0.8900972311743168
212946_at,138.1,122.2,96.6,104.5,130.6,133.1,189.7,186.0,122.0,154.2,159.5,123.1,144.9,123.9,160.7,142.9,88.7,131.4,127.9,167.9,121.5,159.0,171.3,185.3,125.8,123.1,170.2,139.9,84.6,81.9,148.2,165.9,146.6,143.1,151.8,135.9,130.1,102.1,125.2,157.9,114.1,141.2,109.6,119.0,116.3,137.1,122.9,144.3,81.9,79.2,145.3,111.5,116.7,125.8,109.0,117.9,111.8,153.8,98.5,171.5,76.4,139.0,109.3,102.2,113.4,55.0,125.3,171.1,108.9,79.2,107.0,127.5,159.0,93.4,123.1,111.1,114.1,89.2,102.7,84.4,148.6,117.4,115.8,73.8,106.0,124.2,79.4,106.4,136.9,94.9,119.1,134.7,145.5,140.2,133.2,136.5,90.1,178.2,167.3,73.9,146.3,196.0,96.0,139.5,89.8,VWA8,133.65800000000002,118.95999999999997,0.8900327702045515
201717_at,346.5,357.0,387.0,392.5,427.1,425.8,415.9,379.0,346.9,410.3,309.9,374.9,404.6,357.7,390.9,395.7,438.2,434.4,393.9,359.0,412.9,434.5,295.8,326.0,298.6,340.0,259.4,371.9,320.1,342.7,453.0,362.4,316.8,285.6,389.4,292.2,426.2,343.1,444.6,409.1,374.1,397.6,209.9,327.4,328.9,459.2,370.5,330.4,391.1,412.2,299.0,251.1,327.2,355.4,333.1,366.9,276.8,332.9,300.7,321.4,234.6,292.3,348.7,364.7,305.3,438.8,403.7,440.6,365.9,261.5,333.0,365.1,287.0,355.1,354.4,418.4,417.8,367.3,419.6,367.8,344.9,321.0,313.0,275.7,354.3,354.3,366.6,213.3,289.2,347.1,304.2,278.9,253.0,369.7,270.0,239.2,483.8,249.6,286.7,375.8,261.6,189.4,355.6,380.0,298.7,MRPL49,369.4560000000001,328.7581818181818,0.8898439376222926
220020_at,70.4,41.1,81.1,40.0,96.0,28.9,78.9,36.4,52.5,73.3,42.5,57.5,38.9,69.5,68.6,42.4,93.5,107.0,99.1,49.5,44.4,44.2,39.4,51.3,63.9,38.6,74.1,51.4,40.5,62.4,73.6,56.7,102.4,69.0,66.9,40.7,19.9,24.3,51.5,12.4,52.9,22.5,35.2,67.1,20.2,54.6,34.8,53.4,53.7,12.1,70.9,37.6,34.1,48.0,33.5,44.1,47.1,37.0,58.4,56.5,52.9,42.2,44.7,21.0,40.4,78.6,66.7,42.4,66.2,79.1,27.6,39.1,55.0,93.9,79.6,51.5,52.3,41.6,53.2,56.2,12.3,76.5,55.8,9.7,68.5,12.0,53.5,45.2,60.2,14.1,19.2,55.6,77.2,47.0,16.5,86.0,13.3,18.2,53.2,122.3,14.8,59.2,9.4,49.7,43.2,XPNPEP3,54.023999999999994,48.07272727272726,0.8898402056998236
208911_s_at,121.1,122.5,121.0,121.8,68.5,182.9,151.3,54.4,146.9,175.1,79.4,79.2,109.4,94.6,157.0,160.5,151.6,125.7,99.7,90.9,136.0,129.8,109.0,114.1,79.6,93.0,65.6,158.1,122.6,92.2,143.5,141.3,63.3,140.0,125.1,97.9,192.6,170.4,140.7,140.8,181.4,193.1,175.8,141.8,120.1,99.0,125.4,107.1,98.1,121.0,29.8,181.6,154.0,151.5,95.3,118.3,161.3,155.3,98.7,68.1,64.1,58.9,121.8,66.2,128.1,163.3,92.0,161.6,7.9,52.1,40.9,165.9,47.8,181.7,41.6,117.9,155.2,143.1,120.3,86.6,133.5,80.4,149.4,115.9,124.0,97.6,58.3,142.4,121.7,33.9,18.9,129.8,126.1,213.8,127.4,106.7,182.6,92.4,8.5,111.5,151.2,112.1,154.3,13.8,255.9,PDHB,124.638,110.78181818181817,0.8888285930600472
200849_s_at,211.6,307.0,191.7,274.8,247.4,278.5,296.6,169.3,251.8,257.8,224.9,149.6,212.2,193.4,253.4,258.0,211.3,228.4,228.3,230.2,180.4,189.6,239.0,260.9,238.7,221.4,239.5,164.9,227.8,240.0,288.2,211.9,250.1,246.7,203.5,239.6,217.1,219.1,179.0,236.4,224.6,234.6,224.2,164.7,178.6,206.9,202.4,246.4,249.0,217.4,141.6,234.2,217.2,231.2,226.8,193.3,261.0,230.5,213.7,192.7,237.1,201.4,244.8,205.7,174.9,272.0,227.8,233.4,228.5,251.7,135.2,174.7,231.5,187.9,208.3,282.7,199.7,229.2,200.4,202.5,231.3,206.5,243.0,231.3,206.1,124.4,223.0,235.9,171.6,95.0,221.8,188.2,207.7,225.0,188.3,93.8,152.4,212.1,132.2,169.1,85.5,227.2,195.7,190.4,136.7,AHCYL1,226.37599999999998,201.19636363636366,0.8887707338073103
218270_at,152.4,161.0,108.1,133.8,174.3,168.7,144.8,183.0,141.4,132.0,157.9,126.1,167.5,259.4,119.5,142.1,151.3,269.5,119.7,167.7,142.3,164.1,152.5,149.5,159.6,154.4,221.5,61.2,158.6,106.2,105.1,54.3,223.0,170.4,168.8,129.2,144.2,136.6,166.9,165.9,104.6,97.6,237.1,162.2,133.5,148.7,111.6,146.9,147.3,106.6,135.4,96.3,64.2,135.9,200.7,114.5,137.8,148.2,123.9,125.0,48.8,175.8,166.0,160.5,103.5,130.8,125.4,143.6,125.2,187.4,44.8,34.3,168.5,128.1,127.1,165.4,168.1,150.9,32.7,140.4,157.3,160.8,205.1,113.0,193.9,237.7,272.5,119.2,113.7,78.1,43.5,214.5,116.7,150.6,97.8,155.5,171.7,33.7,144.9,120.7,190.6,30.5,150.7,145.3,112.7,MRPL24,150.21200000000002,133.45272727272726,0.8884292018795252
208660_at,273.9,243.9,255.0,346.0,288.9,314.1,291.8,376.4,212.3,181.0,281.7,176.3,295.0,357.5,225.1,277.8,393.3,502.2,376.1,317.4,371.2,438.0,248.7,364.9,301.6,300.4,265.7,306.6,344.4,310.9,391.2,261.6,285.5,256.4,292.9,358.4,315.1,294.9,304.2,287.6,354.2,222.7,333.4,335.9,323.4,378.8,381.8,279.4,280.5,300.1,181.9,310.5,252.7,278.6,225.6,375.0,297.3,315.4,244.6,334.0,196.3,280.0,350.2,318.8,206.0,255.0,329.0,236.3,308.3,221.2,247.7,270.1,295.1,346.0,343.0,280.4,254.9,220.0,224.1,257.1,368.5,298.3,354.4,303.5,308.1,342.0,321.7,277.6,301.6,215.7,217.1,228.3,294.7,398.6,278.1,170.4,263.7,224.0,272.8,240.5,246.8,213.4,293.7,268.5,166.4,CS,309.522,274.9727272727273,0.8883786201715138
217895_at,201.9,123.2,131.9,105.7,146.3,105.4,200.4,141.7,165.2,104.2,19.2,154.9,123.8,125.4,154.7,132.3,81.6,57.2,23.3,83.5,72.0,133.3,155.3,130.4,119.2,105.0,89.4,149.2,138.9,110.3,133.9,136.2,127.2,119.6,110.3,128.8,82.2,138.9,118.9,102.5,132.3,97.4,112.3,38.2,138.9,94.9,69.4,92.6,99.8,16.8,50.4,98.9,44.4,124.5,110.0,89.6,124.8,96.4,108.4,121.0,79.7,127.3,119.7,111.5,150.4,120.7,54.3,132.2,75.6,107.4,91.0,124.8,27.1,162.9,90.3,101.4,124.0,180.1,97.2,133.1,117.3,65.2,161.7,95.5,91.0,116.2,91.8,91.7,27.9,74.5,201.3,57.1,138.1,140.2,105.9,106.0,21.1,31.0,102.0,123.7,95.3,19.4,143.0,101.1,48.5,PTCD3,113.51799999999999,100.82909090909092,0.8882211711718929
201966_at,342.7,296.6,303.9,312.0,285.7,243.5,368.0,274.4,300.7,365.3,345.0,241.5,315.3,303.5,309.1,350.6,282.6,336.8,374.6,389.2,217.4,320.9,279.7,278.0,285.6,259.0,369.0,432.7,275.9,211.3,260.5,229.9,343.2,289.0,311.6,283.6,448.1,180.3,227.9,279.9,289.0,228.2,321.8,153.8,209.7,217.5,287.1,355.0,277.7,242.4,133.1,237.6,300.4,316.0,224.6,333.5,269.1,433.2,296.6,192.4,278.6,221.5,354.8,242.4,205.4,246.8,251.1,254.5,279.3,272.9,214.4,190.4,333.8,264.1,210.5,208.7,302.3,264.7,250.1,211.8,276.6,295.1,297.1,285.5,236.6,324.5,212.5,172.4,212.0,301.5,318.4,210.0,251.8,355.2,373.4,350.4,206.7,218.4,261.9,245.3,225.8,246.9,243.5,321.9,126.9,NDUFS2,294.13400000000007,261.17999999999995,0.8879626292778118
203039_s_at,83.2,70.6,62.7,50.3,83.4,47.9,77.9,81.7,77.8,48.4,52.9,73.5,42.9,48.3,56.2,43.2,39.4,54.1,65.2,58.1,78.6,64.2,41.8,74.8,64.1,68.6,41.4,60.9,53.5,44.7,88.1,72.7,62.6,74.1,60.5,48.6,38.7,27.9,36.9,94.6,23.7,33.0,70.7,31.6,56.7,59.2,54.5,64.6,61.5,44.3,44.3,5.0,61.8,66.1,43.2,55.1,64.3,74.1,51.1,24.9,55.4,47.8,69.4,54.8,48.9,39.2,51.5,38.9,87.4,65.9,60.3,30.1,54.1,72.8,16.5,83.6,44.9,51.6,47.4,56.6,53.3,63.1,42.3,53.0,62.2,42.8,44.5,57.5,65.0,25.6,46.6,47.9,67.0,88.0,50.6,26.8,14.9,27.4,67.2,98.5,61.5,52.7,36.1,50.5,34.5,NDUFS1,58.29599999999998,51.754545454545436,0.8877889641578403
220047_at,37.8,24.1,46.6,22.3,29.3,29.5,32.2,22.9,32.1,37.7,9.3,70.4,4.1,27.8,46.2,46.7,21.8,32.6,49.9,9.4,22.7,48.6,41.3,35.4,6.4,39.1,28.9,43.0,15.5,31.6,24.4,45.7,11.5,21.7,4.2,5.0,29.4,46.6,39.3,4.0,13.5,17.7,25.7,18.3,34.4,8.3,6.2,26.6,19.9,4.7,6.7,7.7,2.3,11.4,16.6,5.6,28.0,34.4,46.8,12.6,20.2,56.1,49.3,8.4,32.7,19.8,27.8,46.7,18.4,8.2,58.0,6.3,15.4,26.8,51.4,23.6,18.8,11.3,22.7,7.2,3.8,26.4,42.8,26.9,6.3,42.0,37.2,37.6,3.3,5.7,11.1,4.2,22.4,5.8,4.1,45.8,5.5,10.1,1.6,3.5,90.2,70.8,33.8,76.3,1.7,SIRT4,27.046000000000006,24.001818181818173,0.887444286837912
209522_s_at,42.8,69.4,64.3,66.3,54.5,46.9,52.9,99.2,45.5,66.7,61.7,49.5,42.3,52.7,60.8,47.9,49.7,56.6,59.0,34.4,47.8,47.6,41.8,45.4,60.6,56.1,39.3,35.1,28.5,26.2,34.0,64.3,17.7,48.6,45.3,53.3,32.6,41.7,64.0,26.9,34.2,39.7,38.9,52.8,51.7,71.0,43.5,42.3,58.5,51.5,4.1,15.1,39.6,34.4,50.4,35.6,21.3,65.4,37.6,57.6,44.4,44.4,44.3,46.6,49.4,32.0,47.3,40.1,52.5,39.2,108.8,50.0,45.0,5.8,72.7,13.8,26.7,75.4,35.6,43.9,72.6,12.4,11.5,42.5,15.8,54.6,73.2,80.1,35.1,79.6,64.9,72.7,52.6,36.6,28.4,37.6,75.5,6.3,52.0,15.9,16.5,44.0,32.0,13.5,100.1,CRAT,49.28,43.72727272727273,0.8873229043683589
204041_at,39.5,28.4,16.6,22.7,20.5,22.8,11.5,15.4,12.6,17.1,33.2,12.7,41.0,17.3,51.7,13.4,18.2,15.5,18.3,50.9,21.9,46.5,89.4,36.9,43.4,10.8,42.2,13.7,48.9,22.8,12.7,42.3,43.2,30.5,50.0,14.4,12.4,30.2,47.6,39.6,27.9,29.5,40.7,20.3,20.0,15.2,11.7,10.3,26.1,48.8,13.7,58.3,33.8,31.5,47.3,28.3,43.1,13.3,78.5,23.3,57.3,14.0,11.4,13.1,29.3,27.9,57.4,8.6,55.7,13.6,61.7,44.9,17.2,51.1,6.3,15.1,46.8,9.7,11.0,23.9,11.7,9.9,21.4,10.9,40.3,13.4,17.7,11.7,17.5,11.1,12.9,30.7,11.8,22.3,16.9,17.3,16.7,18.6,60.5,11.8,9.0,24.6,11.8,11.8,3.8,MAOB,28.584,25.330909090909092,0.8861918937485689
209448_at,278.2,224.0,273.9,193.7,268.7,177.3,302.9,176.1,260.5,195.8,203.3,127.9,267.4,194.9,243.2,204.3,234.3,130.5,206.1,198.0,204.9,229.0,159.1,191.1,237.2,287.0,175.2,166.7,239.5,182.6,233.7,223.1,199.6,191.5,302.5,306.7,183.5,198.0,222.7,272.8,186.5,179.6,207.1,192.7,254.4,137.3,219.7,269.0,186.6,182.9,135.0,207.0,180.3,244.2,238.1,174.5,205.7,172.2,170.2,150.1,292.6,156.9,243.8,349.1,327.2,238.4,179.1,242.4,148.2,143.1,161.4,136.7,239.8,208.3,191.4,217.7,148.5,204.5,123.3,221.5,232.2,207.7,122.7,119.4,245.2,251.3,64.8,226.4,312.6,231.2,147.2,257.5,183.5,217.5,183.5,132.3,179.4,189.1,124.0,167.5,105.6,140.5,179.2,152.9,83.1,HTATIP2,215.66400000000004,191.04545454545453,0.8858476822532018
203860_at,41.4,51.4,29.3,32.3,48.6,41.2,29.3,10.7,33.8,35.0,11.7,42.9,38.6,16.1,43.8,8.5,21.6,7.7,23.7,40.5,55.2,40.4,36.4,33.4,30.0,30.1,8.7,24.5,38.2,39.2,29.5,30.5,7.1,6.1,38.7,40.2,4.9,20.7,49.9,30.4,53.3,18.9,18.6,55.0,37.3,18.2,14.2,31.1,13.7,46.0,6.0,5.0,35.7,18.4,20.5,34.8,28.2,54.5,3.4,21.4,16.5,20.6,34.7,16.2,3.0,19.8,40.7,46.1,43.4,6.1,125.8,5.8,28.1,19.2,24.6,36.7,32.1,39.5,5.3,46.9,30.0,20.9,14.1,23.8,36.1,9.8,6.8,30.8,7.7,2.3,41.8,10.9,21.3,36.8,51.3,2.1,63.1,24.5,8.6,50.8,50.5,29.5,13.3,6.3,37.6,PCCA,30.170000000000012,26.721818181818172,0.8857082592581426
209623_at,181.0,204.9,133.7,217.7,157.3,220.2,186.9,230.3,147.7,138.3,219.1,205.1,207.9,36.4,153.8,184.8,176.2,233.6,178.4,199.4,223.2,263.5,155.9,298.1,248.6,186.4,158.6,215.4,169.9,167.2,175.5,144.6,173.8,165.0,217.4,183.5,252.7,208.8,173.9,179.7,244.5,109.2,217.1,263.4,160.6,242.6,232.2,178.5,145.4,169.1,122.6,145.1,201.8,142.3,238.6,208.2,160.6,209.3,162.9,178.3,92.1,145.8,211.5,103.9,168.0,186.0,167.5,137.2,179.2,116.6,165.6,168.3,187.7,197.0,185.7,199.4,110.0,152.8,209.2,238.3,239.7,169.1,168.3,194.7,153.6,212.1,133.2,186.8,181.0,118.6,202.6,185.9,130.4,141.8,9.8,236.4,233.0,142.9,226.9,194.1,240.0,182.6,94.9,129.5,92.1,MCCC2,190.74,168.93636363636364,0.8856892295080404
205851_at,100.7,135.2,116.9,209.3,133.6,162.6,149.4,116.8,126.7,162.6,154.3,120.7,119.4,129.6,114.8,111.4,138.0,134.6,166.3,117.5,147.8,128.4,168.9,168.6,164.3,122.1,143.7,190.4,188.9,133.9,136.2,100.8,108.6,110.9,132.5,143.8,172.8,129.3,181.5,132.8,140.4,121.8,106.2,187.3,142.9,120.5,101.3,127.1,132.7,126.8,126.4,133.0,91.3,90.5,101.7,128.0,111.9,112.9,125.9,212.8,71.5,153.4,170.7,106.1,138.6,189.7,95.0,122.0,145.6,110.6,120.9,90.2,110.3,146.2,108.3,117.8,97.0,126.8,120.8,118.0,131.3,104.9,113.7,132.5,97.6,123.5,99.7,117.3,103.2,76.8,204.9,127.7,90.4,79.1,122.1,143.8,195.3,135.4,119.6,117.3,115.6,133.0,135.4,135.8,103.7,NME6,138.672,122.79090909090911,0.8854773068168709
218884_s_at,37.0,44.2,34.4,35.9,41.9,38.8,26.9,37.6,34.5,40.7,35.8,51.6,29.2,21.8,7.0,42.3,19.5,41.0,31.3,20.5,23.2,40.2,36.7,24.8,43.5,25.8,47.4,44.9,13.9,12.6,62.7,35.5,3.3,26.5,24.5,25.2,39.6,31.9,19.0,23.3,35.8,15.6,21.8,35.1,31.2,43.5,33.6,7.3,19.8,44.0,9.5,26.8,22.8,30.7,55.4,26.1,36.2,35.3,10.2,50.2,26.9,14.3,49.0,41.6,30.0,4.5,36.6,16.8,5.7,28.7,31.1,6.3,29.8,11.6,13.5,94.5,23.0,25.5,49.5,11.2,46.8,15.1,38.3,4.1,21.3,44.1,41.1,28.3,3.6,63.8,5.4,43.0,15.8,20.3,26.5,55.0,58.8,60.7,14.6,3.5,7.8,21.6,14.8,5.9,8.6,GUF1,31.28199999999999,27.674545454545445,0.8846795426937362
203979_at,159.8,96.1,305.6,49.9,103.2,205.5,35.5,29.9,156.2,109.2,194.4,107.8,180.0,173.6,89.4,73.4,88.0,99.5,257.0,224.0,147.7,74.9,257.9,71.0,224.1,172.0,31.7,98.6,188.5,103.3,185.6,174.7,116.4,169.0,268.3,215.5,306.4,266.1,321.4,300.5,226.5,177.4,210.9,139.2,134.1,30.4,246.4,35.6,86.6,38.3,42.2,80.0,263.7,204.4,106.2,217.5,173.8,185.2,146.0,111.9,224.6,133.7,76.3,121.8,147.1,140.1,114.2,158.7,45.6,20.0,28.8,213.5,32.9,34.4,209.1,204.4,40.7,103.7,192.4,246.3,25.8,374.0,175.6,113.1,30.9,204.6,132.2,175.4,105.4,150.2,30.4,221.9,65.7,232.2,111.9,69.0,228.9,100.6,170.2,198.9,75.4,120.2,235.9,28.1,152.4,CYP27A1,155.14,137.23818181818177,0.88460862329626
89977_at,113.9,57.4,89.3,62.8,103.2,51.2,76.4,164.4,79.1,74.8,70.5,84.2,65.9,113.3,90.7,75.8,124.1,61.4,97.4,59.7,66.9,79.0,61.9,108.2,65.2,95.1,79.0,107.5,87.9,118.5,88.0,53.4,55.3,64.1,76.5,55.9,78.6,88.3,110.6,62.8,45.6,47.3,66.2,131.3,84.0,75.5,72.9,46.5,64.2,59.7,101.4,84.8,30.7,30.9,79.7,67.6,39.4,107.3,43.2,135.4,34.5,57.5,100.7,117.1,97.7,56.1,89.7,59.2,65.2,64.5,17.6,76.8,98.5,74.4,13.0,81.5,56.4,52.7,75.4,64.5,73.9,104.4,58.6,50.9,9.2,75.6,121.5,78.0,62.4,99.9,78.5,108.4,86.4,64.4,91.7,39.0,60.9,60.4,78.9,126.1,89.3,64.9,56.0,79.4,10.8,ACSM5,80.22800000000001,70.9618181818182,0.8845018968666575
205241_at,177.9,162.9,243.9,157.8,213.2,156.4,165.5,236.6,535.0,204.6,145.7,290.6,197.2,173.1,330.7,176.3,238.0,247.0,154.5,183.0,141.2,88.3,222.0,204.0,192.6,193.4,117.3,156.0,239.8,164.1,157.4,187.8,148.6,111.5,182.0,107.1,246.1,172.7,96.5,155.4,158.4,216.6,180.2,198.9,177.9,184.5,148.3,194.3,120.8,156.2,87.5,203.9,191.3,149.4,218.8,195.0,224.1,198.8,168.1,162.6,321.0,37.5,115.2,114.2,139.1,286.0,153.9,140.5,162.7,145.6,151.6,315.3,168.2,201.3,108.4,203.6,210.2,138.1,212.6,179.8,115.2,190.2,93.2,165.5,269.4,148.4,122.8,206.4,150.0,188.5,94.1,89.6,122.2,179.8,187.0,190.1,173.2,171.2,187.7,64.9,104.9,137.2,121.9,126.0,244.1,SCO2,188.196,166.32363636363635,0.883778807007781
210063_at,15.9,14.3,11.6,18.3,11.6,15.7,11.7,41.1,23.8,25.4,20.3,23.8,15.1,22.9,12.5,15.5,36.7,12.8,49.6,15.2,14.0,92.7,11.0,13.8,18.8,13.5,16.7,10.3,12.1,7.7,26.2,15.8,14.8,14.1,17.3,15.7,13.9,11.6,6.8,13.5,15.3,14.9,51.0,15.1,13.6,15.9,18.0,13.5,7.6,24.1,25.0,17.8,5.2,10.3,15.5,20.8,8.1,14.7,20.6,34.0,21.8,8.6,16.5,16.8,15.1,14.7,10.0,31.0,7.9,13.3,23.7,15.7,15.5,14.4,22.5,19.1,9.7,16.8,11.4,22.5,12.4,18.5,15.8,17.4,19.0,13.0,8.4,12.5,14.8,18.1,11.2,15.6,24.8,4.1,22.9,19.3,21.4,18.2,12.9,22.6,19.3,22.8,13.7,25.7,32.5,SARDH,19.262,17.016363636363632,0.8834162411153376
219428_s_at,141.9,179.2,169.6,165.3,227.5,150.9,191.6,209.3,183.2,197.8,197.7,224.0,163.8,220.5,183.2,230.8,155.7,269.9,178.7,139.2,153.1,144.5,223.0,170.9,91.9,141.6,169.0,188.0,127.4,193.8,161.5,197.5,184.1,186.1,149.0,176.0,225.6,187.2,171.8,165.0,185.0,112.5,157.9,188.2,139.6,259.7,171.2,163.0,170.0,183.7,127.0,128.9,147.5,142.7,186.8,164.1,139.1,208.0,77.2,201.0,94.1,165.7,147.8,132.3,126.3,165.2,186.9,179.1,174.1,153.5,115.4,153.1,176.6,157.9,148.2,146.3,189.0,178.8,241.6,115.5,239.4,89.1,173.8,89.5,165.2,166.0,179.0,156.3,221.2,184.3,162.6,167.7,169.7,145.0,132.5,104.7,109.4,230.9,173.6,199.2,220.4,197.5,119.2,116.0,77.7,PXMP4,178.35200000000003,157.44727272727275,0.8827894990091096
209916_at,80.0,88.5,125.5,151.8,90.4,95.4,110.4,57.1,97.3,98.0,98.5,75.5,84.5,82.1,100.9,79.7,167.3,51.7,82.8,139.9,84.7,105.6,120.9,114.0,106.3,87.6,109.3,75.4,159.5,110.5,77.2,98.2,99.7,106.1,96.8,134.6,87.9,137.8,120.3,69.4,95.4,104.4,62.6,79.8,98.1,35.4,123.7,76.3,54.3,116.1,10.8,69.5,69.7,85.7,71.1,57.3,109.1,151.4,113.5,146.0,90.6,77.7,102.2,111.8,72.2,71.7,73.6,81.5,100.8,79.9,17.1,80.9,115.5,76.0,95.4,110.8,114.6,70.4,83.8,85.7,94.7,119.6,70.2,100.5,99.9,93.9,77.3,16.1,110.3,91.3,47.0,123.3,71.7,90.9,94.1,88.9,111.0,102.6,60.4,25.5,60.4,113.9,71.1,154.9,72.9,DHTKD1,98.10400000000003,86.52181818181816,0.8819397596613607
221896_s_at,147.1,194.4,283.0,148.5,242.7,279.5,209.6,80.7,211.5,247.6,421.3,268.8,166.9,139.4,183.9,154.7,82.1,127.2,56.2,264.7,100.0,134.1,200.1,142.0,222.0,215.4,80.7,159.0,129.0,132.4,141.1,217.5,169.8,136.6,146.7,155.2,109.5,123.8,117.5,127.9,59.7,207.0,193.5,76.9,265.7,145.5,76.2,109.4,120.9,83.2,151.7,160.2,141.7,130.5,140.4,85.9,154.7,88.7,110.1,111.5,158.2,144.7,210.1,250.5,235.6,114.8,251.8,212.8,144.5,79.5,15.8,120.6,133.0,269.7,94.9,120.8,160.7,173.3,114.5,173.4,170.5,154.2,113.9,97.0,154.2,105.5,243.2,193.9,190.2,97.9,197.9,90.6,97.0,88.8,166.1,233.1,162.0,105.9,188.9,156.7,155.5,24.1,116.8,76.1,119.2,HIGD1A,164.16199999999998,144.61454545454544,0.8809258260410171
213279_at,103.0,75.4,113.9,122.4,80.9,66.1,66.6,37.3,42.4,56.3,89.2,72.2,90.9,96.0,59.7,73.9,122.8,182.2,110.5,126.0,42.8,64.6,37.8,128.7,60.9,131.2,126.0,67.7,119.2,54.5,83.2,95.5,69.7,96.7,69.9,67.7,105.1,63.6,52.5,69.3,85.4,56.1,96.9,118.9,70.9,100.9,28.4,92.0,55.5,118.5,20.8,55.7,56.4,56.8,65.4,55.2,55.4,158.1,63.4,77.6,72.9,121.0,101.8,54.1,82.0,50.7,132.7,99.6,66.4,95.0,66.3,70.6,131.5,37.1,96.1,59.2,114.7,77.0,60.0,107.3,52.4,115.7,67.2,80.8,81.4,75.2,83.9,76.2,64.1,59.5,75.7,51.2,39.5,73.3,63.8,12.8,52.8,75.0,131.7,52.3,80.2,93.6,95.5,49.0,15.7,DHRS1,84.35599999999998,74.1690909090909,0.8792390690536644
201870_at,157.2,208.3,159.2,103.9,175.9,87.8,136.2,171.2,149.2,169.8,97.5,204.8,128.1,82.5,174.3,167.5,186.2,133.6,268.1,102.7,175.3,209.1,129.8,158.0,158.6,119.2,107.2,171.6,121.3,147.8,188.9,85.5,120.6,114.1,122.6,142.5,158.9,114.2,111.1,76.9,137.3,96.5,86.9,159.5,159.1,177.1,132.2,129.8,125.6,139.4,125.7,126.3,75.8,76.4,87.9,109.8,126.5,127.0,86.9,198.4,130.7,122.9,142.3,130.5,147.7,120.8,141.7,143.5,75.2,173.1,164.8,149.6,191.7,137.3,135.5,127.3,118.6,108.2,107.9,138.4,126.7,168.0,158.1,140.3,149.8,88.3,66.1,67.2,96.5,70.0,195.6,162.5,162.3,122.6,117.8,114.6,118.2,84.5,228.2,57.0,101.7,151.5,82.7,124.0,93.5,TOMM34,142.812,125.3836363636364,0.8779628908189535
205976_at,27.1,24.5,39.7,6.5,20.0,57.7,16.8,7.6,21.6,4.6,22.7,48.4,35.7,23.7,8.0,22.4,4.9,24.1,4.4,29.4,3.9,18.6,12.0,21.6,7.7,16.5,24.7,25.2,33.6,45.9,6.3,34.8,5.9,25.8,50.8,26.7,17.0,26.4,31.8,14.4,40.8,10.7,25.4,6.1,47.7,38.3,27.1,23.8,24.7,1.6,20.3,3.3,7.4,31.2,34.5,35.5,11.2,22.5,6.4,5.6,4.3,18.0,6.6,8.9,35.3,4.6,28.0,67.4,5.7,37.2,5.2,19.3,37.8,3.1,4.0,36.7,40.1,5.7,18.4,14.5,14.7,3.3,45.5,18.3,6.6,5.1,60.1,5.2,39.5,11.4,27.3,8.7,9.1,37.3,4.3,23.6,14.1,47.1,7.8,5.5,56.4,5.9,3.8,41.4,25.5,FASTKD2,22.91199999999999,20.112727272727277,0.8778250380904018
201383_s_at,105.7,105.9,84.0,68.8,56.4,82.4,124.5,18.2,107.3,88.2,85.3,24.4,138.1,20.0,83.8,111.8,68.6,45.3,59.1,120.7,62.5,9.0,85.2,87.1,77.1,63.0,49.3,78.2,70.9,16.1,32.4,176.5,49.9,120.5,137.5,108.8,88.9,56.7,157.6,129.3,104.2,98.4,127.5,31.1,83.6,114.4,94.3,86.7,62.7,33.4,7.5,98.5,96.6,72.7,56.7,69.4,90.9,62.4,92.9,11.9,133.6,90.5,13.1,108.9,65.8,98.3,87.3,88.3,124.0,30.1,73.0,85.1,112.5,61.5,24.5,20.2,53.7,68.6,65.6,70.4,115.2,18.1,104.2,121.5,115.0,44.7,5.5,73.1,149.0,14.1,69.6,12.6,119.4,111.2,108.8,71.0,12.0,58.4,38.6,15.8,56.9,99.0,97.8,140.7,42.7,NBR1,81.826,71.8072727272727,0.8775605886548616
204594_s_at,151.1,124.1,156.4,129.6,174.5,164.3,166.6,163.9,152.3,176.2,118.6,133.7,186.8,140.7,159.5,172.9,107.1,163.0,159.2,148.6,119.1,198.6,131.8,116.4,124.4,119.7,165.7,121.3,146.2,124.2,135.2,128.9,143.4,123.3,140.3,137.0,146.2,164.3,124.5,133.2,120.7,167.8,134.5,148.3,140.9,127.4,139.3,227.8,120.9,166.2,165.8,124.5,110.6,129.8,119.5,119.0,126.8,181.0,89.4,189.3,114.5,159.1,138.6,79.2,105.9,135.6,120.4,91.2,163.6,141.5,100.5,107.7,107.8,140.7,99.4,115.2,166.7,149.7,69.7,112.5,174.7,125.8,136.0,111.2,96.2,115.6,167.8,116.0,149.2,138.7,76.9,118.7,118.8,143.0,107.5,147.4,159.4,129.7,123.8,107.3,173.7,120.8,138.7,178.7,80.8,MIEF1,145.73199999999994,127.84727272727268,0.8772765948952373
204264_at,48.5,55.3,65.2,49.3,50.1,37.4,52.9,4.5,70.4,51.8,57.6,65.8,40.8,34.1,55.0,40.6,32.2,26.0,34.5,55.5,47.1,47.3,46.8,52.4,22.2,48.4,21.9,51.0,60.3,3.5,33.6,39.6,47.9,48.2,48.1,50.4,42.5,51.5,59.0,61.4,49.7,49.6,52.7,40.6,2.9,47.6,39.0,62.9,22.3,33.4,35.0,39.2,52.0,30.9,41.8,44.7,58.5,61.9,42.3,37.1,27.5,33.4,56.0,35.6,34.1,40.6,52.3,40.5,32.2,58.0,63.0,20.1,62.2,39.4,35.3,32.2,41.0,20.7,41.8,30.5,25.5,64.8,35.6,41.4,34.0,48.5,49.6,16.1,53.5,29.3,39.5,30.2,51.7,37.5,39.9,40.8,42.1,19.5,8.2,35.9,38.8,13.6,35.7,53.4,8.6,CPT2,44.22600000000001,38.79090909090909,0.877106432661988
221516_s_at,291.6,277.6,237.7,390.2,317.6,372.7,256.2,179.3,217.5,241.3,256.8,237.9,238.3,174.9,259.2,317.6,178.6,214.5,122.9,268.8,279.7,135.0,245.2,337.4,306.7,221.1,357.6,253.6,202.2,222.9,202.2,246.5,241.9,217.9,273.1,263.1,330.8,251.4,242.9,188.9,240.7,210.2,285.2,281.9,197.9,308.9,268.3,226.4,269.9,247.2,194.3,216.0,172.5,203.8,212.9,263.4,158.6,270.1,294.1,239.8,199.0,280.9,195.0,167.7,164.9,232.5,219.0,190.2,161.1,151.3,182.5,185.4,213.5,324.4,249.7,209.1,244.1,243.7,250.7,209.1,249.5,206.0,231.0,204.2,184.2,288.4,244.4,103.9,235.1,256.2,195.6,222.2,206.6,254.5,173.0,246.3,295.5,209.3,245.6,244.8,315.9,200.6,209.7,253.4,187.4,MIEF1,252.158,221.13818181818178,0.8769826133542532
212683_at,252.8,199.6,190.0,319.5,193.2,162.8,169.6,220.8,146.3,238.5,252.1,145.8,333.5,302.8,196.9,253.6,331.3,269.9,258.7,201.2,251.4,193.8,214.2,210.1,242.0,259.9,237.0,215.2,301.7,265.8,274.6,175.9,264.3,168.1,155.7,260.0,265.9,241.0,227.6,204.4,251.8,245.2,232.5,164.4,184.4,240.0,297.4,161.6,240.6,190.9,230.6,237.6,149.5,214.6,171.2,199.8,184.9,216.6,221.2,187.4,209.0,187.9,211.2,253.9,228.9,228.3,120.4,106.0,276.0,144.3,238.9,191.5,248.0,180.6,405.7,195.3,255.3,200.1,240.9,215.2,183.2,279.5,104.4,188.8,225.0,160.6,168.3,225.9,173.8,292.4,158.8,187.7,185.6,131.6,201.5,157.1,125.9,162.5,179.2,176.6,213.3,144.0,197.7,280.4,205.8,SLC25A44,229.52599999999995,201.09818181818184,0.8761455426321283
219448_at,37.9,11.1,12.7,44.3,14.2,22.6,15.2,18.3,52.6,5.6,30.9,42.4,33.0,74.5,82.7,24.9,61.5,16.4,17.8,40.7,13.2,70.0,4.2,22.5,35.1,4.7,9.1,76.2,20.1,2.8,17.8,3.1,11.7,44.8,9.4,12.0,5.8,12.1,24.9,28.6,15.6,45.2,36.0,7.7,10.6,59.0,34.6,39.8,12.0,9.1,46.7,12.8,59.5,27.9,9.8,3.6,35.4,4.9,56.4,7.4,31.3,14.2,2.6,67.2,46.6,9.3,36.5,57.8,9.8,4.1,8.2,11.6,45.6,35.6,13.1,34.5,37.6,18.5,10.3,5.4,21.6,40.3,11.1,55.4,5.3,5.4,16.9,55.8,4.1,27.2,10.5,15.0,5.4,37.8,15.8,15.8,48.3,7.1,8.7,4.4,13.7,72.5,9.4,17.4,18.5,TMEM70,27.139999999999997,23.774545454545457,0.8759965163797148
218749_s_at,34.3,29.2,63.5,95.7,26.7,29.0,103.8,70.8,25.2,33.4,26.5,41.5,12.4,46.8,102.8,44.9,38.8,52.3,132.1,25.9,31.9,100.9,22.1,31.8,126.0,30.6,75.9,31.3,23.4,30.4,50.6,26.6,92.7,57.7,97.9,44.1,42.0,21.9,50.2,25.7,46.5,21.5,42.5,24.8,29.1,48.5,81.5,76.1,168.6,24.0,94.2,31.2,14.6,38.9,149.6,57.7,71.4,29.0,23.4,41.3,67.5,12.6,32.0,21.3,63.9,28.9,28.8,24.5,37.1,49.9,37.1,29.5,32.2,125.7,71.4,29.9,70.1,24.8,30.1,26.3,110.6,29.0,73.3,26.0,37.0,28.3,45.0,32.1,30.2,35.4,30.5,38.0,185.8,22.5,23.7,26.1,23.2,36.6,42.1,33.8,51.1,25.6,46.9,61.7,27.8,SLC8B1,52.24799999999999,45.76727272727272,0.8759621942901685
219397_at,200.7,150.1,221.4,165.5,214.0,193.3,235.6,203.6,243.8,294.3,133.1,277.1,130.0,182.1,238.6,205.2,190.9,149.6,206.8,125.3,199.7,277.2,230.7,211.9,201.4,163.8,149.2,196.9,142.7,93.8,167.8,169.5,133.0,173.6,159.9,116.4,170.8,148.1,133.9,170.6,227.6,190.9,158.8,175.8,139.3,92.2,133.7,131.6,193.6,186.5,167.0,202.9,167.2,180.2,233.3,195.0,177.1,182.1,142.3,117.6,135.6,190.5,131.9,153.9,197.3,161.7,197.8,201.6,108.7,154.8,188.6,140.7,206.8,141.7,205.9,157.4,179.0,154.2,228.1,168.7,155.5,106.1,129.0,173.0,130.7,141.1,139.2,160.4,155.0,203.9,212.9,162.5,126.4,153.8,187.6,164.3,112.9,79.8,156.3,149.1,134.5,111.9,101.8,67.5,88.0,COQ10B,180.03800000000004,157.68727272727267,0.8758555012123698
203176_s_at,38.6,37.5,27.2,7.4,47.9,40.5,46.0,7.5,48.2,30.7,17.7,26.5,2.5,4.5,43.0,55.0,12.8,7.1,26.2,22.9,21.9,6.0,35.0,2.3,4.5,37.3,47.0,38.0,35.4,47.2,29.7,45.0,5.6,57.2,44.5,31.7,11.3,27.9,30.9,24.5,43.6,54.7,29.3,61.5,20.3,44.0,7.8,10.1,27.1,50.0,61.0,19.1,27.8,23.7,36.5,16.4,29.7,32.6,4.5,5.0,27.8,23.3,33.0,4.7,23.4,40.4,39.1,27.8,9.9,6.0,36.4,9.1,37.4,18.4,33.0,32.5,25.7,29.8,2.2,35.2,13.1,8.0,33.7,9.1,3.0,37.6,39.3,21.5,26.0,8.1,31.8,8.3,45.4,21.0,6.7,54.9,48.5,13.3,20.3,49.8,51.2,16.2,40.1,37.7,29.2,TFAM,29.619999999999994,25.912727272727274,0.8748388680866739
203646_at,29.6,31.0,50.3,13.9,14.6,47.6,53.4,23.4,32.2,13.7,31.0,19.5,37.2,36.4,32.0,33.4,21.1,39.5,54.4,34.4,44.0,57.4,45.2,22.4,29.2,26.3,24.9,30.4,21.6,23.7,9.4,30.1,31.2,9.0,32.2,6.9,38.4,21.0,26.9,25.7,26.7,18.3,14.3,47.6,46.0,3.5,25.4,17.9,21.7,25.2,36.9,40.4,58.3,39.3,38.1,1.5,13.4,18.8,15.7,39.5,30.3,52.8,18.5,15.9,34.7,29.6,23.3,40.1,29.2,4.7,22.6,9.4,35.4,17.4,22.0,40.4,23.6,41.7,3.0,17.4,3.1,15.6,23.7,5.3,55.5,33.6,26.2,15.8,23.1,36.8,25.2,48.0,45.6,16.2,3.6,8.3,42.0,24.7,51.6,2.6,43.1,4.9,20.4,3.2,4.2,FDX1,29.022000000000006,25.385454545454547,0.8746969383727704
220236_at,94.5,121.9,78.0,56.5,86.5,85.8,86.8,154.2,107.5,111.2,112.8,73.8,54.4,134.9,125.3,101.2,142.9,81.8,166.0,63.5,74.2,98.6,93.8,81.4,61.9,42.4,63.4,116.7,57.4,58.6,81.6,61.3,85.1,49.8,59.8,85.0,103.0,53.7,72.7,54.3,63.8,69.6,70.9,120.5,79.3,47.0,81.4,65.7,84.7,43.0,101.0,45.8,45.6,36.7,73.5,79.4,47.8,63.5,59.5,79.3,35.9,70.4,55.6,49.1,56.0,78.0,72.5,70.7,96.7,45.4,119.0,67.3,64.1,50.3,90.3,53.2,58.0,55.2,92.9,72.3,72.4,39.6,88.1,58.8,63.9,34.5,103.1,113.0,104.5,88.7,69.0,85.9,42.8,54.3,69.6,103.9,128.5,85.7,133.5,127.4,88.7,117.6,65.3,40.2,94.3,PDPR,84.402,73.78727272727274,0.8742360693736254
209273_s_at,199.1,158.3,128.1,160.5,86.7,130.1,149.6,193.6,157.4,74.4,191.5,103.2,94.7,286.8,134.8,193.8,112.9,103.3,154.1,132.3,249.2,139.7,107.4,93.9,162.0,213.3,180.5,92.7,140.7,343.7,116.9,133.5,194.5,155.8,128.1,185.2,135.6,125.5,172.0,125.2,93.1,100.1,82.5,196.8,263.1,80.6,135.4,150.8,224.1,90.2,302.9,119.8,131.0,88.2,138.6,149.9,77.0,96.7,103.2,144.4,108.8,77.3,161.1,131.4,232.2,95.8,108.6,140.5,169.5,238.5,128.8,116.2,75.8,178.7,107.0,222.4,70.0,105.5,68.7,68.3,70.7,112.4,178.9,80.9,94.1,117.9,90.9,112.0,70.1,73.1,83.3,239.8,188.8,88.5,97.0,93.6,254.0,171.5,153.7,410.1,133.6,31.1,101.6,64.5,197.5,ISCA1,151.14600000000007,132.11636363636367,0.8740976515181587
205273_s_at,65.4,109.8,152.4,169.5,142.3,142.5,136.0,37.2,86.7,142.6,92.8,81.9,125.2,99.8,113.0,126.5,131.1,31.9,18.2,164.2,112.0,93.7,120.5,95.8,72.2,123.0,98.8,200.8,136.6,108.7,100.1,154.0,105.9,131.0,129.7,123.6,91.2,81.0,155.1,124.3,158.2,94.8,174.9,123.3,98.6,144.5,118.2,169.3,113.6,109.3,119.6,130.1,166.5,97.1,79.9,198.9,120.6,194.3,164.3,28.2,72.0,107.8,164.5,74.3,58.4,86.7,136.9,98.2,69.9,87.2,79.6,94.7,70.5,102.3,52.2,107.2,136.2,85.1,132.9,132.3,126.6,48.8,108.1,73.2,115.7,127.1,155.6,115.4,95.9,111.2,153.6,88.9,45.9,153.5,73.8,102.1,44.1,35.6,56.4,79.8,69.2,70.7,136.0,115.5,54.4,PITRM1,116.63400000000001,101.91818181818178,0.8738290877289793
218939_at,77.5,70.0,81.0,110.7,74.4,22.1,79.4,99.8,45.4,86.9,99.2,84.9,70.3,84.5,73.5,140.0,82.5,103.2,105.4,79.9,73.3,74.2,69.1,62.8,83.8,24.4,131.3,120.6,85.6,124.9,35.0,61.6,57.6,41.7,58.3,60.4,91.8,87.9,61.9,37.3,76.4,16.2,72.6,63.7,89.2,55.3,71.2,40.7,66.7,107.3,22.8,92.5,27.3,47.2,98.2,109.3,58.8,73.2,42.8,136.7,49.1,62.9,60.9,59.1,91.2,29.8,70.6,48.6,105.7,55.4,161.9,79.9,84.8,49.8,99.5,75.2,83.6,61.6,83.8,27.5,47.2,92.3,49.9,52.7,77.0,97.6,66.0,68.5,99.2,46.0,15.0,107.5,42.3,38.8,16.0,56.4,40.2,47.3,111.8,121.2,13.9,21.0,30.5,70.8,46.7,LETM1,75.46799999999999,65.91818181818182,0.8734587085676291
222117_s_at,22.8,17.9,19.8,7.3,16.8,16.5,15.6,46.0,18.1,13.9,19.3,21.3,16.9,28.3,19.0,24.6,22.6,30.8,32.2,14.1,10.4,23.5,6.1,17.9,16.2,12.6,22.7,3.6,55.6,53.4,8.7,14.8,21.8,16.7,18.0,6.4,15.5,44.8,9.9,7.3,17.2,14.8,13.3,24.4,17.3,18.7,11.0,14.5,17.0,19.2,28.2,5.9,13.3,9.3,14.1,12.7,17.5,13.4,14.7,13.0,11.8,13.2,9.3,15.1,32.7,17.2,4.4,14.4,16.0,16.5,11.8,3.9,16.6,20.1,19.5,31.0,20.3,11.1,9.9,5.2,8.3,17.6,9.9,18.4,8.3,14.0,24.9,18.5,23.3,32.9,16.4,21.4,20.4,10.7,16.5,49.9,13.0,27.2,18.2,16.9,10.5,26.0,13.7,18.8,40.3,ADCK2,19.541999999999998,17.056363636363635,0.8728054260753063
218275_at,24.7,34.6,42.8,70.6,66.0,42.9,42.2,68.3,30.4,51.3,46.4,23.3,37.2,73.9,26.5,66.9,45.9,70.6,64.9,38.3,21.4,18.1,10.7,43.8,23.1,12.4,38.9,54.4,41.9,34.3,73.5,15.7,53.2,41.3,30.1,25.7,75.6,34.4,44.5,34.2,51.9,12.8,71.6,12.2,65.6,80.9,55.5,61.6,63.3,70.7,37.2,49.0,27.4,29.5,33.4,16.3,46.1,35.3,40.0,83.5,42.9,32.5,18.3,35.5,46.7,15.9,40.5,34.7,92.8,23.6,43.2,34.6,56.9,84.2,43.3,35.0,21.8,7.1,5.8,6.4,36.4,57.7,40.4,88.8,31.9,27.2,74.0,34.9,46.3,44.7,9.6,17.4,50.1,45.6,38.0,55.9,14.8,31.8,13.5,68.6,42.8,54.8,21.4,79.4,5.1,SLC25A10,44.82,39.1,0.8723784024988844
217806_s_at,186.8,199.9,196.7,182.2,175.2,135.4,149.5,154.4,206.8,205.3,158.3,198.9,161.5,157.1,185.9,170.4,171.8,172.1,208.1,176.6,128.8,143.4,159.5,203.7,84.9,194.2,124.1,186.9,145.0,202.4,144.3,143.5,149.0,174.0,135.2,134.1,109.4,151.7,136.4,118.0,156.0,131.6,129.3,107.1,123.3,137.5,118.7,164.0,100.7,164.1,148.5,121.5,127.0,116.6,110.6,139.9,158.3,132.5,160.2,127.4,106.2,134.5,138.4,128.4,153.8,161.6,102.7,115.5,189.2,118.9,121.6,149.3,136.6,145.4,129.4,132.9,106.2,122.1,193.4,178.7,143.4,108.5,133.4,135.8,182.1,144.2,173.8,140.7,177.5,93.6,208.7,125.8,146.5,94.2,124.0,95.0,180.5,179.4,145.2,102.8,170.4,8.9,111.1,248.3,51.2,POLDIP2,157.07399999999998,136.95090909090908,0.8718878305187943
218536_at,93.7,94.2,83.2,71.4,107.5,96.3,87.5,98.4,100.4,107.3,96.8,122.4,73.5,86.3,78.9,88.2,91.9,75.1,84.7,73.1,81.4,131.8,73.1,106.6,86.5,95.4,94.6,99.2,75.2,73.0,64.1,66.5,74.5,109.9,82.7,70.3,45.7,68.1,68.1,85.3,111.2,59.0,53.4,82.2,113.6,85.2,53.4,120.8,74.1,91.1,75.9,73.1,92.7,103.4,87.5,76.7,77.9,94.1,64.7,58.9,65.0,83.4,86.5,65.4,83.0,134.8,62.5,92.0,90.2,89.7,141.4,93.2,47.9,53.7,50.4,74.4,58.2,57.5,73.1,86.8,85.7,104.4,131.1,47.3,63.2,57.2,59.1,54.4,67.9,86.1,91.2,68.5,67.8,76.1,88.1,59.4,100.7,11.7,100.9,29.2,73.5,60.2,64.6,41.7,44.9,MRS2,86.13599999999998,75.07090909090907,0.8715392993743508
219281_at,377.6,258.5,259.5,257.9,250.8,221.5,274.5,238.6,195.7,368.7,191.5,168.6,238.5,219.4,257.8,266.0,268.3,209.0,284.0,177.3,184.1,195.9,170.7,232.1,192.3,196.6,242.6,289.0,208.3,177.4,253.1,177.0,174.7,193.6,227.4,161.0,271.3,210.6,272.7,225.6,230.1,195.8,163.3,240.8,276.4,145.8,291.5,214.8,221.7,214.1,342.4,139.9,152.8,154.5,150.7,135.9,152.4,276.2,181.8,210.8,155.6,229.8,244.6,241.1,167.8,201.1,174.3,156.8,226.2,147.4,248.8,196.0,169.8,118.0,171.1,122.3,183.9,117.8,133.9,227.9,141.6,165.3,196.7,274.9,136.0,258.5,175.0,219.4,189.6,194.6,248.0,276.1,184.6,160.7,278.4,206.2,225.2,362.8,293.2,289.3,183.2,149.2,186.9,261.8,171.7,MSRA,228.67999999999995,199.28181818181824,0.8714440186366026
202698_x_at,892.4,1011.7,1250.7,1518.3,1067.9,1600.4,983.7,1380.9,1017.6,1057.5,1158.0,699.6,1397.6,1564.2,1287.3,876.8,1619.4,1647.1,1512.2,1277.8,1268.3,1256.8,1364.3,1237.4,1317.5,1018.7,1353.6,1305.3,1298.9,1122.2,1646.3,1020.7,1283.9,1128.6,1146.1,1064.0,1148.5,1212.0,943.6,1198.1,1262.2,1144.1,1306.9,1040.1,1040.6,1046.6,1081.6,1254.5,902.3,905.3,747.7,1218.3,1434.8,1536.3,1369.6,1646.0,1277.6,1444.0,1100.7,783.2,1126.0,1047.8,1114.7,964.0,889.0,1265.2,1150.7,1132.6,939.2,1102.6,966.3,1017.7,1010.2,1256.5,874.6,1164.5,1259.5,1170.5,939.9,1088.4,1076.5,993.1,1302.5,1070.2,959.4,1144.4,954.2,835.2,758.0,699.8,963.9,718.9,822.8,1279.5,818.0,833.5,831.4,759.5,669.8,777.2,749.0,717.6,1345.8,1328.9,1168.9,COX4I1,1202.802,1047.5654545454547,0.8709375728885176
212449_s_at,113.2,147.5,77.9,72.3,90.7,116.3,146.7,142.3,112.9,74.7,136.8,233.5,77.4,123.4,153.1,130.0,45.9,54.2,15.6,108.2,116.8,175.0,222.4,139.0,161.9,184.5,108.3,51.7,165.2,120.8,45.4,173.7,66.2,171.8,103.8,154.4,110.1,178.1,61.7,147.3,61.7,118.6,145.1,118.0,124.8,87.7,102.9,132.4,126.2,128.0,118.6,136.6,185.8,190.7,162.4,118.4,150.2,124.6,98.3,79.6,184.6,71.2,77.3,190.0,154.3,140.2,179.7,160.4,108.0,73.1,78.8,97.7,128.5,148.1,113.2,134.8,114.8,117.6,68.5,129.3,81.1,63.3,119.5,60.9,84.3,54.7,81.1,118.9,31.6,39.2,110.0,55.2,95.8,107.8,95.8,94.3,85.5,63.3,94.1,55.8,2.7,46.9,112.1,19.3,112.7,LYPLA1,119.52199999999999,104.02181818181819,0.8703152405567025
201597_at,612.5,870.0,814.8,723.9,806.4,970.2,754.1,1099.0,770.7,760.2,648.9,489.3,545.9,853.8,975.2,877.7,1099.8,727.2,991.9,834.9,1343.3,1023.2,1222.4,759.5,828.0,781.2,939.5,983.3,957.7,671.4,913.6,1089.3,782.3,710.4,608.5,601.0,484.0,613.8,688.0,830.0,623.4,533.4,579.7,374.9,420.9,457.0,497.6,709.7,563.9,613.7,738.5,530.8,774.8,712.2,733.1,774.0,926.7,520.2,831.8,562.3,941.8,845.6,787.2,563.6,617.9,903.2,907.7,1077.5,580.8,546.6,520.6,562.7,857.0,993.5,489.5,813.2,699.2,564.2,573.0,659.2,563.1,519.8,719.0,750.9,683.0,508.0,516.0,599.0,623.8,408.8,586.6,432.4,608.0,865.0,585.8,617.8,403.4,426.3,453.8,527.8,506.2,727.4,875.0,587.0,1069.5,COX7A2,768.62,668.5781818181819,0.8698422911428038
201612_at,406.3,467.6,327.9,422.9,441.2,368.6,330.1,255.3,283.3,319.5,298.4,277.2,271.6,199.5,287.1,251.4,266.6,240.1,354.6,284.1,224.1,286.4,360.1,314.5,286.4,228.0,334.0,277.1,310.9,346.4,291.4,210.9,320.1,302.0,229.7,448.2,306.6,360.1,361.0,214.9,347.8,265.9,310.1,161.9,148.5,291.1,293.9,264.8,214.5,311.3,254.7,242.5,236.8,346.0,223.9,286.4,235.5,261.8,254.0,260.5,238.2,308.6,169.7,287.3,268.8,291.4,276.5,224.8,337.9,276.1,270.2,251.5,360.5,268.7,233.8,145.3,299.0,195.7,382.1,303.0,230.0,313.3,232.6,182.4,273.3,307.1,397.2,273.0,251.6,303.2,275.8,299.6,289.9,206.8,264.4,220.4,218.1,319.9,332.3,254.7,232.1,159.5,206.3,194.9,95.6,ALDH9A1,299.51800000000003,260.4581818181818,0.8695910823996613
217636_at,25.1,32.2,27.6,25.8,33.8,22.1,20.5,7.9,19.7,33.2,20.4,55.6,8.8,10.8,8.9,34.3,6.7,58.5,15.1,4.1,3.9,20.8,7.8,10.6,8.9,5.1,20.2,14.3,10.8,5.6,15.8,16.1,11.3,8.1,6.9,12.6,16.1,4.8,22.6,8.6,10.0,5.0,8.1,21.8,4.7,11.3,10.3,13.4,8.9,7.1,7.8,15.8,5.8,9.9,8.7,9.9,7.6,6.8,4.7,10.7,4.7,9.0,7.2,7.1,4.2,38.4,6.8,8.6,26.4,5.2,12.5,2.4,11.8,4.4,12.5,28.4,6.8,12.6,6.9,6.3,8.3,73.8,16.9,6.8,11.1,10.1,21.2,6.8,25.1,15.4,28.7,9.7,13.5,8.9,9.9,39.0,6.1,8.7,17.1,6.9,11.6,10.5,16.7,69.5,5.3,POLG,16.052,13.954545454545459,0.8693337562014365
222131_x_at,110.2,107.4,70.9,58.1,130.5,75.4,83.9,79.8,96.8,65.0,50.4,77.1,26.7,55.4,81.7,130.3,90.7,135.7,38.2,63.1,59.3,98.3,63.5,81.0,96.9,62.3,86.1,61.9,100.1,27.4,55.7,21.8,107.1,19.7,77.3,56.7,150.3,112.4,28.1,42.2,10.3,46.2,9.6,81.4,76.2,14.7,67.0,66.7,125.7,130.9,66.4,49.8,125.5,57.3,82.1,60.9,88.9,53.3,109.2,43.6,35.2,7.1,127.4,54.8,78.8,58.9,31.9,21.2,98.0,35.0,52.1,66.2,117.0,69.5,103.5,22.7,45.1,35.7,14.8,26.1,68.9,86.2,48.0,23.6,91.9,63.0,59.7,28.6,31.1,143.8,29.8,24.3,87.3,57.8,148.9,86.5,195.2,29.8,98.6,35.1,89.7,22.1,8.8,11.5,95.0,RHOT2,73.28199999999998,63.69454545454547,0.869170402753002
214330_at,6.5,65.6,69.2,52.9,46.4,40.6,71.0,55.9,36.0,81.9,29.3,75.1,37.4,56.8,15.6,51.7,53.5,22.6,14.6,34.5,50.7,10.3,37.0,58.4,27.9,46.9,13.1,53.2,23.1,35.0,12.9,44.0,36.4,30.5,25.2,23.6,45.4,63.2,43.2,41.0,48.4,36.2,27.5,116.2,47.2,11.0,38.5,13.7,3.1,26.3,86.2,8.1,9.6,38.3,29.9,33.8,33.2,69.2,3.5,47.9,28.6,10.5,73.2,45.0,14.4,46.1,54.1,54.0,26.8,57.8,86.8,26.5,34.8,58.1,51.9,50.0,14.6,15.6,38.7,47.3,40.5,5.1,34.1,12.2,34.4,5.5,14.2,37.6,49.1,11.9,44.4,49.0,7.5,57.1,43.5,12.6,28.5,31.1,31.6,5.8,79.6,13.6,10.9,12.9,48.3,ATPAF2,40.12400000000001,34.827272727272714,0.8679910459394055
202825_at,20.3,16.7,52.5,31.5,42.3,61.3,23.2,31.9,11.3,13.2,16.7,17.5,9.4,12.5,6.7,8.6,8.2,15.5,10.5,14.7,13.7,12.6,35.0,56.5,56.2,33.4,20.6,7.9,11.1,51.4,11.2,6.3,16.4,52.3,29.3,9.2,33.7,10.4,30.7,15.3,51.6,36.3,51.3,41.7,84.9,12.8,42.7,64.2,35.6,21.7,13.0,22.2,62.2,49.6,24.4,11.5,29.8,12.3,50.7,12.5,5.5,14.0,20.4,36.3,20.6,11.6,13.9,17.7,13.1,13.3,20.2,78.7,31.1,29.4,11.8,10.7,76.0,10.4,18.8,5.9,12.5,37.1,11.3,14.9,9.1,17.4,23.3,13.5,14.5,11.8,19.2,14.5,9.2,18.9,9.4,11.0,20.6,15.7,44.5,17.4,10.2,54.8,63.1,19.5,76.0,SLC25A4,27.61,23.945454545454545,0.8672747028415265
206790_s_at,165.7,148.8,222.6,149.1,204.8,333.5,199.4,300.3,204.2,197.2,369.2,169.3,210.9,305.6,254.5,183.0,192.5,266.3,249.4,207.1,250.4,159.6,269.1,156.2,186.5,146.3,245.9,182.1,226.2,237.0,251.7,219.1,217.9,191.8,152.3,134.2,122.5,114.8,144.2,175.3,116.0,176.9,189.5,175.6,191.3,174.5,170.7,211.0,250.5,220.9,207.7,200.3,287.5,257.1,198.3,181.2,231.4,122.5,271.3,245.3,328.2,171.7,177.7,159.4,113.3,240.1,167.0,212.7,177.7,99.9,295.9,163.7,116.7,140.8,204.6,180.0,138.5,155.2,176.3,138.5,163.3,193.1,230.1,238.9,154.0,165.4,136.8,138.8,153.1,69.0,198.4,116.7,156.5,114.8,201.5,151.6,169.2,141.9,172.6,124.5,124.4,124.1,204.3,196.3,124.3,NDUFB1,203.868,176.80181818181816,0.8672367325024927
212312_at,228.0,409.5,147.9,267.2,224.4,403.3,150.1,456.1,214.3,127.8,286.0,155.3,247.5,779.0,147.3,373.9,171.6,628.3,285.0,197.2,451.0,221.0,89.6,299.5,489.4,285.9,400.6,314.5,148.3,486.8,202.0,144.5,464.8,249.0,466.3,230.4,436.4,340.4,244.0,135.1,231.3,131.2,110.9,383.6,559.9,364.5,503.0,223.9,587.3,269.8,365.0,251.0,360.1,236.2,450.8,192.0,266.6,206.8,180.2,528.7,109.6,197.7,356.5,298.9,256.4,179.0,175.9,174.9,371.8,328.1,299.8,184.1,135.7,212.5,274.0,309.4,110.6,161.4,121.4,169.9,164.8,242.9,339.4,185.8,188.2,293.0,502.3,218.1,429.9,482.0,178.2,518.3,382.0,207.5,118.7,129.2,340.5,379.4,322.4,335.8,398.5,349.5,89.9,184.1,208.0,BCL2L1,307.2919999999999,266.4254545454545,0.8670107082041009
204920_at,95.2,107.3,72.6,73.2,109.1,33.3,106.2,159.6,97.4,102.4,75.3,151.5,44.9,133.5,145.2,114.1,144.9,133.8,93.8,40.6,54.0,124.3,52.1,64.7,107.6,72.5,111.6,105.8,53.3,55.7,30.9,39.9,72.1,72.0,61.0,57.4,67.3,64.5,65.3,67.0,79.2,33.4,62.9,85.3,35.9,71.1,60.9,59.9,58.8,45.5,89.2,43.1,50.0,44.4,66.1,49.5,52.5,57.0,97.4,60.8,60.1,95.6,79.5,52.8,30.2,58.7,48.8,35.5,29.6,82.5,62.2,91.1,42.0,45.5,61.1,92.8,20.2,43.5,71.8,105.7,72.2,91.4,107.1,47.7,95.5,58.4,62.8,87.8,58.0,130.3,44.6,103.3,54.1,59.7,99.9,48.7,134.8,74.7,99.2,139.7,78.6,39.2,62.6,98.5,66.5,CPS1,80.51600000000002,69.7181818181818,0.8658922676012443
221588_x_at,103.6,101.5,106.5,128.9,136.2,105.2,96.2,110.2,108.4,103.1,119.1,132.9,105.2,52.5,128.1,122.5,104.6,78.7,155.8,77.5,82.0,47.0,69.1,104.7,66.3,65.6,79.9,114.7,68.1,55.4,35.9,48.1,72.8,64.6,81.2,96.5,129.6,73.9,110.4,70.3,111.2,91.5,136.0,108.8,79.7,96.5,83.7,92.1,79.1,43.1,63.0,99.9,46.9,67.0,79.2,71.7,89.9,77.5,72.9,112.1,63.3,134.7,66.9,94.6,55.9,119.7,131.7,110.3,70.8,93.7,82.9,104.1,141.7,97.6,46.9,79.7,85.0,86.1,93.8,61.0,53.3,55.3,60.7,44.3,72.7,50.9,84.9,68.6,80.0,94.8,54.6,37.0,69.4,53.8,85.6,68.3,100.4,138.5,101.1,90.2,82.2,111.5,71.9,35.8,47.0,ALDH6A1,92.69000000000001,80.24181818181819,0.8657009189968516
218096_at,90.0,88.9,75.1,53.8,90.5,80.2,72.8,71.5,103.1,68.1,86.0,94.7,40.9,79.2,46.7,77.6,68.0,46.7,68.1,73.3,79.4,86.9,64.0,84.1,63.9,59.3,93.8,96.9,52.9,60.0,81.6,78.1,78.4,69.5,87.3,78.4,38.6,58.3,60.6,71.5,99.0,68.0,53.2,58.7,93.6,90.7,77.3,74.3,94.5,31.0,53.9,58.7,103.0,69.9,74.0,81.2,55.7,79.9,59.7,51.9,44.2,67.6,49.5,75.8,56.2,59.9,71.9,107.0,80.1,75.0,13.8,92.2,64.5,81.8,75.3,79.7,60.1,81.5,70.1,41.9,46.1,24.4,50.0,42.0,29.3,27.6,87.6,49.4,60.9,9.7,71.0,69.2,73.9,68.4,75.8,60.4,82.4,71.8,123.6,93.7,39.6,37.0,81.7,36.6,34.5,AGPAT5,73.18,63.32,0.8652637332604536
215432_at,10.0,9.3,18.1,20.7,9.4,13.5,19.0,14.7,13.2,10.0,27.7,50.5,42.0,13.9,8.3,8.9,17.0,22.0,20.4,43.1,6.6,20.9,10.2,21.6,3.3,2.6,16.5,29.7,5.8,10.5,6.3,2.9,5.9,2.3,14.8,5.7,2.8,24.8,2.5,8.2,17.9,25.7,15.8,33.1,8.3,7.9,4.9,11.9,8.9,15.5,11.3,8.2,6.0,14.7,18.0,6.3,16.3,19.8,13.8,7.9,12.5,8.4,7.4,27.7,5.7,8.1,2.5,11.7,8.3,6.4,5.8,18.8,7.8,6.6,3.2,7.6,5.7,6.7,16.2,21.1,49.4,13.7,3.6,51.0,12.4,16.0,7.1,2.8,13.8,53.9,2.3,14.5,6.4,14.8,6.4,31.0,3.8,8.2,12.8,3.6,29.5,7.3,6.2,8.6,9.7,ACSM1,14.909999999999995,12.896363636363635,0.8649472593134567
203458_at,109.2,103.2,83.8,114.6,109.0,157.9,77.0,108.7,69.6,97.7,70.9,114.7,71.3,99.8,115.5,74.6,169.1,94.7,84.1,98.5,77.7,55.2,125.5,75.3,88.9,60.5,136.4,99.5,53.9,75.2,118.9,101.9,92.2,43.7,87.8,55.5,86.3,98.1,70.8,79.6,27.2,84.9,120.9,104.5,70.5,217.8,46.5,79.6,125.1,108.7,96.4,98.4,64.5,90.9,90.4,88.3,78.4,114.3,92.9,83.1,37.5,82.7,6.4,64.3,84.9,57.1,49.7,79.2,68.6,37.4,43.0,80.4,42.7,60.8,98.6,81.1,112.8,74.1,104.9,123.7,65.3,14.7,75.0,67.8,56.9,102.3,124.9,64.9,169.0,140.5,70.7,100.0,122.6,43.1,41.4,116.9,116.1,37.0,51.8,61.1,86.1,214.7,17.9,95.3,117.5,SPR,93.85000000000002,81.10909090909091,0.8642417784666051
211196_at,64.4,49.1,48.5,37.1,63.9,46.7,39.6,9.0,45.8,57.4,42.8,51.6,34.6,38.3,39.6,32.3,41.4,35.0,53.9,9.0,62.3,74.2,31.0,48.8,26.0,54.9,60.1,49.1,35.1,71.6,65.1,64.9,38.5,26.1,39.1,52.0,7.4,50.2,40.3,37.8,28.7,9.2,6.8,85.2,49.8,56.1,44.0,13.6,40.2,12.1,39.1,23.1,31.3,41.2,29.1,66.9,23.8,47.9,39.5,99.4,27.5,9.3,69.7,58.8,4.3,64.0,25.1,50.3,34.7,8.3,94.6,79.1,58.5,12.4,58.1,32.2,20.7,12.6,41.6,6.3,49.4,11.1,27.4,10.0,22.3,24.3,61.0,25.5,69.0,12.4,31.6,53.4,22.4,29.1,36.9,30.9,4.4,47.7,14.7,83.0,6.3,55.5,53.8,15.9,6.1,DBT,42.403999999999975,36.60909090909092,0.8633405081853348
217972_at,116.5,111.7,126.8,120.6,120.8,153.5,126.8,129.7,84.6,107.7,91.0,206.8,83.6,148.7,161.5,119.3,120.6,115.8,80.4,85.1,163.1,106.0,57.4,187.8,173.9,109.2,83.6,80.3,118.6,118.9,138.1,133.3,86.1,108.8,105.9,84.0,109.6,88.6,120.6,107.9,135.8,140.0,104.7,117.7,131.1,95.0,110.0,149.3,140.9,126.0,132.1,112.3,184.4,84.7,125.1,150.8,124.8,45.2,105.2,75.9,105.3,109.3,138.4,105.8,111.2,92.8,100.8,99.3,51.7,97.9,91.0,122.2,83.8,146.7,16.8,112.0,76.9,144.9,55.9,84.6,95.3,58.1,127.1,106.5,107.8,81.3,76.8,95.7,140.3,92.6,65.8,67.1,48.0,213.8,123.6,127.5,58.0,140.0,97.0,140.0,115.4,31.0,153.9,66.2,111.4,CHCHD3,118.87400000000001,102.32727272727273,0.8608044881746447
209759_s_at,23.5,74.4,82.3,24.7,60.0,35.4,55.4,20.8,50.1,25.5,10.2,10.4,16.6,34.4,13.1,60.2,34.4,73.3,22.1,2.6,87.7,15.0,23.3,12.4,6.7,9.5,18.0,67.3,35.2,29.8,15.0,12.5,7.1,7.7,5.6,27.2,15.1,13.9,13.0,16.9,32.4,10.4,15.9,16.6,19.9,3.6,11.4,12.3,14.2,13.2,6.7,16.7,30.1,26.9,30.1,47.6,14.1,22.9,16.5,7.7,17.4,12.0,13.1,7.1,9.6,3.1,91.2,23.6,8.0,16.4,34.1,20.7,17.9,22.4,17.7,12.0,10.1,15.3,47.1,47.5,18.1,16.9,17.9,14.3,13.6,34.4,16.1,6.8,17.9,5.1,13.6,8.5,22.0,56.4,5.2,33.8,9.1,29.5,16.0,9.4,20.9,45.9,19.7,13.4,118.0,ECI1,26.364000000000004,22.69272727272728,0.8607467483207129
215088_s_at,226.1,145.6,204.6,158.4,176.7,147.5,218.2,170.8,138.4,168.8,108.0,167.0,142.6,211.5,194.7,196.9,147.7,209.7,154.9,141.8,215.6,224.0,93.6,213.8,146.4,191.9,189.9,114.7,203.3,171.9,230.5,126.9,190.1,169.1,194.6,210.6,160.4,130.1,183.2,138.8,134.7,167.8,172.4,162.0,198.3,155.8,149.8,225.5,150.9,147.0,146.1,186.2,160.1,194.9,186.7,162.9,162.2,142.5,123.6,120.4,150.3,129.2,189.2,232.4,168.5,197.0,278.5,156.4,163.0,196.3,113.3,154.4,149.2,232.0,137.8,172.6,129.1,203.0,128.4,85.8,183.3,138.0,124.6,156.4,172.1,128.9,134.8,147.7,111.9,112.9,153.7,131.7,112.4,109.7,115.9,138.4,126.2,131.0,87.9,143.8,81.8,72.7,82.5,118.4,167.4,SDHC,171.86999999999998,147.92909090909086,0.8607033857513869
213373_s_at,987.2,525.5,730.1,521.7,692.3,355.6,670.1,462.1,739.6,615.7,527.3,778.2,412.8,424.2,774.3,669.9,394.5,413.2,343.6,512.0,371.6,534.6,437.1,495.7,494.0,642.7,500.4,228.3,528.4,418.3,561.1,500.5,550.5,670.1,659.6,619.0,626.2,736.9,355.4,671.5,433.5,649.4,682.8,167.4,550.9,446.5,643.7,591.8,629.4,622.5,359.4,660.5,598.2,578.0,503.4,430.9,384.0,328.1,397.7,281.2,673.4,523.9,398.3,557.2,839.6,735.5,491.0,556.6,610.2,503.9,406.9,679.8,513.7,461.0,699.5,460.8,676.9,539.9,492.6,541.1,439.6,638.2,324.8,424.7,549.8,355.5,297.2,479.0,471.0,493.6,338.9,411.5,359.1,379.2,449.7,375.4,461.7,426.3,340.3,329.0,383.0,380.5,428.9,318.8,339.4,CASP8,551.3940000000001,474.1509090909091,0.8599130732124561
218435_at,44.0,15.8,44.9,15.5,33.0,93.0,59.1,26.4,56.7,13.2,16.8,20.3,26.1,18.6,42.4,15.8,13.4,17.0,13.8,37.8,69.3,27.7,59.7,47.8,61.7,51.0,27.8,19.1,61.2,6.7,99.9,28.4,22.9,60.6,22.1,10.6,15.7,12.8,65.6,47.6,73.6,39.0,38.1,98.2,59.4,16.9,47.6,65.5,37.6,14.3,10.2,58.7,114.7,54.9,87.6,62.0,48.0,70.7,11.6,13.7,34.4,59.2,46.8,38.7,11.9,55.5,6.0,72.1,52.8,10.4,6.0,13.3,32.3,6.7,5.4,40.7,61.0,14.4,58.1,37.9,14.4,13.5,15.1,14.5,7.0,56.8,3.6,14.3,44.4,6.7,66.9,19.2,38.9,94.6,7.7,19.0,54.0,6.6,3.5,11.3,4.8,15.1,57.0,2.7,38.3,DNAJC15,38.63999999999999,33.19272727272727,0.8590250329380764
218786_at,176.6,134.8,82.7,109.7,128.0,112.2,103.9,169.3,67.0,86.6,42.9,119.6,77.7,98.0,121.0,120.5,147.7,139.6,58.3,96.9,64.3,177.9,41.6,102.3,70.8,97.9,73.2,77.8,106.9,93.5,22.5,59.3,127.9,49.5,92.3,54.1,85.4,90.3,71.4,60.8,116.2,53.1,70.9,90.2,76.2,87.6,51.8,121.5,99.3,53.7,22.8,101.4,66.3,58.3,43.8,109.6,86.9,159.0,43.5,89.5,41.1,106.0,89.6,106.2,71.3,120.7,105.1,118.5,105.2,32.5,77.3,72.4,115.2,21.1,74.9,61.5,78.0,88.7,98.1,90.9,80.5,13.9,99.5,80.7,124.5,68.7,117.2,58.6,82.6,117.3,61.9,31.7,81.7,106.0,72.7,144.6,54.7,64.4,67.4,105.9,56.4,85.4,8.1,55.9,80.7,NT5DC3,92.66400000000003,79.57090909090905,0.8587035859763126
214749_s_at,453.0,418.4,391.8,436.5,400.1,642.8,464.6,461.6,459.0,387.0,415.1,277.7,390.5,478.2,434.4,323.3,594.6,479.4,461.7,433.2,481.4,489.3,547.2,544.3,582.8,427.4,404.8,593.2,408.8,454.8,428.4,482.5,493.7,416.6,477.9,357.6,471.6,345.5,429.9,378.4,563.4,399.7,449.1,579.0,429.1,504.5,465.7,496.8,390.7,448.9,295.8,383.6,519.6,387.5,488.4,661.0,426.2,511.2,338.1,432.7,295.0,522.0,463.9,407.8,313.3,343.5,406.3,334.8,313.6,341.7,221.4,246.1,306.6,562.6,328.0,241.4,390.9,389.9,445.0,464.9,342.2,418.2,468.7,325.2,351.9,490.0,456.5,374.0,467.6,254.7,506.4,353.0,339.0,471.0,382.2,408.3,324.1,378.1,355.7,344.3,412.5,386.6,418.9,425.1,246.9,ARMCX6,454.918,390.61636363636364,0.8586522486170335
217845_x_at,208.2,261.7,268.3,161.2,234.9,284.4,200.4,234.8,318.1,183.9,348.6,386.4,208.3,235.6,310.6,216.0,147.1,178.0,133.5,252.2,254.6,242.1,352.4,220.8,393.0,239.5,261.2,251.0,217.2,268.7,233.9,152.2,242.7,235.2,270.3,184.1,146.4,159.8,241.9,229.0,236.0,207.8,178.5,253.7,218.1,214.8,254.5,235.9,210.5,207.2,253.0,213.1,257.7,256.9,171.5,169.7,208.1,190.5,236.0,189.4,275.6,162.8,203.8,242.8,253.5,159.2,205.6,258.2,156.0,210.0,220.7,131.2,217.8,240.4,208.2,211.4,248.6,265.4,178.4,162.5,196.5,204.5,347.8,199.6,204.8,232.8,113.6,261.4,198.9,139.3,233.1,201.1,193.7,189.0,208.6,188.1,212.8,210.1,133.7,141.2,144.8,163.9,215.4,96.6,137.1,HIGD1A,235.70399999999998,202.29818181818183,0.8582721626199888
219616_at,51.9,52.2,42.4,47.8,59.5,53.6,45.9,87.5,47.9,64.8,46.1,77.1,39.1,56.3,53.6,46.1,76.7,53.6,72.8,51.6,51.8,64.2,51.6,56.8,34.5,58.8,51.7,69.8,36.9,69.5,32.0,56.6,25.6,40.3,66.7,34.5,33.7,47.1,20.4,40.3,39.0,42.6,46.2,58.8,26.4,43.2,37.9,19.3,25.5,31.5,65.7,46.6,38.2,25.3,27.6,48.3,30.4,48.8,42.0,39.7,14.4,48.8,47.6,20.3,46.4,38.8,44.1,41.3,43.7,53.4,85.3,44.3,50.7,42.0,43.2,41.2,19.6,15.4,28.2,56.1,46.9,29.1,40.6,59.1,43.3,10.2,57.8,23.0,50.8,64.6,67.0,27.2,36.9,35.3,50.1,58.8,4.0,72.8,89.2,21.9,52.4,57.4,45.5,14.3,4.9,ACSS3,48.794,41.82727272727273,0.8572216405146684
222056_s_at,58.6,45.9,93.1,46.0,107.1,41.0,82.0,14.6,82.7,34.7,57.8,103.3,71.3,70.3,104.3,16.5,151.3,20.5,42.2,130.4,37.2,54.0,12.9,80.0,22.0,28.5,32.1,87.8,44.3,13.5,113.9,60.6,17.6,82.2,85.5,63.6,12.1,135.2,70.3,46.4,62.7,77.0,64.3,26.4,46.8,96.6,47.4,59.7,11.1,41.4,9.0,66.7,92.2,94.2,67.8,46.3,47.2,112.8,86.9,45.3,53.8,58.7,90.0,96.7,85.6,26.0,61.6,48.4,63.1,9.2,17.7,90.9,14.6,64.7,7.0,72.3,56.3,72.7,61.7,81.3,64.5,80.6,49.2,13.5,85.6,19.2,55.1,50.0,35.4,11.3,70.8,70.9,14.1,88.1,12.5,31.2,11.7,30.5,73.9,46.0,5.4,15.8,10.8,83.4,2.8,FAHD2A,60.13399999999999,51.509090909090915,0.8565718380465447
202282_at,159.5,172.9,222.1,173.8,201.3,272.4,172.2,214.3,192.1,161.4,134.8,144.6,176.4,213.6,264.4,176.8,251.5,295.4,188.8,171.4,132.3,220.9,185.0,188.2,119.6,140.0,115.5,151.1,187.4,126.8,127.8,97.7,108.7,191.4,136.4,157.4,195.2,140.1,186.7,125.9,184.5,147.9,139.6,145.4,147.6,179.4,135.2,161.7,131.7,125.0,133.0,119.5,153.1,170.5,147.8,232.4,167.3,165.6,165.2,178.8,157.9,149.6,147.0,93.2,49.4,162.1,219.0,111.5,178.0,138.0,128.5,130.8,74.5,161.5,122.0,170.0,185.2,132.7,86.8,138.5,129.5,128.1,121.4,63.0,208.7,157.0,162.4,169.8,145.8,201.4,132.4,125.0,158.5,187.7,157.0,158.3,39.6,107.8,50.8,177.5,180.3,145.5,188.2,211.5,121.3,HSD17B10,169.83599999999998,145.41636363636363,0.8562163713015123
208826_x_at,135.6,88.9,398.2,332.6,73.5,403.6,227.3,350.4,160.7,110.8,259.5,227.3,247.7,548.1,342.3,226.8,284.7,324.3,245.2,261.7,318.9,174.0,296.0,303.9,401.5,307.0,257.1,203.4,131.4,441.6,277.8,223.3,180.6,123.6,255.4,187.0,188.6,233.8,159.8,314.7,184.6,277.4,197.5,242.7,265.9,110.4,168.8,302.9,175.6,170.2,321.1,249.6,385.3,298.8,226.4,217.2,130.4,160.3,240.1,286.0,333.4,152.3,385.2,96.3,193.7,272.4,225.5,270.5,190.3,280.0,242.8,127.8,116.3,249.6,182.4,312.3,193.6,311.9,213.5,182.8,231.0,188.8,264.5,140.7,230.9,205.2,271.1,146.2,145.0,172.2,160.2,308.9,104.5,166.5,191.6,218.2,107.9,149.5,148.3,114.2,88.2,159.5,239.3,129.8,277.2,HINT1,246.49199999999996,211.04000000000008,0.8561738311993903
201352_at,420.0,323.8,416.0,458.3,415.3,538.9,477.6,325.2,460.0,387.7,396.0,490.5,339.2,269.8,407.1,379.5,267.4,253.1,229.7,394.5,265.6,425.9,368.0,445.9,461.6,489.4,378.2,340.1,435.2,353.5,350.9,402.8,313.8,411.4,384.3,437.2,291.9,359.5,337.8,489.2,366.4,520.7,512.5,282.5,370.1,274.0,400.4,366.7,399.5,330.8,285.4,349.8,495.0,433.0,422.1,359.2,436.5,339.8,555.9,277.6,471.8,294.6,375.9,395.6,395.3,327.4,444.6,403.9,319.4,222.4,271.4,351.0,346.5,431.9,386.6,364.6,470.2,360.9,303.7,294.4,306.3,296.8,360.0,300.6,307.1,298.1,248.9,337.5,252.6,227.6,403.1,222.3,309.7,415.8,273.1,313.3,240.0,215.2,227.5,211.0,161.9,141.3,312.0,323.4,204.1,YME1L1,384.30800000000005,329.0109090909091,0.8561125688013496
210386_s_at,132.8,207.1,183.1,256.4,145.5,178.0,141.4,261.1,148.2,178.4,171.8,139.1,217.0,325.3,223.5,144.7,325.0,252.0,304.4,218.9,172.3,215.6,218.6,165.1,166.6,173.8,165.2,115.4,174.3,125.4,147.9,119.2,138.0,162.5,118.7,153.7,143.2,164.1,152.4,161.6,194.8,130.7,196.4,115.0,108.6,122.3,186.1,142.4,176.1,184.1,169.9,124.2,161.1,194.2,127.0,199.8,142.8,179.5,132.8,117.3,144.5,131.5,116.9,200.6,159.4,157.0,126.4,148.9,204.1,166.5,140.6,181.9,163.4,153.9,228.4,148.7,132.0,117.3,175.9,107.6,158.9,208.3,91.9,118.2,149.2,139.1,151.3,139.1,200.8,143.5,172.7,91.5,158.9,126.1,137.8,115.1,134.9,154.5,126.6,195.9,195.0,171.5,170.8,151.4,83.6,MTX1,177.276,151.64909090909092,0.8554406175065485
214060_at,74.8,73.3,83.1,36.3,92.8,84.2,86.4,49.9,56.3,63.9,16.1,65.2,46.3,106.8,80.6,54.9,84.1,56.4,90.7,51.3,71.0,50.9,30.3,43.1,72.9,73.6,70.0,89.8,43.3,53.7,23.7,46.2,64.0,40.3,80.7,76.8,47.4,74.9,25.8,98.2,54.9,39.8,73.3,96.3,94.2,77.3,41.6,34.8,78.1,73.2,42.0,86.0,61.3,62.5,58.7,54.9,55.0,71.0,74.0,114.1,78.5,76.8,41.9,50.8,33.1,40.1,66.2,46.6,56.6,52.3,76.4,116.9,72.0,26.8,46.2,89.1,40.7,74.9,22.0,56.6,75.6,49.7,40.6,99.6,68.7,64.7,32.1,44.9,7.0,13.5,53.6,87.1,14.0,78.3,43.7,64.3,12.8,35.6,7.4,21.2,44.1,79.7,80.7,10.1,30.7,SSBP1,63.87000000000001,54.61272727272724,0.8550607056948055
218869_at,76.2,89.7,88.4,74.3,52.9,57.0,70.6,71.1,65.8,95.5,74.6,78.2,92.2,69.4,36.5,102.7,93.7,86.2,93.1,55.7,48.3,101.1,56.3,81.9,132.8,77.5,97.3,85.9,92.8,60.3,88.2,79.4,88.9,91.2,74.7,90.5,65.0,74.8,173.3,99.1,62.2,90.8,32.8,111.7,83.9,129.1,76.4,83.9,75.9,85.0,101.5,65.0,63.7,64.5,76.4,49.3,91.3,97.1,65.9,13.4,75.9,108.2,93.5,110.5,89.6,73.3,44.4,86.8,72.8,89.7,88.3,54.0,99.3,117.4,81.0,63.0,75.0,86.2,82.2,43.0,63.4,41.1,42.5,46.4,61.2,92.8,52.8,70.2,50.7,85.7,23.6,40.9,60.1,70.0,33.8,66.0,139.6,17.5,131.1,62.3,8.8,104.4,65.1,20.8,93.5,MLYCD,82.29600000000002,70.3,0.8542334985904537
200710_at,177.2,185.9,266.5,211.2,230.3,183.2,241.7,186.0,148.7,181.0,256.8,217.9,219.7,305.1,293.0,221.0,279.0,297.5,225.4,306.8,297.9,243.0,256.1,223.5,283.2,181.7,188.6,227.9,374.2,221.0,132.3,223.3,204.4,145.4,181.2,229.4,225.0,132.2,216.0,169.2,280.6,191.0,251.2,161.3,213.7,237.2,291.5,202.9,187.6,262.3,169.9,186.8,235.7,195.7,155.0,190.6,173.9,225.6,220.0,131.1,168.4,209.0,252.4,187.4,138.0,167.1,197.3,162.4,261.9,235.2,139.6,236.8,246.5,213.1,118.7,201.1,181.6,210.3,214.1,208.6,211.9,166.1,238.1,214.0,204.9,178.9,254.4,203.3,206.5,189.9,223.8,185.8,211.8,182.2,160.6,158.0,202.3,175.7,188.4,133.6,218.1,108.8,206.0,282.5,37.3,ACADVL,225.37400000000002,192.30363636363637,0.8532645130478066
204067_at,29.9,51.3,57.2,37.8,72.4,82.8,77.2,13.6,74.6,14.8,6.0,94.2,45.3,18.5,61.6,73.6,86.6,78.1,7.4,22.2,47.0,50.4,40.9,55.3,19.0,22.1,14.7,24.1,54.1,9.5,8.0,49.4,7.3,30.6,11.1,34.4,43.2,53.6,20.6,30.1,24.9,54.1,49.8,20.1,4.3,17.9,40.3,13.7,6.3,8.8,11.4,63.6,52.8,50.1,8.7,39.3,10.7,16.8,58.5,18.1,28.6,42.4,45.5,20.6,29.1,88.5,37.3,5.6,77.8,25.8,46.5,17.9,29.2,15.9,13.7,6.8,37.5,96.7,59.4,8.0,70.5,6.3,9.5,21.9,10.1,8.9,5.6,72.8,4.2,44.5,11.7,18.9,41.5,54.7,62.9,13.3,24.8,21.5,18.9,32.3,22.5,7.7,8.5,37.8,60.8,SUOX,37.41399999999999,31.90727272727273,0.8528163983341194
210045_at,62.3,80.1,93.7,58.0,117.6,97.5,73.6,33.8,93.1,66.4,86.3,73.5,45.9,108.9,96.9,79.2,26.4,69.6,21.0,76.8,75.1,25.5,80.4,78.4,82.5,61.4,77.4,79.4,60.4,13.2,41.1,64.2,87.7,72.5,61.1,81.8,71.1,50.6,114.4,67.5,79.4,10.7,65.0,93.6,45.0,62.1,60.9,82.8,85.1,90.8,64.2,29.7,60.5,42.7,72.5,93.9,72.5,97.4,44.7,20.7,59.2,66.0,59.9,41.6,70.1,63.6,66.0,105.9,37.0,87.5,125.8,86.5,69.8,71.2,14.2,74.6,49.0,43.0,44.5,45.9,64.1,16.1,90.4,52.3,50.6,41.7,48.4,88.7,55.3,40.9,92.3,47.9,23.0,64.0,68.4,16.2,124.7,18.7,53.1,19.1,83.7,94.9,89.5,30.1,5.0,IDH2,69.634,59.25818181818182,0.8509949423870784
213195_at,91.4,94.8,83.6,99.1,123.9,75.0,85.6,127.9,79.8,86.5,100.8,131.5,85.2,92.4,73.1,93.6,137.5,107.4,108.3,67.3,55.8,98.8,92.1,82.5,43.3,81.6,56.4,100.1,58.1,50.1,59.4,83.8,79.9,68.4,78.1,71.2,105.7,67.7,81.7,51.9,40.6,111.2,88.9,54.2,53.3,104.2,71.1,56.5,84.2,49.1,20.6,62.7,57.8,53.4,78.6,89.1,81.8,111.7,69.9,34.4,82.6,48.8,54.2,75.0,92.8,75.6,56.0,51.0,105.0,99.7,55.2,81.6,72.2,91.2,92.8,88.9,81.7,63.9,57.6,73.8,68.5,97.9,88.6,112.0,73.8,64.4,78.9,77.8,63.7,90.4,73.2,42.4,46.1,67.7,11.4,54.9,55.4,48.2,25.1,94.9,71.2,89.4,66.1,81.4,53.7,LYRM9,82.49199999999998,70.12181818181818,0.8500438610024997
202001_s_at,88.1,87.8,123.4,106.6,103.9,136.4,106.3,124.3,85.6,75.5,146.0,77.9,127.6,118.6,116.1,98.1,145.4,149.7,145.9,92.5,146.2,172.3,125.9,84.8,82.7,87.6,125.8,122.1,114.0,66.1,128.8,108.0,131.6,175.0,105.6,82.0,115.2,99.8,90.8,98.8,94.8,102.7,96.9,76.1,124.8,97.0,165.1,176.7,107.6,120.0,90.0,61.3,149.1,167.6,118.3,96.7,151.8,74.2,102.5,59.1,107.5,105.7,88.6,80.2,78.5,97.0,82.4,126.2,108.1,86.1,35.9,73.3,64.5,157.4,88.2,103.8,95.2,122.9,84.8,70.5,119.2,87.8,105.5,146.3,117.3,134.7,109.0,113.3,89.2,53.7,122.7,45.1,99.7,110.8,109.8,110.1,12.9,14.8,65.8,69.7,68.6,87.5,130.5,111.9,138.1,NDUFA6,113.61000000000001,96.38909090909094,0.8484208336334031
220526_s_at,240.2,180.7,292.7,278.5,252.9,262.3,303.2,240.3,222.7,179.9,195.5,170.3,208.8,304.8,258.2,248.6,303.5,321.5,180.6,222.1,282.1,321.9,181.9,271.4,327.7,306.0,233.9,212.2,365.6,280.6,296.8,230.9,201.3,212.1,206.1,347.3,222.5,248.4,278.5,224.4,219.0,251.0,224.6,173.6,290.9,187.6,252.1,305.6,218.7,189.3,172.6,207.0,375.4,261.7,212.0,230.4,255.9,242.3,242.7,173.5,206.9,224.4,268.7,265.8,261.1,275.5,202.4,268.1,201.0,229.2,171.5,212.7,205.3,322.5,177.0,201.2,257.5,210.7,169.7,176.3,208.5,223.6,260.6,199.8,214.8,209.5,186.4,226.9,202.0,159.9,185.7,172.6,243.3,257.9,148.5,153.5,210.6,167.4,122.4,97.9,135.9,117.1,179.5,177.9,245.1,MRPL20,248.62600000000003,210.69636363636363,0.847443001280492
200086_s_at,505.1,448.4,698.1,800.9,538.8,784.2,563.8,875.9,545.0,373.6,531.8,494.9,740.6,859.1,694.9,518.5,890.1,721.7,805.9,646.9,847.5,742.3,585.8,782.3,699.4,702.3,645.7,658.5,737.1,753.9,762.2,588.0,585.7,711.3,580.1,533.2,491.8,727.9,574.6,629.5,470.9,619.0,746.7,438.2,617.0,589.5,556.3,632.9,517.9,530.3,375.9,526.3,802.5,657.1,646.7,673.7,566.6,543.1,584.9,421.4,719.9,549.0,661.8,659.7,636.0,678.6,616.9,716.5,580.9,482.4,397.7,565.1,546.9,747.4,424.4,606.3,641.0,607.7,402.4,487.3,560.3,497.4,605.2,500.8,572.9,613.9,517.8,497.8,423.0,324.3,510.1,269.9,410.6,656.7,484.6,421.8,249.0,442.3,492.8,489.8,448.6,347.1,635.8,590.8,823.5,COX4I1,641.9200000000001,543.8709090909089,0.8472565258769142
202070_s_at,69.3,118.0,97.9,96.4,109.5,124.0,85.4,74.0,40.7,87.9,48.3,104.5,86.5,58.2,83.1,122.3,114.5,85.0,133.4,67.3,73.5,99.1,78.6,140.1,102.0,89.0,108.6,86.2,73.8,137.2,104.8,77.2,86.7,68.5,69.0,81.8,75.4,47.1,52.9,96.0,122.6,97.1,108.6,102.9,50.1,83.3,84.9,97.6,84.6,49.2,16.4,61.7,84.8,94.7,73.7,86.2,73.7,102.6,81.4,38.5,45.5,104.5,67.7,43.7,51.9,104.8,167.2,94.5,77.4,40.7,60.6,104.7,94.1,139.5,87.5,84.3,65.9,88.9,104.6,113.1,67.9,55.5,66.8,91.5,50.8,107.8,99.1,55.4,40.4,23.7,91.3,66.4,94.3,104.9,62.7,93.9,49.9,103.4,92.9,8.2,68.6,57.3,65.8,11.1,46.3,IDH3A,88.692,75.1036363636364,0.8467915523794299
203746_s_at,155.2,131.3,122.2,120.2,149.8,135.1,154.5,84.3,132.7,217.2,104.1,159.4,151.6,112.5,121.1,169.0,122.2,134.9,154.4,138.9,148.3,96.8,100.1,108.5,96.2,158.6,188.6,163.4,148.1,140.4,106.9,149.4,174.3,113.6,109.6,161.5,180.5,151.4,104.6,151.4,167.4,95.0,181.8,130.0,106.1,166.8,121.2,97.6,133.7,187.9,127.3,110.5,131.9,98.9,85.3,101.1,117.5,109.2,85.2,199.8,97.7,124.3,159.2,123.7,99.4,144.4,112.5,84.3,66.0,135.6,65.5,131.9,61.7,48.6,115.5,104.3,126.1,109.9,133.2,107.5,123.1,172.4,137.0,163.1,113.8,154.0,19.0,189.3,163.5,82.9,90.7,100.0,124.8,133.9,175.6,165.3,24.3,152.4,172.9,127.0,68.8,154.1,115.9,87.4,107.0,HCCS,138.20600000000002,117.02181818181816,0.8467202450097546
209943_at,31.8,36.9,22.9,12.0,23.1,28.7,34.5,12.6,23.3,31.4,30.5,24.4,26.0,19.3,22.0,25.6,12.9,16.2,27.7,34.5,59.5,69.1,28.4,35.5,34.1,5.8,32.2,43.7,39.9,31.7,4.9,30.5,47.8,21.3,35.9,38.8,37.7,31.4,32.1,16.0,26.4,42.1,14.2,12.5,25.2,7.6,38.3,33.0,32.4,26.2,97.7,9.8,28.3,22.5,25.0,17.2,29.0,20.1,31.2,13.2,10.9,6.4,53.3,25.9,35.6,6.9,34.7,38.2,21.0,38.0,10.1,3.3,30.5,6.9,5.4,36.5,29.4,8.3,26.4,44.9,27.9,8.2,39.8,2.5,24.0,12.2,16.8,28.6,48.6,45.4,19.3,36.7,33.9,26.0,2.3,23.3,30.4,26.0,2.1,56.3,27.3,4.3,5.0,5.3,9.2,FBXL4,28.61,24.145454545454538,0.8439515744653806
221997_s_at,37.7,79.7,91.5,34.0,93.0,50.3,68.6,53.2,55.9,63.2,62.4,122.9,23.7,66.2,84.1,58.0,39.6,79.8,82.7,33.6,53.9,47.4,65.5,60.5,26.1,33.7,78.6,34.6,62.0,53.2,35.4,44.8,35.5,25.0,38.5,49.2,57.9,36.3,9.0,37.3,47.3,58.4,46.3,29.4,48.1,63.2,46.0,50.2,18.5,23.5,9.3,20.6,22.0,44.8,27.5,32.8,36.7,39.6,48.0,53.4,61.9,49.9,34.3,37.9,46.6,21.5,53.2,59.9,37.0,45.8,45.6,37.3,63.1,63.9,72.2,40.9,65.2,70.7,13.0,27.0,55.3,58.7,57.5,32.0,53.2,52.6,48.8,51.8,32.2,59.5,43.7,60.3,36.6,49.9,40.0,38.3,26.5,11.4,46.7,64.6,39.3,53.6,23.6,39.0,52.7,MRPL52,51.90800000000001,43.80727272727272,0.8439406782629404
221510_s_at,108.8,112.4,66.7,25.2,96.8,112.0,120.5,100.1,75.1,76.2,97.6,143.9,93.8,46.0,105.4,52.9,31.1,13.9,17.1,61.1,56.4,119.8,113.6,51.5,91.4,104.1,35.4,65.7,41.9,47.3,43.7,114.9,51.1,125.0,97.8,80.4,62.5,80.7,53.9,94.3,51.7,56.2,107.8,44.9,79.5,57.7,56.2,114.0,84.9,56.9,75.8,81.7,183.4,116.8,183.5,70.3,180.5,42.1,71.1,5.2,94.1,98.6,72.6,97.1,75.2,87.7,86.5,152.4,47.8,45.2,81.9,53.9,58.0,77.9,41.3,79.0,68.3,77.8,26.6,54.6,70.3,63.6,48.5,4.1,39.9,29.2,5.5,47.3,20.6,26.4,63.8,46.6,68.0,66.9,48.8,34.1,44.6,2.1,52.4,44.2,45.3,5.1,71.2,53.5,36.1,GLS,75.956,64.0909090909091,0.8437899453750736
205521_at,7.5,17.3,10.1,6.6,5.5,8.2,6.6,32.8,18.2,8.5,45.2,8.6,14.7,16.3,6.0,17.9,9.6,28.1,7.7,36.7,11.9,15.7,16.0,5.0,82.1,8.3,25.7,18.2,29.3,19.4,9.7,6.4,12.7,14.8,4.8,8.8,24.2,6.5,19.8,14.9,7.2,14.4,6.5,39.4,10.3,39.7,13.3,61.1,9.2,24.1,11.6,33.5,28.0,18.2,10.3,9.2,4.0,15.9,7.6,10.4,4.8,13.3,24.5,17.1,17.1,8.9,8.2,48.6,21.3,20.5,7.1,4.9,4.8,14.8,10.9,14.5,29.0,8.7,7.8,20.3,14.9,8.5,3.8,9.0,7.3,27.7,9.7,7.8,8.8,15.8,7.4,15.1,9.9,11.1,20.0,4.2,14.7,6.0,5.4,14.6,28.4,36.5,13.2,7.7,63.2,EXOG,17.83,15.02727272727273,0.8428083414062103
210027_s_at,335.5,311.2,336.3,383.5,377.7,362.9,259.3,293.9,222.5,223.1,279.6,241.5,257.5,344.4,300.8,331.2,409.9,279.5,408.8,235.9,316.3,449.5,273.8,379.4,315.0,275.6,419.0,348.8,286.2,258.4,364.6,232.9,301.2,249.6,284.3,326.5,287.2,295.7,255.8,184.5,314.1,243.8,276.2,194.5,306.5,244.0,247.8,268.0,266.6,261.8,271.8,259.4,323.0,296.2,258.5,309.0,288.9,255.0,293.8,260.7,169.6,256.9,263.2,255.5,229.1,262.8,352.2,190.1,334.8,307.3,200.2,249.2,217.9,236.6,221.3,202.9,194.2,302.6,237.0,137.0,300.4,288.8,367.3,196.4,325.7,262.7,334.1,233.5,213.1,162.0,263.6,238.1,321.4,263.9,198.6,241.3,241.1,203.3,282.0,246.8,219.3,160.4,264.4,200.8,139.5,APEX1,298.452,251.0036363636363,0.8410184430448994
218887_at,78.2,82.4,76.2,90.1,86.3,101.5,108.4,147.2,116.8,131.2,79.4,83.2,100.8,123.8,137.0,83.0,117.6,135.6,93.0,105.5,90.9,112.9,76.0,50.3,110.6,63.1,115.5,78.1,127.8,113.3,85.6,55.3,124.4,68.3,86.0,77.3,80.3,49.0,40.2,98.0,105.7,73.5,54.5,98.8,100.4,43.5,70.5,92.4,81.7,72.5,145.6,97.4,109.5,86.9,85.2,127.9,78.5,116.3,50.4,98.9,75.2,99.2,64.8,82.6,24.4,106.5,86.9,106.8,65.4,46.1,63.1,90.7,33.1,58.2,78.5,110.7,5.0,51.1,104.7,89.2,6.5,37.6,94.6,45.4,88.8,54.2,74.7,72.1,31.6,74.4,79.8,100.3,6.4,86.9,39.5,58.4,20.1,156.0,96.0,180.9,117.4,53.1,89.9,46.9,80.3,MRPL2,91.472,76.91999999999999,0.8409130662935105
203224_at,94.3,70.4,64.5,39.2,59.0,64.9,86.8,68.5,69.6,63.7,28.4,145.4,67.3,30.7,82.9,25.2,13.7,39.5,36.7,58.1,60.3,73.8,66.0,50.1,84.8,100.4,13.9,81.5,6.3,55.5,35.7,47.4,7.3,77.4,61.9,39.4,45.8,57.1,70.3,57.1,12.0,74.4,55.2,66.9,45.4,49.0,43.4,100.7,43.3,28.1,49.6,38.3,110.7,73.3,63.1,79.1,67.6,72.4,60.4,39.4,88.3,47.0,48.2,62.3,42.6,91.3,60.1,50.6,66.5,39.6,34.1,50.5,27.8,58.9,18.6,29.5,58.2,47.9,53.6,38.2,42.7,8.9,6.7,24.6,10.8,56.3,57.8,75.2,3.3,5.8,72.8,16.5,79.7,70.5,40.2,28.3,42.3,15.6,74.2,14.4,50.1,56.6,58.9,16.6,11.1,RFK,56.38400000000001,47.41090909090907,0.8408574966463724
203192_at,81.2,86.7,84.5,80.7,111.4,85.0,34.2,77.3,43.0,37.9,47.0,80.0,66.4,156.5,62.6,86.7,79.0,123.8,108.1,69.5,81.9,79.0,28.6,77.9,94.6,99.8,126.2,73.2,50.5,56.2,61.7,55.8,91.5,39.5,44.9,90.6,72.5,67.6,73.2,57.3,41.9,25.1,32.9,96.3,63.0,69.4,43.9,88.4,101.6,92.9,19.8,67.5,32.2,49.2,57.4,70.8,39.7,95.0,60.3,147.4,5.5,71.8,81.3,60.2,37.7,79.8,17.8,25.2,64.9,149.4,84.7,46.1,69.9,39.8,79.0,77.0,48.8,93.7,13.0,40.6,41.3,15.2,56.0,70.8,69.4,51.0,103.0,41.4,97.4,120.6,66.6,105.4,57.5,62.1,37.3,66.3,25.5,43.0,60.8,85.7,95.6,94.2,35.7,62.4,13.3,ABCB6,73.588,61.872727272727275,0.8407991421526237
214306_at,48.7,54.9,50.0,30.2,59.0,54.5,53.9,45.5,40.4,51.4,54.7,56.1,54.8,41.2,56.8,45.4,37.9,51.9,55.3,46.0,73.8,28.6,60.5,30.2,26.2,43.3,73.7,49.6,45.1,65.5,41.8,22.9,67.5,35.9,35.1,19.2,58.8,48.8,55.9,32.1,31.4,54.5,64.4,75.6,29.6,45.6,26.6,48.5,67.1,30.2,12.2,61.2,46.4,65.2,45.4,47.6,46.7,34.4,39.8,81.1,33.8,55.5,39.2,22.2,22.2,48.4,36.7,20.8,31.1,41.6,52.8,39.9,34.7,31.3,30.4,38.1,23.7,47.8,65.0,48.5,26.8,12.5,44.5,16.2,68.3,38.9,36.3,37.7,17.9,65.1,26.4,63.5,74.5,44.2,5.9,45.9,38.2,67.6,33.1,27.8,29.1,19.8,34.8,22.9,51.8,OPA1,47.53199999999998,39.88000000000002,0.8390137170748134
201441_at,424.7,574.8,475.1,720.6,448.7,625.9,355.4,1065.7,449.8,490.6,506.6,400.3,745.9,729.8,459.3,354.2,926.0,923.7,755.0,696.6,894.6,593.8,594.8,577.1,887.4,560.4,549.3,611.4,797.6,757.1,1186.7,573.2,998.1,656.7,466.8,701.3,588.1,574.8,860.9,646.0,522.3,486.0,623.5,526.0,670.9,616.2,722.3,648.3,540.1,510.3,583.5,643.8,602.5,669.3,567.0,677.6,533.0,450.5,448.2,704.8,621.7,534.8,760.9,610.1,496.1,843.1,545.5,356.4,635.9,639.7,567.2,469.2,468.9,631.7,655.6,446.8,559.8,461.0,655.5,491.0,539.9,488.9,529.0,463.9,488.6,505.2,469.1,474.3,543.0,321.0,519.9,541.5,414.0,542.5,504.0,517.6,428.4,494.2,469.8,509.8,362.7,428.1,600.8,515.1,549.9,COX6B1,641.414,537.3145454545454,0.8377031768164483
219420_s_at,23.6,42.1,12.6,93.8,17.5,15.5,38.2,53.8,45.8,86.0,30.6,19.3,16.4,33.2,25.0,66.8,62.4,70.6,17.5,5.7,21.4,19.0,13.9,14.1,16.8,40.2,29.1,49.3,17.8,39.6,48.9,12.4,13.1,37.9,29.1,11.9,19.4,56.1,14.4,22.1,16.9,10.4,11.5,17.3,36.9,19.5,6.3,16.3,23.1,17.1,21.5,10.8,10.8,10.0,19.8,22.2,17.9,24.6,20.8,13.0,12.6,55.7,9.0,22.2,25.8,9.7,27.2,14.4,23.4,52.6,16.8,60.7,60.2,16.7,67.9,6.8,26.0,38.2,17.0,15.3,18.4,8.7,33.5,14.7,5.5,13.5,57.6,28.9,28.4,10.7,20.4,19.6,19.3,8.0,15.4,16.2,12.1,62.3,64.7,15.3,36.7,72.7,7.6,12.0,7.6,COA7,29.564,24.716363636363635,0.8360290771331226
204599_s_at,155.2,175.4,218.5,160.4,212.4,111.7,154.1,346.4,163.0,206.9,81.8,226.9,160.7,304.1,166.9,187.4,210.3,244.1,233.6,105.9,180.3,136.7,118.1,159.7,167.4,108.0,184.9,96.8,182.9,151.0,165.3,121.4,203.0,85.3,138.7,154.1,178.0,133.2,186.5,121.1,148.1,136.9,113.2,160.4,165.5,119.6,101.2,138.4,140.7,174.5,40.9,149.6,136.3,154.0,154.6,142.2,138.6,135.6,136.6,155.1,134.2,146.9,114.0,155.7,197.3,167.7,158.5,137.3,216.0,202.1,115.5,215.1,130.0,148.6,123.6,165.6,130.6,145.3,111.6,116.0,101.6,143.2,82.4,129.9,145.0,65.5,156.7,210.1,134.1,108.7,157.2,149.9,133.5,144.0,108.2,107.1,66.9,55.2,98.7,163.0,99.7,171.5,88.5,221.7,112.4,MRPL28,163.93199999999996,136.9054545454545,0.8351356327346371
203466_at,40.8,50.4,50.4,83.3,25.1,75.8,7.9,32.8,25.2,8.9,47.6,7.5,69.0,134.9,35.4,16.1,24.2,30.6,50.5,58.6,57.8,14.7,45.4,46.7,74.7,52.2,25.3,92.4,63.5,82.5,88.7,25.1,108.3,39.8,9.7,23.6,15.9,88.5,18.6,37.3,64.4,52.8,7.3,19.3,80.6,13.5,29.3,84.7,17.7,81.4,10.3,72.3,76.2,72.8,40.7,69.3,48.9,106.7,22.4,22.0,18.3,29.8,93.1,57.6,6.0,5.4,89.0,68.2,29.7,14.6,38.4,6.0,19.2,62.5,12.3,61.3,71.2,54.3,13.6,26.9,9.1,5.3,100.5,64.5,28.9,20.1,18.1,16.7,18.9,10.2,69.7,12.1,11.5,78.2,48.2,46.0,21.2,23.7,21.5,29.5,17.2,17.7,71.1,59.3,6.0,MPV17,46.733999999999995,38.98545454545455,0.8341989674638284
201570_at,174.0,171.5,193.1,259.2,175.0,231.2,184.6,169.2,190.2,173.9,227.0,146.1,208.3,185.7,177.3,242.2,287.7,210.1,230.8,212.1,228.4,206.8,203.5,246.2,187.9,198.5,142.5,197.9,149.9,137.7,167.5,145.1,193.9,236.3,146.2,162.6,143.8,135.5,97.2,198.4,273.0,187.3,193.0,172.2,158.8,112.8,200.7,135.2,182.4,111.8,92.9,157.2,216.1,202.2,143.6,224.5,180.5,200.1,163.7,141.1,124.6,217.9,228.9,165.8,90.0,176.1,144.1,138.9,133.6,92.1,28.9,149.9,140.7,324.5,153.1,208.0,152.0,157.2,165.9,91.0,125.0,105.1,210.7,176.7,207.8,184.7,149.0,170.4,87.0,100.7,150.7,209.7,120.5,132.1,89.4,111.2,159.8,73.6,227.8,112.1,251.5,133.1,126.4,161.0,141.4,SAMM50,186.04399999999998,154.95454545454547,0.832891925859181
208998_at,673.3,678.9,804.7,664.9,790.1,958.5,864.7,766.3,568.4,610.7,432.5,979.6,607.7,1246.5,949.1,599.4,1007.7,1612.9,761.2,854.1,719.1,884.8,458.2,1075.4,790.6,650.8,496.5,775.0,549.6,653.6,515.3,474.4,510.1,581.1,779.8,719.4,702.4,669.6,570.8,565.5,771.7,429.3,568.7,699.8,735.2,929.5,749.3,813.3,623.1,605.8,439.5,722.4,605.3,610.3,543.5,754.8,459.9,767.7,393.0,886.3,355.7,572.1,683.1,526.0,434.9,374.0,755.0,547.4,404.3,656.2,406.0,695.4,406.3,840.9,319.0,652.0,773.3,626.0,552.3,551.5,727.2,572.2,935.8,438.2,494.9,675.9,952.6,478.5,474.6,471.5,535.3,772.1,856.1,952.0,527.0,564.2,449.3,415.8,549.3,518.9,468.0,874.7,606.9,1193.8,615.4,UCP2,729.9780000000001,607.8963636363637,0.8327598415792855
214437_s_at,61.6,18.7,70.4,24.3,37.0,72.1,67.2,24.6,52.9,45.9,40.9,12.1,64.4,14.0,60.3,49.6,63.0,47.3,37.7,81.1,16.7,32.2,10.9,71.4,13.5,53.2,25.8,35.3,64.8,11.9,19.4,15.5,12.4,29.3,10.9,49.6,24.1,69.5,65.3,40.2,80.9,55.5,70.4,16.4,55.9,84.3,52.1,33.5,32.9,12.2,8.6,64.1,75.3,81.4,51.4,81.2,31.8,30.0,35.2,5.8,28.6,10.3,51.6,75.4,11.1,43.0,44.1,15.4,54.6,76.6,6.4,24.7,18.9,37.5,6.2,11.8,75.8,28.9,13.4,34.5,28.6,57.9,44.4,54.5,13.7,48.5,16.2,15.1,14.8,11.3,23.9,12.6,96.8,80.8,54.8,34.2,18.9,19.3,28.4,10.1,49.9,18.8,37.6,3.8,4.3,SHMT2,42.22200000000001,35.14181818181819,0.8323106006778026
206561_s_at,63.9,81.1,82.7,66.8,64.9,70.3,46.7,113.7,66.9,72.4,85.6,77.1,61.9,92.5,65.9,80.4,45.0,94.4,81.0,55.9,88.8,103.4,65.4,64.2,46.2,69.5,74.0,99.8,66.9,34.3,52.7,50.6,49.7,43.9,66.1,84.7,89.1,49.6,59.9,37.0,61.5,35.0,26.7,64.2,70.2,58.8,67.1,67.9,35.0,95.9,71.6,64.8,36.4,33.3,33.2,19.5,49.2,74.5,84.3,62.4,43.9,36.7,106.9,11.5,23.6,45.4,73.3,66.2,39.1,57.0,125.6,54.6,6.8,54.8,29.6,56.6,29.3,12.0,46.7,33.4,39.1,55.4,35.4,34.8,8.8,94.0,77.4,79.9,36.7,75.4,65.7,86.9,44.9,58.0,9.2,107.1,62.0,71.3,102.7,135.6,52.8,92.4,7.8,46.0,99.2,AKR1B10,66.944,55.64909090909091,0.8312782461324526
217773_s_at,182.6,209.7,381.9,85.2,322.6,334.3,199.0,433.2,266.2,195.6,272.1,233.6,213.8,401.7,369.0,261.8,262.2,214.3,123.0,228.9,388.9,365.0,309.8,179.2,308.8,242.9,228.0,165.9,146.7,174.5,258.9,132.3,380.8,271.0,155.4,161.9,83.4,226.2,117.8,236.1,176.8,152.1,159.9,217.0,145.4,80.1,210.0,219.2,158.7,189.8,315.3,183.7,346.2,355.8,316.6,241.3,208.3,166.7,217.6,104.8,299.8,186.8,217.5,206.4,195.0,109.9,205.3,238.9,119.0,211.7,261.8,155.8,200.6,334.1,93.7,196.5,175.6,222.3,181.4,120.5,170.3,149.8,313.6,154.4,190.2,85.2,152.3,156.7,119.0,82.5,120.2,100.2,156.9,181.0,214.8,212.1,111.6,130.2,123.6,207.9,55.0,172.2,279.8,130.9,282.2,NDUFA4,228.66399999999993,189.84545454545457,0.8302376174013165
216958_s_at,47.6,35.7,66.2,24.7,31.5,10.5,42.0,20.0,47.5,18.3,34.9,20.0,37.4,22.6,61.3,52.3,28.1,60.8,30.0,62.4,28.6,35.7,8.3,44.6,12.6,35.5,9.6,3.8,27.4,46.0,10.8,49.5,72.0,54.6,76.3,35.5,16.8,39.4,35.1,69.3,10.2,20.6,59.9,5.6,10.0,68.8,55.7,68.1,34.2,39.9,3.5,37.5,27.7,50.4,26.5,34.5,15.4,4.8,13.7,49.8,38.3,28.1,14.8,24.0,42.5,10.7,34.2,26.6,43.5,3.9,5.1,68.3,24.6,42.8,50.5,9.4,9.5,42.0,43.5,8.8,56.3,8.6,25.9,10.4,38.4,41.4,30.5,19.9,35.6,29.9,55.8,57.9,80.2,55.5,17.2,7.1,3.8,73.0,26.1,15.5,39.5,21.8,3.0,6.3,83.4,IVD,36.76399999999999,30.50727272727272,0.8298137506058298
218844_at,22.2,12.8,36.8,13.2,15.1,29.7,41.5,23.7,34.5,11.9,24.7,35.4,8.0,17.1,21.5,14.8,21.5,26.7,34.1,12.5,65.3,19.9,20.5,31.1,17.2,23.2,52.4,38.5,13.6,10.5,15.6,13.3,24.3,11.1,39.1,49.0,75.4,14.2,12.9,41.0,15.6,43.9,14.7,17.1,17.4,40.8,21.9,46.0,35.8,15.5,19.3,19.3,20.1,41.3,38.8,44.4,16.4,28.8,10.8,22.5,11.7,19.0,35.2,26.4,25.3,9.5,35.7,10.0,14.2,15.1,47.4,39.0,67.1,21.1,12.1,33.6,43.7,2.6,9.5,11.2,12.0,12.5,13.7,6.0,15.9,47.2,18.1,14.2,11.5,22.7,8.6,9.8,69.5,12.9,9.7,16.1,13.9,17.5,14.9,41.3,13.7,18.0,8.4,8.0,12.1,ACSF2,26.290000000000006,21.805454545454555,0.8294201044296139
200850_s_at,464.0,468.5,741.3,671.6,554.6,501.9,512.6,384.4,455.3,504.1,528.6,350.6,615.0,429.5,665.5,508.3,597.6,546.6,443.8,691.2,500.8,509.5,469.2,680.6,467.9,405.4,429.0,620.0,699.5,442.5,442.7,452.3,476.2,424.8,403.1,538.3,465.8,399.1,418.9,426.6,492.0,483.7,495.4,288.7,515.6,502.1,436.7,466.2,427.7,499.9,261.1,410.9,411.7,429.9,325.3,535.1,448.6,619.4,512.4,429.4,440.4,415.8,555.1,417.2,370.6,445.1,425.9,427.8,394.7,418.4,395.1,426.2,418.2,434.9,421.9,434.9,427.5,371.9,413.7,365.8,400.2,491.0,438.5,453.7,400.2,441.3,414.3,356.6,365.9,298.1,361.0,360.4,385.7,437.1,445.0,373.6,366.4,360.1,323.2,297.7,450.7,496.6,412.3,526.5,258.8,AHCYL1,498.30400000000003,413.0872727272727,0.8289864675524834
218948_at,102.6,89.2,75.0,76.7,107.0,99.2,80.6,74.4,110.8,116.1,95.0,103.6,98.8,99.6,129.9,132.9,104.5,104.9,70.0,56.3,82.3,82.7,84.5,64.1,87.2,65.5,139.0,107.4,100.8,66.8,88.5,118.0,50.0,78.2,101.3,77.7,101.8,78.8,60.6,69.5,77.4,75.9,36.9,102.0,66.8,62.3,64.3,99.0,87.6,77.5,104.4,63.3,74.6,54.2,81.0,63.3,81.3,63.4,52.5,65.7,43.5,96.0,77.0,58.3,25.3,84.7,81.9,66.9,54.4,116.5,12.1,89.9,81.2,121.5,72.7,93.0,75.6,53.8,80.1,122.7,88.6,93.7,110.5,19.8,50.4,56.3,63.6,53.7,90.8,92.0,101.7,83.3,67.5,60.3,83.8,148.1,120.8,8.4,112.8,72.7,44.7,21.8,24.0,71.4,38.5,QRSL1,87.63000000000002,72.54545454545456,0.8278609442594379
211414_at,61.2,34.4,29.5,38.3,42.3,56.7,17.7,61.0,29.9,39.7,28.4,60.1,44.5,54.2,39.7,54.5,45.2,52.0,43.6,41.4,49.7,62.7,37.6,38.6,25.0,26.4,5.2,14.7,10.8,25.8,36.0,52.5,65.8,18.0,46.6,10.1,7.9,15.9,50.0,18.6,28.7,25.8,19.6,22.5,48.8,54.9,24.2,7.7,22.4,29.4,63.2,23.2,19.0,15.9,45.5,25.5,19.0,16.1,22.4,46.7,8.1,21.7,54.5,7.5,64.5,64.4,12.3,21.7,47.3,73.7,49.1,32.1,38.8,36.7,60.1,47.1,7.8,8.4,34.7,23.3,20.3,40.4,16.6,10.2,21.4,5.7,28.9,3.3,37.3,4.1,42.3,20.7,23.7,1.5,26.6,35.0,89.9,55.3,9.6,6.8,11.1,8.0,32.3,10.1,45.5,GLS,35.52400000000001,29.398181818181815,0.827558321646825
219244_s_at,135.2,86.3,58.9,67.2,60.6,113.2,84.3,99.3,81.7,41.9,29.1,62.5,34.8,94.2,72.5,83.4,115.7,106.4,97.5,59.5,106.3,64.6,155.6,67.8,18.7,75.1,47.1,102.6,77.3,42.8,106.6,107.7,11.7,116.2,89.2,68.5,65.1,62.1,84.6,8.9,147.2,33.2,60.2,150.5,99.1,98.3,65.7,94.4,49.3,31.1,35.4,71.2,98.5,43.7,91.0,77.3,70.9,110.8,80.9,52.2,68.4,134.4,85.4,49.0,14.6,84.4,114.6,82.3,33.1,14.5,11.6,51.0,67.5,113.7,20.3,52.2,26.3,87.1,102.1,110.2,63.8,15.8,57.2,75.6,81.3,133.9,76.9,68.9,53.9,23.9,29.3,85.6,36.7,50.3,47.3,104.8,52.2,113.2,94.5,16.8,5.0,11.6,96.1,66.7,20.8,MRPL46,77.83399999999997,64.30363636363637,0.8261638405277436
203701_s_at,32.1,79.0,80.2,7.6,10.2,43.8,11.6,42.1,11.4,11.1,14.3,16.8,9.8,17.9,23.0,35.5,34.5,14.7,17.5,9.2,24.6,14.7,53.0,48.2,58.0,10.5,53.3,91.0,78.9,69.8,11.3,44.3,9.5,58.7,86.9,45.3,32.4,20.3,8.2,69.9,73.0,28.7,83.6,69.7,62.1,78.7,36.3,40.1,24.3,74.1,20.1,60.4,9.0,44.9,12.4,66.6,26.0,21.5,11.3,16.5,30.4,82.9,10.5,30.4,11.7,11.5,17.6,26.3,32.3,54.5,21.2,19.8,55.0,12.4,58.0,63.4,63.5,4.7,48.0,33.8,34.9,39.5,10.9,57.5,29.9,14.5,13.6,7.3,13.9,52.0,13.6,31.9,48.2,35.5,11.5,40.0,7.2,4.2,7.6,8.0,8.9,16.5,109.8,83.8,115.6,TRMT1,39.634,32.59818181818182,0.8224802396473185
200947_s_at,122.1,189.1,216.5,208.4,184.7,278.8,213.9,27.1,221.4,192.0,184.2,300.6,197.9,66.6,214.1,164.3,88.7,16.3,121.8,268.4,219.4,193.0,170.5,233.3,205.8,203.5,204.9,236.4,131.6,204.6,44.9,242.5,157.2,172.1,200.8,252.4,175.0,161.2,136.2,207.3,197.6,241.9,186.5,18.8,166.0,103.9,199.3,250.4,202.0,11.0,88.9,133.4,197.0,208.9,277.5,128.8,33.2,205.8,268.3,54.2,190.6,34.7,187.0,183.7,133.7,236.0,155.2,202.0,199.6,112.5,68.1,172.1,209.3,141.3,60.1,80.3,56.9,129.7,176.7,140.1,136.7,153.4,251.7,150.6,216.8,14.1,258.8,115.0,33.0,11.7,64.3,131.6,221.1,166.5,181.5,177.2,22.4,264.9,154.3,10.9,172.5,250.2,164.8,81.9,90.9,GLUD1,176.138,144.77090909090907,0.8219175254113766
201391_at,188.2,334.3,254.6,211.9,315.6,271.8,174.9,480.6,115.4,212.4,162.6,297.9,106.3,287.3,225.8,249.9,328.0,282.3,331.3,280.5,307.7,162.0,200.8,143.0,387.8,223.5,166.7,106.9,155.4,85.8,278.0,111.6,259.3,164.5,210.9,134.7,189.0,160.1,256.4,178.5,206.2,142.4,176.0,229.5,227.9,218.2,291.5,154.6,274.4,68.5,371.3,212.8,206.0,209.0,207.1,179.9,137.1,175.3,232.6,299.3,119.5,245.1,112.2,155.5,119.4,127.2,203.3,130.7,225.1,214.0,45.1,193.8,228.2,127.4,214.6,195.1,176.9,301.5,105.2,221.5,259.1,129.8,285.8,227.2,136.4,154.7,146.1,96.0,191.3,185.6,154.3,287.2,212.1,155.4,291.0,139.9,179.7,58.8,63.5,53.9,255.9,51.6,263.5,211.4,41.0,TRAP1,219.66800000000003,180.41636363636363,0.8213138173806089
204290_s_at,84.3,105.9,97.0,63.4,89.3,51.4,93.3,98.2,103.9,76.7,15.3,107.7,46.5,52.1,83.9,98.7,77.1,111.0,100.8,48.8,79.4,117.8,22.6,63.2,33.3,29.7,74.1,62.7,39.6,42.5,59.7,43.9,73.5,64.5,95.9,74.1,48.3,11.0,55.7,102.2,93.0,87.6,56.8,64.8,103.8,83.1,62.5,70.1,66.8,23.3,60.0,58.6,51.1,54.5,63.6,25.6,35.7,41.5,69.0,21.7,52.1,62.6,19.7,47.0,35.2,85.2,40.0,68.9,64.9,56.0,61.6,60.1,55.6,76.0,85.0,76.3,63.0,69.7,67.9,37.9,74.8,72.9,76.0,39.7,100.8,58.6,85.6,16.7,14.4,46.8,63.8,144.3,48.4,70.6,84.5,96.5,95.1,19.3,42.1,27.9,33.1,94.1,54.5,30.4,13.7,ALDH6A1,70.21600000000001,57.647272727272735,0.8209990988844812
219320_at,62.5,77.4,89.2,22.7,52.2,47.0,44.0,123.7,15.6,65.6,21.0,88.2,39.1,104.5,75.7,65.4,54.3,117.7,60.7,49.7,75.3,92.1,60.7,39.6,64.5,49.7,29.9,70.5,50.4,41.1,88.6,32.7,122.0,46.6,56.2,67.8,27.2,69.8,78.2,80.3,16.4,50.0,9.6,77.4,28.0,118.9,62.6,30.2,51.8,39.9,43.3,55.9,27.8,40.6,28.7,17.9,26.6,69.7,26.0,75.7,40.2,31.5,61.9,42.8,23.9,91.8,66.1,38.7,20.8,23.5,24.5,138.7,35.0,46.8,27.1,100.3,75.0,58.3,33.6,14.8,79.4,17.5,19.2,56.4,73.9,100.5,87.3,28.3,21.0,99.0,66.1,93.7,37.9,23.6,44.8,59.5,47.0,85.5,99.4,24.8,44.9,10.4,39.6,22.0,21.1,MYO19,60.084,49.27818181818182,0.8201548135640406
217305_s_at,74.1,36.8,22.4,18.0,42.8,18.3,23.9,58.9,32.9,32.1,44.8,59.5,5.6,74.4,34.8,52.2,27.1,69.1,92.4,23.1,30.2,28.4,25.7,25.7,21.4,34.2,36.7,66.4,15.5,15.4,32.0,42.6,23.3,20.1,25.0,25.3,56.8,26.9,15.6,18.9,1.9,11.4,14.4,53.7,26.8,10.1,21.6,4.1,18.8,38.8,71.3,6.2,20.3,14.0,7.3,37.5,25.9,15.4,31.1,23.8,11.0,46.5,18.8,22.3,29.7,11.5,6.8,2.2,10.7,23.9,33.9,24.9,55.5,25.2,29.0,4.0,34.0,23.0,33.4,31.5,41.0,33.5,13.1,9.4,26.5,51.3,19.0,26.8,67.7,7.4,51.0,65.1,60.3,21.1,3.8,8.3,3.8,24.0,46.6,36.5,41.1,32.6,6.7,30.2,13.2,ADCY10,32.618,26.738181818181808,0.8197370107971612
218164_at,106.7,151.4,113.8,84.6,134.9,104.1,113.9,312.3,60.7,152.5,43.2,106.1,58.4,193.5,118.9,144.9,207.1,174.9,252.6,117.5,111.6,91.8,93.4,141.7,135.5,42.8,95.5,175.8,99.8,107.8,101.0,89.0,87.8,74.2,99.3,95.4,136.6,50.4,113.6,51.1,106.5,73.4,96.7,79.2,52.8,65.0,113.0,100.6,76.9,191.8,152.2,121.8,78.1,19.2,70.8,53.7,120.5,137.1,60.6,90.8,119.0,94.1,92.9,64.3,93.9,107.1,81.6,100.8,83.1,174.9,170.6,106.5,104.4,122.7,124.4,70.0,58.0,151.4,16.2,94.9,69.7,33.2,167.9,115.3,89.2,61.1,99.5,84.2,66.8,69.5,73.1,165.0,70.8,70.2,23.7,35.2,78.9,192.3,51.4,59.8,71.0,127.0,57.9,162.7,104.6,SPATA20,114.04000000000002,93.37454545454543,0.8187876662096231
200028_s_at,217.5,248.9,251.1,225.6,267.4,314.3,300.4,195.0,287.1,180.2,240.9,231.4,280.8,207.4,279.2,311.6,140.8,281.4,261.6,330.9,267.5,189.4,233.5,310.9,258.1,239.7,349.5,278.7,207.7,232.7,301.0,256.0,247.4,312.6,276.3,186.6,195.3,165.9,201.8,202.9,210.9,277.6,285.1,195.0,265.9,237.9,252.3,239.3,298.2,158.7,141.4,215.1,270.7,212.1,258.7,235.3,236.3,267.2,258.2,121.4,256.9,231.0,248.2,306.4,240.5,242.3,261.3,236.6,195.5,184.6,156.2,267.0,188.0,327.7,154.5,239.9,185.8,220.2,224.5,187.3,175.4,151.5,266.1,214.4,217.5,146.4,141.9,228.2,109.3,151.2,156.4,83.4,287.7,194.5,311.7,181.6,156.8,134.3,175.7,142.4,186.2,30.7,207.5,196.5,122.8,STARD7,247.75799999999992,202.56181818181818,0.8175793241058543
202110_at,35.3,46.6,137.0,77.3,147.2,154.0,52.3,244.2,86.9,69.9,146.4,35.0,102.1,136.6,214.6,79.3,33.8,40.4,8.8,53.3,207.8,224.5,201.1,84.4,194.0,82.1,134.5,33.6,99.7,109.2,71.2,141.2,164.2,128.1,60.2,38.3,117.2,46.6,23.3,88.2,48.9,53.4,79.0,58.8,56.7,8.5,49.2,58.0,81.0,78.3,184.2,130.3,139.8,123.3,164.5,120.8,91.5,71.2,91.2,110.4,212.7,11.5,87.9,94.2,28.3,74.7,10.7,102.9,27.1,54.3,72.3,42.9,54.7,76.1,29.2,109.6,49.9,71.8,43.9,60.0,56.7,21.6,177.7,27.9,83.6,78.5,51.4,82.8,76.9,8.8,27.2,19.3,98.3,63.4,91.4,55.1,94.6,80.2,16.1,71.2,13.9,51.8,87.6,113.1,153.2,COX7B,94.44399999999996,77.16727272727272,0.8170690856727029
208630_at,171.4,154.3,204.9,158.0,199.5,232.1,241.3,223.2,161.6,198.7,196.8,96.8,208.3,259.6,229.9,176.6,231.8,256.7,255.9,203.0,181.9,257.0,148.3,209.6,203.2,166.4,163.4,168.0,199.9,171.2,179.5,142.7,192.0,173.6,171.5,210.7,158.1,146.7,204.3,175.4,173.8,167.0,166.3,148.0,161.5,171.4,155.6,194.5,159.5,125.8,104.9,93.6,163.9,187.8,193.1,220.4,187.4,116.0,175.1,186.1,151.3,192.5,161.6,177.2,145.2,136.6,158.5,135.9,133.8,161.4,76.3,195.4,158.0,161.6,108.5,188.2,181.6,121.5,189.7,167.8,155.9,165.2,224.3,146.6,165.0,199.8,174.9,129.2,115.1,187.1,115.9,144.0,139.6,175.0,136.4,159.8,82.2,82.9,148.4,163.6,89.3,80.2,182.0,160.1,111.6,HADHA,186.14399999999998,152.0909090909091,0.8170604966633849
209077_at,173.3,131.3,142.2,217.9,171.7,226.7,150.9,190.3,135.7,132.9,121.3,136.2,119.8,174.9,144.2,138.6,218.7,256.6,184.7,160.9,183.0,164.6,154.7,169.5,215.5,79.1,189.5,193.6,93.9,130.0,197.2,64.8,221.8,67.6,115.5,141.3,156.0,41.8,117.5,114.9,95.7,67.9,112.1,191.9,137.5,254.0,180.5,174.4,195.1,68.8,76.3,132.2,194.0,148.2,183.1,189.7,176.1,154.0,64.2,173.2,143.0,152.8,93.7,145.8,103.9,171.7,69.4,101.3,168.4,125.7,41.0,123.2,137.3,211.7,103.8,137.7,134.6,209.8,66.0,56.4,80.3,122.1,152.4,138.9,141.5,147.1,107.1,89.9,36.7,192.6,67.0,132.3,105.5,151.7,136.4,32.2,125.7,46.6,134.4,196.4,126.9,45.5,28.5,172.8,148.5,TXN2,152.37,124.49454545454543,0.8170541803146645
209609_s_at,77.0,50.4,116.4,98.7,126.8,132.6,112.7,112.4,58.8,63.1,65.2,88.4,68.2,135.0,93.2,59.9,175.5,142.7,112.1,113.5,99.5,178.6,67.0,127.3,80.6,82.9,69.5,72.4,67.2,61.0,80.5,78.5,51.0,101.8,96.6,107.0,58.9,77.3,86.2,85.7,110.0,73.2,111.3,67.1,90.5,76.8,110.9,99.5,74.9,98.3,67.9,81.5,90.9,87.8,91.3,108.1,43.9,79.0,81.4,54.2,61.7,82.8,107.0,82.4,90.2,67.5,116.9,84.5,67.0,82.9,47.1,115.6,73.4,142.3,39.0,41.4,77.9,106.8,36.8,36.6,73.4,64.3,65.6,45.2,89.4,111.0,55.5,91.9,78.0,38.0,25.2,62.7,88.5,65.8,90.5,55.0,67.2,76.7,121.3,82.8,63.0,73.5,108.1,47.2,86.0,MRPL9,92.89200000000001,75.84727272727274,0.8165102778201861
217408_at,72.7,41.4,113.7,75.2,60.7,79.0,77.6,29.7,70.2,9.7,75.5,40.8,76.8,85.8,65.3,42.0,78.8,80.5,74.5,112.7,93.7,51.1,46.1,85.7,47.3,99.2,73.7,109.3,67.8,60.3,54.1,66.5,49.3,70.2,82.9,55.7,40.5,22.9,63.2,81.3,70.5,58.8,59.5,14.8,72.4,31.5,84.6,67.1,68.6,55.3,72.6,72.9,61.4,69.6,95.9,85.3,59.9,67.6,43.2,33.0,54.1,47.6,77.7,68.4,31.0,53.6,28.7,51.6,73.1,56.1,96.5,76.9,44.6,81.4,29.2,25.8,74.3,28.0,7.5,53.7,55.3,49.4,41.4,78.9,68.5,19.2,64.7,33.9,31.2,13.3,86.8,12.0,62.5,63.7,6.0,27.7,71.9,40.6,93.4,8.1,49.1,27.2,91.9,50.3,57.4,MRPS18B,65.33,53.19272727272728,0.8142159386610636
213289_at,68.8,67.0,87.9,52.0,67.6,58.9,76.0,35.8,71.5,73.8,51.0,70.3,48.6,64.5,13.8,54.2,35.9,28.5,63.0,81.9,47.2,90.3,90.0,52.7,97.6,48.5,61.3,74.1,31.6,18.2,60.3,65.5,30.5,54.8,73.0,59.0,51.7,66.0,47.4,60.9,53.3,44.4,95.0,74.7,46.2,87.8,47.8,76.7,61.6,46.1,75.5,76.1,41.5,57.5,87.4,60.7,43.6,46.0,45.8,46.6,43.8,74.5,65.6,36.3,71.0,52.1,52.1,55.5,33.8,30.7,99.9,48.4,81.3,62.0,46.5,68.3,63.8,74.1,69.8,10.1,54.8,54.4,49.3,17.5,39.7,58.8,39.6,17.7,60.8,17.3,42.8,15.9,14.3,58.7,61.9,52.6,55.4,41.4,5.0,89.8,35.7,37.5,13.0,9.7,8.6,APOOL,59.703999999999986,48.59090909090909,0.8138635450038373
205770_at,112.3,147.2,139.8,101.3,120.7,79.6,154.4,162.0,127.0,162.8,116.1,97.7,66.8,118.5,102.7,136.6,87.7,99.4,130.3,86.9,94.1,97.0,103.6,132.9,91.5,47.1,118.3,36.5,129.0,78.3,82.8,37.7,173.1,154.2,102.6,127.7,96.9,52.6,128.9,48.8,107.3,108.2,111.2,70.1,136.8,139.1,90.0,126.8,105.1,63.5,174.3,47.5,42.4,92.5,71.4,45.4,92.9,69.3,80.0,59.5,141.5,54.5,100.3,56.8,73.0,94.5,81.5,61.7,130.0,92.5,37.8,67.2,102.2,116.5,61.8,52.1,125.6,72.9,53.4,109.5,68.8,111.8,84.8,83.2,102.9,76.7,126.2,42.9,68.6,102.0,86.7,126.1,74.1,101.6,140.8,129.8,78.8,112.8,13.1,89.2,86.3,34.5,99.7,120.0,160.0,GSR,106.83000000000001,86.94363636363637,0.8138503825108712
200848_at,247.9,255.8,250.6,183.9,263.7,149.5,221.7,51.7,198.1,242.8,129.0,72.9,132.6,70.9,181.5,252.4,74.2,43.3,63.8,123.5,115.1,126.6,94.2,128.3,138.5,172.8,153.5,98.9,165.1,177.9,192.3,159.1,182.4,148.4,179.8,138.1,140.6,120.8,125.5,141.2,134.4,138.2,196.7,118.5,148.1,130.0,106.0,71.4,162.4,130.5,63.0,154.7,205.0,174.9,171.0,116.6,129.1,127.9,124.2,53.8,153.5,128.5,141.9,163.0,200.3,113.9,103.9,164.4,99.0,123.4,140.1,102.4,102.4,134.0,190.8,101.4,129.5,133.5,147.7,122.4,143.7,132.9,138.9,135.1,138.4,161.5,84.3,138.1,74.1,62.4,78.9,93.7,68.7,90.3,193.5,59.4,144.2,46.2,129.4,118.8,73.8,11.9,99.3,133.9,89.4,AHCYL1,148.90200000000002,121.0363636363636,0.8128592204024364
204276_at,54.7,64.3,36.2,24.9,53.0,49.6,56.7,24.1,37.8,55.6,37.8,29.1,22.9,42.6,34.6,59.2,59.7,84.4,26.7,30.8,43.9,31.4,30.1,39.8,22.7,75.9,24.2,47.0,31.7,44.4,43.5,19.6,27.6,37.4,4.2,60.1,39.3,26.9,37.0,18.9,29.6,51.8,62.8,25.9,34.7,42.9,48.7,42.7,39.0,64.1,4.8,18.4,46.1,51.0,42.6,28.1,53.0,26.1,29.0,24.7,47.6,39.3,27.8,5.6,64.3,14.9,34.2,37.8,21.1,17.6,12.7,64.9,33.4,44.2,68.9,50.8,50.5,18.6,14.1,38.5,31.8,3.9,56.1,9.6,21.5,26.7,16.7,14.0,40.3,7.1,65.4,74.5,26.2,33.3,34.2,64.6,65.9,19.9,9.6,64.4,42.7,11.0,28.0,10.8,8.4,TK2,40.650000000000006,33.040000000000006,0.8127921279212793
218504_at,10.4,58.1,56.8,124.1,41.8,100.5,76.8,77.4,13.7,33.9,13.2,10.5,13.5,24.9,98.5,20.2,72.4,81.5,60.5,47.7,97.5,59.7,78.1,95.9,91.5,18.7,46.1,106.7,78.4,102.0,123.1,53.8,80.6,54.5,56.4,12.5,69.4,18.7,70.7,82.4,92.7,52.9,16.1,72.8,79.9,49.1,53.1,23.1,61.6,84.8,22.4,58.2,49.7,77.5,39.1,56.3,28.7,46.6,13.4,143.0,81.7,96.4,83.3,17.8,82.6,78.0,68.6,64.8,21.7,30.8,17.9,22.2,18.0,22.4,86.2,37.1,52.3,19.0,19.7,11.5,65.5,31.5,79.8,12.7,61.5,98.4,59.9,21.3,71.4,104.5,4.7,25.1,47.8,38.8,48.0,16.4,17.4,64.8,76.7,87.6,70.5,23.3,21.8,68.7,13.1,FAHD2A,60.38399999999999,49.05636363636365,0.8124066579948936
206930_at,88.2,75.3,26.7,64.3,78.7,54.2,57.0,109.8,87.5,60.9,43.9,62.6,71.9,103.3,75.1,61.0,78.2,128.6,26.7,77.6,66.9,102.2,48.1,61.3,46.0,64.6,105.8,110.0,63.1,68.4,24.4,28.5,60.0,66.2,68.9,9.0,31.6,32.9,83.3,61.5,44.0,28.1,17.7,102.6,51.2,36.2,33.2,49.0,52.5,71.3,67.6,54.8,25.7,57.2,31.0,37.8,11.6,71.4,52.2,41.6,59.6,32.1,49.1,59.2,53.8,72.7,48.4,74.1,33.5,71.8,76.4,39.9,57.7,71.9,91.1,72.7,34.0,6.8,39.8,77.1,35.9,37.4,52.8,82.5,57.4,19.3,74.2,58.9,90.8,78.4,30.4,61.9,28.3,49.3,15.8,42.1,28.6,79.6,12.2,77.8,53.9,74.6,26.4,18.4,14.1,GLYAT,62.399999999999984,50.42909090909093,0.8081585081585088
221936_x_at,9.9,7.5,5.8,9.2,7.2,9.5,12.5,11.9,6.9,11.2,79.4,8.7,47.1,7.8,8.5,8.3,9.5,11.6,12.5,64.7,20.4,21.2,9.9,9.8,10.0,6.6,10.9,12.8,4.3,4.3,8.5,5.6,12.0,14.2,4.1,13.4,11.8,25.1,8.7,5.3,10.6,6.7,7.6,11.4,11.1,13.8,12.0,7.3,13.2,10.7,6.0,7.4,13.1,5.1,5.3,10.5,6.1,10.1,29.1,13.6,6.2,9.6,10.8,9.5,11.4,4.9,7.3,5.8,12.0,6.5,17.3,10.6,3.1,4.5,6.4,4.1,5.6,4.9,6.1,8.3,10.3,5.9,11.3,12.0,10.1,14.7,37.2,4.5,9.4,6.1,47.7,20.1,7.4,10.4,10.6,7.9,6.0,38.6,16.8,4.9,13.2,11.5,4.4,6.4,9.6,MRPL41,13.460000000000003,10.876363636363635,0.8080507902201808
221927_s_at,126.9,127.5,144.4,95.8,117.9,116.7,139.9,205.7,119.5,95.4,96.5,139.2,123.8,148.7,119.9,130.0,206.4,207.6,226.3,145.9,137.4,155.9,85.2,120.4,104.0,93.0,158.4,88.1,57.9,124.9,56.1,91.8,47.9,67.5,73.8,101.5,80.9,118.3,60.9,106.7,82.4,89.2,113.4,121.1,139.2,60.3,75.9,109.2,90.8,109.4,202.3,119.5,58.3,70.3,92.1,94.6,118.7,71.7,75.4,119.0,88.4,23.5,61.9,90.9,78.2,135.4,97.7,58.7,159.7,233.1,92.3,114.5,115.3,85.3,155.4,21.0,62.7,113.4,107.7,134.2,144.1,122.7,88.9,79.3,107.9,96.6,34.2,21.6,126.7,21.8,155.4,118.8,82.1,15.7,110.0,78.4,179.2,32.9,132.3,50.7,28.7,42.4,19.3,141.1,15.1,ABHD11,115.10999999999996,92.67454545454547,0.8050955212800408
214079_at,25.2,26.2,22.9,32.9,28.4,26.5,13.5,16.4,36.4,29.1,32.2,33.8,48.8,24.7,33.2,36.9,25.8,21.9,32.7,11.3,6.0,21.7,37.9,19.7,4.0,28.4,28.8,25.6,30.4,53.8,13.7,3.7,21.8,4.3,23.0,25.4,15.1,40.0,41.6,16.3,4.0,5.0,16.6,27.0,31.8,32.6,5.7,22.4,13.6,25.7,29.6,20.5,6.4,7.7,17.5,15.6,11.1,5.6,32.5,58.9,16.9,40.3,30.4,27.6,19.9,17.7,27.4,22.9,5.0,56.0,7.9,3.7,22.2,31.3,20.1,36.8,8.9,13.1,5.5,25.0,30.9,23.1,9.2,5.3,3.8,20.6,54.1,36.6,1.8,2.7,6.3,17.6,1.8,27.1,5.4,46.2,23.0,11.3,30.4,12.9,2.8,9.8,11.1,13.8,14.2,DHRS2,24.087999999999997,19.37818181818181,0.8044745025814436
213840_s_at,11.3,21.3,35.0,15.7,39.9,11.2,17.0,37.1,14.4,5.1,13.2,4.5,10.3,11.3,34.4,24.4,65.7,48.9,47.2,11.2,14.2,84.1,59.0,9.9,27.8,55.0,50.2,22.6,16.7,13.9,43.1,48.9,13.4,10.7,46.3,23.7,36.8,16.9,15.0,51.9,19.4,29.0,13.4,17.4,29.0,50.6,45.2,27.6,11.3,37.7,15.7,28.8,29.7,17.0,14.9,5.9,14.9,53.2,23.0,22.1,39.5,33.0,8.8,35.0,9.4,28.8,14.2,30.6,5.4,35.8,16.5,14.1,35.6,17.7,14.8,31.4,30.7,24.1,11.3,34.5,16.1,3.0,7.2,36.4,7.4,36.0,12.0,19.0,16.4,19.8,11.3,21.0,7.3,10.5,15.4,6.8,74.4,40.8,75.7,21.9,18.6,31.1,25.8,9.4,16.2,MRPS12,28.396000000000004,22.834545454545452,0.8041465507305764
221270_s_at,29.6,17.1,19.1,10.4,51.8,41.7,31.4,59.3,12.4,24.6,16.8,22.3,8.9,25.7,31.9,67.8,27.7,24.6,24.5,7.1,22.0,37.2,21.8,13.7,9.9,12.2,19.9,20.0,7.3,11.4,27.8,32.4,18.1,45.8,27.0,16.7,12.8,27.3,8.0,6.8,32.3,29.5,54.4,43.4,9.8,19.6,32.2,21.5,33.5,53.1,35.9,15.1,15.8,18.7,24.0,26.7,8.7,20.6,11.5,26.5,14.0,9.3,9.2,25.7,11.0,13.5,19.5,9.4,35.1,25.5,24.9,14.1,32.6,7.5,12.9,8.8,14.1,9.7,21.1,15.3,15.8,12.3,15.3,65.1,19.9,10.8,15.3,14.5,12.2,27.3,16.2,22.0,10.1,16.5,38.4,18.6,22.6,26.4,44.2,34.0,90.6,18.5,10.5,9.5,7.0,QTRT1,25.641999999999992,20.550909090909087,0.8014549992554829
219076_s_at,14.9,30.2,45.0,17.8,14.3,16.9,47.0,26.9,11.8,24.0,18.5,24.2,30.3,84.2,17.6,40.5,27.0,47.3,22.6,43.7,23.3,19.9,14.5,25.5,20.4,10.2,9.4,96.3,51.5,14.8,46.9,29.7,69.7,59.5,18.1,56.5,28.2,14.4,68.4,14.4,75.8,44.6,28.8,15.7,9.0,25.6,10.3,13.2,19.0,39.3,15.2,14.7,7.6,7.5,36.8,7.1,46.0,36.7,65.6,53.0,12.0,17.1,48.2,25.1,9.9,9.4,42.1,10.0,57.3,24.2,12.4,7.5,12.0,81.5,27.0,18.6,12.2,47.6,13.5,12.8,15.6,19.0,22.6,19.8,30.4,16.7,9.8,59.8,8.5,18.5,20.6,16.7,14.5,21.9,7.1,14.6,10.5,16.8,12.6,29.3,37.7,58.0,23.9,21.3,73.1,PXMP2,31.552,25.270909090909083,0.8009289138853031
213282_at,101.2,74.6,121.0,16.0,128.1,124.3,100.0,87.1,91.8,84.7,121.1,99.4,101.6,98.5,97.3,172.0,85.2,100.5,53.8,106.9,134.7,144.5,85.5,106.2,118.3,95.0,91.0,111.7,80.0,81.9,73.1,101.6,94.7,77.6,38.6,75.0,68.8,49.6,43.7,43.1,107.7,106.2,108.1,131.9,109.1,127.1,73.8,114.9,95.5,58.0,61.5,78.8,86.9,60.5,42.3,84.8,67.6,58.3,55.2,144.2,64.4,76.1,89.3,67.9,44.8,51.4,92.8,68.3,73.0,98.9,101.0,64.4,74.2,63.3,62.3,72.3,75.7,21.2,44.3,110.0,66.6,96.5,135.7,81.1,79.1,59.2,79.0,76.5,84.7,18.9,68.7,73.4,59.2,56.3,81.7,100.5,151.6,58.9,89.6,140.6,122.2,83.3,35.6,90.6,3.4,APOOL,94.23999999999998,75.42909090909089,0.800393579256058
204295_at,284.3,306.8,261.4,336.4,335.1,439.5,209.2,401.7,310.6,310.2,310.1,236.3,331.1,476.8,311.0,253.0,547.3,509.9,375.8,401.2,294.4,288.2,386.7,258.8,237.7,273.7,336.6,311.8,270.8,298.9,267.4,270.5,303.7,266.4,243.1,249.0,231.6,244.9,287.1,242.1,329.8,222.1,209.5,523.4,167.7,276.1,299.2,246.5,256.9,375.0,336.7,213.9,260.1,230.5,234.6,280.8,194.6,318.0,237.7,401.0,171.7,289.3,252.1,322.2,265.4,218.1,166.5,164.0,177.1,161.0,100.6,257.9,261.1,303.9,237.1,226.6,189.6,165.3,222.9,264.5,209.0,254.9,220.1,216.8,303.0,203.7,308.1,315.0,231.8,317.0,179.1,235.0,240.0,254.6,222.0,149.0,190.6,355.3,193.6,272.3,331.0,243.0,334.7,275.4,253.6,SURF1,308.346,244.24363636363643,0.7921089826481823
209605_at,97.9,152.7,157.9,155.6,45.9,101.1,109.4,31.9,115.9,130.0,87.8,85.7,191.5,31.8,115.7,64.1,171.2,50.7,170.4,114.1,79.2,13.9,133.5,138.0,87.0,108.6,116.9,113.9,133.1,59.8,86.7,155.4,84.1,81.9,110.7,82.6,153.2,113.7,87.1,85.8,125.3,118.2,105.2,21.0,53.0,68.1,150.7,125.3,62.0,100.1,80.3,19.7,142.4,141.9,110.5,221.8,163.7,94.9,94.6,22.3,175.5,34.1,84.0,55.4,119.7,88.0,90.7,11.9,149.6,100.9,66.8,107.6,94.8,82.7,154.8,173.8,126.2,117.5,144.5,88.2,43.6,89.9,37.4,57.9,104.4,19.0,10.1,19.1,108.9,57.0,59.1,17.0,37.2,86.6,129.7,63.6,13.2,29.8,36.8,33.3,9.8,15.8,78.2,113.8,35.2,TST,102.706,81.18545454545456,0.7904645740799423
215850_s_at,19.6,17.5,24.4,35.5,23.3,26.5,14.8,6.8,22.0,20.6,32.2,41.1,19.5,47.9,18.9,19.1,33.1,6.1,6.3,16.2,34.2,12.9,16.4,22.4,31.6,46.5,42.8,23.6,12.1,24.6,52.6,26.9,24.3,22.9,21.0,17.7,48.2,22.3,22.4,8.9,20.8,6.4,3.9,34.8,31.3,6.7,21.6,4.1,25.1,14.5,14.0,2.8,17.6,19.8,23.6,26.3,20.2,25.0,28.4,4.1,3.2,36.3,8.9,15.9,6.6,5.3,27.3,37.0,3.7,11.3,3.8,10.2,27.9,20.4,9.4,6.5,14.4,34.2,16.9,30.9,5.4,22.4,19.1,11.3,8.8,28.9,39.7,18.6,10.0,33.5,9.2,5.4,9.6,6.9,33.6,4.0,39.7,9.3,21.9,54.6,19.8,30.2,23.0,16.9,3.1,NDUFA5,23.097999999999992,18.12363636363636,0.7846409370350839
204342_at,70.8,62.4,51.0,5.0,56.7,50.1,92.4,18.4,38.2,34.8,66.0,88.0,57.0,74.8,52.0,80.8,24.2,33.5,55.1,26.4,47.4,29.7,50.6,30.1,101.6,46.0,38.5,35.1,41.6,27.7,44.9,51.7,33.4,120.1,101.0,32.9,21.0,71.4,95.8,74.3,49.0,51.1,75.6,74.5,16.6,44.9,32.6,110.0,137.0,21.4,75.5,43.6,91.7,66.6,58.3,84.4,84.6,22.3,38.1,50.5,75.0,52.0,19.5,57.9,66.8,49.5,63.7,37.9,40.2,27.4,12.8,3.6,48.0,35.9,12.9,37.1,37.4,79.4,61.7,39.0,20.2,57.1,42.3,69.6,70.9,32.2,3.4,8.7,20.0,5.1,50.4,37.3,12.4,61.0,36.6,60.3,52.5,45.0,17.3,45.4,4.7,70.5,47.6,13.1,11.3,SLC25A24,54.902,43.05818181818183,0.7842734657786935
221020_s_at,97.0,78.4,82.0,25.8,89.9,89.6,77.9,60.9,68.5,47.0,37.0,87.6,34.5,57.6,66.3,78.9,40.0,76.9,17.4,78.6,50.4,67.7,81.2,78.9,97.4,10.0,36.2,67.5,44.7,71.6,50.4,62.1,43.4,62.8,64.1,47.7,48.5,67.0,43.7,70.6,60.6,50.4,60.2,107.2,59.9,71.0,58.5,68.8,31.1,5.3,77.5,72.1,71.2,60.4,36.5,30.2,31.9,68.2,53.5,38.9,61.5,46.3,63.5,46.2,47.3,47.6,59.1,59.7,7.8,60.2,41.2,63.3,67.4,112.7,66.5,33.3,62.4,2.1,42.5,69.7,62.4,32.7,54.0,22.1,15.4,28.9,8.5,60.5,47.3,25.2,51.2,35.4,41.5,82.2,44.8,56.5,30.5,65.0,61.7,3.4,38.8,9.1,64.8,45.4,15.3,SLC25A32,60.614000000000004,47.33272727272728,0.780887703710814
213683_at,53.9,35.2,77.2,8.8,91.3,6.9,26.6,13.5,58.1,9.4,47.0,58.3,8.9,71.8,29.3,11.6,14.2,11.6,8.2,52.7,46.0,39.1,13.6,51.7,49.0,41.4,27.1,44.4,9.3,3.5,6.2,24.3,6.6,23.0,39.9,26.7,36.6,16.8,53.3,28.7,51.1,33.5,22.6,72.0,56.8,14.9,17.5,39.3,12.6,18.8,11.7,21.8,39.8,33.8,57.0,32.3,8.9,40.5,12.0,8.1,9.2,5.9,5.7,32.4,41.7,3.8,107.6,30.3,51.5,12.5,10.1,18.9,10.3,9.3,21.9,36.4,77.3,6.2,40.8,37.1,16.5,12.9,4.5,54.5,9.6,6.5,6.1,7.6,27.4,11.7,5.7,44.6,6.1,35.4,40.4,28.8,10.4,10.4,18.6,38.3,81.1,15.4,37.1,14.5,11.4,ACSL6,32.416,25.278181818181817,0.7798057076191331
203634_s_at,38.4,34.4,39.5,38.9,42.7,49.4,21.4,47.8,39.4,37.3,5.5,65.8,18.1,26.6,28.1,50.2,41.1,37.8,39.3,16.5,24.0,26.1,52.0,19.2,18.6,12.8,39.3,14.5,34.7,48.9,56.1,29.9,54.6,28.1,33.6,5.2,50.1,30.9,59.0,20.0,18.5,26.1,55.0,35.7,1.8,27.7,23.1,19.7,6.8,7.6,12.0,25.3,16.5,15.3,34.7,25.0,12.0,17.7,18.5,54.9,26.8,35.2,25.4,13.6,23.6,7.1,30.8,30.5,6.8,3.2,4.6,1.7,31.5,18.7,37.2,25.2,33.5,18.2,26.2,34.2,23.6,36.2,25.3,44.2,29.3,21.9,29.1,71.8,28.6,3.3,24.6,19.1,30.3,35.1,4.6,18.0,45.9,23.0,44.6,19.6,42.3,50.6,16.2,6.5,9.2,CPT1A,31.955999999999996,24.887272727272727,0.7787981201424687
209017_s_at,90.6,68.4,106.2,90.3,106.4,34.0,91.5,71.9,102.4,107.2,46.8,99.4,143.3,21.9,85.3,74.2,36.1,78.9,28.3,86.6,99.8,124.5,17.0,65.9,82.3,71.0,79.2,102.8,61.8,19.9,125.7,51.7,99.0,60.5,122.6,90.2,84.3,67.1,63.1,78.1,66.5,116.3,87.1,16.3,85.5,42.1,91.7,84.5,60.0,92.0,38.1,47.6,90.3,49.9,67.8,89.7,62.0,39.8,47.0,27.4,101.7,59.5,78.8,67.8,75.5,44.0,74.2,78.4,91.0,67.1,36.2,118.8,61.0,76.5,102.4,97.7,89.5,107.2,25.9,57.9,79.2,15.6,128.8,52.6,53.9,51.9,85.1,19.1,11.1,127.7,19.9,53.9,12.8,102.6,47.6,28.8,18.5,20.5,10.1,94.6,63.4,13.0,36.1,61.2,41.3,LONP1,77.564,60.36363636363637,0.7782429524474804
200708_at,194.8,206.9,148.2,248.6,188.1,180.0,228.6,156.2,186.7,149.5,172.3,161.5,159.3,93.5,217.9,241.5,238.1,217.4,271.0,278.3,170.2,192.0,192.1,288.4,285.5,323.0,272.9,236.1,208.2,194.8,142.4,161.4,155.7,75.8,176.5,216.3,264.2,249.0,125.6,203.7,192.2,158.9,162.4,270.0,182.2,180.5,252.7,130.1,89.7,156.9,80.7,251.2,134.3,138.9,246.0,216.7,179.2,180.2,215.9,96.6,121.2,203.4,151.3,209.6,111.9,198.3,226.0,141.5,236.0,112.0,101.7,185.4,118.5,179.4,140.5,120.3,129.1,221.6,159.8,142.6,153.0,208.3,111.4,139.0,97.4,140.1,82.5,164.1,93.4,118.5,165.1,56.4,188.6,154.5,164.9,195.2,195.2,162.6,176.9,94.0,97.8,111.9,75.8,163.7,129.1,GOT2,196.95600000000002,152.53090909090915,0.7744415457813376
217226_s_at,78.0,86.6,113.5,140.0,65.6,106.2,106.1,127.5,75.2,39.0,94.0,66.9,71.0,108.9,75.2,68.1,76.3,82.6,71.3,55.6,50.9,68.2,104.0,89.8,101.0,84.1,80.7,103.8,97.1,74.7,115.8,76.7,65.1,51.5,97.0,79.2,110.7,67.2,92.3,91.7,68.0,72.8,79.0,86.6,82.3,79.8,29.6,65.5,63.2,67.9,98.9,85.1,72.7,73.6,113.5,81.1,76.6,102.3,56.3,67.2,52.4,72.5,64.3,43.6,48.5,52.6,74.4,27.9,79.6,26.4,111.9,129.2,84.5,84.7,51.8,91.7,85.3,33.8,54.3,61.5,44.4,93.0,38.3,4.8,52.5,59.0,11.0,98.9,64.0,31.0,82.9,58.8,70.1,75.6,55.5,79.1,8.4,7.4,56.3,79.5,16.2,41.6,77.9,78.3,45.4,SFXN3,82.07599999999998,63.42000000000002,0.7726984745845319
203663_s_at,201.7,163.6,232.4,181.9,260.1,258.6,261.6,333.8,263.3,190.1,168.9,223.2,241.2,288.5,277.2,240.6,346.7,326.6,252.6,236.5,247.1,374.8,159.6,259.0,178.2,161.8,174.9,274.5,231.6,175.6,226.1,155.8,249.4,229.0,190.4,241.9,185.3,195.4,214.5,204.1,214.0,172.3,203.6,181.3,184.4,152.2,242.5,286.3,222.6,145.7,185.1,220.4,253.8,216.9,190.3,200.4,271.8,126.7,171.1,132.9,182.5,175.1,235.2,191.1,187.1,225.5,258.8,254.3,131.8,152.9,165.3,185.2,163.5,198.6,131.1,183.0,203.6,231.6,219.5,152.3,173.6,117.3,216.8,201.0,144.2,139.1,203.4,166.1,157.3,144.9,170.8,147.0,160.0,225.8,155.0,128.0,120.2,90.4,150.3,146.5,91.0,16.8,184.3,210.1,132.4,COX5A,225.66,174.35818181818183,0.7726587867507836
218666_s_at,71.8,38.1,72.0,38.2,87.2,95.6,82.8,91.9,57.5,104.7,84.8,94.1,69.6,152.3,55.9,55.5,120.4,92.4,81.5,59.0,52.9,67.9,39.9,75.8,55.7,25.5,39.2,44.8,38.7,52.1,31.7,7.7,91.0,57.2,43.2,56.6,19.0,47.9,20.2,37.0,57.1,58.4,63.7,56.7,9.3,20.5,40.5,64.3,66.6,36.9,64.8,80.4,70.9,41.4,48.6,79.5,15.2,75.4,92.8,28.2,20.0,96.0,35.4,11.8,12.3,62.6,41.0,50.6,37.7,64.0,44.4,47.9,71.8,36.3,15.5,50.3,70.8,31.9,43.4,59.1,55.1,40.2,40.7,55.5,72.2,15.8,7.3,55.2,80.5,13.3,30.9,8.1,39.6,47.3,54.2,69.6,6.7,34.4,24.5,81.4,83.6,28.6,41.5,36.8,12.2,STX17,59.666,46.09454545454544,0.7725429131254893
218725_at,133.0,117.0,87.1,129.8,134.0,97.8,106.1,199.3,118.7,127.3,146.4,142.5,97.1,177.7,22.7,149.0,106.0,184.3,104.9,100.9,112.5,148.7,112.3,119.5,124.2,70.1,123.5,135.3,32.8,111.7,104.1,28.0,103.1,62.6,97.3,87.9,175.8,123.0,24.5,72.7,81.2,127.8,36.9,236.5,73.8,108.9,48.3,92.5,108.5,102.7,70.1,75.3,77.5,95.2,137.6,124.7,145.1,106.8,78.1,132.2,13.9,81.8,65.8,71.5,66.5,67.8,30.9,37.2,165.8,96.8,195.7,102.4,96.0,53.3,84.7,103.4,17.8,66.6,21.3,46.7,75.2,127.9,136.2,132.1,50.9,104.5,88.7,59.7,49.6,53.1,82.7,44.6,101.0,34.5,42.8,94.1,100.6,95.8,129.8,56.8,202.5,109.2,41.5,89.9,5.7,SLC25A22,109.36599999999999,84.32545454545452,0.7710390299129029
215030_at,37.1,23.5,39.3,14.0,44.9,80.6,44.3,45.0,62.9,32.9,18.4,5.2,27.6,72.0,42.7,16.5,35.8,56.8,35.5,35.2,45.7,44.7,11.4,8.7,15.8,47.0,26.5,47.4,35.7,19.4,10.1,28.6,25.4,53.5,34.0,36.4,31.9,29.7,15.8,32.0,48.9,19.4,26.2,26.2,52.3,25.9,32.6,36.6,12.2,43.0,78.0,23.6,33.3,23.8,41.0,31.6,32.0,12.5,28.8,4.8,4.2,14.7,16.2,21.2,17.8,28.7,23.1,29.8,35.6,40.2,8.5,23.1,9.0,70.7,12.1,35.4,2.3,30.8,9.3,8.8,34.6,24.8,21.5,9.1,7.9,23.3,3.5,41.6,38.1,19.5,84.3,58.5,29.3,43.9,8.3,36.7,32.2,14.7,41.5,36.5,6.4,4.5,27.0,1.9,34.8,GRSF1,33.864000000000004,26.09636363636364,0.7706225973412366
218890_x_at,4.2,5.2,4.8,4.4,5.8,4.7,4.2,22.2,4.5,6.6,4.8,10.8,5.1,9.1,5.3,4.9,7.5,6.9,6.8,4.0,9.3,5.6,4.3,6.4,4.9,6.1,5.8,6.3,4.3,14.2,37.2,3.8,19.3,3.1,30.7,4.3,3.6,7.6,7.9,23.9,4.2,3.4,3.8,6.1,16.9,9.4,3.6,3.4,4.2,19.9,7.6,4.8,2.9,9.8,3.6,4.3,3.5,4.1,3.8,5.8,3.9,3.8,14.0,22.0,5.7,5.2,5.0,4.7,9.9,4.8,11.5,7.7,4.4,4.9,4.8,4.8,4.9,4.2,4.2,4.9,4.1,4.4,4.0,6.1,5.3,9.6,4.9,5.1,4.1,5.6,4.0,5.9,14.7,3.8,5.1,4.4,5.7,4.9,6.0,5.0,4.3,9.8,24.3,4.3,10.1,MRPL35,8.306000000000001,6.381818181818183,0.7683383315456516
218112_at,7.6,12.4,38.4,55.0,43.8,26.3,19.4,174.0,35.5,10.2,16.7,54.5,51.0,53.2,31.0,79.2,74.8,73.1,18.9,61.8,39.7,60.9,64.3,21.8,23.2,39.4,70.3,70.2,19.5,70.0,63.3,12.2,102.5,50.2,18.4,54.0,16.7,72.4,55.0,49.1,27.1,53.4,71.6,12.7,55.6,9.8,54.3,32.7,22.3,44.6,11.8,75.3,41.3,35.9,61.1,54.3,76.2,47.1,20.2,12.8,55.5,24.0,6.4,45.8,60.3,34.6,26.8,26.5,21.2,25.1,59.0,36.1,14.0,36.0,24.6,102.6,54.2,17.6,33.7,18.9,41.2,10.7,57.2,32.6,7.9,63.8,14.7,8.0,20.5,26.3,16.0,20.1,20.9,69.3,53.1,5.7,25.4,29.9,14.4,45.6,68.4,15.0,10.2,78.4,15.2,MRPS34,45.88000000000001,35.08000000000001,0.7646033129904098
219451_at,108.1,94.5,103.4,108.7,137.0,80.7,66.8,85.0,13.5,74.6,34.7,20.3,148.9,93.2,104.8,114.8,137.2,86.7,49.9,80.7,47.3,156.3,117.6,93.2,113.2,98.1,119.7,86.6,106.9,84.2,64.6,150.8,73.5,84.9,89.6,66.8,60.6,100.7,57.8,75.9,90.8,61.0,59.6,48.0,52.1,14.0,49.2,75.7,83.3,63.1,15.6,79.1,65.5,81.7,79.7,77.9,35.7,71.6,104.8,7.2,130.4,86.9,60.4,23.9,93.8,64.0,52.4,88.6,115.6,9.8,69.4,62.2,121.6,95.0,120.0,48.9,89.1,66.3,64.7,156.1,13.1,53.2,100.2,12.6,73.5,45.9,116.7,7.4,17.1,19.8,18.2,32.5,99.6,51.6,65.0,15.0,12.0,89.6,73.2,15.6,125.2,53.3,38.7,79.7,55.0,MSRB2,83.77199999999999,64.02909090909087,0.7643256805267974
214114_x_at,101.3,149.4,144.7,139.9,195.1,51.1,156.6,136.3,64.3,120.4,115.3,167.9,20.7,263.1,182.9,146.9,157.8,206.4,180.2,105.9,156.0,204.5,34.9,138.1,135.6,111.8,38.0,68.1,118.8,116.8,174.0,37.4,120.1,129.4,79.9,37.7,176.0,103.3,132.1,80.2,21.4,128.8,137.5,160.5,141.9,105.6,147.5,78.5,101.4,130.2,88.7,17.1,68.4,120.8,85.8,95.1,106.1,108.0,70.3,7.2,71.1,96.1,132.1,17.8,114.2,51.7,98.9,71.5,82.1,134.0,34.1,83.6,101.9,40.2,77.0,147.7,144.6,165.2,21.4,29.5,89.6,99.1,112.6,58.2,121.2,75.5,202.1,36.7,165.7,28.1,132.4,143.2,86.9,95.1,81.7,99.1,30.7,214.0,32.0,127.5,228.7,181.1,135.3,51.2,32.6,FASTK,123.044,93.49999999999999,0.7598907707811838
202801_at,219.3,159.6,155.2,293.7,171.8,116.7,162.7,295.0,132.4,201.8,189.9,149.6,211.1,234.0,201.7,212.4,341.8,296.3,122.9,131.1,130.2,215.1,59.0,283.8,184.1,208.9,299.4,226.1,168.2,165.2,176.7,141.8,252.5,156.8,225.4,177.7,206.2,165.8,157.3,86.3,220.3,110.4,118.4,174.8,194.8,250.3,153.1,144.8,275.7,196.8,26.2,146.5,145.6,139.7,200.5,103.6,113.4,37.0,150.2,335.1,88.2,190.0,157.7,161.0,152.5,205.9,98.2,131.9,167.8,93.8,91.3,151.0,171.3,26.5,189.0,187.3,129.6,87.1,130.6,177.8,154.4,205.5,135.1,146.6,253.2,159.3,179.3,210.0,176.7,204.4,137.9,220.6,128.8,122.0,128.6,64.3,76.4,164.5,173.1,257.9,146.1,105.2,10.9,117.4,61.9,PRKACA,190.49799999999996,144.11636363636364,0.7565242870600409
221893_s_at,87.4,69.3,79.8,107.4,45.6,77.5,48.0,54.9,77.7,21.8,48.8,21.5,115.6,42.3,101.3,90.4,120.3,68.7,66.1,123.1,109.0,66.8,67.3,96.0,101.9,83.9,53.9,107.1,106.2,51.7,12.9,77.0,58.9,83.3,104.0,94.1,70.3,63.5,95.8,106.5,126.0,98.6,85.4,92.6,71.7,123.5,95.2,117.3,57.7,40.1,81.9,73.0,82.9,79.0,83.2,70.9,82.1,96.7,61.1,15.9,49.3,107.2,107.2,65.0,55.6,23.4,21.0,105.5,127.9,54.5,14.5,74.7,42.2,71.2,29.5,54.4,103.6,15.8,83.6,82.4,105.5,52.5,51.0,70.4,77.4,93.7,81.0,70.3,16.7,12.4,23.1,37.2,71.5,68.9,44.3,17.2,79.9,41.5,7.4,35.7,31.9,16.8,68.1,87.7,19.5,ADCK2,79.714,59.941818181818185,0.7519609878041271
201766_at,56.0,25.2,52.2,59.7,64.4,34.6,61.0,79.9,53.0,67.0,65.3,49.2,37.5,59.9,28.9,60.8,80.0,32.8,34.8,48.4,15.5,39.3,17.7,47.9,6.5,27.5,31.1,60.7,8.0,46.3,8.9,26.1,56.1,66.9,54.0,50.8,89.4,6.3,8.0,20.5,65.9,29.7,36.4,51.3,85.0,7.7,45.3,30.7,9.6,69.0,117.1,4.1,39.6,4.3,8.9,44.5,37.8,36.6,16.7,24.6,8.8,46.8,9.1,45.0,47.8,86.6,43.5,57.9,10.1,61.7,26.6,33.4,64.6,40.3,7.6,35.3,12.5,49.9,7.9,36.5,41.5,8.2,7.9,25.1,19.5,47.5,11.9,42.3,36.8,123.7,10.7,10.1,8.2,48.3,9.7,5.4,18.2,8.6,73.5,10.5,60.4,16.2,30.0,42.3,8.4,ELAC2,43.373999999999995,32.56363636363637,0.7507639683597633
218620_s_at,13.6,16.7,54.7,13.8,9.3,14.3,15.4,110.7,13.9,13.6,9.7,19.6,14.0,26.3,24.0,75.2,81.1,21.9,48.1,27.8,38.6,25.3,9.8,13.4,18.8,61.7,15.6,21.7,13.0,21.4,4.7,11.8,19.2,12.8,34.2,12.4,17.7,12.0,18.4,12.1,14.7,10.1,66.8,10.4,10.5,6.6,9.8,29.1,7.0,5.9,28.6,5.3,37.4,9.9,16.0,34.7,13.1,12.0,13.5,10.9,12.1,10.6,16.1,10.1,14.5,11.7,19.5,14.6,6.2,40.6,22.4,22.3,13.7,4.7,16.7,25.7,17.7,17.6,11.6,12.5,11.3,12.4,32.0,14.9,17.7,14.7,9.1,75.5,12.1,12.4,16.9,14.8,20.2,41.3,10.2,5.1,19.5,54.3,8.5,7.0,17.1,19.7,9.8,11.2,7.6,HEMK1,23.783999999999995,17.774545454545457,0.7473320490474883
213981_at,19.2,45.1,14.2,73.9,17.8,12.2,10.6,77.3,22.0,28.6,49.4,19.2,23.2,66.1,19.2,51.7,78.7,56.7,96.8,22.2,27.0,65.6,7.8,48.6,78.8,12.6,41.8,13.3,38.2,25.8,32.8,11.7,89.2,7.0,45.4,63.6,11.2,18.4,24.7,19.1,16.1,11.2,13.9,27.3,15.1,15.3,18.0,9.0,41.1,34.9,26.0,65.6,49.0,18.0,33.1,19.6,13.8,16.9,11.0,11.8,7.0,10.6,11.9,12.7,27.0,29.9,12.6,16.8,55.8,30.7,33.2,21.3,22.2,10.0,15.8,19.0,14.3,29.0,25.9,12.5,14.6,24.0,26.8,8.0,29.1,19.8,35.7,15.4,56.1,25.2,22.6,15.6,18.2,11.7,21.1,34.0,26.5,36.0,10.1,23.5,11.8,53.5,8.0,14.2,21.9,COMT,33.772,23.025454545454547,0.6817912633381069
